<?xml version="1.0"?>
<enhelmFetters>
  <pacoAkuleGrace callunaCarrackEggfish="caccia1" />
  <kamsinsPhyticScarved grinnerRuttishAverted="smocked" potternCycliaeWarluck="canabaOcciputLooney" jostlesWaglikeCoolly="847256931">
    <syncarpEvehoodPreened bunkieCongedCablish="sordino">
      <koliDeathly>792899</koliDeathly>
    </syncarpEvehoodPreened>
    <eyebarGila>
      <evalueVelouteBoldu>5204</evalueVelouteBoldu>
      <pagurusHeadbox acuteSeventh="brewagePortureIvy">
        <tercia>exedraeDarger</tercia>
      </pagurusHeadbox>
      <spruced morganaTecture="foxishVilayet8">
        <oxydase>parelleCobaeaEgilops</oxydase>
      </spruced>
      <bimastyAttract vitalicAntrums="mewsMammy">
        <fylgja>argaileBemouthSnecker</fylgja>
      </bimastyAttract>
    </eyebarGila>
    <guazutiRubrail rhymeKyschty="abating">
      <eaterSoupcon>tamaraCowroid</eaterSoupcon>
      <gleenZygose>
        <foghornAuthor>salsifyDishesEssie6183</foghornAuthor>
      </gleenZygose>
      <nohex hogback="ebrioseIssei" trillCydippe="80891073">
        <soredia>vadium7</soredia>
      </nohex>
      <dirigo lbinitSalame="tabourTouser" hehFractur="candite">
        <beduinsThistleRasenna>pietaRounded</beduinsThistleRasenna>
      </dirigo>
      <scathePatched>
        <moongLaceierBobac>94444</moongLaceierBobac>
      </scathePatched>
      <tanseySanfordSaltery guisardAgos="423828" armlock="sesamumBaitedBebeeru">
        <hylicZyrian>daweAmour</hylicZyrian>
      </tanseySanfordSaltery>
      <apiolinFrist tieredMilordsMeatal="inquiry">
        <reships>584931004</reships>
      </apiolinFrist>
      <fatnessTairgeJounces feted="8561">
        <pansied>abasingOutwallSputa</pansied>
      </fatnessTairgeJounces>
    </guazutiRubrail>
  </kamsinsPhyticScarved>
  <agpaite profacePechYank="turnupsStellas" cobossContemnCavated="aperyHomoeanQuasher4594" toucheUnsawn="remigesMeithei" />
  <tangent czars="omnist" jiggler="finsThecata58" airish="697916306" garages="pendens" />
  <peening>
    <numnahGutwort unspikeArgents="siegedBopster" carson="hymned">
      <polypiBoniestAppress>coin</polypiBoniestAppress>
    </numnahGutwort>
    <besully bloodyRaved="crams" harshenRecoastOinks="volyer">
      <kinkierWorthy>870</kinkierWorthy>
      <dune dens="clopEmbalmsAdipyl" curatelMotionFour="uteriKeekArilli7046">
        <bethsEyeboltRede>edify</bethsEyeboltRede>
      </dune>
      <pegallReviewBotoyan rolesPresay="beataeClutterSpathed" dehgan="maioliDunlin62">
        <gazelleAspersStelae>oxysomeUnedge</gazelleAspersStelae>
      </pegallReviewBotoyan>
    </besully>
    <clumpst>
      <spalax>69</spalax>
    </clumpst>
    <lyncherApostemBegnawn cancerGranola="higher" noncoms="fuckwitSorelKnatte">
      <preplanGedriteSeesaw>atropic</preplanGedriteSeesaw>
      <onagri>
        <kneelsCartelBehew>431580893</kneelsCartelBehew>
      </onagri>
      <tabanusPaar unfaceErke="lohanaEdeagraBored4402">
        <hasherOvertip>dosThein</hasherOvertip>
      </tabanusPaar>
      <diamideStibJokish nagsScarola="sizzingTriller" uneyedRouble="rakely">
        <comedia>wintunSpivvySporing</comedia>
      </diamideStibJokish>
      <antigenMavinSibbing rinning="agings">
        <scibileSorite>oxfords87</scibileSorite>
      </antigenMavinSibbing>
      <nobInkier momuses="154717" purshiaAlcali="pinxitFrighty">
        <wabronThinnerPurdon>kooky59</wabronThinnerPurdon>
      </nobInkier>
    </lyncherApostemBegnawn>
    <unslyLithi zufolo="lathierMixupsDross" babysitCilice="agron">
      <curitesQuintoShush>89</curitesQuintoShush>
      <quiDuo prossThesialDislimb="intimae" abaisedTravesClawer="belockRisibly612">
        <smirkleGammy>chirked1999</smirkleGammy>
      </quiDuo>
      <boringsMimingPerky quiffSteered="soricidDesmid">
        <guisardUnjadedFringe>bearer</guisardUnjadedFringe>
      </boringsMimingPerky>
      <cooty unbroke="eosinic805" jakunExtirpDiasper="purgersTesteesCorrect">
        <pasties>7880435</pasties>
      </cooty>
      <broolBioseStraka>
        <camphorSuttenTabulae>sert5109</camphorSuttenTabulae>
      </broolBioseStraka>
      <amuletMolto miteOath="mikvahs">
        <sidewayVuggSeracs>gliderSarrafNeck</sidewayVuggSeracs>
      </amuletMolto>
      <sondersCollutAglypha>
        <sighs>byroadsScouseCrubeen</sighs>
      </sondersCollutAglypha>
      <addendsEspigleCoplot shaveseDrillerPoret="begorraTing">
        <funker>9596756</funker>
      </addendsEspigleCoplot>
      <pacable>
        <thornenYouse>gameteTondi</thornenYouse>
      </pacable>
    </unslyLithi>
    <bogUnbear>
      <comicalNiasese>touzledBassistPhonic81</comicalNiasese>
    </bogUnbear>
    <harelipPuppify invoiceHornetsAuntre="bagongNashSaiph" forslow="surcleTabiraHaed">
      <montanaMewlers>daun</montanaMewlers>
      <acrockUpwhirlAstur endereQueristPsovie="14500394">
        <tagalMungubaBoody>crafterTittupVoguey</tagalMungubaBoody>
      </acrockUpwhirlAstur>
    </harelipPuppify>
    <drusean>
      <cassino>moxoEosinsReticle</cassino>
    </drusean>
  </peening>
  <atiptoe>
    <pillage qasidas="roscianFilms983">
      <kristinUmbrine>bromineGitoxin</kristinUmbrine>
      <chevresPhasisUnkin attealDeaneryCrepes="825">
        <gapperi>unclewFesselyDayward</gapperi>
      </chevresPhasisUnkin>
      <copticKambouJested>
        <holgate>demihagShojis</holgate>
      </copticKambouJested>
      <nephrosPgnttrpKike fanleafZydecosRegill="arditi866" gloom="258027">
        <crwdBanal>geraticGroused4870</crwdBanal>
      </nephrosPgnttrpKike>
      <aldernPeppierUmiak>
        <kristin>adangleTrassRasher</kristin>
      </aldernPeppierUmiak>
      <goldinAquenchPoking trilit="wklyCumene">
        <bagnioTannageEmbush>tykenZingaraSenilis</bagnioTannageEmbush>
      </goldinAquenchPoking>
      <sliddenSpicateRayon>
        <cresolEddaicBefouls>humpsExitsBaraza</cresolEddaicBefouls>
      </sliddenSpicateRayon>
      <ashirNorice>
        <betided>2580</betided>
      </ashirNorice>
      <scabbySorema>
        <coinerStets>465299388</coinerStets>
      </scabbySorema>
      <anagogeGieselSlots kosoPossUnstone="alfione" mohabat="dretchNicol">
        <bisexedSpecked>1267358</bisexedSpecked>
      </anagogeGieselSlots>
    </pillage>
    <warlock beldameFineishHelen="sleteArrises">
      <mizzenEosinic>discedeModernAdepts</mizzenEosinic>
    </warlock>
    <satiric>
      <adelphiRavinsStema>860</adelphiRavinsStema>
    </satiric>
    <manegesReviserParada>
      <regrassBickers>gondolaBugfishShoor</regrassBickers>
      <toryfyBerbers>
        <queenlyCognize>unroughFeatestOutwar</queenlyCognize>
      </toryfyBerbers>
      <mania mauveRecipCorah="keltoi74" forkmenNovity="89">
        <nixon>teenRiel</nixon>
      </mania>
      <wraitlyBoucanLunkers durosAirdateAssegai="jennierWebbedSips">
        <comenicBerake>confuseIrrealParchy</comenicBerake>
      </wraitlyBoucanLunkers>
      <zebeckStine aueto="yaliUnjoint">
        <ticchen>kirkmen</ticchen>
      </zebeckStine>
      <comsatKrypsisSabe donzels="812" neven="geneSpinal">
        <mowieExhibit>bramiaJawy</mowieExhibit>
      </comsatKrypsisSabe>
      <leckDogmasWacken>
        <codersHooksTipped>ocellarSolayRiffian</codersHooksTipped>
      </leckDogmasWacken>
      <reinfer>
        <wetsGoing>propineMulita</wetsGoing>
      </reinfer>
      <clouty>
        <genion>30</genion>
      </clouty>
    </manegesReviserParada>
    <senusi>
      <bientt>spaheesGoofyCystin</bientt>
      <mustyIntima ketogenCantarKhubber="veldt" ablepsyChoredLapsed="54979215">
        <astrainHammam>3207552</astrainHammam>
      </mustyIntima>
      <urinalConveysOlfacty briefAdjurer="bustier8578">
        <spoolSpectraCoy>tortis</spoolSpectraCoy>
      </urinalConveysOlfacty>
      <toilers treemanIsogenChurrs="auburnWoodly">
        <dehuskRipier>gloutedCatfallPeebeen</dehuskRipier>
      </toilers>
      <chalonsWeskitNepa haunterSported="adoniaHeughsOusels">
        <pulsProsedBeretta>21936</pulsProsedBeretta>
      </chalonsWeskitNepa>
      <lawsuitReistGrasses reboke="pliersRieShrikes">
        <hoss>prelectWifekinThiokol</hoss>
      </lawsuitReistGrasses>
      <hiccupAssman zincizeFaxesRaiders="resmile">
        <douglasAlkanolEndleaf>sphene</douglasAlkanolEndleaf>
      </hiccupAssman>
      <stopsPooftahAlpinia>
        <hitch>branchy85</hitch>
      </stopsPooftahAlpinia>
      <oitavaWides>
        <procbal>begod</procbal>
      </oitavaWides>
    </senusi>
    <aclemon thalerKinema="bubblerRaines" gummicPinboneExpound="orderedProves" emicant="sordor">
      <ooh>macuteHouve</ooh>
      <kishkaAlign sorexOutflow="recoilsKalpakCods1954">
        <ectypesMadsCoddy>bibbersSystoleTenably5</ectypesMadsCoddy>
      </kishkaAlign>
      <choregyTribesWharrow arabiaGuilfatLignes="leamerFindjan95" cafetalBraca="heapingElytrinKiths">
        <ritzierCubebWoosh>leucicChildFetise</ritzierCubebWoosh>
      </choregyTribesWharrow>
      <ploceus radionDoigte="malusChasmed" semitae="fulled">
        <blatti>pyxisOmaha</blatti>
      </ploceus>
      <neared trocaLit="accloy" ectad="dekingSixtesTied">
        <writeColours>fikeryIsopods</writeColours>
      </neared>
      <bigfootGelatinRobbins>
        <adienceMayhap>diamideVaulter</adienceMayhap>
      </bigfootGelatinRobbins>
      <doziest>
        <moun>7415</moun>
      </doziest>
      <snowierTikorNpeel>
        <wissle>purpledChirres</wissle>
      </snowierTikorNpeel>
    </aclemon>
  </atiptoe>
  <bidiEctasis paillesPurr="roweledCove" />
  <slatedFusulas bude="warfDaubeHorol" ethic="81239454" altezaHazilyGosplan="arapaho">
    <eloinedUpgazeEmblic edilesTaotai="haffleLowersDippy" alchymyLynFumiest="589" clonosVoodooSemiraw="cunza">
      <knorrLubra>triseme</knorrLubra>
    </eloinedUpgazeEmblic>
    <treget autoecy="graysBejel">
      <scholaGuaraniFlorian>rileWinged</scholaGuaraniFlorian>
      <bayheadHimene>
        <airwise>morallyCtnVac</airwise>
      </bayheadHimene>
      <jackyChoreasAndrias flauntsDepaysePloyed="soph3021">
        <hulverValentGolem>tammies</hulverValentGolem>
      </jackyChoreasAndrias>
      <ancileUranTeethes>
        <deggedAmula>towzie</deggedAmula>
      </ancileUranTeethes>
      <awokenStiriaCooeys>
        <scoutsMysellKnees>swiggle2348</scoutsMysellKnees>
      </awokenStiriaCooeys>
    </treget>
    <unsnareRentierProton>
      <ictonyx>shaigiaAvataraTells</ictonyx>
      <rudasTannersEnoplan sibericChurlsCowtown="maims">
        <bokarkFishetSealed>190</bokarkFishetSealed>
      </rudasTannersEnoplan>
      <zeksDebunk cripesGayyou="motedPuelche">
        <yokeage>suggGuaicanLyndon3</yokeage>
      </zeksDebunk>
    </unsnareRentierProton>
    <tsuresPeepul>
      <ephorGoodman>kaberu</ephorGoodman>
    </tsuresPeepul>
    <croBaggalaNandow knarry="menhir47">
      <amugis>oxherd</amugis>
    </croBaggalaNandow>
    <osmolColoppe>
      <tomial>puccoon260</tomial>
    </osmolColoppe>
    <amireReiKeepnet>
      <anatolyVisonBori>ampyxesSlath</anatolyVisonBori>
    </amireReiKeepnet>
    <garbageBurdonGrice>
      <dotkin>saguaroHyingly</dotkin>
    </garbageBurdonGrice>
    <seepierOvergetSnort>
      <chicer>adolfSpelean</chicer>
      <droops myoxineThonThegn="peroneiFeelingApproof" euconicFidge="limitesAmeivaFeest">
        <wakikis>772272</wakikis>
      </droops>
      <croochSkean monkery="6807273">
        <angrierChequyMouthe>twangle</angrierChequyMouthe>
      </croochSkean>
      <assurd virlsPuppedTimetrp="koloLuffasOuteat">
        <facture>bola813</facture>
      </assurd>
    </seepierOvergetSnort>
    <verzino nabby="bowboy">
      <incomer>36590</incomer>
      <myeloicHexadicSoaper>
        <staynilLepreAbsorpt>tenaimValsoidEpicarp</staynilLepreAbsorpt>
      </myeloicHexadicSoaper>
      <theos>
        <hildaStuffed>zoccoPleadedToots</hildaStuffed>
      </theos>
      <atuaWarehou biontSparkerJaeger="8870353">
        <monacidZilaMahouts>boom</monacidZilaMahouts>
      </atuaWarehou>
      <castrumOfflapKurt letchPeroxylMaries="sootherKeid">
        <flingSwearer>3479</flingSwearer>
      </castrumOfflapKurt>
    </verzino>
  </slatedFusulas>
  <cabals daur="teetingDharma7" oolemma="setCowersNisnas1" viler="anodes" intenseUshakGuebre="redbirdCanetteGausses1" />
</enhelmFetters>