<?xml version="1.0"?>
<phenylFred>
  <shouApptd unslot="coughed" copus="frontedQrs" peonClasts="diswontCaseous" />
  <dottingLogins rubiestLeatman="squalmOrology" stemaBegreenAdrue="satlijkWinston" cornetFugacyBrender="thysen" rhoRhedasRoader="abmhosSend" />
  <winepot>
    <uppity collinArmures="droppyRomauntPlumcot" slovens="hydrome" beswink="frankerInkCamwood">
      <snaps>mnesic</snaps>
    </uppity>
    <kelped fogyish="filterEvils" pinolesHippishSwigged="29596" loodGyves="saker">
      <rastyCascadoBuncoed>placodeSwiplesWhiley304</rastyCascadoBuncoed>
    </kelped>
    <spangJasmineChirt>
      <dartingPlug>airthedHalely848</dartingPlug>
      <dayan>
        <subsill>jibbonsImines</subsill>
      </dayan>
      <doweral antsierManter="unburlyInrush">
        <pellard>bigaProbang84</pellard>
      </doweral>
      <wedlock>
        <azelaicMouchSplent>patinXylic</azelaicMouchSplent>
      </wedlock>
      <hebeCaged boxhaulZitzitDidoes="untameTraneauCastra">
        <scringe>5881284</scringe>
      </hebeCaged>
    </spangJasmineChirt>
    <pinkly>
      <agapaiRewager>92519239</agapaiRewager>
      <reblessLatenJivaran lawksBurk="cozie" ubiquitConvoys="leachedSalpidFod64">
        <giddapWup>unturf</giddapWup>
      </reblessLatenJivaran>
      <pinkoes ingluFestucaUnsin="dirge1" atuamiOilyishTarger="keratolQuassTroches2315">
        <eschars>dulseBlockerTeihte8</eschars>
      </pinkoes>
      <besideToff rooferGingle="bakshisCalepinJornada">
        <ophianBejeledGrisled>ferrerScholia</ophianBejeledGrisled>
      </besideToff>
      <alfaqui>
        <noosers>cevenol</noosers>
      </alfaqui>
      <muoniumEvelynNagel cassan="soaveShakta" mosul="ziegaNoachicSores">
        <succubi>10</succubi>
      </muoniumEvelynNagel>
    </pinkly>
    <levisShaughPractic>
      <yugada>560</yugada>
      <anatoxLovableVolata poilusAmtrackHouris="erdvark">
        <spayad>eroteme</spayad>
      </anatoxLovableVolata>
    </levisShaughPractic>
  </winepot>
  <woodrowGadeMahdism saffronCholoidDicolon="skyrinWarilyNudnick" cognatiAboundsSported="970" appmt="beshear">
    <lobbyer phasic="napuUnopedGuanine" ashling="amidoneBairdi" boggardDenimsPithy="mutagenAdonize417">
      <totymanAlpacas>dairyDooredObley</totymanAlpacas>
      <oversetHak revererEpode="saltaryAlapa" spakedWellingMimus="8">
        <stulmPomades>anodosCowbane</stulmPomades>
      </oversetHak>
      <caliver douc="tovFriscaOreads" spouts="47951666">
        <pungiesFumblesYabbie>torporRenninNonsync213</pungiesFumblesYabbie>
      </caliver>
      <acidity santoHeadle="adenine">
        <pellardSacralHarks>90405504</pellardSacralHarks>
      </acidity>
      <scurrilRodentsNov>
        <dead>306</dead>
      </scurrilRodentsNov>
      <cocoyamScorny>
        <calcic>variantKellegMesskit</calcic>
      </cocoyamScorny>
      <smalmed drivers="ladakhiHalpSterna" forlayDoghood="lauanEstopsRummer">
        <kerslamMalignsBegorry>logical9102</kerslamMalignsBegorry>
      </smalmed>
      <runoffsOscularHorner scoliaCacumen="tankahUndeanTewa">
        <begut>giterneJinglesNeumic</begut>
      </runoffsOscularHorner>
      <fluavilGiantryOxwort testes="gluepotSexiest">
        <pagers>shikarsRuffesUnrra5</pagers>
      </fluavilGiantryOxwort>
      <unsore brazersBskt="nonselfInkwellRedweed">
        <cyprusJellibSuits>burfish</cyprusJellibSuits>
      </unsore>
    </lobbyer>
    <sighted>
      <elmwoodSpinny>69514</elmwoodSpinny>
    </sighted>
    <tincalsCanoePorcate>
      <rotella>indeedySepicFinify</rotella>
      <lampsBobadilTad upasesAltin="shiloh">
        <syllis>toryessHatefulNeat</syllis>
      </lampsBobadilTad>
    </tincalsCanoePorcate>
    <copulas>
      <merlonsThous>pommageCockles</merlonsThous>
      <quincesZingyParody>
        <reclaimExchBalcon>flav</reclaimExchBalcon>
      </quincesZingyParody>
      <swardy riempieExtAbobra="rileLectorsJiqui3993" scissorLipped="screwyPenancy">
        <ogdoasLutherOeuvre>566</ogdoasLutherOeuvre>
      </swardy>
      <yohourtSynodal langcaTankerRoey="swing7">
        <unkill>pasting</unkill>
      </yohourtSynodal>
      <cutikinPhosBatik>
        <ureicAdesteTsurugi>29383</ureicAdesteTsurugi>
      </cutikinPhosBatik>
      <grivets>
        <mangoroHum>trois78</mangoroHum>
      </grivets>
    </copulas>
    <upboostWallach pradeepScarrerTaennin="5881285">
      <nikolai>mahicanAmebian</nikolai>
    </upboostWallach>
    <benempt>
      <isthm>sativeCommosDigs</isthm>
    </benempt>
    <planta>
      <gauzyBrendedThrepe>bangedDrawlerKaisers</gauzyBrendedThrepe>
    </planta>
    <puriRastus>
      <sheep>nighestVisive</sheep>
      <mrsArnebGesso lobbedSaanen="1">
        <bacalaoChilverAwber>unelect5633</bacalaoChilverAwber>
      </mrsArnebGesso>
      <newsmenGlottidYajna anhydHacksNowroze="flavourWightly" derailGeomyid="helotryLuteoJambiya">
        <detour>alkalinHagmane</detour>
      </newsmenGlottidYajna>
      <razzerBoggart>
        <mucosal>plumistLagwortTuchuns</mucosal>
      </razzerBoggart>
      <seams baggieDayanimDion="495215137" duologsHonour="etwiteFumaria">
        <unwits>colladaAlmondy</unwits>
      </seams>
      <joltyToughraKeywrd>
        <agastAberia>enaena</agastAberia>
      </joltyToughraKeywrd>
      <rawHumour slept="phobia" vatfulsRecoils="trsChrisma">
        <lcdRhedasDil>ichthOrmer</lcdRhedasDil>
      </rawHumour>
      <cavedTuckComptly>
        <embryonRalliedAdenia>karri3</embryonRalliedAdenia>
      </cavedTuckComptly>
      <chieveReleadCoignes subwarHurdiesBrisken="931822345">
        <onoclea>boresAdelizaBlamed</onoclea>
      </chieveReleadCoignes>
      <firersCalking>
        <suntan>4308</suntan>
      </firersCalking>
    </puriRastus>
    <clawerTriglid>
      <gavialsVagitus>compot</gavialsVagitus>
    </clawerTriglid>
    <poach stewsKetotic="dewaxesOutwars" nathemoDaffy="2">
      <unfret>toesCatenaAganice</unfret>
      <clopped>
        <lesiyWashers>3723445</lesiyWashers>
      </clopped>
      <arabisCitessBumbard>
        <shunter>moocahPissingPirene</shunter>
      </arabisCitessBumbard>
      <huntley>
        <unwall>bawdric188</unwall>
      </huntley>
      <async busks="untight" dassieLatvianChuppah="enemataBandel">
        <outdone>kirimonAnomuraBares</outdone>
      </async>
      <chochosLectorPoised lisSnying="yanquis41" reseiseMaziestExile="benderScutchs">
        <linguaeHuntedAmbage>721043580</linguaeHuntedAmbage>
      </chochosLectorPoised>
    </poach>
    <frugCootiesBunger adjustsUsaFunk="123327" ajariStains="prattle94">
      <gassersCaesuraHeii>imagismCleome</gassersCaesuraHeii>
    </frugCootiesBunger>
    <skiwiesCoxcomb>
      <derides>7</derides>
      <halidom uveaCareersApolune="towelry5">
        <cumbu>quinova</cumbu>
      </halidom>
      <estivalAshramsLhb epingle="filicalHubbaFoiter">
        <eagletWiserTablet>lilaByremanStibial1</eagletWiserTablet>
      </estivalAshramsLhb>
      <zodiac akaroaAbacliSwobbed="byrrus">
        <borwort>golfed976</borwort>
      </zodiac>
      <bleuSpaed>
        <calcic>66998027</calcic>
      </bleuSpaed>
      <tabid crabFircaBlowy="ascanKiakiRegnum" poschayTactus="acanaLuffTorn">
        <jacal>adoringTone6501</jacal>
      </tabid>
      <mumperSilures sonatasBunyas="gepoun" bangsShowoff="62">
        <bossletParpal>plissesMarblyShined</bossletParpal>
      </mumperSilures>
    </skiwiesCoxcomb>
    <tsades fleeceMerlins="ecphovaAdmittyLeerily" dyadicIndiana="mise">
      <peloriaYowlersInducts>clithe</peloriaYowlersInducts>
      <pucciniPlattedGlass>
        <secancyBhar>68382</secancyBhar>
      </pucciniPlattedGlass>
      <exotic brannyDorse="82806">
        <gladRotiKeckle>idylism</gladRotiKeckle>
      </exotic>
      <mmfCystoid>
        <ageneEnhat>poolsResawsImprime</ageneEnhat>
      </mmfCystoid>
      <perigee>
        <lexisMinimalGonotyl>lukasDips</lexisMinimalGonotyl>
      </perigee>
      <unprintPoopsieYogic casuaryGesling="uredineBonetta" podetiaAquilon="543953">
        <teeter>7141788</teeter>
      </unprintPoopsieYogic>
    </tsades>
    <lowwoodSpahiAdorns bliny="petitorHadarim">
      <csectDisleaf>vickAmuze</csectDisleaf>
      <malieKnobsAquate ocelotAtafterLaotian="claryCuvyHelium" orangeCnemis="ancientCosmine">
        <magogBehavPath>janteeUnadept</magogBehavPath>
      </malieKnobsAquate>
      <nares moorukRetoastChymic="envaultDuctile" xylitolGazing="nongasJemezSexy">
        <dierCancansDacus>181305</dierCancansDacus>
      </nares>
    </lowwoodSpahiAdorns>
  </woodrowGadeMahdism>
  <stoaNikkoMismove giro="barbarAdiate" />
  <goglet />
  <irwin junket="brahmToylike" slokaChitak="3674315" kumkumLinealQuadral="woofell" wifely="walleyeInjured" />
  <yerked>
    <bolsterArnut amoebasWunsome="gugletsFormats">
      <eveningPlumous>semiape</eveningPlumous>
      <sairlyDow pirner="gugglesKite" entheos="drat">
        <crible>stays</crible>
      </sairlyDow>
    </bolsterArnut>
  </yerked>
  <nylastWair alcayde="staysFibroid558" rimu="eoithCarpers" datably="naivetyEnduing" colauxe="leanlySwum">
    <praetor>
      <vendee>calmestCasquedIllus</vendee>
    </praetor>
    <eli>
      <mirrorGibusTawsing>uswardOutput</mirrorGibusTawsing>
    </eli>
    <vejozCay>
      <belgiumEquatorNess>bodegasBluegum</belgiumEquatorNess>
    </vejozCay>
    <greedy aphra="aplanatSubcoolPapula" schmoesBlighiaGazy="muong">
      <aintOtherAscii>falconNobby</aintOtherAscii>
    </greedy>
    <meehanGravic>
      <odacoidLeukonEpic>naebody515</odacoidLeukonEpic>
    </meehanGravic>
    <divort>
      <sorbian>42</sorbian>
      <junkiesSomewhyWrights marconiKylix="encharm8" twin="harmootArgolicArawak624">
        <oursels>morularMandril</oursels>
      </junkiesSomewhyWrights>
      <newburgDzungarLevulic>
        <slickerLofters>beshearOphioid</slickerLofters>
      </newburgDzungarLevulic>
      <lamiid>
        <guywire>866</guywire>
      </lamiid>
      <crucialPactMisbede>
        <phenineBurble>76149714</phenineBurble>
      </crucialPactMisbede>
      <ironlyTeenish coveted="unbloom">
        <druggeMordv>diskingFeltman942</druggeMordv>
      </ironlyTeenish>
      <alenu>
        <secos>netsukeEmbrake7</secos>
      </alenu>
      <meisje calmer="blowzyApotype" scalpelRebutsCohue="thymoma">
        <nebbuk>alrunaDingledMarshal</nebbuk>
      </meisje>
      <tola crumbum="1310221" sym="hurlingOrdinarCumquat">
        <noxGunroom>81</noxGunroom>
      </tola>
    </divort>
    <gapperiFeckful>
      <brichenProcyonIrena>midveinTorchonSeals</brichenProcyonIrena>
    </gapperiFeckful>
    <crombecVapid>
      <batfulTattedReamer>paridaeAnous</batfulTattedReamer>
    </crombecVapid>
    <devoveTelsonsScoggin cavina="impale" nudges="conacreSlikBalsa" bluejayCortineMockup="donsky">
      <osmiousLotions>waflib</osmiousLotions>
    </devoveTelsonsScoggin>
    <fragsSnipeUpshaft assifyShakingBlains="teicherSpeederBateaux" cockalSommaCytosin="calyon78" laziedPhoraCites="7">
      <neftgil>seoulStupaLatexes97</neftgil>
      <suttinAblauts>
        <lue>onlap</lue>
      </suttinAblauts>
      <incaseShowFirns crowdieFarcied="toadiedAurochs" adatomTerrageOutact="punchyPierineJuggle215">
        <lathery>snareAllege</lathery>
      </incaseShowFirns>
      <catlapGlassy billotRewish="frowzlyScribeCellar">
        <knawBothway>chateus</knawBothway>
      </catlapGlassy>
      <hauseFatting nova="fan">
        <romanshIdeaedLiukiu>princoxCatjang10</romanshIdeaedLiukiu>
      </hauseFatting>
      <ellagic testudoCheezitMiddler="74">
        <shannon>7296</shannon>
      </ellagic>
      <epeesImu>
        <zenaidaCuveeTemiak>gallate79</zenaidaCuveeTemiak>
      </epeesImu>
      <wrinkly pappous="bustSharks">
        <ratchelAzureCuspis>couleurBudtime</ratchelAzureCuspis>
      </wrinkly>
      <nitriteRailwayAcidic tailoryEasy="bennetLampHyzone" scisselCulgee="syringe">
        <berriesPalpateWinked>frows</berriesPalpateWinked>
      </nitriteRailwayAcidic>
    </fragsSnipeUpshaft>
  </nylastWair>
</phenylFred>