<?xml version="1.0"?>
<tummy>
  <mannaiaOtisIndians gorflyFuzees="ogpuAliptesSmouch">
    <xeres>
      <madreSumsAbly>frauder</madreSumsAbly>
      <cordelDalesBasins fetingHelium="meach" jann="7532">
        <wishfulDanderSheller>shangOesBeneme</wishfulDanderSheller>
      </cordelDalesBasins>
      <bolognaFenterPrebill reverCowboySpelk="decodon" becapsOrating="5">
        <ouvrageSundari>237334</ouvrageSundari>
      </bolognaFenterPrebill>
      <semicupQuiche>
        <twanaTramperPupfish>septaBalboaJustles</twanaTramperPupfish>
      </semicupQuiche>
      <rumnessDextradMoneth scotinoHerns="keat">
        <galileiOwly>ycladDinkier</galileiOwly>
      </rumnessDextradMoneth>
    </xeres>
    <peeweesWey>
      <nebulaeVisitsMangled>coueDoubtRekey</nebulaeVisitsMangled>
    </peeweesWey>
    <ecbasisAgeable>
      <teleutMopiest>caufle</teleutMopiest>
    </ecbasisAgeable>
  </mannaiaOtisIndians>
  <jaloppyBornylFrabbit crocineRedSavssat="hikesChassed" lentoid="lithest" />
  <unwonFloss nobles="840180343" pastelGreater="hati1383" witchesSuzan="abseils">
    <stiltsMotif>
      <levityCovidoFluvial>phrasesSmooths</levityCovidoFluvial>
      <vougeotTippled puredeeParify="faunist8557">
        <smotterAceta>yaupers</smotterAceta>
      </vougeotTippled>
      <raptThouTapas khajurSuns="431689091" chare="parlayEgest948">
        <jewelyWinepotAstable>strideOutknee</jewelyWinepotAstable>
      </raptThouTapas>
      <snowieEpidemy saaMensisAnarchy="jambeeBewit">
        <brimseZitherAlbruna>batlanPored</brimseZitherAlbruna>
      </snowieEpidemy>
      <cotisedFolioseWildcat limosaHuaveWashaki="sabinPaulin680">
        <refelsMews>hurden1471</refelsMews>
      </cotisedFolioseWildcat>
      <roscoesSimule tatsman="apocha" laibachTerfez="plout">
        <granchFormeltMaestra>kafZanzeRegr</granchFormeltMaestra>
      </roscoesSimule>
      <platiesDeuzanJarless unjust="aramuPiniteStudded" krautsGuseridTramal="84970929">
        <jazzers>scummer</jazzers>
      </platiesDeuzanJarless>
    </stiltsMotif>
    <saxtenOfflapMea crapperGrangerOttar="oariticPerkin">
      <bandiMaleicArcacea>routous33</bandiMaleicArcacea>
      <specus>
        <ruches>brasses</ruches>
      </specus>
      <cashaInosicIsopoda>
        <mixup>decease</mixup>
      </cashaInosicIsopoda>
      <adjoustCovingMapwise mohelLormery="1045729" milkmen="frillerLaxly">
        <trenchAgapeic>doglegHerry</trenchAgapeic>
      </adjoustCovingMapwise>
      <forebyeWorsensBarhops trowsWigGulfier="bordel445">
        <axenic>79348</axenic>
      </forebyeWorsensBarhops>
      <adviseeRefreid annonce="brakierKadayaTund" sherifyOcteneUpwax="78">
        <unthrobTrabu>ascrive</unthrobTrabu>
      </adviseeRefreid>
      <alchimy illumer="ket">
        <isodont>dishleyPowders6070</isodont>
      </alchimy>
      <corporaFatidicBrowns>
        <thuleChaitRefract>finish</thuleChaitRefract>
      </corporaFatidicBrowns>
      <cogonsCorved downbyBoletus="31794909">
        <pokingZaffers>7</pokingZaffers>
      </cogonsCorved>
      <hellenHote>
        <hokier>4335796</hokier>
      </hellenHote>
    </saxtenOfflapMea>
    <burlers papeySparry="oldishEiffelSquidge" coinHoloku="scullSpringeMimine">
      <ensureEslisorOurebis>edenize</ensureEslisorOurebis>
      <xylinaOutwarBatarde>
        <backbarNeedy>zabaism</backbarNeedy>
      </xylinaOutwarBatarde>
      <torporDum>
        <potsiePartageWawling>balcheEncaumaAureity831</potsiePartageWawling>
      </torporDum>
      <devowSialis ascitic="prosoma40">
        <sabaistSiloamResoap>zowieLabileRosolic</sabaistSiloamResoap>
      </devowSialis>
    </burlers>
    <shabbatLoggieOpulus>
      <calinaChiggerCoeliac>domettGuttAflow</calinaChiggerCoeliac>
    </shabbatLoggieOpulus>
    <hecklesPillboxFrigga>
      <mbiraEos>888</mbiraEos>
      <crazing>
        <santirAgree>275043</santirAgree>
      </crazing>
      <jiffsBanning cheminsNeatify="15168">
        <reconsSendal>929</reconsSendal>
      </jiffsBanning>
      <denselySfzIncoup heavierDirecly="cesser" emily="gramyMountieDevaul">
        <twistleGigglyPlout>ectalRamada</twistleGigglyPlout>
      </denselySfzIncoup>
      <roomilyLeerier aviatedKatana="sarongsMamelon" ecrusWisping="traces">
        <maidieTedToluate>wobbleUnawareArch</maidieTedToluate>
      </roomilyLeerier>
      <revokesPilSwick>
        <bogfernMaoistsRane>endedRinningSunny</bogfernMaoistsRane>
      </revokesPilSwick>
      <annoyed>
        <gigmanHunches>foremanOsmol124</gigmanHunches>
      </annoyed>
      <newtake bumblesSpecusOker="426">
        <titterMinuend>dumas12</titterMinuend>
      </newtake>
      <dunged>
        <lattensParlorsCosign>ian</lattensParlorsCosign>
      </dunged>
    </hecklesPillboxFrigga>
    <nitriot>
      <piottyDottoreFiumara>rank</piottyDottoreFiumara>
      <unwieldCobbPeloric courtySeraphRelies="hylegZones">
        <inworks>pursued</inworks>
      </unwieldCobbPeloric>
      <joshedHeats rumageHeapedOrb="candide">
        <cawingTootlerEmend>chessBland24</cawingTootlerEmend>
      </joshedHeats>
      <tulareTriglid tarviaTimeout="unmountLikinStound" naupliiDisard="4614685">
        <cacciaFantadSebacic>royalme</cacciaFantadSebacic>
      </tulareTriglid>
    </nitriot>
    <bromidDantean>
      <gigunu>yeuk</gigunu>
      <meshesConins poriteFactiveAlcoran="piazinVistal" copalBoaLai="hellimVaricesSkeet568">
        <tanguinDeciusJejune>4</tanguinDeciusJejune>
      </meshesConins>
      <staukLatvianTekiah hyssopUnbowPunner="cabotEmodinsPlainy978">
        <salmineDepends>recarryPoleaxe</salmineDepends>
      </staukLatvianTekiah>
      <drubbed>
        <thoughManierePokeful>shapkaWhippaOoplast1326</thoughManierePokeful>
      </drubbed>
      <siliqua>
        <tenchHabnabAzon>realism795</tenchHabnabAzon>
      </siliqua>
      <rivelBruscus>
        <apasoteDawn>24</apasoteDawn>
      </rivelBruscus>
      <piproidMomisms dawn="arpentsHasher7689" baregesCorbinaBongos="woodierCarroms">
        <oilcansDislockChiasm>lungyisRibaldsUps</oilcansDislockChiasm>
      </piproidMomisms>
      <urinalEnchain depasLongyiKulang="unkin11" explidaCrumbly="slayersAvenant7569">
        <cointerBardelAutonym>bimini</cointerBardelAutonym>
      </urinalEnchain>
      <ahurewaDibatis falafelMonest="8" survPapas="octantSwollenLygaeid">
        <brumeOvid>regrown</brumeOvid>
      </ahurewaDibatis>
    </bromidDantean>
    <freesiaSitfast>
      <liturgy>clunch</liturgy>
      <basten>
        <volensElwood>endive</volensElwood>
      </basten>
      <hittersTuilyie lozengeDrainerCaned="mystify" tomeful="consuteHussite">
        <kalpakFlintedGoup>tun7000</kalpakFlintedGoup>
      </hittersTuilyie>
      <beauSuccourPilgrim etchingScindJulien="toughieYugas8719" optimum="morvinScopine">
        <laterad>altair4172</laterad>
      </beauSuccourPilgrim>
      <goyishCofflesBulbil cherelyDouterPhies="1547" harsherMuzzyConsent="69035979">
        <baffledPishEmperor>dzerin170</baffledPishEmperor>
      </goyishCofflesBulbil>
      <handle>
        <nonasRablinBass>pridian397</nonasRablinBass>
      </handle>
      <friandTinhorn>
        <megaronInformsImidic>tildenWereassBrin</megaronInformsImidic>
      </friandTinhorn>
    </freesiaSitfast>
  </unwonFloss>
</tummy>