<?xml version="1.0"?>
<sorrier>
  <flogged botonee="draviteCurlews" tolzey="904737267" amiss="68320795" curstly="jumpoffPernelSheal">
    <cleavesSipedNatuary pintidGapperOursels="sornersScotistCurucui" nocuousRatoPicquet="speiseMorsUnfired" hordockFuseau="sansi">
      <topia>ropishGalleinJibers144</topia>
      <embargoDotting>
        <anakesSalemMosque>16859</anakesSalemMosque>
      </embargoDotting>
      <angora>
        <broadsTineman>fissura</broadsTineman>
      </angora>
      <puppilyYielden mogganHecteHala="6549415" idlemanFlairs="4">
        <enmityStartsy>satron</enmityStartsy>
      </puppilyYielden>
      <zakatAdeliaViny taringGladdonMascon="ziplessAntaeus" boarderMauri="7020">
        <masquesGarlopa>sarcoidSerbdom</masquesGarlopa>
      </zakatAdeliaViny>
      <spatiumDiwans>
        <zygal>bauleahCupolar</zygal>
      </spatiumDiwans>
      <garbageChardRemind>
        <naveledRhizine>bedrift</naveledRhizine>
      </garbageChardRemind>
      <famulusFrothi tetanicMoliereWeed="7">
        <yokelSmashMickles>suddensGesneraComitje</yokelSmashMickles>
      </famulusFrothi>
      <grayestArrive nippersVerismsTardier="wigeonSookie">
        <unwits>solodiTurf</unwits>
      </grayestArrive>
      <scootsEthane upgoThusForhooy="lippens" nicaean="juncoFeck">
        <neuroneArshin>prosoObjectKileys</neuroneArshin>
      </scootsEthane>
    </cleavesSipedNatuary>
  </flogged>
  <flirtsAudientFgrid francicAxstone="974820" surgentArided="mycolDamine" isotelyCradleArian="coftAeronefRidge" />
  <acaridMaharaoEarwig beewort="allerDebitumBlared" valetFormol="ipse" sorbet="saniesUntrace70" lamanoLectionLotase="cowage">
    <sura bumwood="crud" fanionsVolvuliSafer="devisor">
      <topVaunter>bartreeOutbulkHaitian9</topVaunter>
      <reclasp mawsie="dickie" tarishAbatua="resayDemur">
        <ghuz>822999</ghuz>
      </reclasp>
      <blousedEponymsTonne benzoidPie="820">
        <nibberIndane>barresQuadratFadge9</nibberIndane>
      </blousedEponymsTonne>
      <mayey>
        <sannop>henlikeElficBighead</sannop>
      </mayey>
      <talusesFuscousShrank canardHessianOzoned="5">
        <cutoffsJohnnie>518422</cutoffsJohnnie>
      </talusesFuscousShrank>
      <talcousKaisers>
        <hogTously>inklesAkpek</hogTously>
      </talcousKaisers>
    </sura>
    <gourBay gurjara="qanatsGurjaraDargo" shemu="27509">
      <rant>51</rant>
    </gourBay>
    <ashkey>
      <dessGibsUnlined>wahimaBridger</dessGibsUnlined>
      <aleyardSoniouApio>
        <marfik>relamp323</marfik>
      </aleyardSoniouApio>
      <dingyJuletta>
        <fumaricClarreAleft>3</fumaricClarreAleft>
      </dingyJuletta>
      <bougie panfulDallier="spaemanKykeUnmast86">
        <piliAnsar>scabbed</piliAnsar>
      </bougie>
      <jimjumsCaredJelly ibotaDap="67307" vuggPorting="metusCahuyTrollop">
        <livestCanch>atonal</livestCanch>
      </jimjumsCaredJelly>
      <wharBurbush hamberKopje="glaucusThermitAix132">
        <trochesPufferyTawed>wifieGalaxesRatels</trochesPufferyTawed>
      </wharBurbush>
    </ashkey>
    <cog>
      <stably>isbas</stably>
      <duddie>
        <ough>hoersIntrusoBonce</ough>
      </duddie>
      <dooming>
        <yowiesPoseuseCracker>teenish</yowiesPoseuseCracker>
      </dooming>
      <largish>
        <thereon>hazaraTieless</thereon>
      </largish>
      <cressonStatantShawano londonPadasha="cuspids">
        <faroukPlanersSprit>freaksFalconMeinies</faroukPlanersSprit>
      </cressonStatantShawano>
      <sierranRetentUgrian>
        <negerLadyish>shapeupChilly</negerLadyish>
      </sierranRetentUgrian>
      <embrute>
        <buddahWhalingTicket>aquavitAccedes</buddahWhalingTicket>
      </embrute>
    </cog>
    <giarre bauchMorongIdly="bousesRlyRisks">
      <sexpotRipened>dourahs</sexpotRipened>
    </giarre>
    <eduardoDonsieGists>
      <regretsPalulus>bromesUnknave</regretsPalulus>
    </eduardoDonsieGists>
    <mixible>
      <negater>alrune7</negater>
    </mixible>
    <cystous>
      <cestode>haiver</cestode>
      <ideatesQuawClavial flatbedImprintPilmy="qintars564" terriFerbam="22">
        <consommMaggyCelebs>886</consommMaggyCelebs>
      </ideatesQuawClavial>
      <sourerDecharmBasiate>
        <gillieAdibasi>661</gillieAdibasi>
      </sourerDecharmBasiate>
      <fuffle updoPhare="lividlyGoosishAle652">
        <kharwaZaman>squinsyCynodon</kharwaZaman>
      </fuffle>
      <bajury chittak="57558440">
        <caromed>orpinsPionic</caromed>
      </bajury>
      <shakilCamaron saktismAnunder="putter">
        <banakEvehoodPogge>markkaArne</banakEvehoodPogge>
      </shakilCamaron>
      <stroy>
        <yfacks>plaguerNuder</yfacks>
      </stroy>
      <alexineTressy>
        <sridharMisdateScaping>aunty686</sridharMisdateScaping>
      </alexineTressy>
    </cystous>
    <gristleRoomieDefile>
      <noosesTelaTossups>rewend26</noosesTelaTossups>
    </gristleRoomieDefile>
    <existedFatihaClogged>
      <conspueMfdFleeced>mollsFasCent</conspueMfdFleeced>
      <ninnyNilotic meileDroops="bosherBlissomAntoeci344">
        <unbloomAmentum>fobbingCloghadNigre</unbloomAmentum>
      </ninnyNilotic>
      <easedInverseAfire>
        <molgeGuhaynaChazans>lujulaFibre</molgeGuhaynaChazans>
      </easedInverseAfire>
    </existedFatihaClogged>
    <precyst sissBathmic="keoutHeroismHaggada7">
      <adradGammonsAbime>cast</adradGammonsAbime>
    </precyst>
    <zootaxyRenillaAwnings>
      <vaadNatch>1992698</vaadNatch>
    </zootaxyRenillaAwnings>
    <abbassiDeporte>
      <oheloGudrun>infantTwiddleOstraca</oheloGudrun>
    </abbassiDeporte>
  </acaridMaharaoEarwig>
  <onycha mujeres="tropinsPhytome32" comradoDollies="629639" galpAgist="subduce" feversHipmiBixa="bibbery">
    <pewtersBewray hyeninePalls="pointyMunific" barbulaFurmint="690" joyceCarapoMaureen="volenteBidensBiurea">
      <units>hoppingTitanHazle</units>
    </pewtersBewray>
    <normalTrisect riffs="cowlingStokedMisrely" burs="jailing">
      <demSatyrsPerm>waniganCatenas12</demSatyrsPerm>
    </normalTrisect>
    <bennesTauted impawnsSlumber="pottle" inlaySteen="sappers">
      <kopisPoulard>opacity</kopisPoulard>
    </bennesTauted>
  </onycha>
  <ragiCarucalHistrio theekGermSparch="droud" productOuzel="scantlyGorkiPlumbum">
    <kmelSaphieWaggy rutsYeastCorinth="mezuzaTypey" abducts="26" bon="nittierChicosGront">
      <lilacinHaverelWost>navety2895</lilacinHaverelWost>
      <boblet>
        <chimble>florateHathiStomas</chimble>
      </boblet>
      <djehadTeapGuide>
        <cabletByeCodes>gravGarcon</cabletByeCodes>
      </djehadTeapGuide>
    </kmelSaphieWaggy>
  </ragiCarucalHistrio>
</sorrier>