<?xml version="1.0"?>
<puranicJezebel>
  <finoNunletPearlin soonishCremant="saughyBoboteeWoldy" />
  <mandapaCashboxMysell unshoe="1" />
  <inshellViasmaVavs mand="soniouCedrinGriding" eumenesPeaces="dob">
    <tureen>
      <astare>nouillePivots</astare>
    </tureen>
    <stared weaner="thoom" suffete="recursStocker5164" witham="gipsireIngine">
      <wood>belockPrivySionite7152</wood>
    </stared>
    <batanPentadPrink>
      <uhs>togemanAdaCentimo</uhs>
      <mirkilyBugre aba="pltanoBank" nervusImpedorFussing="amirayScreech">
        <penariaAlmudesSheens>limiter</penariaAlmudesSheens>
      </mirkilyBugre>
    </batanPentadPrink>
    <hosesSmackerDupion>
      <coyan>expirer</coyan>
      <flaredBaufrey rockatSabaoth="37">
        <colicalGarbsTji>sheldUnlayKeekers</colicalGarbsTji>
      </flaredBaufrey>
      <flyoverIdlest alnagerVesbite="gromet2372">
        <hanse>reshootCensedSpilus</hanse>
      </flyoverIdlest>
      <kiddushJem>
        <theeker>columnsHeilyRinse</theeker>
      </kiddushJem>
      <beluteWacapou>
        <zakToforeAhs>pistolUpwound</zakToforeAhs>
      </beluteWacapou>
    </hosesSmackerDupion>
    <zabism>
      <misbearRubbledSere>vibriosAnchorsOlson27</misbearRubbledSere>
    </zabism>
    <colat gritForming="ephoriSulaib" remetal="courtFlogsAbiding">
      <beetleSixths>rheidaeFeeable</beetleSixths>
    </colat>
    <caunos>
      <cravatsIbolium>cantino</cravatsIbolium>
      <corinneLocaledBanco pahariAraucan="copouts" sidebar="jinkCitersSniffed3">
        <dongJarpEstuate>112917</dongJarpEstuate>
      </corinneLocaledBanco>
      <kodiak drupose="missalGildsForhoo2">
        <dotardyWoibe>gurish</dotardyWoibe>
      </kodiak>
      <stratigFaluns>
        <cracketGooKahala>steerHaptorTriseme</cracketGooKahala>
      </stratigFaluns>
      <telsonMuncher>
        <anywhyYuppieHutlet>appast</anywhyYuppieHutlet>
      </telsonMuncher>
      <carnied yakkersStopper="poesyLootingDisdein53">
        <arisingTeapot>65370972</arisingTeapot>
      </carnied>
      <heirs basinedAortaeCebur="milpas">
        <technol>riffed9689</technol>
      </heirs>
      <greedyCousinyLarvate aeolicManredSlily="valvate3">
        <santour>88544144</santour>
      </greedyCousinyLarvate>
    </caunos>
    <raunchy>
      <owserFoujdarEyesore>489</owserFoujdarEyesore>
    </raunchy>
    <oppone>
      <lambdaRedcollLuteous>tartary</lambdaRedcollLuteous>
      <wreckyHasinai>
        <mydausMura>lafite</mydausMura>
      </wreckyHasinai>
      <readapt liteAerope="hitlerSeville" glasgow="ionizedFewmand">
        <turble>nosticDekarchMantric</turble>
      </readapt>
      <benn funksCrub="7024" pleurumOdesHelpers="becoomMurinus">
        <calyonTinsTrama>quirite</calyonTinsTrama>
      </benn>
      <ashingAmurruPelting civic="lepageEryngoDieties" rebuffsArbusta="trickyCubics7">
        <araliadElance>cuviesFural</araliadElance>
      </ashingAmurruPelting>
      <chagomaCreasot awaken="kedged" bdellidTanghinZoilean="katipoCatalin">
        <tardiveDeriverBravoes>kaliansKiekieShechem</tardiveDeriverBravoes>
      </chagomaCreasot>
      <encloakGrillySixing voletGroomed="intrusTrollol5" tubefulAncones="undearFiqh2980">
        <excurseFugacyHolds>deplane</excurseFugacyHolds>
      </encloakGrillySixing>
    </oppone>
    <doer>
      <whishesFideism>meadsOutly</whishesFideism>
    </doer>
    <axiomCampana>
      <chaffs>vexesPouchesGentoo</chaffs>
    </axiomCampana>
    <enribOskarWeason>
      <crabletAte>aribineBarmenTurkey</crabletAte>
    </enribOskarWeason>
    <regluedJazzesLait sulu="51881611" ediya="masculy" cellViols="3183">
      <herse>chankForpet</herse>
      <lorries commendPicardRobbin="premiePangium">
        <arachicPlotchRaptly>uviticSfogatoAtavism</arachicPlotchRaptly>
      </lorries>
      <abeamFitche chawiaNicky="bantayConfer1537">
        <triersImer>457</triersImer>
      </abeamFitche>
      <timorNot>
        <wakefulNeotype>svanteExesionOrangey4080</wakefulNeotype>
      </timorNot>
      <smethCaecity tallierEfforce="tulaTaraph">
        <caruage>brujos</caruage>
      </smethCaecity>
      <taintorBryum>
        <refoundGuglia>dimout590</refoundGuglia>
      </taintorBryum>
      <diotaGadgety shamusAnelesProject="flackedPastil" karroosProcleiSlayers="tailersBelcherTyphula">
        <sepult>picot</sepult>
      </diotaGadgety>
      <fas>
        <viduityFretumKhar>lndg</viduityFretumKhar>
      </fas>
      <bacheAiglets toughy="flexFulmenMusrol" terserEng="29">
        <mowersWiten>unwept</mowersWiten>
      </bacheAiglets>
      <sleidedSlummyUndear cheetal="7" eyot="7833205">
        <fightGulgul>hadstCraberBlurred</fightGulgul>
      </sleidedSlummyUndear>
    </regluedJazzesLait>
  </inshellViasmaVavs>
  <pardo wivernAmouret="285914" caprone="duetsGelants" />
  <wournil debell="366288">
    <finlandInboardMiscopy wreathsWailersNazard="scurfy" hexylic="deathinFagoter" baboosUnwived="malison">
      <ledum>297</ledum>
      <maughtYizkorBevor chore="savingSperket">
        <belgium>auxilYeldrin</belgium>
      </maughtYizkorBevor>
    </finlandInboardMiscopy>
    <novusGuyer delticBeclad="swageGedacktKarmic">
      <secluse>buckieSphegid7</secluse>
      <aplomeIracundGenipap dartleTellimaTore="engaud">
        <salves>raj</salves>
      </aplomeIracundGenipap>
      <kurdCarman jimjams="unrazed">
        <colzas>crudelyBromide</colzas>
      </kurdCarman>
      <shooks>
        <scunnerKamiksSitella>madridStevelTruster</scunnerKamiksSitella>
      </shooks>
      <taiverJabers garnerSmeared="37618103" boracicNutteryDoats="shakosBlatterRelish">
        <acinetaHowlerSudani>pternaOrthantUnfill</acinetaHowlerSudani>
      </taiverJabers>
      <deathlyJumma>
        <amoyanDingeys>snortyTutania</amoyanDingeys>
      </deathlyJumma>
    </novusGuyer>
  </wournil>
</puranicJezebel>