<?xml version="1.0"?>
<sawyers>
  <chopa hopbind="calcar" colovePrates="80289">
    <dageshSnaky>
      <copsyMooleysUnbless>caroMinimum14</copsyMooleysUnbless>
    </dageshSnaky>
    <hognoseBarbara>
      <lekanaiSlowrieUrtical>reamuse</lekanaiSlowrieUrtical>
    </hognoseBarbara>
    <spanksYaponsPoet>
      <foldPeepul>nandowEncinalPacane</foldPeepul>
    </spanksYaponsPoet>
    <lagansFigboyNixy>
      <wampishResailsBritany>mildlyRagedEvirate</wampishResailsBritany>
      <outechoThatnUnbinds>
        <stanksPailouFeu>ashurUrostea</stanksPailouFeu>
      </outechoThatnUnbinds>
      <lonelyFarrago pieshopSubduedStoit="mitoticKochiaBeseam" glanisReneg="90">
        <sedangXxxBoardly>pangane</sedangXxxBoardly>
      </lonelyFarrago>
    </lagansFigboyNixy>
    <applesZingers>
      <xenurusYarly>202586953</xenurusYarly>
    </applesZingers>
    <nanakoBruisesIsogeny hastileZaniesPagan="sware">
      <perlingCompot>turneraOutwash</perlingCompot>
    </nanakoBruisesIsogeny>
  </chopa>
  <sexismAflow rarely="qindarFizgigs" ruddish="moltWrongs25" palmiteEntune="buttyMira3087" gustoAffined="rewiredRacistJanuary">
    <brosotGroper>
      <retour>upbid</retour>
    </brosotGroper>
    <pansRerank goliardRinkite="653565">
      <luteletNocked>rhenium</luteletNocked>
      <pulvilLocrineSever copulaSecund="ribbingInstampCroydon" vastyTlaco="79504216">
        <bidetUloncusProagon>nebelSacbutsDarkies</bidetUloncusProagon>
      </pulvilLocrineSever>
      <culled subrentGumboFurzy="bestridBlushet76">
        <fleyed>lurking66</fleyed>
      </culled>
      <spulzieApismEpirote accostPoultsKashim="attars">
        <ankles>embuia</ankles>
      </spulzieApismEpirote>
      <melon lawnsPlaning="pastel" botlingZygose="gravureShearer">
        <assayer>bister</assayer>
      </melon>
      <puking upspearDixyAlvus="rejolt97">
        <phareOatland>2</phareOatland>
      </puking>
      <rommackTrulyRejects bluecapCoofDittamy="99268">
        <losings>6</losings>
      </rommackTrulyRejects>
      <directsDraws wowt="gallant">
        <piitisPosCcid>hait648</piitisPosCcid>
      </directsDraws>
    </pansRerank>
    <wahabit inrushPlutter="gizzardEthoxyl" peised="rewokenDespoil309">
      <explant>retentCuisten</explant>
      <gilverSnawsCooing woubitRall="gambade">
        <whispWaltzes>9</whispWaltzes>
      </gilverSnawsCooing>
      <aculeaeDreg>
        <kudosUpgaleRaggy>plakat</kudosUpgaleRaggy>
      </aculeaeDreg>
      <huntedTinsChagoma petful="sestuorAlkali" sanedCoesite="infuseKilts20">
        <doby>residesBlypes869</doby>
      </huntedTinsChagoma>
    </wahabit>
    <ilianDolingHealers>
      <herbidNighishBaybush>acnodesUnheard</herbidNighishBaybush>
    </ilianDolingHealers>
    <kodakryWreaks>
      <tidiSisterBott>bomboraIodizesZurich</tidiSisterBott>
    </kodakryWreaks>
  </sexismAflow>
  <oadalGlamourRickle tinselFneseMannish="cornifyBombleTenacy" />
  <medevac clarifyCrusca="frocked" />
  <entice heroLifen="drosselTamanduMandore" uxorialDaggar="bepaleBrerd97" nyeGamiest="anasaziGoonie" scurf="pehlevi" />
</sawyers>