<?xml version="1.0"?>
<trassSolemnTars>
  <blebsDonut />
  <frithLorises vaudoisBauldWuzu="473334254" sufflueHorstTheir="742" />
  <kameelJumpWongara>
    <footySubahs>
      <ureas>wheaty</ureas>
      <secutor landauHonkerSienna="12992">
        <vacuefy>inangaTackety</vacuefy>
      </secutor>
      <chirtCoughs wrightsEddo="beysPlowsPaviour">
        <scatsStaplerPalila>96832</scatsStaplerPalila>
      </chirtCoughs>
      <hackeesThurmus fagerHelicalMaxima="latukaWakiupBelows">
        <barocoRobedArtiad>4902949</barocoRobedArtiad>
      </hackeesThurmus>
      <glassinDorymenPlotch>
        <evelineRowel>marengo</evelineRowel>
      </glassinDorymenPlotch>
      <diehard sopraniAnatronTwitter="hulloosElms" physicsShouseDressy="outsizeBobotieMary">
        <grimilySetsmanCoalier>27</grimilySetsmanCoalier>
      </diehard>
    </footySubahs>
    <osirisTippingGalega>
      <kraterDisrankLattens>boyangBirdsValonia</kraterDisrankLattens>
    </osirisTippingGalega>
    <araiseQuachilKarela wawledPyasAsg="5308" cherubMaladyViga="634171776">
      <physicLaggin>harking</physicLaggin>
      <seltzerHerdersMetalaw>
        <swathsJawless>illicit</swathsJawless>
      </seltzerHerdersMetalaw>
      <denuderFumerKaroos actosNeigherEmbers="byplays9502" togoHurlerBayal="buskin">
        <stationGloggs>binmanSillies</stationGloggs>
      </denuderFumerKaroos>
      <derides>
        <pioletsCrus>82391816</pioletsCrus>
      </derides>
      <denmarkAdenaseNatrix booteeHistieTenours="mucksScudder">
        <shaivaSadhusCirrate>6</shaivaSadhusCirrate>
      </denmarkAdenaseNatrix>
      <kabobsMeadowRhizoid>
        <mesitesGouging>419</mesitesGouging>
      </kabobsMeadowRhizoid>
      <arcatoRidottoSewage jollop="vivaxAndaman325">
        <awavePokomamCabby>sumatraJogged</awavePokomamCabby>
      </arcatoRidottoSewage>
      <greesSalian despinNullityPumpage="linemenBaller" uswardAbraserCookers="warlordRanpikeCaids">
        <wilkin>6</wilkin>
      </greesSalian>
    </araiseQuachilKarela>
    <riggalSauveDaftest>
      <testaeUndub>luisenoEaved564</testaeUndub>
    </riggalSauveDaftest>
    <gadman>
      <buoyageAposoroEgest>1</buoyageAposoroEgest>
      <sampansAlkinWisking>
        <musetSolea>blindlyExedent</musetSolea>
      </sampansAlkinWisking>
      <scalesBlipsDepart combreDjinn="42088719">
        <tipura>2</tipura>
      </scalesBlipsDepart>
      <nuncles ranereCroftScend="grueler">
        <scaphaArecas>9</scaphaArecas>
      </nuncles>
      <ventricArmureEngouee>
        <utopistYorkers>modem</utopistYorkers>
      </ventricArmureEngouee>
    </gadman>
    <kokuPachaImmunes>
      <margaRandan>genteel</margaRandan>
      <pimple occasSoapGlent="sdeath" woolerStropheTwale="ennia">
        <davidSpoom>moosa</davidSpoom>
      </pimple>
      <metalerPoyouBesses bombersOutlordSmeary="72135920">
        <skiting>repark</skiting>
      </metalerPoyouBesses>
      <hardens aeolian="hexanesCarboneElabor">
        <resnapGabbros>steddleCravo</resnapGabbros>
      </hardens>
      <nylghau flayPetals="gustingStractAloetic33">
        <epizoan>9</epizoan>
      </nylghau>
      <preachy>
        <baguetsLivestFeague>jonquilCoupons</baguetsLivestFeague>
      </preachy>
      <sciaridTimbrelAlgid jactura="96821440" bolagLensesBeshear="pwt">
        <talusTulwar>rimTweedyBogans</talusTulwar>
      </sciaridTimbrelAlgid>
      <cabiricIvyweedHoping popadam="zootyAbesseBarney">
        <bewpersBruitRedoxes>rickedFellers</bewpersBruitRedoxes>
      </cabiricIvyweedHoping>
      <pistilsDanaanPowny dusk="86" acyeticFining="damasWisely">
        <railmenToivel>seatang</railmenToivel>
      </pistilsDanaanPowny>
      <hagmenaEffendiOpiated stropheStop="givers" turbitsMosk="kathaLler">
        <coalas>datedlyPungarJeanne</coalas>
      </hagmenaEffendiOpiated>
    </kokuPachaImmunes>
    <fuzzes>
      <mirages>26780</mirages>
    </fuzzes>
    <systemsPsid>
      <siddhiSer>1075</siddhiSer>
      <tattle sepoyThrockForge="intower">
        <mtnChevretTurgite>akmite</mtnChevretTurgite>
      </tattle>
      <sudserUnrivetHeretic tatooSunbackBiting="auca">
        <kobanMagboteNongame>plewchTucumaLilly958</kobanMagboteNongame>
      </sudserUnrivetHeretic>
      <limanJomonMatey>
        <amnionsCymraegTrued>ocoteaBuenasTal</amnionsCymraegTrued>
      </limanJomonMatey>
      <aquiferNicklesMicht uncroptGeejeePalmin="klatch1">
        <biplaceBryonyMyriare>clamourHunterNavy</biplaceBryonyMyriare>
      </aquiferNicklesMicht>
      <cagnSparmCleaves dot="escaped">
        <seismal>rosular</seismal>
      </cagnSparmCleaves>
      <furanesOpticsDayanim chapmanFrauen="rokeageAddr">
        <keout>6737286</keout>
      </furanesOpticsDayanim>
      <tot>
        <qubbaCachetsAlmous>shehitaPiggleCreen</qubbaCachetsAlmous>
      </tot>
      <yerkingMinutesKialkee hebe="802713">
        <mulctNichil>mahewuCastesKiddier</mulctNichil>
      </yerkingMinutesKialkee>
    </systemsPsid>
    <ornithShinned>
      <strayed>durned</strayed>
      <gentryOcrea>
        <waapaArmary>uca</waapaArmary>
      </gentryOcrea>
      <hackingDrawboyProlog>
        <bescarfFuckerTrails>gladyBushy</bescarfFuckerTrails>
      </hackingDrawboyProlog>
      <fellageTuff>
        <bunyaFotchAnadesm>telia</bunyaFotchAnadesm>
      </fellageTuff>
      <bluestDisomicSawnie>
        <selt>outwishTickney6943</selt>
      </bluestDisomicSawnie>
      <balateEverard>
        <wrakerMombleIvy>besmear</wrakerMombleIvy>
      </balateEverard>
      <cissing huskerRegiftPaviors="92062279" lispedDirexShowily="deerImbrexMeaned87">
        <uncowed>starwGlintsKooks</uncowed>
      </cissing>
      <triedlyDemount>
        <provers>zingaraKinoosYaks</provers>
      </triedlyDemount>
    </ornithShinned>
    <wetLoadage>
      <negerEaves>teconStataryValidly</negerEaves>
      <sphecidNagual>
        <tipperHuddleDevota>gunselsAnsBeclasp</tipperHuddleDevota>
      </sphecidNagual>
      <pithPolaron bolivia="swaEnvierFrape" varingSlack="gossansBagani">
        <bonteeCenterIbadite>bikieSvelter</bonteeCenterIbadite>
      </pithPolaron>
      <eldressVeenaGybed bedumbsFrizzenFardel="67" mohrZealotIntruse="uloidSen">
        <warl>galeeScawMacon85</warl>
      </eldressVeenaGybed>
      <spurdogNookletSecess>
        <comiqueWillockRedely>bearers</comiqueWillockRedely>
      </spurdogNookletSecess>
      <bulkishDegommeAbs modicumRomanAget="12337291">
        <mishaps>918198908</mishaps>
      </bulkishDegommeAbs>
      <colunar>
        <peplosWowserAnimist>shabashAwaitsJow</peplosWowserAnimist>
      </colunar>
      <dalasisBacalaoPilotee griegeJellabTyrants="hairletRiotsRangier" shelleyCobolaCobble="venesia615">
        <ugricTintist>megohm</ugricTintist>
      </dalasisBacalaoPilotee>
      <rhabdom featsLinkmanNere="mongoesDidder" loeOarfish="excels73">
        <cuminyl>dinusBeeishFoliole</cuminyl>
      </rhabdom>
    </wetLoadage>
    <boyards>
      <unlostTraikedDivine>444153</unlostTraikedDivine>
    </boyards>
  </kameelJumpWongara>
  <funjeCoyanTwagger joker="assautUnself3203" caucho="tiltedFestoonApiator" eights="trilobeApoidea">
    <picketMantled insolLewisGeode="hajesAahedKathryn" prezoneHijinksHoarse="apologMayorManiacs2" upstate="yuanWivernRubiest">
      <shoalJavel>hotting</shoalJavel>
      <arneb>
        <happilyWhelkTwitchy>regnumTalents</happilyWhelkTwitchy>
      </arneb>
      <motePlays canMatieCurrant="32582" flainLiviersJumbles="dropper">
        <retareWoolen>merchet9977</retareWoolen>
      </motePlays>
      <drupel>
        <abvoltsStewpanBairnly>28921711</abvoltsStewpanBairnly>
      </drupel>
      <essiveLenaean pureyZithern="yeaningButeos" upswungDoolie="colinTanalaInhales">
        <daggle>maltaCayGallfly712</daggle>
      </essiveLenaean>
    </picketMantled>
    <athyriaAsearchHarle>
      <mudflowSnaste>2903860</mudflowSnaste>
      <tacomaUnsun sestole="koppies7">
        <defuzes>pacify7</defuzes>
      </tacomaUnsun>
    </athyriaAsearchHarle>
    <bawcock>
      <wormsBruins>primsie</wormsBruins>
    </bawcock>
    <prox>
      <caplessPicrol>tua822</caplessPicrol>
    </prox>
    <tragiaHoldout>
      <gubatDafla>dottily</gubatDafla>
    </tragiaHoldout>
  </funjeCoyanTwagger>
</trassSolemnTars>