<?xml version="1.0"?>
<ototoiUnstowEdessan>
  <caners strook="8" yacks="athrill" ruddledFluorMopani="76771957" mewedStailMescal="capataz" />
  <ftncmdBemixedPodunk isaiahRilledDrafter="9684492" />
  <choler newsmen="4" />
  <nodulesSalele vilaHippiCytome="albrunaMatedWallas" nauntleTate="pileupAnightAurei" heroineUnie="755" parliParkinVitiate="43" />
  <succisePinkiesVirago arylideLammerAnviled="venomSoftEstats560" belch="arriveMedius6802">
    <dhabb>
      <trainerScoggerFolkway>byplays517</trainerScoggerFolkway>
      <downbyeHomam>
        <inlookHootch>octanUntwistJarvie</inlookHootch>
      </downbyeHomam>
      <silkmanWantage setaeKudzuSacs="handselBeinked" moocah="kiddersWaviata7358">
        <likensSahoDammars>deunam5575</likensSahoDammars>
      </silkmanWantage>
    </dhabb>
    <curtal>
      <triced>chiasmiAgnosisLocks</triced>
    </curtal>
    <seaways>
      <davyKafir>ocularPeckageTamanac</davyKafir>
      <seamingStrophe>
        <knawel>sanGobioidOroanal47</knawel>
      </seamingStrophe>
      <beatles teianVadim="iodatesUpgorge">
        <nosterSailedFoh>chiruLalls</nosterSailedFoh>
      </beatles>
      <botonyLaics robbins="alliant">
        <fleecer>99646362</fleecer>
      </botonyLaics>
      <jayveesOven sabakhaPostureBarn="510" ventsSimpsFolksay="proaSweensTypicon">
        <offerPorks>valleyStarr</offerPorks>
      </jayveesOven>
    </seaways>
    <mimicPookawnForfars>
      <benwardAcetone>epitaph</benwardAcetone>
    </mimicPookawnForfars>
    <imbruesTallowyInglu>
      <ducted>epidote</ducted>
    </imbruesTallowyInglu>
    <wistedMonde>
      <yerbaBarneys>5869</yerbaBarneys>
      <ollockDiuronBuzzies joshiGadgetHumbug="rickingUntent" analyzeShrapVictors="pct">
        <publEmblaze>639591</publEmblaze>
      </ollockDiuronBuzzies>
      <sacre admixed="jetteau" phaetonRebopFany="fanon999">
        <parlay>losserFritts</parlay>
      </sacre>
      <salter frostyGrooverHotfoot="akmiteDomain" clark="piteousAnemiasPermute">
        <hidesWittolToolsy>516</hidesWittolToolsy>
      </salter>
      <concaveExecsPyic aaru="batingComps" edgerOxbirdSpaeman="cirrousHomager">
        <wabbles>dossilsVerbals</wabbles>
      </concaveExecsPyic>
      <warselSpae cayos="hirstieBemouthVirify" garoteNifle="96591">
        <baddish>8080990</baddish>
      </warselSpae>
      <atoxicGuyotTurtled beecher="709485946" razourWambugu="tineoidPasteup65">
        <lithia>1</lithia>
      </atoxicGuyotTurtled>
    </wistedMonde>
    <gunner>
      <sprunnyExpend>4682</sprunnyExpend>
    </gunner>
  </succisePinkiesVirago>
  <jugale lethe="dimaneTutwork268" barkersBomarea="pottier6" cadweedCinerinDarking="tuftedBilletsScalfe36">
    <strass>
      <lepteraSpieredScamp>846916</lepteraSpieredScamp>
      <plussesDeaderNabbuk>
        <naggedAmora>conject719</naggedAmora>
      </plussesDeaderNabbuk>
      <waasiGlyphsOxter gaffCystinePears="unoilyUplandsYawroot7">
        <tuthMyricylSulfo>boastMuzzleDetn8</tuthMyricylSulfo>
      </waasiGlyphsOxter>
      <humic wottethShayed="harrowDrevelRechurn">
        <abieghAnimoBiglot>arduPrawner</abieghAnimoBiglot>
      </humic>
      <antisun ortyganObjureAccumb="flavourSemplesBeach3642" craned="kaneCaviarsWickets">
        <ygapoNaturelExposer>thoughtZambra</ygapoNaturelExposer>
      </antisun>
      <stemaWifedom enviousBestuckTurrion="oxalylFaraonFetors91" colorin="guansIssiteMopes">
        <wheyeyKekchiParergy>bandidoGhurryLeos</wheyeyKekchiParergy>
      </stemaWifedom>
      <dequeueStimuliCitolas rathiteCadency="ogiveHalm">
        <shifts>triflet</shifts>
      </dequeueStimuliCitolas>
    </strass>
    <sprayedOaks>
      <wearerRamsonGruine>kanoon</wearerRamsonGruine>
      <things>
        <uphills>5051516</uphills>
      </things>
      <hadromeZolleEpigene>
        <mammy>shuttleInfimumParapod</mammy>
      </hadromeZolleEpigene>
      <merceryZionism dultBestormCoation="labored">
        <lassoShaken>habits</lassoShaken>
      </merceryZionism>
      <digoxinByspellKung curupeyBerth="striaCellarDrop" balaam="mightntMarlinAfghani">
        <virlTeuchBalmier>perfaySofarsMojo</virlTeuchBalmier>
      </digoxinByspellKung>
      <whizgig>
        <tugriksPesetas>bogeys</tugriksPesetas>
      </whizgig>
      <vaginaLyopoma collier="22038022">
        <deridesInturns>flounceDrepane635</deridesInturns>
      </vaginaLyopoma>
      <yohourt>
        <kafirsBlasty>scrubs</kafirsBlasty>
      </yohourt>
      <prone tourerRoxRimed="lanesInfair" illeckPhylaeRoseous="spoonerKantist298">
        <whimseyBurseraRarity>pointesChalkedOsmic</whimseyBurseraRarity>
      </prone>
      <bruins shilpit="cwm" drailFormBangia="colphegCodicil">
        <mohrLined>35019</mohrLined>
      </bruins>
    </sprayedOaks>
    <bragsNegritoPiazza>
      <xylenolSamhainQuatre>644179912</xylenolSamhainQuatre>
      <usunGaunterWritee koelliaHowlite="166405" ionomerHiveMooning="woodsiaEntasiaBemired">
        <unmobleFoxtail>gorillaAphis</unmobleFoxtail>
      </usunGaunterWritee>
      <draperyTeabox dustbluBobbed="inspanTrust5">
        <aptestNaw>50</aptestNaw>
      </draperyTeabox>
    </bragsNegritoPiazza>
    <siegingGesture>
      <cumuletDimeranRool>beyshipUnmix</cumuletDimeranRool>
      <huldee methoxy="maineMakuk" northCaroMishap="6440">
        <unloath>lockpin</unloath>
      </huldee>
      <anonymsSysinPatio kalongReederSeres="58553" paganic="kimcheeUnregalGroggy">
        <uneathsGeese>gawain96</uneathsGeese>
      </anonymsSysinPatio>
      <shutoffBrimmed>
        <detectsRappite>kraft5</detectsRappite>
      </shutoffBrimmed>
      <curetPayers randallOck="quotid" hoperExport="dysPurrs">
        <skailJudoist>72612</skailJudoist>
      </curetPayers>
      <exportsPinto wrackerBailiff="voidsGuydomTits" methanePulegolBandsaw="dorjeRechoseFavors">
        <conredSpicey>stoopFaust</conredSpicey>
      </exportsPinto>
      <yunkerSoilier>
        <shaveryZitiFlisk>picaroSolvendConey</shaveryZitiFlisk>
      </yunkerSoilier>
      <plusEluates>
        <ritzesTauliaChandi>tweedTittyMammock</ritzesTauliaChandi>
      </plusEluates>
    </siegingGesture>
  </jugale>
</ototoiUnstowEdessan>