<?xml version="1.0"?>
<sickbedCleped>
  <lienRagnarZar touterMackSnoga="viduage">
    <burning>
      <solumsPecketFallout>ordered</solumsPecketFallout>
    </burning>
    <madril qasidasCluesLodger="juletta" urges="tntSuomiWoldes">
      <pufftn>bianca</pufftn>
      <pattyManiocs>
        <salchowBoseyWinded>tooken</salchowBoseyWinded>
      </pattyManiocs>
    </madril>
    <rewires jessantTawneysRectus="shickerPellagePerdix" bottlesOmeningCubism="capocJohnnie">
      <marplot>hind</marplot>
    </rewires>
    <ferlieBangerSposh>
      <firSkurry>wrote</firSkurry>
    </ferlieBangerSposh>
    <borschtBatster>
      <pardedWouldntPlacit>shotesVisiveMismet</pardedWouldntPlacit>
      <flaggedBromiseAwol circ="rypeckJowls" geomalyRhexia="daresay">
        <snodlyNauseamKris>bergallLizzieAphacic</snodlyNauseamKris>
      </flaggedBromiseAwol>
      <hullockDeriderScrap silkingSheugh="83">
        <denuder>50558639</denuder>
      </hullockDeriderScrap>
      <juringCuck murrasRehem="mincesDetains" nectaryIcbmBini="628652152">
        <placus>dookit</placus>
      </juringCuck>
    </borschtBatster>
    <albarcoBhotiyaBetaxed>
      <taghlikPavo>nosselFeedingWordle</taghlikPavo>
      <outsiftGearedGravat cordage="yapsColuberDittied3111">
        <tweezesHuspilEvg>dispostCymbaThae</tweezesHuspilEvg>
      </outsiftGearedGravat>
      <bos urachal="binders3347" miniverSextant="prancerOutwaleDelater337">
        <cateredMarminkArnebia>82</cateredMarminkArnebia>
      </bos>
      <laymanJoukingAcritol>
        <soakingUnbegotLitui>helpingOolongs</soakingUnbegotLitui>
      </laymanJoukingAcritol>
      <labiteMineralUnstore brained="sibbens">
        <kneelsMelamedAgend>loftSerrai</kneelsMelamedAgend>
      </labiteMineralUnstore>
      <mexicalObeliacStaired weightyStudiumCuba="2">
        <contexStookedSpraint>barrelsHamfat</contexStookedSpraint>
      </mexicalObeliacStaired>
      <retund turcicLayed="anamite" silkineFocusBenton="shall">
        <tunis>109</tunis>
      </retund>
      <inermesStumAssigns carnel="falernSapors9">
        <apnoeal>spudderDunlinFaded</apnoeal>
      </inermesStumAssigns>
      <corbieSekarUsurper wokeWairsh="tubTawitePactum" lobbyKharaj="6836">
        <saguaro>orchilLimGuinde</saguaro>
      </corbieSekarUsurper>
    </albarcoBhotiyaBetaxed>
    <dama>
      <geelbekPygmeanCranic>canacee</geelbekPygmeanCranic>
      <turbot jowed="inteind" cepheid="discsBencherOtocyon">
        <flowe>schelmSisham</flowe>
      </turbot>
      <trashesDatakitCommie endrinJasmineBelotte="nanoidEvasiveBelove5485" forletCiter="eluate">
        <threadyCauses>amtmen</threadyCauses>
      </trashesDatakitCommie>
      <stopTextletBosn tabbiesTwangsKnitted="tanakaDaimonsVisited" tubalAmities="misbode">
        <waddiedEnduing>slutted38</waddiedEnduing>
      </stopTextletBosn>
      <reannexReigner>
        <meminna>72</meminna>
      </reannexReigner>
      <archspyMerinosBided vaivode="waybirdWhangsSyntomy">
        <dowery>sarifTortive3</dowery>
      </archspyMerinosBided>
      <seiche coheadPrioriSpiers="pickin">
        <pfx>escudoKitenge</pfx>
      </seiche>
      <belacedAsepsis pawkrieTachist="tiremenTownsMilks">
        <hurtleSclerRoripa>7246</hurtleSclerRoripa>
      </belacedAsepsis>
      <arains canthusMillieRubdown="mastoid" orlet="704">
        <tinlike>wintles</tinlike>
      </arains>
      <darksMuktukBlamer starklyChufa="deavingBingesRousted" nadJewbush="cusecs">
        <additurAlkydsUnlimb>5</additurAlkydsUnlimb>
      </darksMuktukBlamer>
    </dama>
    <margaFixure>
      <flyoff>983</flyoff>
      <storedLoofaLemming>
        <faucetBerapt>9</faucetBerapt>
      </storedLoofaLemming>
      <ruingOilcupsSquiffy cliency="adsorb347" oracy="recipeNpeelBangle">
        <paulusSubduct>soreeOregano3191</paulusSubduct>
      </ruingOilcupsSquiffy>
      <gabber>
        <saithAsync>554493240</saithAsync>
      </gabber>
      <vagileApinagePronic mpondoScrotalForesty="boordlyMuphridAndira3670">
        <froglegSillago>templeMofette</froglegSillago>
      </vagileApinagePronic>
      <nagaikaWalach>
        <snubbedCorvesOctofid>hydriadRepacks</snubbedCorvesOctofid>
      </nagaikaWalach>
      <asheryPifflesJuice>
        <catclaw>lycopusNonwarSnort</catclaw>
      </asheryPifflesJuice>
      <cenote winchFakeersAeons="plottedNeoramaCardon1">
        <inkbush>alkenesGleamsSpinula2869</inkbush>
      </cenote>
    </margaFixure>
    <roostyNagsNox>
      <playedShaktaForgie>6608041</playedShaktaForgie>
    </roostyNagsNox>
    <barsacDaters alleyTaffy="tongueyRatifiaLyssas608" anormalCursal="9900" smitterBergamo="beat">
      <gtdTarviaUpheap>anolianApolog26</gtdTarviaUpheap>
      <jubbahsSnum wannedSerais="893">
        <alchymyPangfulBauckie>cooping282</alchymyPangfulBauckie>
      </jubbahsSnum>
      <liseUmbrielMetates uhlloCooing="scalopsBonedog" eatenStomack="coifGrosse">
        <gimpingUnvowed>991</gimpingUnvowed>
      </liseUmbrielMetates>
      <crateRapilliDroob>
        <silkineFaucalsGusting>hyphens</silkineFaucalsGusting>
      </crateRapilliDroob>
      <endebtLumpyCarby mammerTurks="594023626">
        <atropa>venules</atropa>
      </endebtLumpyCarby>
      <feistsSubunit cruised="hogtiedWindoreCapax8" pshaw="vanfossSignerSyftn">
        <cymbal>doublesIsatins</cymbal>
      </feistsSubunit>
      <lambackBeltirTayra>
        <hagdon>djinny</hagdon>
      </lambackBeltirTayra>
      <bilboasAgrilus>
        <betakenGeld>19629</betakenGeld>
      </bilboasAgrilus>
      <batchesEpigean norahCaptorFirebug="1625">
        <sheathyNoetianDefoul>prorex</sheathyNoetianDefoul>
      </batchesEpigean>
      <mainlyOvonicWildern>
        <suci>squeamy</suci>
      </mainlyOvonicWildern>
    </barsacDaters>
    <cerates cytosin="endiveTid" prisingMensing="sowlthButling" semeia="dienesGlucina">
      <kiboshRammy>41923</kiboshRammy>
      <asperseSoroche>
        <deicerChandulHed>phyticDelateRachis</deicerChandulHed>
      </asperseSoroche>
      <fardage pulque="shivery866" douches="closhCrusadeUnlent">
        <moralerRedMoulin>refurl</moralerRedMoulin>
      </fardage>
      <rockishShiveyBoswell scrotalApepsy="elk" swaggyVexedly="comusTaurineFoully">
        <harkeeDefamed>1166528</harkeeDefamed>
      </rockishShiveyBoswell>
      <fagara weaserThins="mooressIndin">
        <proetteFlakily>falsaryEnteralTrooped</proetteFlakily>
      </fagara>
    </cerates>
  </lienRagnarZar>
  <garooBagoboAzimino wongenHapiton="guiltyTonnish" enuredNandow="primmerPitiersLynne5421" junky="50493" />
  <refsPararek nibung="dabsPuls" />
  <nistLentos taa="engravePedageBebay" mauristSegues="7">
    <talleroMortalDertra>
      <wieldy>merbabyChuter</wieldy>
      <athyrisConfix smokesMese="eurobinReplaneRhotic">
        <pietistGodfrey>billete</pietistGodfrey>
      </athyrisConfix>
      <despairLentilKamahi pitonRobot="7895" upwaysCagiest="mickeyLignumCarped">
        <morin>mopeierInfileTurkis</morin>
      </despairLentilKamahi>
      <wakemen>
        <degauss>razziaCubdom</degauss>
      </wakemen>
    </talleroMortalDertra>
    <romaneSabreGarlopa eugenolRiviereCarpe="eadAnilTzarism" katydidCample="44">
      <kifCrommelMammati>950</kifCrommelMammati>
      <bks dislip="51632">
        <glaukeQuizzed>harelipDoto</glaukeQuizzed>
      </bks>
      <profile djebelsTapist="penfoldFraxin">
        <pertest>6</pertest>
      </profile>
      <grist>
        <micherNatherEremite>sacro</micherNatherEremite>
      </grist>
    </romaneSabreGarlopa>
    <bae outwaveBrusker="1004993" dagabaTwale="beleap108" tappenTatBrasses="thenadDentinTayassu">
      <cesurae>ind</cesurae>
    </bae>
    <acremanMeeting>
      <thirams>9</thirams>
    </acremanMeeting>
    <riffleBursateWestme>
      <kulturBundles>vests</kulturBundles>
      <stied coifsAttila="zonulae358">
        <drawboyFigboyResene>baregesOrgoneDitcher</drawboyFigboyResene>
      </stied>
    </riffleBursateWestme>
    <bothers>
      <argandFeversOrlando>knawels</argandFeversOrlando>
    </bothers>
    <miteScarfDrch rushee="impelsUpswingAmidoxy" deifies="yowled" juntoBambuk="3504">
      <congaSourceOurn>satsuma</congaSourceOurn>
    </miteScarfDrch>
    <baltic>
      <gorbit>apollos</gorbit>
    </baltic>
    <vardaViqueenScania>
      <aphagiaCacaos>whelkedTrier</aphagiaCacaos>
    </vardaViqueenScania>
    <galleysChasma>
      <matineeFistuca>94181143</matineeFistuca>
      <potlike romp="clerisy8266">
        <betaskFaucal>unitageLatria</betaskFaucal>
      </potlike>
    </galleysChasma>
    <pavenHoled>
      <packratSeroSertion>spheres</packratSeroSertion>
      <mirdhaOxters>
        <defectDabbed>butanalGarava4220</defectDabbed>
      </mirdhaOxters>
      <peevish>
        <defocusBetutor>427312</defocusBetutor>
      </peevish>
      <dimpledForgatPenicil snafflePublClaim="luteal" aimaraCaseousBenzins="licuala">
        <naggerLoory>dartJalee</naggerLoory>
      </dimpledForgatPenicil>
      <agorotOctoon>
        <indigos>scroffSeggardGemote</indigos>
      </agorotOctoon>
    </pavenHoled>
    <gashes strikerMoreishEels="flexors" dactyliLinha="cornuKat19">
      <aerobeRuptive>cangues</aerobeRuptive>
    </gashes>
    <aura bowlessLitseaTsadik="stevelAbadejo" disgown="newshenLion">
      <knoit>chairer807</knoit>
    </aura>
  </nistLentos>
  <glandMammateOogonia />
  <featousPomes gauraIconicPetal="robertsPallall" fazed="oolakan">
    <thishowLeung emonyPercid="clintBlamer" mets="brayedJapishTortor" ladinoShekels="smackBarms">
      <fraistZeism>fumier</fraistZeism>
      <rockoon>
        <exudate>1075</exudate>
      </rockoon>
      <proteMagicBacklet cobbinVenomerSubbase="zootomy" lemosiUpspireSpoom="munjeetTenline">
        <echtSurerFoder>rebopChirmed</echtSurerFoder>
      </proteMagicBacklet>
      <desertPlusia causate="17" gooralsFixingsAslake="945162770">
        <luis>jalapaCiruses</luis>
      </desertPlusia>
      <wazir>
        <lindenAzine>34299245</lindenAzine>
      </wazir>
      <vaporVengeWamp aviates="adigheStupa">
        <wacks>sltPhilterDawn</wacks>
      </vaporVengeWamp>
      <pitmanTorsade>
        <godless>barmyCocket</godless>
      </pitmanTorsade>
      <capra jins="sechOleronCupular25" bromalCoffersForfalt="vineletAyinOlogy">
        <bekkoLyricsGordius>sacquesKatukaChurner</bekkoLyricsGordius>
      </capra>
      <infareLaertes turbotSloopsPoietic="bagwash603">
        <zagaieRevests>cessingHoarier</zagaieRevests>
      </infareLaertes>
    </thishowLeung>
    <hastedBootDebtee>
      <denat>nigoriDiphyes</denat>
      <bilbieDullsMerligo haikwan="4125" delimeSuslik="indamin">
        <yewsAbsolvePlacula>corrive</yewsAbsolvePlacula>
      </bilbieDullsMerligo>
      <tualatiSepium ecarteTawkin="dayman">
        <dammishLowser>buddiesRackers</dammishLowser>
      </tualatiSepium>
    </hastedBootDebtee>
    <tastyImmerge>
      <bauttaCatboat>1461</bauttaCatboat>
    </tastyImmerge>
    <streeHousage>
      <peltedAmbits>globousSubduedRailway</peltedAmbits>
      <upclimbMillrunSchone zambacSeminalAbacist="uses">
        <hickeysDuoviri>775627</hickeysDuoviri>
      </upclimbMillrunSchone>
      <lauraeColeusPatinas becherSignonSyncs="scrankyTabific">
        <cogon>cubicalQuiet</cogon>
      </lauraeColeusPatinas>
      <quallyStiltedDyeweed duopolyCarrom="encores8" epee="unslept">
        <vitrine>dzoBuskle</vitrine>
      </quallyStiltedDyeweed>
      <fords>
        <upwithRefines>sagwirePasquilHanna</upwithRefines>
      </fords>
      <petrel>
        <talpoid>2712267</talpoid>
      </petrel>
      <podding chewieFummle="graemeFlaxier">
        <appiusBallers>kelter</appiusBallers>
      </podding>
      <disroutPacing relictiViduinePianist="phonolDozesSpice47" macoma="twaySarodChalutz">
        <gufa>76573</gufa>
      </disroutPacing>
    </streeHousage>
    <messkit>
      <palisseHaboub>7</palisseHaboub>
      <sialid>
        <trigoneCorialGeejee>uncartGepeoo</trigoneCorialGeejee>
      </sialid>
      <nitpickOilmenUntwirl nailer="brigOxims2" stamnosBretPeeing="merkin">
        <educate>ammonalBulrush8</educate>
      </nitpickOilmenUntwirl>
      <beshlik seisDeaved="adveneTitoki" gainingTombaks="chinRefroidBrier7">
        <gey>dobroes353</gey>
      </beshlik>
      <khirkahNarrBilalo berendo="charletMoidore45" babasco="pourie627">
        <papismPlatansYetapa>hooping</papismPlatansYetapa>
      </khirkahNarrBilalo>
      <ningleUrningGrassy bicarbsSplNaik="rhinionSkaselyTheah" leachThrum="rebeccaRackfulOutbawl219">
        <buggerCyanus>158</buggerCyanus>
      </ningleUrningGrassy>
      <aminded abrookCubans="crabletTabis" tartanZephyry="frantic">
        <relaced>choya</relaced>
      </aminded>
      <pampaReekier>
        <heildMinnow>outrazeIpomea339</heildMinnow>
      </pampaReekier>
      <bywardCutline wresterBelike="gaucieLarksQuiblet9" bandhLoxing="98943071">
        <cainishWanrufe>azanWonMusit</cainishWanrufe>
      </bywardCutline>
    </messkit>
    <praxeanOrgicRurally>
      <alerterScalls>sorned</alerterScalls>
      <begnawnSalvageChinned>
        <beearn>inclaveHidingsEmagram</beearn>
      </begnawnSalvageChinned>
      <typesRebokeMuffish edifiesMismazeMusery="panicumWaxbill226" fretumRockish="getterTogateGrenade">
        <muddeDoormanPlumbs>agma87</muddeDoormanPlumbs>
      </typesRebokeMuffish>
      <horsySwelthCinnyl merfolk="retrudeMoormenBebaron">
        <prowedWifekin>rubrail</prowedWifekin>
      </horsySwelthCinnyl>
      <wortleKerry chrismMugwetScrime="sophistShacksBerber7483" dayingHareemRink="apneas">
        <pterianLegator>256</pterianLegator>
      </wortleKerry>
      <diodesRheidae>
        <noncesUnhumanMilvago>rajivWatts</noncesUnhumanMilvago>
      </diodesRheidae>
      <wezen severWarrior="flabra">
        <exciseUredium>59</exciseUredium>
      </wezen>
      <duoSamitiSuede>
        <mickery>solemn</mickery>
      </duoSamitiSuede>
      <pareilSimper chauferYelled="5810626">
        <unraspy>373</unraspy>
      </pareilSimper>
    </praxeanOrgicRurally>
    <unbusk>
      <ossaNotary>huloist</ossaNotary>
      <bikePata>
        <liturgyDgag>pinierAsians793</liturgyDgag>
      </bikePata>
      <jujubeUpfoldsSycones rother="allaschIve">
        <tests>alkalinInfante</tests>
      </jujubeUpfoldsSycones>
      <amuzeBoogerUmbril>
        <octodonWyson>39264</octodonWyson>
      </amuzeBoogerUmbril>
      <bais stouts="deckmanTestata" smelts="infestCoria">
        <panoram>mistureZenana</panoram>
      </bais>
      <trentBeaming>
        <odsoOhmic>3700381</odsoOhmic>
      </trentBeaming>
      <chitter sarcomaLinener="thetic">
        <meltsNeurite>abruptSolionsCautivo</meltsNeurite>
      </chitter>
      <marnix roupieIcacoAcate="choRamal" staplfSpicer="standi">
        <defiesFewmets>lyxose</defiesFewmets>
      </marnix>
      <drycoal>
        <haplomeDibrom>13266</haplomeDibrom>
      </drycoal>
    </unbusk>
    <butch>
      <solAgyrateVaidic>dielecKiddersKiluba</solAgyrateVaidic>
      <bonus glace="myrrhedDioxidsQuarmen31">
        <anodeAvocate>pegTombolo</anodeAvocate>
      </bonus>
      <collybaCoodle>
        <felon>tansey</felon>
      </collybaCoodle>
      <spenseHatable texasTucking="pogyUrimTeacart58">
        <sbirroUndoseGaumy>pissantFibbersResilia</sbirroUndoseGaumy>
      </spenseHatable>
      <roadwayBibliogNunlet maraeIguana="swarth" crores="ounce">
        <automan>ytterSecondsDecafid</automan>
      </roadwayBibliogNunlet>
      <inerm animalaSakiyehNeither="beluteActiveHeuchs" precast="sullowRevigor571">
        <eruditeUncubicHeatful>molmen</eruditeUncubicHeatful>
      </inerm>
      <jinneeSnuffer>
        <taste>becauseManses</taste>
      </jinneeSnuffer>
      <hectar>
        <allayer>layfolkJahvism</allayer>
      </hectar>
    </butch>
    <pulliGeez>
      <grateRenigReseed>kopecFalls311</grateRenigReseed>
    </pulliGeez>
    <diosmaResults circeOuroubComaker="oxalite" jennetsMetzeImer="grumpsCiters">
      <irked>chintSwarthsAtma</irked>
    </diosmaResults>
  </featousPomes>
  <awaiterStaboy hydrantDump="knobbly816" xiphiasWadmolsShouts="thomism" ridingParrelsSenile="spumier" pleurumRifty="chiselRhina">
    <antimanJubaBokos>
      <hagrode>zenickAbates</hagrode>
      <reemitsSnib>
        <laps>palpsCheapie</laps>
      </reemitsSnib>
      <pawnedJowlsNuisome whirry="815">
        <heist>gitternMonax</heist>
      </pawnedJowlsNuisome>
      <moquiOryssidWiner mremTillingCuprein="kaguraUkeleleMallear" dight="kodaguBucks">
        <apsidDaidlie>gunyangButoxyl</apsidDaidlie>
      </moquiOryssidWiner>
      <giselAwanBeatas trudgedToles="6" masaiHauberkUndines="angolaIsonymy">
        <flued>commark</flued>
      </giselAwanBeatas>
      <scumberFanglet mikronsPretry="7286">
        <alispTylose>thrumsBurkaSorbin</alispTylose>
      </scumberFanglet>
      <smarted mugwump="rustfulOrotund">
        <greekTrothBialate>driveBelgiumSauld</greekTrothBialate>
      </smarted>
      <medidii>
        <protypeWac>cimaRuman</protypeWac>
      </medidii>
      <undamnLycusSmeuth murrha="rougherFogies7" bendlet="scogieTallolMizzler">
        <mornayAshier>marchetNichil</mornayAshier>
      </undamnLycusSmeuth>
      <norse>
        <tenuresMolman>wooler</tenuresMolman>
      </norse>
    </antimanJubaBokos>
    <granumHeiredEntea hugo="concholQueues" prouderFinnsJessamy="catcher" greaseAmphibScomber="895643">
      <pleckAaa>nuttishEchardLucifer2394</pleckAaa>
    </granumHeiredEntea>
    <sinaite>
      <yuchCausey>tyddynLogjam</yuchCausey>
    </sinaite>
    <verbidZoistic>
      <miningRennet>ourselsMoulder</miningRennet>
    </verbidZoistic>
    <latvian oilmenCorbansImmound="budgie313">
      <streeksTibicenGypsied>ototomyMash</streeksTibicenGypsied>
    </latvian>
    <grampa>
      <sabella>216122</sabella>
    </grampa>
    <modili flambesSandboxUpheave="ramtilPoppy">
      <zayatQuarks>askerChalutzRepute</zayatQuarks>
      <fistle wryer="heheBalladeChuttie">
        <conor>399</conor>
      </fistle>
      <inradiiGoshLowlife>
        <zibethsFleeingSteenth>mutants</zibethsFleeingSteenth>
      </inradiiGoshLowlife>
      <goidel locatio="defoamsNeti" jellsTether="aburtonHabitan">
        <jailing>arguingJardonCaribal</jailing>
      </goidel>
      <sloganGalaxy>
        <updriedGradely>29543</updriedGradely>
      </sloganGalaxy>
      <winey betrapSlaviGabon="deniedBrayerCorcir81" threip="impetus">
        <locallyBurdPaddles>stopt</locallyBurdPaddles>
      </winey>
      <rehedgeGobangBenweed runchMinding="dorcasMires62">
        <disknow>palealSyncsSwisher</disknow>
      </rehedgeGobangBenweed>
    </modili>
    <amperes>
      <toutersTenoursNeddies>1464</toutersTenoursNeddies>
      <tamandu dropax="60042" hoof="333422">
        <nomic>caunusPhyticAstert</nomic>
      </tamandu>
    </amperes>
    <airsome>
      <purpieMissiveOuverte>95378080</purpieMissiveOuverte>
      <sharedPiceaRepump coalbinKethibHostel="gervais">
        <gleanedCeriphs>glyoxim6347</gleanedCeriphs>
      </sharedPiceaRepump>
      <skeelyBozo unheedBubbies="cackles" haras="cadgyChatot">
        <semilogTuboid>appealsBeltaneCoalas</semilogTuboid>
      </skeelyBozo>
      <kerriesUnleft fangasDrawingBoodle="spitkid150" jougsResGroomer="rhilaLamiger">
        <bumblePibgornBirlers>ppr</bumblePibgornBirlers>
      </kerriesUnleft>
      <onsetTubeletTaus sazeracWaxbushFoaming="89431428" sulfurs="mistle1">
        <cypriotTilmus>flipe</cypriotTilmus>
      </onsetTubeletTaus>
      <stealy>
        <sapient>gabbaiNobatchLouden</sapient>
      </stealy>
      <brockHomeoid corpsesDogearTanist="780497">
        <granite>klutzesSimmon</granite>
      </brockHomeoid>
      <nachasProbitUpshots wayment="27" weeweeBonfire="ashesScrubsArtiad">
        <myotics>meriterIctusOctroi</myotics>
      </nachasProbitUpshots>
      <viewyFaintedRelator hefting="kerasin">
        <pythia>367976</pythia>
      </viewyFaintedRelator>
      <pettedCesspitBagworm aminateCalcompMussick="gaolAngekok" logwayFenced="5">
        <tombed>wimbrelDibromVolva</tombed>
      </pettedCesspitBagworm>
    </airsome>
    <zemeCamiasCocoas>
      <hospiceOranger>flus</hospiceOranger>
    </zemeCamiasCocoas>
    <groughKaitaka feckTappitHovenia="osone" unsnugPrecopy="grouseNumpBumf859" priamOnionTis="erkeGiantly">
      <effulge>remailsGloamTortays</effulge>
    </groughKaitaka>
    <tediumHermitScyphus unrollsIxilDeve="equipedLeglessLindy" byardSheilaDemaree="ajaja" eggcupsBashkirWhish="halely">
      <exurge>imperDented</exurge>
    </tediumHermitScyphus>
  </awaiterStaboy>
  <spicasMissendThierry vocJucunaIntext="onwardsFeazesDefames" sweath="misjoinRathiteRenigs" />
  <ethnalTwirlZonally backupImonium="eyeholeTwanaCamaron75" imprasaLunnJazzist="hulkily" kidder="hokedCordeauBumbard" duxes="97">
    <scionFormlyPrepave cestasLardsFudge="silicasJerkilyDjins">
      <voidingRaun>caphStatues</voidingRaun>
    </scionFormlyPrepave>
    <hottingAnubing teacartCobcab="tryp9578" parkasEmigateKindly="coaxyLarked" mamie="fanteegBleatSneaky">
      <bahayEdestin>poster</bahayEdestin>
    </hottingAnubing>
    <flicksUnmoldy malletsRhodicMuddish="bummers" fazedUveitis="alfin4" occamyKahawaiZygon="bookerySkiingsCaulome">
      <votishMollahs>8305086</votishMollahs>
    </flicksUnmoldy>
    <unlimb>
      <cacciaHyadesScutum>azine</cacciaHyadesScutum>
    </unlimb>
  </ethnalTwirlZonally>
</sickbedCleped>