<?xml version="1.0"?>
<amolishUnmete>
  <rheum inhibitDieCoreign="4023090" ukases="grataePolemicPloima" koryakArchwayIonizer="uraliteKuan" />
  <fendsNittier sesamesPredy="vitals" />
  <croniedOctadic quohogFitchee="ionisedSociolDette" glairsHylidae="gubbins" tropicsDuelist="3" rebank="nastierSubjack">
    <eked>
      <dement>leumaChrysidTallowy</dement>
    </eked>
    <diodonSubmain>
      <vedetSwards>gowdSimaHoopmen</vedetSwards>
      <bucketSipid tubbyDuds="soorah">
        <enabledInanestSamekh>myeloic4836</enabledInanestSamekh>
      </bucketSipid>
    </diodonSubmain>
    <coccidMomisms mousery="ratwaSaccosKnots" bankersAufgabe="hirselsRamping7" firmly="onyxKosimo">
      <mensaWorsted>gphAsianicBattled</mensaWorsted>
    </coccidMomisms>
    <deadyTarbush ebbedNasat="2" alderFuckerMisuse="tiningBingAnd" amaistLester="440">
      <strokesDoitedMort>30207520</strokesDoitedMort>
      <oviparaInshoeSinker>
        <incher>hackeeTrigla917</incher>
      </oviparaInshoeSinker>
      <prepend aneuria="nonplusCaird">
        <trouvreKaitakaLentils>camayJetware</trouvreKaitakaLentils>
      </prepend>
    </deadyTarbush>
    <accrued>
      <mellita>ripingDecilRetrim</mellita>
    </accrued>
    <puppily talersGetsKerewa="godsonBeala">
      <tieboyLoopier>21</tieboyLoopier>
    </puppily>
    <pholad eddoesBuceros="pazareeSeineRynd" hami="nawleTulsi">
      <importsKnavess>6931</importsKnavess>
    </pholad>
    <abarisFrument musselUpwaftsCooba="8" toolmanWraf="lapsiKristenCoala" linacsPranged="trundleYangtaoDelouse1908">
      <bottier>neckfulVamosedSalol309</bottier>
      <dustbluBruchus>
        <dyslogyBriared>76199983</dyslogyBriared>
      </dustbluBruchus>
      <urushicResewn hure="likeHogback" debindRoband="erinStyler">
        <scopusSegos>6332923</scopusSegos>
      </urushicResewn>
      <fordoneFunkias>
        <tarDannerScaffle>gallootFerbam237</tarDannerScaffle>
      </fordoneFunkias>
      <slokaBlirt pawnieMaxixes="28">
        <dawt>icons</dawt>
      </slokaBlirt>
      <shlep>
        <befume>bukat285</befume>
      </shlep>
      <purryWeedyGreatly exploitUntough="anthdia">
        <elleck>sotnikThrutchGeikia195</elleck>
      </purryWeedyGreatly>
      <muangBilby prissesTriodesRookus="loftsNotan">
        <litchisRapierSoprano>uneatenLecherPhalli</litchisRapierSoprano>
      </muangBilby>
    </abarisFrument>
    <azoniumWellishTeinds>
      <insteamNafMelvie>caslonWaive</insteamNafMelvie>
      <triode settlerChallas="6">
        <nabakHuicJinni>pargesUngTecuma</nabakHuicJinni>
      </triode>
      <affixFindyRoosing veilHut="mandaic" genesAinhumEparchs="truddoBiontsTinwald">
        <rauriciStonifyDessil>aughtsVorant</rauriciStonifyDessil>
      </affixFindyRoosing>
      <unkend>
        <manorsEnlink>furlessHedge</manorsEnlink>
      </unkend>
      <morasKibe>
        <lugnas>18</lugnas>
      </morasKibe>
      <kronurOkta>
        <dhuti>tearyMuscotRompers</dhuti>
      </kronurOkta>
      <limmata>
        <housalTurneyFaverel>capite</housalTurneyFaverel>
      </limmata>
    </azoniumWellishTeinds>
    <demoid>
      <stanleyDesk>80002</stanleyDesk>
    </demoid>
  </croniedOctadic>
  <elizaUptilt pokersPickyUnworth="rineBlanchi" />
  <kopecksRattusNides />
  <fanciesIncrestWhereat />
  <ness smokeryMaculed="oraison">
    <limuIodize>
      <ingestaDaylilyVaw>879895983</ingestaDaylilyVaw>
      <puttooDee urinous="terror">
        <miraclePunkinsOsmetic>huedHansesHardim</miraclePunkinsOsmetic>
      </puttooDee>
      <useholdSkatols zubr="sallyRubefyBitte3952" servoedGazedFittit="wafterToletan5346">
        <shaigia>siteSpathal</shaigia>
      </useholdSkatols>
      <fircaPity adynamy="gaedown">
        <visaing>5</visaing>
      </fircaPity>
    </limuIodize>
    <culmingUdderedLatrial>
      <saltateAntonio>karayaArgolid</saltateAntonio>
    </culmingUdderedLatrial>
    <stomp>
      <amreetaPolianHallock>autoistTabbied883</amreetaPolianHallock>
    </stomp>
  </ness>
  <cardolGlucide />
</amolishUnmete>