<?xml version="1.0"?>
<marineTews>
  <dysuriaDadoedFerns wilderCintre="fivish7" killowApace="allegerClartCatchy" />
  <cauma cycasin="jackiesChiliesSyphon7" tinhornInspake="zoccoDjins9" />
  <ulpanimSalband utahite="preterApronsPrunell" missus="inuloid" scopineChevvy="sley">
    <keblahsAlnilamWeekly>
      <muchlySoony>330196928</muchlySoony>
      <isntSlims inkenPolkaHainch="councilSkirled3">
        <pilcrow>88614</pilcrow>
      </isntSlims>
      <atoll>
        <gruppoUnswingBilge>miaousSanit</gruppoUnswingBilge>
      </atoll>
      <spouseZeuzeraAmido>
        <boxyHaziest>wasangoAdmired</boxyHaziest>
      </spouseZeuzeraAmido>
      <opt hikersConcede="414800165">
        <scorpio>61554</scorpio>
      </opt>
      <kittlyMalayicStrata clepeBullism="junkets" bsfIodidesBehaved="1012">
        <bemoatIodideClocked>pawnCohog</bemoatIodideClocked>
      </kittlyMalayicStrata>
      <meinyFinger replier="indeedAcholic" bendellLairdsAmbo="scirrhiShumacPhloeum">
        <halfa>rooksChidedOwnable</halfa>
      </meinyFinger>
      <defeit siecleShumalSambas="ruttier" kokiaDweltRejourn="shoorTobFollow">
        <umpiredDintSedilia>3920683</umpiredDintSedilia>
      </defeit>
      <ipocrasWhinger hogtieFreyjaIcterus="hears" prunedAlthaea="swedge9112">
        <doulce>graham</doulce>
      </ipocrasWhinger>
    </keblahsAlnilamWeekly>
    <halfaFarces>
      <twiddly>crimineArtistsFiling</twiddly>
    </halfaFarces>
    <gazefulOdyls>
      <evalueMirdhaNonfood>738920</evalueMirdhaNonfood>
    </gazefulOdyls>
    <deviletFlorulaNosing noonPallia="kreatic">
      <root>incantSuableManege</root>
    </deviletFlorulaNosing>
    <galyaksFerretsOnerous>
      <hawkerSomali>coryza</hawkerSomali>
      <fluedSnorts gambols="besitDraysCrags" fossick="restain">
        <moduliTinniWede>unpiledVaranPiking</moduliTinniWede>
      </fluedSnorts>
      <hexoneWinceHaik marli="agendumCativoPlasome1686">
        <purvoeTurnip>566193</purvoeTurnip>
      </hexoneWinceHaik>
      <upbearsCelt>
        <pitirriLierreTache>hejaziVetusNace</pitirriLierreTache>
      </upbearsCelt>
      <moundLackeysOwerby pendulePutelee="trollop" milrindFohClarina="kanDearer">
        <loosish>shahsEpical</loosish>
      </moundLackeysOwerby>
      <mtn enhalosTublet="fissuryHake5">
        <patmianBaldwinSaices>snoopedPickBrum</patmianBaldwinSaices>
      </mtn>
    </galyaksFerretsOnerous>
    <avestan hexactUnlocalJeetee="agars" puddle="critism">
      <jasminsBauxite>bacis</jasminsBauxite>
    </avestan>
    <wrossle camsUnpurseIntwist="fice" otateLessenFunk="23466" laiusHangee="2816887">
      <trochidNawiesGrilly>ismailiSibylsNayarit</trochidNawiesGrilly>
    </wrossle>
  </ulpanimSalband>
</marineTews>