<?xml version="1.0"?>
<bharal>
  <sikarMyomasAnethum>
    <kahar>
      <nonsaneIsospin>calinaLords</nonsaneIsospin>
      <veadarNiveauCebine hulloas="halerzPindersCeriman">
        <absalom>kneadGenie</absalom>
      </veadarNiveauCebine>
      <reichOuthits axweed="workfulProtons" privity="upwhir">
        <milla>moleSlaumPurset</milla>
      </reichOuthits>
      <hamoseCocuisaKebbies pencilDextral="nitriotIricismFuchsia868">
        <surdReeper>assartMeatilyDharana</surdReeper>
      </hamoseCocuisaKebbies>
      <shrivedTalaingIsiacal curiosaTwiggerProthyl="78">
        <ohioanUneyed>brastPindy</ohioanUneyed>
      </shrivedTalaingIsiacal>
      <renoneXyrid>
        <warmsUbiquit>31122166</warmsUbiquit>
      </renoneXyrid>
    </kahar>
    <boulimyAddibleSpirlie>
      <lenten>durable</lenten>
      <perkedIodoxy burschDarnedWealds="cellaeYapockAkhyana8118" peladeGuanize="totersCetonia">
        <disobey>obsceneTenace</disobey>
      </perkedIodoxy>
      <mowburnSystoleJodhpur>
        <adipousCedrol>marcsMoudRasher2</adipousCedrol>
      </mowburnSystoleJodhpur>
      <cushatTotquotCowy malapi="88" stoasTaskingAxtree="kopjeRusRookish9747">
        <digamy>8</digamy>
      </cushatTotquotCowy>
    </boulimyAddibleSpirlie>
    <shraddMarted cubiclySmartYeom="dlvy" tedder="2576">
      <colonsNumeralCoated>poacherBafflerMaharao</colonsNumeralCoated>
      <legionsJumpingSvan taxemesLeonard="550">
        <till>richFlotsenBezetta</till>
      </legionsJumpingSvan>
      <crwdOozierClank copihue="unkemptForks">
        <adoboCabuja>cageyDills</adoboCabuja>
      </crwdOozierClank>
      <lynchetOarium scove="haymows" equantDudsSpudder="escoutYawlsIntreat">
        <charted>apogenyGuys</charted>
      </lynchetOarium>
      <micheryTracing pawnerMonadic="cacaoJulia8696" ranalRebelly="unwrung">
        <pickaxInlaysCrwd>unguledApposeTamaroa</pickaxInlaysCrwd>
      </micheryTracing>
      <karakaRulesPerine karstic="368935075">
        <central>solaceServalRathest</central>
      </karakaRulesPerine>
      <frutageUnguardTeathe parishWinkelHeruli="slightyRugsRakily102">
        <lefties>kenyanSkrikeQuitely</lefties>
      </frutageUnguardTeathe>
    </shraddMarted>
    <teledus>
      <qintarLeporisLevyne>farting</qintarLeporisLevyne>
      <parve praus="jahHaltingGirr">
        <helm>84112673</helm>
      </parve>
      <hornish>
        <fumersUnfineAgers>clonos</fumersUnfineAgers>
      </hornish>
      <bezzleRepour chunkyGalyakBudh="hypoid">
        <ovoidHinoidSkieppe>geon</ovoidHinoidSkieppe>
      </bezzleRepour>
      <lashersBatikedSubtray>
        <plasminSteps>cheviseAjugaLento7002</plasminSteps>
      </lashersBatikedSubtray>
      <shinsGaudy>
        <odyl>pavisScudder</odyl>
      </shinsGaudy>
    </teledus>
    <slusher>
      <ripcordSkellum>anergicGoosedUnsews82</ripcordSkellum>
    </slusher>
    <liaisonWhorage>
      <hoursReflownRappage>cottons</hoursReflownRappage>
      <hemmelWillerSlavdom>
        <matraceSpinae>latinosHugonisFollow</matraceSpinae>
      </hemmelWillerSlavdom>
      <humoral>
        <lugsailWenchedRubific>cabbagyTelium</lugsailWenchedRubific>
      </humoral>
      <succubeFarcing gordonEvert="956996227" leavenKimbang="rumpadeWaubeenBlisses86">
        <parityBlazonsAirward>wrackedEnamHaunted</parityBlazonsAirward>
      </succubeFarcing>
      <bonsaiXmasTriton songleParsersDefile="learntAcrawlSpeans">
        <wiseguyOnyPorite>546718</wiseguyOnyPorite>
      </bonsaiXmasTriton>
      <faciasColeus septanHissedEpihyal="mesostTetardPopdock">
        <bessesOratory>59682295</bessesOratory>
      </faciasColeus>
      <citric>
        <weanedNapa>ouselManyema</weanedNapa>
      </citric>
      <sulpho>
        <balanidInertia>539568569</balanidInertia>
      </sulpho>
    </liaisonWhorage>
    <outpourBouncerStolae weewowCrept="paulinUrediumEnwombs">
      <retailStudies>toxineFlutter6680</retailStudies>
    </outpourBouncerStolae>
    <frasier>
      <curlike>nosegayEncadreQuinnat</curlike>
      <finaleParcher tronkCorinna="toyersSnoolAcold">
        <zoarialArabicRental>liaised</zoarialArabicRental>
      </finaleParcher>
      <busses dimitry="mingle" petraryBennesHibito="dreeIndriOuteat3">
        <insKites>93</insKites>
      </busses>
      <shelver savorly="93027072">
        <versesHaiku>potchBicyclo</versesHaiku>
      </shelver>
    </frasier>
  </sikarMyomasAnethum>
  <shabAsk pavlovDecapod="italiot">
    <fieldieUntough diverseKondo="skiddyVendue" papistsUntired="5711440" faailkPwca="tuparaShrilly">
      <alvelos>visingCallum</alvelos>
      <essoinsFornix vagileEchimys="67212379" cuminalLinens="3159">
        <imband>9229</imband>
      </essoinsFornix>
      <mag gnattyBalian="ampoule" gedrite="binousChevage">
        <cineole>shishPokomo30</cineole>
      </mag>
      <obeyeoSixties dhoonDogesLumper="348627991">
        <mammoniSedansDaresay>warisonRemelt</mammoniSedansDaresay>
      </obeyeoSixties>
      <tuftsFlubs strialReneg="jestersSeegeChokra">
        <logoutHunts>moweDimple42</logoutHunts>
      </tuftsFlubs>
      <somdel>
        <arbitry>chiotCreaserEmbolo</arbitry>
      </somdel>
    </fieldieUntough>
    <abiotic>
      <holksEntomolAll>anita</holksEntomolAll>
    </abiotic>
    <standerChymicTransit>
      <yercumHakoFunnels>tewit</yercumHakoFunnels>
      <crenae>
        <toozoo>364914</toozoo>
      </crenae>
      <baldingEboniseHavance capote="bismerJawlikeQuaichs13" musarFloors="halalahBerimeDian">
        <evequeBetided>5863</evequeBetided>
      </baldingEboniseHavance>
      <tiffingCaseine>
        <deary>peining</deary>
      </tiffingCaseine>
      <ecad whered="filagoRotatorTipsy29" semesPenniaPimpish="probers">
        <gauBiggen>flybysNoctuleWarship</gauBiggen>
      </ecad>
      <rindsOpsonicBegar>
        <showmenPhytaseKoban>ribble</showmenPhytaseKoban>
      </rindsOpsonicBegar>
      <maihemsKeesterCipolin hirmosDistome="gammyKoomkieRedely">
        <twelve>omissusFugToriest</twelve>
      </maihemsKeesterCipolin>
      <garringShoogle neozoicAchangoPorks="1166965">
        <tsurugiCeviche>interMigrant2</tsurugiCeviche>
      </garringShoogle>
    </standerChymicTransit>
    <lucknowSaveryToppler>
      <cymarsKoppie>versionTimothy</cymarsKoppie>
      <kookRosetanBroadax sollerQualmyAnounou="inhaulWansome" epochRebrew="9586">
        <guigne>86</guigne>
      </kookRosetanBroadax>
      <malambo cevianSoppierUncord="hobbleTinnily6193">
        <fibrousVorpalUntwind>toriWacoBumpier93</fibrousVorpalUntwind>
      </malambo>
      <pechedTactive mutismPulingEspanol="netwiseUgali" apertlyArchlyDeveins="adonicMenhirBefile">
        <divataUptwistYore>gantaUsagerBurst</divataUptwistYore>
      </pechedTactive>
      <gader>
        <bustPhoningPotion>ascelliDardan</bustPhoningPotion>
      </gader>
      <stares>
        <poneSagger>6867</poneSagger>
      </stares>
      <sweepPicoJavel agarwalWirersJorden="jokesSubet" dopy="437">
        <ridgedPrebend>2</ridgedPrebend>
      </sweepPicoJavel>
      <inseams odorOnagers="lioniseStrent">
        <winkedOsierMmfd>keckyStaledFantail</winkedOsierMmfd>
      </inseams>
      <deflectYawp>
        <warehouLuniesZymite>wid</warehouLuniesZymite>
      </deflectYawp>
    </lucknowSaveryToppler>
    <sundikSae discordCreda="komati" juicersCludder="abcEpocha" scrieveAlazorNamban="codilla">
      <tukeOphidia>provingYeomTchi9861</tukeOphidia>
      <ilionSliddenApeman>
        <duellosCucumis>judosSitchCauls</duellosCucumis>
      </ilionSliddenApeman>
      <aimsHeistHalm feedingRomance="abacayFlunker">
        <unkinkGesterNaology>unstonyVideturBurman</unkinkGesterNaology>
      </aimsHeistHalm>
      <stomateUnwipedSlodge scentedCleomes="reins" porgeGrainsDrassid="antedon">
        <choiseFlanchPsycho>91880</choiseFlanchPsycho>
      </stomateUnwipedSlodge>
      <ecdysisHomily moolveeHurstSerins="lingetDyad" cultistSievedProtype="keenlyDisroof531">
        <jejunaGyvedHee>aenachSimmersOozes</jejunaGyvedHee>
      </ecdysisHomily>
      <boller>
        <shovingBeansBoxings>ibexesLucernSunroof</shovingBeansBoxings>
      </boller>
      <notsHonorerMorvin>
        <gaboon>1404</gaboon>
      </notsHonorerMorvin>
    </sundikSae>
    <hagdin>
      <cuttySwathsShale>dobrao</cuttySwathsShale>
      <cracksNonegosPaiche>
        <lunel>glioma</lunel>
      </cracksNonegosPaiche>
      <benzol unhelmsMeshed="zygotePrangBishari17" sinopleSleyer="957">
        <altezzaEmlenVealy>etang8900</altezzaEmlenVealy>
      </benzol>
      <greenukScrankMitier>
        <fierceCuffedFinely>peeriesBuchiteRotse</fierceCuffedFinely>
      </greenukScrankMitier>
      <duftiteScumsTrapt britskaVejoces="5">
        <piercesSad>framedZygnemaCrozing</piercesSad>
      </duftiteScumsTrapt>
      <hobbianCanoingPlaids galyaksKnew="610167740">
        <enemiesGlazenYatagan>6312</enemiesGlazenYatagan>
      </hobbianCanoingPlaids>
      <bamahLolly>
        <simsimHarmins>mopyGondang</simsimHarmins>
      </bamahLolly>
      <maartenNumine>
        <uchean>fennels</uchean>
      </maartenNumine>
      <awdFumesWaif chapDensify="senatesOutaskGirnal">
        <azotise>angles</azotise>
      </awdFumesWaif>
      <gesten amirayReptantMantes="1" cawed="17">
        <oeciSprew>sunback</oeciSprew>
      </gesten>
    </hagdin>
    <spiritsNippled>
      <gharrisSaberedLevant>cairned</gharrisSaberedLevant>
    </spiritsNippled>
    <unnoisyTaissle>
      <vitrain>meedsFrokinLooky9</vitrain>
      <yogurts lutaoCag="pistia">
        <hostess>681670989</hostess>
      </yogurts>
      <dirigeSloungeHoppy>
        <bannockPilBedford>8384057</bannockPilBedford>
      </dirigeSloungeHoppy>
      <shilf>
        <hyblanParkerLogwise>apogealBossboyTaboos</hyblanParkerLogwise>
      </shilf>
      <inlandsRonald>
        <woolledDkgSenesce>3342</woolledDkgSenesce>
      </inlandsRonald>
      <intilMaconne sardar="70905537">
        <aristoHonkeysGourmet>rialsSisham</aristoHonkeysGourmet>
      </intilMaconne>
      <redelayBurrock>
        <amilounPimplo>31136</amilounPimplo>
      </redelayBurrock>
      <jurymanPalmier encashWingmenDammar="chaiseIcierMerops">
        <whishtsCwoEncl>bemoltDithiol</whishtsCwoEncl>
      </jurymanPalmier>
      <dozedGustfulChewers crabberTaborin="siltedAmmonal" birling="pulingYowled">
        <abollaeBluecap>impingNiueGrips924</abollaeBluecap>
      </dozedGustfulChewers>
    </unnoisyTaissle>
    <mixeUncase metrosBarfs="thongedZestfulSalad" deprintUvidFatling="mockupTuteleEsprove" divas="chesserDark">
      <audadsWarming>250487</audadsWarming>
    </mixeUncase>
  </shabAsk>
  <perked bruzzSnappy="glumpRampireAgeism" emmArustle="soloing" tigrishVirgulaPilage="scaridGadded">
    <pavoniaTwirly matin="incorr" jaggingHematal="15694">
      <unthornGonShikar>slapeFrdenParrs</unthornGonShikar>
      <ectalGabby formyIrrate="annottoHaemony" cosinesAdarGesso="friarlyLochan">
        <impies>teazelBunyah6</impies>
      </ectalGabby>
      <martele>
        <villus>412709</villus>
      </martele>
      <zizania prowlerGainor="jabersTernion" opianylProser="kormaCarses">
        <shannonMusketZeugmas>agnoeteGummata</shannonMusketZeugmas>
      </zizania>
      <imbaubaFrateryPurge>
        <percipiDinting>roster</percipiDinting>
      </imbaubaFrateryPurge>
      <ocyroePaas amangOutsoleDespect="187011">
        <thaveChiuleMenage>gallify</thaveChiuleMenage>
      </ocyroePaas>
      <decreeZebrasWrench chenarSaumon="642933" noveneYuckel="7596">
        <bepity>introd</bepity>
      </decreeZebrasWrench>
      <nein>
        <sephiraLodgingScopus>suedingFridila</sephiraLodgingScopus>
      </nein>
    </pavoniaTwirly>
    <rhagoseBehornScegger>
      <breakerRessort>encageHaylageDeavely</breakerRessort>
      <sect gulaNexal="lovelyMidlegs1">
        <hackers>langued677</hackers>
      </sect>
      <toskPalew rosingSagiestBowlful="horahSyphonsArty">
        <lecheaSpillet>djeribHobnobs147</lecheaSpillet>
      </toskPalew>
      <spewing chyme="citralAramid" quintesVilayet="galumph">
        <hates>hidage10</hates>
      </spewing>
      <gorkun brashesFallen="seizure9" tenantsCorbe="addictPatiseBasion">
        <smith>germuleMaileTaraph</smith>
      </gorkun>
      <papain acuteCrcao="brujasChiopinAjivas438">
        <roslandMenisonSalele>colleyOles</roslandMenisonSalele>
      </papain>
      <kittarKhilat petasusGrampaExeat="remitsHallingSoccers" hentedTotyman="choreiTennist">
        <uncoilRixySteered>sleyed</uncoilRixySteered>
      </kittarKhilat>
      <bawdilyOoecialPuttoo smalter="givingSairve" pelage="bangosFablingPlucky">
        <scraped>eupepsyAbomasiHists</scraped>
      </bawdilyOoecialPuttoo>
      <ungumOudsJurats reicing="860771132">
        <piloted>ibadUnfurlGlaire</piloted>
      </ungumOudsJurats>
    </rhagoseBehornScegger>
    <unhedge hadedBedelsSuine="trocars" skintleCrappedSickbed="24" okonite="boonk245">
      <alfur>stonkerRumal</alfur>
      <penangs masserSextaryCharka="6" dhurnasTripoli="nastier7649">
        <tombs>embogSlepezErenow</tombs>
      </penangs>
    </unhedge>
    <spahisDimoricFoetal seismolJowlierBrigand="inheldeReoilChaotic5" elevatoHannaVirago="dotterHeraldRework1">
      <outlastGouter>quabird</outlastGouter>
    </spahisDimoricFoetal>
    <qintarGomlahTreads>
      <sauchsEmesesBoultel>hammierPunting</sauchsEmesesBoultel>
      <teaty shogi="shortenComBimana" mottled="aramus586">
        <aurorae>formylsShadierBehang</aurorae>
      </teaty>
      <headersSeshat oxlipUpsit="748630222">
        <ambuliaMuskegStaging>presumeKelsonsYodles</ambuliaMuskegStaging>
      </headersSeshat>
      <overwayExpurge>
        <turnelTrouv>549837</turnelTrouv>
      </overwayExpurge>
      <englandFrame>
        <warringDyesterBromous>shough</warringDyesterBromous>
      </englandFrame>
      <revalueHarmingGitksan>
        <tubemenCalaburLower>abatuaClouee</tubemenCalaburLower>
      </revalueHarmingGitksan>
    </qintarGomlahTreads>
    <nodded>
      <autocueVixens>620</autocueVixens>
      <eskuara larix="atterInswamp">
        <binodeBreachyCabrito>887</binodeBreachyCabrito>
      </eskuara>
      <foxeryReshapeDecast undineShesha="redrawsEmaneScaler">
        <heft>262604271</heft>
      </foxeryReshapeDecast>
      <viznomy>
        <alwayClicketFracas>bod9620</alwayClicketFracas>
      </viznomy>
      <synnemaQurush changesAnura="raisine9960" wallsBazoo="kininHonesOddside">
        <novityAndricLangret>50090888</novityAndricLangret>
      </synnemaQurush>
      <tractPayee bugeye="lotosUndark">
        <cyclase>elodea</cyclase>
      </tractPayee>
      <giltyNoncash prankySakaiDots="panicPipeageMenise">
        <mangiCatechuFucoses>tulnicEnderSolvend2</mangiCatechuFucoses>
      </giltyNoncash>
      <scaeanAmdt>
        <luciteEconomyJuniors>percussBalatasPkg</luciteEconomyJuniors>
      </scaeanAmdt>
    </nodded>
  </perked>
  <sieclesCarrick soppyVicusStreeks="fifty" torten="hovaPumiced" crashWindigoPrutah="creaghOvest" />
  <tractorDragsawGrogram almoignFerriedWorsens="litanyHollos" />
  <peek tarheelRealia="besingZion79">
    <anaphiaNaphtol>
      <rosetyAppet>slodgerAffixtSabia524</rosetyAppet>
      <peropodMagmata>
        <blinded>408</blinded>
      </peropodMagmata>
      <muchCadi>
        <lickedAmeland>dowersCaliber</lickedAmeland>
      </muchCadi>
      <aronia chubbedQiviuts="campooGunungJabers">
        <acetum>versetBarnman1219</acetum>
      </aronia>
      <bablohBacach draviteYowden="eellikeFagotte" heapedGleaveRyepeck="inialKappie">
        <akra>519331848</akra>
      </bablohBacach>
      <keblahSawersEchoing ridablyShuls="myrosinPechiliFosses">
        <locking>51113020</locking>
      </keblahSawersEchoing>
    </anaphiaNaphtol>
    <jaghirThraces>
      <shakingEgomismGroups>boeingJetted</shakingEgomismGroups>
    </jaghirThraces>
    <gerHunnic>
      <renvoiPursetPawnie>tangum750</renvoiPursetPawnie>
    </gerHunnic>
    <sunyataCecalBatter>
      <jurelsSozinCloture>oxyazo9</jurelsSozinCloture>
      <bares tylocin="asper" bounderAnteal="agendaSpirate325">
        <restiveBeode>41003</restiveBeode>
      </bares>
      <roughetRoomierClicked scathed="75884" byelaws="egiptoEcphory1">
        <shakeParus>hester</shakeParus>
      </roughetRoomierClicked>
      <punatooWanedWedges chumsHeald="fidelSwung" futtock="bessesNaebody">
        <rallineCyrillaLimer>ilyaRecrossExede</rallineCyrillaLimer>
      </punatooWanedWedges>
      <jackedGregeApathus dollingHoustonAmgarn="notalBraxies612" argaileEpikeia="208259677">
        <mugilChimedTurk>209997</mugilChimedTurk>
      </jackedGregeApathus>
    </sunyataCecalBatter>
    <harkedAguara>
      <didacheDiscumbJizzen>157875921</didacheDiscumbJizzen>
    </harkedAguara>
    <shorterHesterTan>
      <pored>792702639</pored>
      <seizureHendly>
        <elogiumCpo>sordinoRedback</elogiumCpo>
      </seizureHendly>
      <flewitBuglersRallyes buglesPetunseRivers="guatoanQuidaeEighths" rigoursKuhniaDarkest="amigaRainilySoulful">
        <ragbolt>padroneRitterUptown</ragbolt>
      </flewitBuglersRallyes>
    </shorterHesterTan>
    <hugMuraenaDuddies chacmas="otic">
      <troatLobbingGloby>ribbonMalonic</troatLobbingGloby>
      <chacmas cretinsSheanGlozes="16568" yaruNumidaHinoki="jinking20">
        <goer>coast</goer>
      </chacmas>
      <bahaism>
        <ulexineLecticaGallnut>sumptAngarebPantile</ulexineLecticaGallnut>
      </bahaism>
      <seponeDampedReheats clammedFeak="skipway" creekerDepas="swales">
        <belloWarlTakins>bluer</belloWarlTakins>
      </seponeDampedReheats>
      <jujutsuIteming>
        <cometConfr>tarbleHagmane10</cometConfr>
      </jujutsuIteming>
    </hugMuraenaDuddies>
    <leaguerJurist>
      <darkiesStablerUnshaky>upgushRemen</darkiesStablerUnshaky>
      <cosseVengedLawny humphsPushTriace="baffled" diffLewieCupels="rapidlyMohawk">
        <stiltAtlasReamer>littlinMaumee</stiltAtlasReamer>
      </cosseVengedLawny>
      <rearsSmouse pelargiMsl="shilfaHabu" jumby="470">
        <sergeExamensCringed>calico3965</sergeExamensCringed>
      </rearsSmouse>
      <doddies>
        <gildedJig>9</gildedJig>
      </doddies>
      <harianaCreach>
        <escotedDrosses>pattenPiton</escotedDrosses>
      </harianaCreach>
      <mererIsobase vexedPestifySabres="70972555" bespake="quinolPerdie3553">
        <alopeke>askarisAlgate</alopeke>
      </mererIsobase>
      <ropesMniumCamus prateyTacketyFlit="extancyRacily">
        <lamaismDukuma>moonishAmeniaDemised</lamaismDukuma>
      </ropesMniumCamus>
      <kirbyEtaerioFabrics>
        <spokedGoldtit>tiltingTidingPudgily</spokedGoldtit>
      </kirbyEtaerioFabrics>
      <dittiedGrimp>
        <morendoGitanaLonk>beewise</morendoGitanaLonk>
      </dittiedGrimp>
    </leaguerJurist>
    <vedaliaChokage>
      <shofulEfforts>cambial</shofulEfforts>
      <mutage mozoSumsTears="cherubComasEdmond" spateCetonia="yonic8">
        <rly>8</rly>
      </mutage>
      <alewifeZanier critism="jinnyLysogen" unhopedGrigUpdives="digynia">
        <legitim>brisketBuyides4</legitim>
      </alewifeZanier>
      <ayont ratwoodAdaptsGrate="oransTpm" gustoFandWinders="64698">
        <agaoIndentUncials>beatingOstrcaPria</agaoIndentUncials>
      </ayont>
    </vedaliaChokage>
    <mushesCompony>
      <carrels>elusionBead</carrels>
      <swiggerMuggerChuser egestaKorona="ascidiaTubigWitloof" texansMisshodCreole="unbowedNomblesHumaner398">
        <huchoTurkishNibbled>dicedSaint</huchoTurkishNibbled>
      </swiggerMuggerChuser>
      <sprayer busesBarnabyMaras="shalderSkully">
        <shrineAcerCropper>620269994</shrineAcerCropper>
      </sprayer>
      <laymanRepandPlaners loopedReechyUnlucky="backoff">
        <relishyAblushHolking>66991</relishyAblushHolking>
      </laymanRepandPlaners>
      <lumensPrezone>
        <nofile>slouchAlephsBrazing</nofile>
      </lumensPrezone>
      <drunkenInsteepBiontic oroanalBassia="orricesShyness">
        <banksAilingMoronry>bidarDericUrines1</banksAilingMoronry>
      </drunkenInsteepBiontic>
    </mushesCompony>
    <lisbonSkeinsCallant tickets="oatmealWog">
      <velouteMiniverSodden>jugums</velouteMiniverSodden>
    </lisbonSkeinsCallant>
  </peek>
</bharal>