<?xml version="1.0"?>
<devicesRedout>
  <upshots>
    <shuck>
      <sextryOofbird>lebbekToparch</sextryOofbird>
      <premateUndubCoda robbinsKiesterNeogene="butomus" segmentCaradocArctia="coccid">
        <recall>aquoBedew</recall>
      </premateUndubCoda>
      <pellianKaliph>
        <helio>passoutTeamman</helio>
      </pellianKaliph>
      <loiasisMyoid>
        <pactaLogeion>punjabiElegistFor</pactaLogeion>
      </loiasisMyoid>
      <wallieAdaptedSinglet slicksMyrrhs="impliedLawishSweated" mudir="casten6">
        <clioneFengite>grandpaBalabos</clioneFengite>
      </wallieAdaptedSinglet>
      <chill arboralCanerGrassie="coud">
        <crudded>smitersSnapper8</crudded>
      </chill>
      <mestizaTavsUnfight>
        <inneityTeemer>tagsterFmt</inneityTeemer>
      </mestizaTavsUnfight>
      <rulingsLankish lawsRamekinMaguey="auris" foutyActaKebar="bolusBobs910">
        <monaxSline>unsharpHave</monaxSline>
      </rulingsLankish>
    </shuck>
    <aminishColline>
      <trabeaeDoubleAlteza>mijlPetherYashmac</trabeaeDoubleAlteza>
      <ills stadia="dolliedSpile">
        <bikersDawpateAkinete>1733218</bikersDawpateAkinete>
      </ills>
      <adapaKeloids>
        <stetson>cannersBenamiRaptril</stetson>
      </adapaKeloids>
      <moiest jail="grinBepride" urases="488259">
        <glyoxalSols>platea1805</glyoxalSols>
      </moiest>
      <dagos peteca="tempre">
        <ointSkiwear>coudee</ointSkiwear>
      </dagos>
      <cheke debenCharterSpector="2096">
        <trilobe>tsades</trilobe>
      </cheke>
    </aminishColline>
    <chekan>
      <couthyRuchesPiloted>toat</couthyRuchesPiloted>
    </chekan>
    <helveDjinnDrumly>
      <corrupRifts>delimed</corrupRifts>
    </helveDjinnDrumly>
    <intakesBankerUnprest>
      <abortedShalom>meldersCoifingUnsided</abortedShalom>
      <brassedAnabataTackler pittaKlip="trusteeMenySingle" rubiestBottom="811">
        <dolite>partile</dolite>
      </brassedAnabataTackler>
      <clinksPharaoh condignYoyo="9326">
        <groppleDoodles>bollsAmutterToras</groppleDoodles>
      </clinksPharaoh>
      <gunnen dyings="clearerSamfooDucks">
        <unsunnyTwatCarpos>basotePolleeSubsume14</unsunnyTwatCarpos>
      </gunnen>
      <knollsBrasero oddlyEthanTricks="undean" zemiism="1640778">
        <hayzTented>encloudWamfle1951</hayzTented>
      </knollsBrasero>
      <brionyUnpickSpake frenzicTimani="penbardPlenyToxic">
        <swithlyMulattaShogaol>ferias7</swithlyMulattaShogaol>
      </brionyUnpickSpake>
    </intakesBankerUnprest>
    <pukaLiveryStable>
      <rooibokSaltiesMascot>aith39</rooibokSaltiesMascot>
      <masons perfumeIpse="ganToxonKeresan">
        <weringBlowgunVidimus>panax37</weringBlowgunVidimus>
      </masons>
      <laster>
        <towieBucca>duskilyEffeteBadges</towieBucca>
      </laster>
      <felwortSchtickBraze closenAbvolt="langca" aliyasGoshawk="burtree">
        <changaPolis>546</changaPolis>
      </felwortSchtickBraze>
      <ingenuCanulaAbetter godsons="freestHackbutSquawl" romerosCaries="abounds">
        <dante>balaiBinoticPuerto</dante>
      </ingenuCanulaAbetter>
      <fursVowessJump cochair="parlays" confute="yuponsPobedy">
        <pioury>revokerChionisCrownal</pioury>
      </fursVowessJump>
      <cleatsOvered lordkinLucigenGey="gliming">
        <ughtenNiggraTissual>weakensQuerier42</ughtenNiggraTissual>
      </cleatsOvered>
      <uraniumTussis>
        <hobbySagbutYlems>conatusBhavan</hobbySagbutYlems>
      </uraniumTussis>
      <epigynyPlosive munify="66">
        <daren>poorerMesodicGroff</daren>
      </epigynyPlosive>
    </pukaLiveryStable>
    <fermiEuphemy>
      <intrusoWhipray>guemal916</intrusoWhipray>
      <brawlis>
        <columelPantiesCarvels>jubilarCaecityKnolls</columelPantiesCarvels>
      </brawlis>
      <minerva whammed="reflashUnaware302" mimmoodCymatia="toured">
        <cobitisTailzee>gufferMummer</cobitisTailzee>
      </minerva>
      <crwth meletinBalkansFingian="skinks355" libgetFootsNegator="wealthsRuckle">
        <meseledStealer>khokaMedics</meseledStealer>
      </crwth>
      <pewter simoolCanilleStrey="capiviGoglets" gona="indaneDings662">
        <upswell>foutra</upswell>
      </pewter>
      <achePricksFamose corollaBulgedMonias="kingpinOutleanLotta" herdShasterCaseate="snarkGenomicCapax">
        <berne>9500146</berne>
      </achePricksFamose>
      <chapelHibunciLipse aloeticSharanShoat="asseize">
        <attirerKosherDewlaps>russism</attirerKosherDewlaps>
      </chapelHibunciLipse>
      <inlacedPrimersApedom archerPosole="opposal" batinoPennillGoric="gearing7">
        <zaddickSeudah>74805</zaddickSeudah>
      </inlacedPrimersApedom>
      <daftar>
        <tulles>ter</tulles>
      </daftar>
      <defrockTournayBaryes>
        <oculate>24</oculate>
      </defrockTournayBaryes>
    </fermiEuphemy>
    <damarArrearsParodos>
      <vowUdders>twankerBoffosFetish</vowUdders>
    </damarArrearsParodos>
    <nubbierPrearmsMazy theemimFaking="bastaImagingRuth" unteamFiking="anahita" aget="luhinga">
      <jukeZealandBroma>hoovesMumpsTuring</jukeZealandBroma>
    </nubbierPrearmsMazy>
    <treatee ctenoid="maclePoleyn" forseekTensor="12331" lenvoyOttarParaphs="moonilyMoths">
      <boily>edema</boily>
      <lenten>
        <sustainRayahScupper>platensDrunksStuddle</sustainRayahScupper>
      </lenten>
    </treatee>
    <stuffStickleWomeras pausalWigChance="scunder2" gatsby="pectusWared" alman="nievesPawpawBuckism">
      <liegely>gusto1262</liegely>
    </stuffStickleWomeras>
    <korwaBlendeRoamer>
      <daratChudicJaws>gorgersFinfishGriqua</daratChudicJaws>
      <virgilWinders>
        <paramidPonsNahor>curine</paramidPonsNahor>
      </virgilWinders>
      <unarkLoaFogou impedPraying="6">
        <tlr>889719442</tlr>
      </unarkLoaFogou>
      <hammalPeractReplum apogeeVerbidMaxilla="recklaUncubic">
        <parbakeSheolWeaner>9654548</parbakeSheolWeaner>
      </hammalPeractReplum>
      <nuchals>
        <streamJojobas>linter</streamJojobas>
      </nuchals>
      <mazic clangorPoissonDevall="enfoulFoll" tiaras="tardily8">
        <basesFluters>665778</basesFluters>
      </mazic>
      <abey masdeuFormylsFleyed="fenOrexin" retardsHutungLowes="frons">
        <arrearsUpdeck>wrenletDears</arrearsUpdeck>
      </abey>
    </korwaBlendeRoamer>
    <farcistFeme useable="resetsAckey" arctiumSmicklyPickets="grayoutBalaenaTakelma1526">
      <alveus>2</alveus>
      <muslimGamelanYadim>
        <regurge>gleneTeufit</regurge>
      </muslimGamelanYadim>
      <doddedAvensGrakle oxalis="jestfulCadetBerain5">
        <framed>860</framed>
      </doddedAvensGrakle>
      <fungoidSpoofed tapster="unbasedBlunks" irisinFibs="aporiaeStarUnwrung">
        <bestillCryptedTirls>826032279</bestillCryptedTirls>
      </fungoidSpoofed>
      <irisedOdacoidOrifice daerBeepingForworn="133">
        <outflyNincumPurply>untinSkelter</outflyNincumPurply>
      </irisedOdacoidOrifice>
    </farcistFeme>
  </upshots>
  <rinceauJampani pisteHaltCosie="alexiaUluluDampers" pulper="relaxAdvertKinbote" skiceTumular="1087">
    <galopClaimerElle>
      <bertatStable>839583207</bertatStable>
    </galopClaimerElle>
    <discusBasilic>
      <ablushSinglesBracae>branky</ablushSinglesBracae>
    </discusBasilic>
    <gashfulRelendIndulto>
      <medizer>shufflePiloted</medizer>
      <subaid datersForlie="580" tumbeki="atip">
        <loosest>abollae</loosest>
      </subaid>
    </gashfulRelendIndulto>
    <britska whirreyHokan="displayRamule" hankLoofa="yipesLocusta" gimbleDustilyStanek="2033">
      <skyphos>daggledMax</skyphos>
      <shirkedBoblet sucreStoas="blanEleatic" hirselsRipaPise="besmellNarcoma">
        <choctawMisuse>6</choctawMisuse>
      </shirkedBoblet>
      <ploceusCephidPompey aspreadPoohedBoldo="4210">
        <oakums>mobilia9</oakums>
      </ploceusCephidPompey>
      <platansEmbulk satrapyBase="bittenEarthly" paver="renetVenetic">
        <squiresEdit>hommackSpanged</squiresEdit>
      </platansEmbulk>
      <bathtubTyphoon worthsTorulusEonian="aweekPhilolBrat" sclaterHamlets="noons231">
        <scrape>whole</scrape>
      </bathtubTyphoon>
      <unsulky>
        <teawareSeizingJuvia>calumetTimishMyxemia</teawareSeizingJuvia>
      </unsulky>
    </britska>
    <nirisSods>
      <conveyTurmitWindel>tapped</conveyTurmitWindel>
    </nirisSods>
    <unterseMolineMazily indictsPadraigVersta="citralsCotutorAnura">
      <recepts>apts</recepts>
    </unterseMolineMazily>
  </rinceauJampani>
  <cliniumScrever />
  <excusalEnlimnHooklet toyotaDazed="previse2239">
    <fushtElishaBelap>
      <neighed>exoleteSepsinePortor</neighed>
    </fushtElishaBelap>
    <noldGalchaBlast davitsSavssat="ovulum" altoPecklyPorosis="zorillePendle16">
      <papionBalladPromove>89768755</papionBalladPromove>
      <ovenmenGiglet inkblotShalako="mappersDaryl">
        <flubdubInduingFrower>clinahBasify</flubdubInduingFrower>
      </ovenmenGiglet>
      <myzontOos>
        <inmeatsTakethSwiftie>succade</inmeatsTakethSwiftie>
      </myzontOos>
    </noldGalchaBlast>
  </excusalEnlimnHooklet>
  <hearty cankNilgai="729" pimpery="unhad" />
  <uncloakBulbierTooths rekeysOleoseDeduit="assentsBarongsBroeboe" ashramaDronte="3584760" fairyBinhLeonese="imidCarreauObjure">
    <londresPiers>
      <signersDrains>keglingSkid</signersDrains>
      <neuromaKeywordEluate>
        <emeTwazzy>earnful</emeTwazzy>
      </neuromaKeywordEluate>
      <fallers siddur="mahewuPeavie">
        <binoticMurinaeAgnail>5806</binoticMurinaeAgnail>
      </fallers>
      <theemimAdenyls haycockBiasedSuckage="966235">
        <sluer>tunicle</sluer>
      </theemimAdenyls>
      <theclaRodgerFoists seniorsNiff="drugget4610" guahivo="venisonTonada35">
        <dottledPrunerOxamate>caisseLardyAyyubid</dottledPrunerOxamate>
      </theclaRodgerFoists>
    </londresPiers>
    <sirDithery gns="burlapsAdviseHorsify">
      <limulusSwishy>sinksAntisiStupes</limulusSwishy>
    </sirDithery>
    <biassesAngami kodiakMoliesHokan="ceding" rayonnyGladder="storge">
      <crasslyBoskageCaite>antilog</crasslyBoskageCaite>
    </biassesAngami>
    <whaledTombedDipolar>
      <roriInureFractus>cowbindDomains26</roriInureFractus>
      <ungreen boaganeYapocks="forfareSinople" jassidsPulpsCowbyre="mazhabiNighest672">
        <roughyFencersBrujas>hivedAmperAgars</roughyFencersBrujas>
      </ungreen>
      <wansithReerect hulks="placetsSpigotTeratic5034" coops="shederAcroseBruskly">
        <sampsCaukingGanja>alang</sampsCaukingGanja>
      </wansithReerect>
      <faffle knopiteKitchie="boxedJelickSell927">
        <serpensSpitzesThible>fizzer</serpensSpitzesThible>
      </faffle>
      <mucinMotto epigone="crowQuinismTawpy741">
        <idestObolos>sensatePlantaMaries</idestObolos>
      </mucinMotto>
    </whaledTombedDipolar>
    <gimletsUndrabRomeine bezantSaynete="thonga">
      <mirkerLuxes>glutenFaunas</mirkerLuxes>
    </gimletsUndrabRomeine>
    <yoruba>
      <intakesSherriInsipid>husherGailSeizin</intakesSherriInsipid>
    </yoruba>
  </uncloakBulbierTooths>
  <misters preloanWudgeMergers="allodNawabsZoonic105">
    <salem peptideBehest="justlyShapeCheddar" aikuchiKettrin="vowellyIwearth97" corvina="berycidTread9445">
      <bunglerAmities>saic</bunglerAmities>
      <goonchMiddayPotdar>
        <hennaed>virtual</hennaed>
      </goonchMiddayPotdar>
      <soph>
        <scrawInyokeTrojans>ticul</scrawInyokeTrojans>
      </soph>
      <cuspedSokulk>
        <clunkedWildern>binsNylastThrinax</clunkedWildern>
      </cuspedSokulk>
      <defyDesmidsCuldee>
        <placetPioneer>wreath</placetPioneer>
      </defyDesmidsCuldee>
      <jauk auklet="589163615">
        <cantle>same</cantle>
      </jauk>
      <suttees>
        <bequest>aftosaForgiftAirify1323</bequest>
      </suttees>
    </salem>
    <seguingBriquetBebrush flaring="ropersBecalms">
      <sponginSattvaMatman>5625129</sponginSattvaMatman>
      <cohow orbCarlieCackler="cowlitz9" dawutDoersThrax="heroess">
        <bennelDunkers>casked</bennelDunkers>
      </cohow>
    </seguingBriquetBebrush>
    <alumnaMads falernImpubic="8383199" spark="idylMoliniaVacuuma" floats="silkenKeened">
      <scambleSkatersSourock>yaffingBinhHest</scambleSkatersSourock>
      <tinworkBean diuron="5154">
        <prepend>toranaQuashedCineole</prepend>
      </tinworkBean>
      <writersMyariaAxiate lokiTokopatAtomity="livierGalaxDosadh">
        <samal>3203701</samal>
      </writersMyariaAxiate>
      <sallowApiolinMopy>
        <subking>finfishAdeuismWellies88</subking>
      </sallowApiolinMopy>
    </alumnaMads>
    <sumlessKenloreStithly>
      <yachanExterns>boatsThumped</yachanExterns>
    </sumlessKenloreStithly>
    <pundits taiwan="alvearyNapes" tonierSkyugle="mahoutAgeneForayer">
      <iaoSowf>sole</iaoSowf>
    </pundits>
    <damnifyAlgy untoldInfuser="6" gewgawyMirths="8770824">
      <boruca>cswDobbin515</boruca>
    </damnifyAlgy>
    <fides aaronSyllogeMotto="odinQuagsGrapey8570" birringIffier="876770285">
      <ogtiernFieryGambled>errantLockups</ogtiernFieryGambled>
    </fides>
  </misters>
  <raillyFaky sekaniGetterFloreal="pdq" stogBohunk="volataBideBude">
    <udders fantomLaertesSuperb="lituolaVoiced" krimmerShooflyQuickie="mulsify" aggroPluvianLindy="atinga">
      <aramu>cowbarnQuislerThirsts</aramu>
      <uva shallon="astore" kan="sleddedSozzly">
        <mintman>mirishDormyCapryl</mintman>
      </uva>
      <serapeaLocatum>
        <alkalin>standelStraticTamber</alkalin>
      </serapeaLocatum>
      <pinderHorlaCollier>
        <safrolPoplet>rustedCivitanAtropos</safrolPoplet>
      </pinderHorlaCollier>
      <xeroticSerous>
        <commiesSyringa>actiad</commiesSyringa>
      </xeroticSerous>
    </udders>
    <cocomatMumpedGratia>
      <gaittPolyp>pauxiJotnian37</gaittPolyp>
      <cassabaArmbandRoodle>
        <concholAdenase>bombayIstle</concholAdenase>
      </cassabaArmbandRoodle>
      <tesseraDamsonHypaton housersLahndaAudiles="51069">
        <parpendMoodily>bluey</parpendMoodily>
      </tesseraDamsonHypaton>
      <flawy>
        <belonidSaviorUpbrow>shrinksAvicula</belonidSaviorUpbrow>
      </flawy>
      <furGate quippedMoonackIps="mathaHaemoid" rapterVerneuk="8161">
        <pumpers>roubles</pumpers>
      </furGate>
      <whseNerite wormyEndfile="boastCuspids" goburraFeuds="fagotedPorkeryAhab8633">
        <upshaftHepcatManetti>permiakSquailHanged</upshaftHepcatManetti>
      </whseNerite>
    </cocomatMumpedGratia>
    <derthBarfing>
      <crosnesEgence>479</crosnesEgence>
      <zoeaeSonhood>
        <finguOrcFuidhir>fibbed</finguOrcFuidhir>
      </zoeaeSonhood>
      <fluavil shogunLagly="mutusForvay" pontoonSaclike="hwtAurungIntends">
        <ingluVagina>83767867</ingluVagina>
      </fluavil>
      <toadishPearchBorak dazzlerDeers="ananym" neuterSmearTrogs="carrizoKicks27">
        <fannierLogoes>beprideCopalsEnzone</fannierLogoes>
      </toadishPearchBorak>
      <miomboShewnGiggly>
        <legsPrawnyIodo>argons</legsPrawnyIodo>
      </miomboShewnGiggly>
      <hiltLamium russulaDyasAcepots="kapelleHealth5" befireSwagNobble="taxies51">
        <sanedPoled>gadusViatica</sanedPoled>
      </hiltLamium>
    </derthBarfing>
    <sneeryTjaeleCarry lickersBridget="dining" profferThrivesResurge="9661">
      <pecklyForlane>987289</pecklyForlane>
    </sneeryTjaeleCarry>
    <miaulsKashi>
      <morrionHipless>ullageFoolerCorella</morrionHipless>
    </miaulsKashi>
  </raillyFaky>
</devicesRedout>