<?xml version="1.0"?>
<needhamGiverAspasia>
  <viminaMalanga gunnungFisetinGorble="dispellRunerOutgain" outhutMaricaGaus="deariesPigglePungar" figworm="boxfulPepsi">
    <dirham>
      <orcasGoaf>inkrootUrgentMegaerg</orcasGoaf>
    </dirham>
    <quittedDrawerSabs glob="5">
      <dagameGonakeKirundi>24362</dagameGonakeKirundi>
      <pogromsRooterScalped karaganDiademaQuartus="6551738" afeardEwoundSlating="stratumRunouts">
        <withhie>groundsTuneupsFillers</withhie>
      </pogromsRooterScalped>
      <tinnierPaniscaCroose succiBossageSamshus="boyosMiscite" zereba="auldestGldPea">
        <taxwax>78334</taxwax>
      </tinnierPaniscaCroose>
      <unmoorsCyclop worrits="fameful" ratbite="617880852">
        <luteic>rivesVedanaWhop</luteic>
      </unmoorsCyclop>
      <upholdsNotingPatata lyssaHelmetsCarolin="optate">
        <motilesScrubbyUnwille>gumpusDibbler</motilesScrubbyUnwille>
      </upholdsNotingPatata>
      <brigadeGoatlyDocetic canellaDuntsAgrees="packetsFavelaJug" unwoolyBullous="laundry349">
        <ocqueLunches>octagonBookism</ocqueLunches>
      </brigadeGoatlyDocetic>
    </quittedDrawerSabs>
    <slugsAuxil novae="hollandMurgavi">
      <kipseyRomeiteSnools>574383</kipseyRomeiteSnools>
    </slugsAuxil>
    <priamSerosaeShamal halesOutmansContr="yohourtLimbierCocash1" lummyRadiateCurucui="6336753" levo="souaggaDeadeye">
      <sevierVirales>hiperBelamy3724</sevierVirales>
    </priamSerosaeShamal>
    <choicer>
      <lavic>bocRekhti473</lavic>
    </choicer>
    <tepa>
      <ephebusBattierBopyrus>usaunceOrdainOttave</ephebusBattierBopyrus>
      <biffiesStoma irchin="lootie" liftBlearyGrandly="260795633">
        <carrsJargleGimels>aryGenty</carrsJargleGimels>
      </biffiesStoma>
      <cirIncogs schellyGretaRainer="mitiestButenesRopes">
        <oolithPrunt>terranTownet</oolithPrunt>
      </cirIncogs>
      <mutatisInquirySkelped correaHattic="bergRebankSlacken">
        <ruffinVarusPencel>tarcelReissueFewness</ruffinVarusPencel>
      </mutatisInquirySkelped>
      <nahuan pendle="1291" sooeyHookedOdum="stawn58">
        <lawk>kamasBruleCedary</lawk>
      </nahuan>
      <nereis spread="gorloisOverletRhyton6379" moyitePlace="5033">
        <riyalsVeryKellies>5</riyalsVeryKellies>
      </nereis>
      <rumours goonBewigBogman="8494055">
        <hankyRos>mummick</hankyRos>
      </rumours>
      <routsTawhaiAwink unhatToastsWeaned="cutesy">
        <privyOosperm>funked</privyOosperm>
      </routsTawhaiAwink>
      <widishApp>
        <lickingScaups>wanesEnsilesRann4332</lickingScaups>
      </widishApp>
      <snowdon>
        <shriveRemovalAlity>loammiRefuged</shriveRemovalAlity>
      </snowdon>
    </tepa>
  </viminaMalanga>
  <pro cobiasUnsharp="wabblyTinker" ketogenCorta="mourns" />
  <ballism>
    <bumped jeddockNutsy="awner5" ducalAudios="curchyAsakBegowk">
      <lindaAlfirk>everse</lindaAlfirk>
      <flong armscyeLactuca="sipOversadRunners" florula="63435">
        <curacoa>urenaKakanLaisse</curacoa>
      </flong>
      <pluggerSemiarc anglianPhebeHumbly="schemes" dodoes="97195153">
        <parlesBugong>havana</parlesBugong>
      </pluggerSemiarc>
      <speelsSeawan leatBene="nettler" unflameSorrowsGripy="baconerStainerSpatted">
        <algesiaLochlin>wencherOrlando</algesiaLochlin>
      </speelsSeawan>
      <masai>
        <azimineInlyingKiaat>patina</azimineInlyingKiaat>
      </masai>
      <upbuyPutonTubbeck>
        <rasa>values</rasa>
      </upbuyPutonTubbeck>
    </bumped>
    <uppbad>
      <butinParcel>30328</butinParcel>
      <ajax caserio="seniors" epoxyedReknead="elvisLignite">
        <spated>throwstMartialObley</spated>
      </ajax>
      <bubale hillierGaffesAletris="7458">
        <giggly>unfileKibitz</giggly>
      </bubale>
      <preemieKnicker bentFikey="17161" asouthHeedfulMorat="701019839">
        <chompDojo>lecythiDuggler</chompDojo>
      </preemieKnicker>
      <wilbur taysaamLeve="demonio8">
        <preserIlliticSwinges>decries</preserIlliticSwinges>
      </wilbur>
      <furandi caules="bastian80" gillerArbalosWatches="verser5165">
        <pedicabNoxLexicog>monads</pedicabNoxLexicog>
      </furandi>
    </uppbad>
    <compendDisodic vibrateLibrary="egre">
      <kuldip>budgedPhytomaSwagmen</kuldip>
    </compendDisodic>
    <obtrude landmenHyponea="baulksTraWildcat" potworkDyceWicker="welsAquaferCassie">
      <burlerDagosTrad>wronglyDeignsAethon</burlerDagosTrad>
      <yahoosFilch>
        <trixyHarlotsBonnaz>citMsg</trixyHarlotsBonnaz>
      </yahoosFilch>
      <yowies>
        <boiloffOutboreInlaid>axseedJigging</boiloffOutboreInlaid>
      </yowies>
      <azafrinLengestFetas octaveChandui="tubbaPurbeck">
        <guidesLaicismFunbre>thacks</guidesLaicismFunbre>
      </azafrinLengestFetas>
      <snotsGaineAgnails acronycDonningEcu="bembaFulthAmuzzle">
        <frise>cosmistSolveBealach</frise>
      </snotsGaineAgnails>
    </obtrude>
    <closelyBottledCued>
      <habnab>hamzaSabres</habnab>
    </closelyBottledCued>
    <eches>
      <bagelOgdoas>tamburNipa</bagelOgdoas>
      <acarian ineditaRisenPurdahs="2">
        <beriGlobing>liningBleeze</beriGlobing>
      </acarian>
      <saruk>
        <hymnalsForgift>dirty</hymnalsForgift>
      </saruk>
      <didymis seitWindjamLarchen="avickSunketFucker" invalidWashwayAmen="nornaFloorer">
        <tetterPeltaManeh>793623784</tetterPeltaManeh>
      </didymis>
      <fth>
        <ionisesSphacelKikar>lieBicronHazle</ionisesSphacelKikar>
      </fth>
      <poshest ablateChapeau="reusedPrinked" devanceSoldierAbbie="99">
        <misbodeVaadSkies>kleenexMofetteBandsaw70</misbodeVaadSkies>
      </poshest>
      <palermoSquelchSalfern>
        <plieLoudlyDartars>maltineTrocars</plieLoudlyDartars>
      </palermoSquelchSalfern>
      <persis>
        <throddyTyt>rugal</throddyTyt>
      </persis>
      <glassin>
        <leno>rechalIndenes</leno>
      </glassin>
    </eches>
    <eclatedHazard>
      <bondsGumshoeUnvoice>facadesPuckersFrayed</bondsGumshoeUnvoice>
    </eclatedHazard>
  </ballism>
  <divvyLuting skipmanReaddedErasion="80005815" alnusTernal="peskyChanner4511">
    <lepersEprosy>
      <oudsSeepedAnapes>rimierSlodgerTylosis438</oudsSeepedAnapes>
      <puffinsGetups spionidUnregalBoyaux="tiddly">
        <oboleRandans>hasinaiDioonHearsay</oboleRandans>
      </puffinsGetups>
      <prutot decoicBodoCochero="beleftBegadSpeed" nodiakGaviaMimming="daemon">
        <quintaJodel>solyma</quintaJodel>
      </prutot>
    </lepersEprosy>
    <beretsLieneeStoking>
      <cantate>imager</cantate>
      <parryAstrer goggles="tylose4">
        <bugweed>icesChyakOuzo</bugweed>
      </parryAstrer>
      <urchinsHosels yapon="pigginHangup" moronSondeliGorling="empeineBummieNarwal">
        <fardoSubwayWapacut>refaceArmine</fardoSubwayWapacut>
      </urchinsHosels>
      <marwariPassageWraggle gulpsPolitic="gibbonsPeckier">
        <formeneHalalahHappily>arustleBagong</formeneHalalahHappily>
      </marwariPassageWraggle>
      <shalee>
        <tausSiress>grandeeBerthasVirus</tausSiress>
      </shalee>
      <mobbersPriceSells>
        <merci>85833155</merci>
      </mobbersPriceSells>
      <ericalGirnyPappier shawedPyreneSagbut="3">
        <vaagmarSemmetEyey>whumpJazzersThreip</vaagmarSemmetEyey>
      </ericalGirnyPappier>
      <dusack faugh="aupakaBuatIsatid">
        <boxmanSites>mummiedUnagingUrolith</boxmanSites>
      </dusack>
    </beretsLieneeStoking>
    <trundleHusk guyotsHidage="osela" vaseful="59453705" gamelanHabub="aho">
      <smoochVervet>arenaeOiliestCornin691</smoochVervet>
    </trundleHusk>
    <derived>
      <nixon>mayasLontar660</nixon>
      <moniePete abbyBarr="salar">
        <gazelGust>intrust7063</gazelGust>
      </moniePete>
      <tomas wealthsCedule="372" fohnPlumete="ostein">
        <caubeenGramperFiacres>thraw</caubeenGramperFiacres>
      </tomas>
      <judoRapture>
        <perdieConatus>januaQuayageTeleman</perdieConatus>
      </judoRapture>
      <andricTiming decease="ebbed" goral="long105">
        <manglerOverpayKou>cecally</manglerOverpayKou>
      </andricTiming>
      <cyanizeCrewel wastineSuffolkCherely="sucken" outbowl="niggledBrain">
        <ferrumJells>3963</ferrumJells>
      </cyanizeCrewel>
    </derived>
    <molting>
      <xipe>levelly</xipe>
      <malarsFarceur emblemBlowoutAllah="nizey" iranize="heaviesTorpifyNoreast5">
        <varveDamnii>glyn</varveDamnii>
      </malarsFarceur>
      <pukrasBavetteTurk apodanGreenuk="8" irgunKumkumWaikly="uvicEthanalFibrose">
        <veduisAsb>atellan</veduisAsb>
      </pukrasBavetteTurk>
    </molting>
    <centileKyat etalon="9031" codaminMinisKokoona="258" wino="1">
      <doorbaKhazen>sarcelCarinas53</doorbaKhazen>
      <storyFamulusDugs topazesNoahic="chacmaEucti">
        <uncoolUnsome>aztecanLochusJubile</uncoolUnsome>
      </storyFamulusDugs>
      <itemsRoquer suttasMontem="oceanicTrona" clarifyNockerl="swedgerTuppedVivres">
        <danismDisrestDreed>lapb</danismDisrestDreed>
      </itemsRoquer>
      <hyphema evase="tussursIncisor">
        <comdiaTelpherGremmy>gustardMoxa</comdiaTelpherGremmy>
      </hyphema>
      <dreksReligDryops bangupTrays="alvelozGjedostGalet" alamedaPithilyTanyoan="33825474">
        <requins>cloamXylolsCurable</requins>
      </dreksReligDryops>
      <malmagBozos>
        <threepsDampest>stound</threepsDampest>
      </malmagBozos>
      <plouter>
        <pistrixRubbleBoxy>redesTampangCulpae</pistrixRubbleBoxy>
      </plouter>
    </centileKyat>
  </divvyLuting>
</needhamGiverAspasia>