<?xml version="1.0"?>
<congaed>
  <chinos velellaNavvyPhraser="pimploCameosBlart903" wolversEpeeQuetsch="unleashRotesBonders" rik="4231257" enters="bellsLeavenUnden86">
    <enmewSandedAbsurds>
      <yenisei>639</yenisei>
    </enmewSandedAbsurds>
    <toot>
      <funnierOogenyGumhar>burma</funnierOogenyGumhar>
    </toot>
    <peekeShebeanAttests>
      <amtrackPhenol>postmanMavins</amtrackPhenol>
    </peekeShebeanAttests>
    <rideauHemaseMulto unwheelMazeMyopia="77" cuberaMarket="cheeker">
      <spot>pyrryl</spot>
    </rideauHemaseMulto>
    <arcticSwaying bristSkiddyPaneler="cupidsJuckies" animineLnr="elopsCaraibeJuju" spairgeMegabarOtomaco="degermsTatamiEvadne">
      <cramCoombes>tristJostleEmim</cramCoombes>
      <laceierHauteur>
        <subidarRotulad>956</subidarRotulad>
      </laceierHauteur>
      <etheric>
        <owser>asseal479</owser>
      </etheric>
      <rankles mesopic="8">
        <moggiesUriel>64610020</moggiesUriel>
      </rankles>
      <luted unbarAmanori="6832">
        <prunesGluesTestril>2</prunesGluesTestril>
      </luted>
      <prue hautainSoot="emailed">
        <frumpAmbones>dotkinDecaneKarmas</frumpAmbones>
      </prue>
      <howdies>
        <fostell>jagueyCatskinPinery</fostell>
      </howdies>
      <dagassa vougeotGeminiVedalia="mirkyBoltedTwyers" ancient="mussels">
        <degrainPokier>sonsieFususPlaids</degrainPokier>
      </dagassa>
    </arcticSwaying>
    <sprucesYuks>
      <bowserMunify>anormal</bowserMunify>
      <subgodAfoul tenetGoofahEbbed="3224" bloditeRegear="56283470">
        <blufterReblend>mogulWomerah</blufterReblend>
      </subgodAfoul>
      <whapTripalFerrums rhoecus="tiler">
        <steubenFatcake>aging8828</steubenFatcake>
      </whapTripalFerrums>
      <bonnwis>
        <ongoingAstonyFingery>detruck7</ongoingAstonyFingery>
      </bonnwis>
      <shooflyMopeierSaltus>
        <gaultsToyotasAbjudge>bumpierChesonPoleyne99</gaultsToyotasAbjudge>
      </shooflyMopeierSaltus>
      <keresShying>
        <trystesZenobiaSalugi>unless</trystesZenobiaSalugi>
      </keresShying>
    </sprucesYuks>
  </chinos>
  <snooledCarefox pleiadHerdboyEnding="dements" acnodes="beveledRoughy1001" titansAgadicSeawall="fijiOry" />
  <dinglyExarchy glirine="haverelTalonic" timoteUphelyaTaslet="acharIntroitUnlimp2">
    <budgetCatfaceBergylt cainguaPrevizeMummery="holierBoulter2">
      <velicCoffees>balding</velicCoffees>
      <chopdar>
        <jasyFeculaHautein>475111667</jasyFeculaHautein>
      </chopdar>
      <porYemen aegisesXxi="karree" ambaris="feased">
        <unvyingDeairs>ptinidMajorem</unvyingDeairs>
      </porYemen>
    </budgetCatfaceBergylt>
    <tela askingsBaggies="mooletTyroid">
      <relever>cyathosRetentTalked</relever>
    </tela>
    <praying>
      <batty>agio</batty>
    </praying>
    <camooch>
      <disbuds>673743</disbuds>
      <chaletsScarey>
        <upthrewBatonsXvii>testierSimonNoshed</upthrewBatonsXvii>
      </chaletsScarey>
      <cwoYerkingQuinse basilicCinctTruster="sheitelTacnode" jibLurched="169948183">
        <inable>jobadeSecondsBegets41</inable>
      </cwoYerkingQuinse>
      <assisiNettleEosinic piefortRamackVincent="dogfallGaudish22">
        <engin>aridlyBrevit</engin>
      </assisiNettleEosinic>
    </camooch>
    <soce injunGave="forgoesAnaemia789" felwortLambish="kibbledDriers">
      <donnismShalyTearing>1164906</donnismShalyTearing>
      <statureWestlin diarchyCanela="figaroApogeic" bialis="2822606">
        <dowpFanjetsUntrain>alarmRatchUnsooty</dowpFanjetsUntrain>
      </statureWestlin>
      <struts enrace="ownableStungSlath" asokHitterSemple="akeki">
        <angoiseStylise>natesImmane</angoiseStylise>
      </struts>
      <navahoRecode>
        <gomerecSestianGammer>682353763</gomerecSestianGammer>
      </navahoRecode>
    </soce>
    <bolsonsForty>
      <napalmsLekker>2977242</napalmsLekker>
    </bolsonsForty>
    <inchPrigdom>
      <legitim>schultz940</legitim>
      <chappowJovial ourieFerryReacts="dottore">
        <abortinDebonedAah>119443</abortinDebonedAah>
      </chappowJovial>
      <nilous ausuboGabonUpsweep="updoMiltier" repastSaxons="9939358">
        <rollout>21906429</rollout>
      </nilous>
      <linjaNatu mageCadeauBoutel="dekkoMinette" sensateWhipsTuitive="654">
        <dollies>cardecuJouked23</dollies>
      </linjaNatu>
      <tapetal>
        <loukoumVarix>puertoPtinidMadder1658</loukoumVarix>
      </tapetal>
      <citator hermit="9" heughsMitered="bouleSpadPess">
        <inputJonnockSheets>hempSkippel</inputJonnockSheets>
      </citator>
      <americaMorales>
        <foggers>669</foggers>
      </americaMorales>
      <monismsAirflow quernal="pleioneWoodris255" daisiedLazarsEmil="regidorMopeGranage">
        <tippy>3249</tippy>
      </monismsAirflow>
      <hundredBlizz misdid="pies" thaeArianPuler="faenasPartans">
        <splTimbernEnurny>remudaPuranaEwer</splTimbernEnurny>
      </hundredBlizz>
    </inchPrigdom>
    <yuechi>
      <stenion>6</stenion>
    </yuechi>
    <ogee>
      <presoldAtollsAlban>brackyGunungSenufo</presoldAtollsAlban>
      <recrateCaribe gastedRecpt="afeard">
        <shruff>impasteToydomSawfish</shruff>
      </recrateCaribe>
      <miswernDetroit welliesTintingYaps="mawger" pratey="saanenBecharmHapax">
        <tunneryAsweatBlets>trpset1</tunneryAsweatBlets>
      </miswernDetroit>
      <umbraidNancyGtc>
        <vavsTaiahaSandfly>budhHinged</vavsTaiahaSandfly>
      </umbraidNancyGtc>
      <bedlikeTsktsksCedrate armrestDuped="1393607" filingsTikoorOrion="strollsButeos51">
        <ambroidPakhtunSauf>525676943</ambroidPakhtunSauf>
      </bedlikeTsktsksCedrate>
      <panAlain cogware="1048624">
        <seeming>afrightNunky</seeming>
      </panAlain>
    </ogee>
    <clock>
      <hexitol>daunderOtocyon</hexitol>
      <yowsLerretMahmoud nispero="scrodsCalmyCharbon" bulgar="terras8423">
        <siamangAlowPamela>showing5507</siamangAlowPamela>
      </yowsLerretMahmoud>
    </clock>
    <jyngineBraggleOvaria ratany="lappetsNumeral" arduChude="559452" incaseStreyneLikings="sim990">
      <creaserMiswern>farrage</creaserMiswern>
    </jyngineBraggleOvaria>
  </dinglyExarchy>
  <londresMoonja>
    <plimmedBaghla>
      <navis>5200785</navis>
      <odinismEcotone which="hipmiWoilieBronze" cyamusLandmilCitole="702773634">
        <explidaAggerDiadema>nincumPopshop7</explidaAggerDiadema>
      </odinismEcotone>
      <kevils>
        <ramblesTropContenu>boutsLoggatsElia</ramblesTropContenu>
      </kevils>
      <sherifCouma yacareMonist="annealsPolaric40" pousse="497">
        <mosts>acharya</mosts>
      </sherifCouma>
      <bumbeloDeseretJolting tetrylIonones="druith7">
        <cadboteAbduces>latices</cadboteAbduces>
      </bumbeloDeseretJolting>
    </plimmedBaghla>
    <caules>
      <oversAchete>kinkierGridKnyazi</oversAchete>
      <varices>
        <gleamyClat>614</gleamyClat>
      </varices>
      <boldingClaraUnplugs auldest="597" jess="cinctOutjutsGanging">
        <panamasFunkier>maars845</panamasFunkier>
      </boldingClaraUnplugs>
      <staith rickedTunnelsVividly="poduranFraud">
        <warstSoupsPursive>shown</warstSoupsPursive>
      </staith>
      <tonsorTrotTaal pokiestDoggedLouring="sirshipSlant">
        <ciliola>metredTennerTom1772</ciliola>
      </tonsorTrotTaal>
      <sarafan growthKeywordPajamas="oglala" icesparBeggar="theeker">
        <wapata>tucky</wapata>
      </sarafan>
      <glitzyPricklySexiped assurerHcfAlkalis="amphideStogeys" durani="dryinidEinkornEdema">
        <lwl>undaredBorings</lwl>
      </glitzyPricklySexiped>
      <rikConinArtful>
        <bribers>bractWartern765</bribers>
      </rikConinArtful>
      <tavert>
        <oyer>6</oyer>
      </tavert>
    </caules>
    <useholdPlacate>
      <shayed>stroy</shayed>
      <enqueueWhorly rippingKent="327161072" pettles="chaetae">
        <stairsMiskillZag>ethrog2329</stairsMiskillZag>
      </enqueueWhorly>
      <ranjitPageantGemote unsawn="dptKneader" neglectCarrie="pugilMirkly2">
        <tinamou>wodgeYagisCarwash</tinamou>
      </ranjitPageantGemote>
      <sieneseThrenosSetal ovalize="bobcatWakondaHaraya">
        <shacklyEmptyMawp>parchyBaskish</shacklyEmptyMawp>
      </sieneseThrenosSetal>
      <spiledAccount unpetalBriersDealing="gaurian" dolcinoHarms="faeries">
        <dippier>341696</dippier>
      </spiledAccount>
      <biology caviare="corns">
        <acomousSepTicchen>howf91</acomousSepTicchen>
      </biology>
      <resizer thokishCurledUnfluid="noblingFulgour43">
        <typistPopples>scrawZymosisSonores</typistPopples>
      </resizer>
      <stunnedEdgrowCert banduraBagNeeld="465" marioCerotic="ills">
        <boilsSemitae>55</boilsSemitae>
      </stunnedEdgrowCert>
      <sanestBoleiteThready licualaScup="dromed" vinculaTrashesFelony="autumnNutrice">
        <faulxTessel>genos284</faulxTessel>
      </sanestBoleiteThready>
    </useholdPlacate>
    <maffia nixer="67741">
      <anytime>jabbed</anytime>
      <frothedCursSloppy>
        <dashiki>biglot</dashiki>
      </frothedCursSloppy>
      <codablePellar subrentTunicaYorker="cowleGritty" dewoolsStales="550">
        <autoedPimlico>wirerCopes</autoedPimlico>
      </codablePellar>
      <verekSplenia porzana="bonds">
        <altairTch>5415242</altairTch>
      </verekSplenia>
      <geranicExpiryRepand>
        <usableFarle>myrrhTaryardCithers</usableFarle>
      </geranicExpiryRepand>
      <buenoDarnersMolmen missoutBesagueKarwar="946855">
        <medalSpewsYwis>unshoeQueasom</medalSpewsYwis>
      </buenoDarnersMolmen>
    </maffia>
    <connieBoredom isobarSapium="69285053" reliverDanae="unsortTopau" palelyChalcidPlurisy="radiosElectee">
      <unl>noriaUnquit</unl>
    </connieBoredom>
    <dispostMarcelsHarpist mokoElkumaTsade="545433287" crissumAggiesWarrish="oswaldLibertyMugget" conquer="egloguePortway">
      <kittoolUrianBongoes>stomps</kittoolUrianBongoes>
      <fittenCentnerBroche>
        <scornyWhereinIsaian>glimmerFingeryRassle</scornyWhereinIsaian>
      </fittenCentnerBroche>
      <balataRefixesNici gotoKonak="wrybill">
        <bemaim>uremicBessieKernoi</bemaim>
      </balataRefixesNici>
      <sambas rudge="zemstvaGapoJotter">
        <belait>recallConchalWhirred</belait>
      </sambas>
      <dannock sallowFable="6" flumeOpacate="digoxinCalvityDispar">
        <refel>glommed</refel>
      </dannock>
      <pistle ptinoidOvoidal="altesseCarseBuoying8" vetoedTrowthJowar="cookerTubful">
        <colorinMitsvahAxtree>cheirWage</colorinMitsvahAxtree>
      </pistle>
    </dispostMarcelsHarpist>
    <quisLana>
      <vindict>repastsGemmate</vindict>
    </quisLana>
    <fangyGaruaInsea>
      <ren>hardock</ren>
    </fangyGaruaInsea>
    <nestsPavBolding>
      <prao>inhiateToust</prao>
    </nestsPavBolding>
    <hottingVaulterPty>
      <moselFew>cazimi</moselFew>
      <ragbolt redrawn="storey" isotypeAlbion="latroGrunts">
        <bunion>hollin</bunion>
      </ragbolt>
      <grakleDenyCrepier escuelaFiancesPinkily="facondeResurge" tippled="bec53">
        <nestlePineneEnwoven>fishesDigitBispore</nestlePineneEnwoven>
      </grakleDenyCrepier>
    </hottingVaulterPty>
    <loomingBarmaid catha="manille">
      <tangunZizzles>gushCalili</tangunZizzles>
      <gaiterJulid bulak="flenser">
        <blethe>guemal</blethe>
      </gaiterJulid>
    </loomingBarmaid>
    <daimioGlochis>
      <admixedAnuria>lobosaUndazedOffward84</admixedAnuria>
    </daimioGlochis>
  </londresMoonja>
  <burdonNoctisAtaxias bizen="40" iced="embound" vomiterBeignetAcephal="hokku">
    <lagunesVidduiParrels>
      <heredesReducesShalako>jawUnwive</heredesReducesShalako>
    </lagunesVidduiParrels>
    <eburna seawardShaptan="growersIllumeCatena">
      <rukhZaffresCotwist>4049</rukhZaffresCotwist>
      <sabicu resellsReevedTanners="danceryPinwork4145">
        <sencio>nasaChigoes</sencio>
      </sabicu>
      <yeesSwink>
        <tuna>otomacoFiancesPich</tuna>
      </yeesSwink>
      <prefersReachyRemord lentiskSnoozedRoughly="switchyCufic" babelsPhyteus="burdKolasCheetal">
        <puds>lyctusMulada</puds>
      </prefersReachyRemord>
      <meratiaBedcord sooting="bankera">
        <henterCalabaRecours>yasmaksHalid</henterCalabaRecours>
      </meratiaBedcord>
      <indolylTimboMorceau ichthusAlist="fluytCouleurUngored">
        <nincomMoltten>coinStraintSturk</nincomMoltten>
      </indolylTimboMorceau>
      <pedant forbearOvalsReifs="frauBlotMenaces">
        <ragazzeSeckFlb>ruffsWhelp</ragazzeSeckFlb>
      </pedant>
    </eburna>
    <tenuryRottersWauns myrrhed="uredia" unexactAleut="122">
      <dotless>kyoto1</dotless>
    </tenuryRottersWauns>
    <thakMerakManilas snitWittallCivil="misknewAccloyFilacer50" alpiniaSaquaro="5560" glutPimFattish="semmitSamiel">
      <giher>teedleHonanWolfkin187</giher>
    </thakMerakManilas>
    <cinctDoekSprowsy>
      <tabus>206183</tabus>
    </cinctDoekSprowsy>
    <cistronDwellPicture>
      <cogitCebur>devoveRah</cogitCebur>
      <uncriedSubmain>
        <medical>chesil</medical>
      </uncriedSubmain>
      <qtoChrisSpumous sapote="retied" rhesianRarefyStodges="tardies4">
        <doomageLarveGybing>cupuleAshramsCoke</doomageLarveGybing>
      </qtoChrisSpumous>
      <dalea tepalsAddrest="braglyRorqual" thresh="asthmasBasicsJettru">
        <coitureLuchuan>umbellaTeagle</coitureLuchuan>
      </dalea>
      <waiveryHeizeFlouncy geetHomam="georgieMukade" linkup="anilau">
        <spec>dargAuturgy</spec>
      </waiveryHeizeFlouncy>
      <campalOsseous binous="telinga" topicThae="unthridFierceSpoored">
        <unwired>genarchDentata</unwired>
      </campalOsseous>
      <skim cistori="awesomeWhining">
        <dsectWarpedIntend>mangler</dsectWarpedIntend>
      </skim>
    </cistronDwellPicture>
    <enribConcion>
      <rikariLaissezDungan>farrandAbbacy</rikariLaissezDungan>
      <purely siltsEmuls="stovies">
        <bawAmpules>youponsPasBosch</bawAmpules>
      </purely>
      <aphaciaGimpier pleuricPlunderBrogued="98026813" exoconeSuantlyRigged="begumsSkodaicBurgul8555">
        <neuralSnocker>aurealDanaiCalchas</neuralSnocker>
      </aphaciaGimpier>
      <bastantWaul>
        <dendricBannedSuisse>209</dendricBannedSuisse>
      </bastantWaul>
      <uswWarbletSunwise>
        <pubbleConfestPiccata>415669129</pubbleConfestPiccata>
      </uswWarbletSunwise>
      <porgyAgape>
        <hwylUnself>1</hwylUnself>
      </porgyAgape>
      <tykesAnywhyCrojiks woldAllotHerry="ooeciaPrepaveUnkist" tombolaFaff="angekut">
        <novialHawkeryTeredos>ebulusCoakumSlimier</novialHawkeryTeredos>
      </tykesAnywhyCrojiks>
      <unteachZoariteTumor idiasmTape="67001">
        <talkee>sium</talkee>
      </unteachZoariteTumor>
    </enribConcion>
    <kgf>
      <mayoralTanquamMouse>unsadObvLeerish</mayoralTanquamMouse>
    </kgf>
    <fortran>
      <aeacusDaultQuaking>debout</aeacusDaultQuaking>
      <neolith remailForkman="mesiad7171" tuy="tubesRikariLoiters">
        <mildews>ainsNaiasCronet</mildews>
      </neolith>
      <sparmOutpickFearful uther="yisKamalasNigging8" maieficNorgineBecause="causeGyratedGranate">
        <mahuaGuyotFurbish>quandy</mahuaGuyotFurbish>
      </sparmOutpickFearful>
      <furoresShive>
        <uptrussParadedSasani>attacusLankGeejee</uptrussParadedSasani>
      </furoresShive>
      <guilery hyphens="rayah" gullerAriana="invokes">
        <hetmanPeterBosses>gibbingSpineHandier</hetmanPeterBosses>
      </guilery>
      <galeageMamotyPresold>
        <chikee>ribwort4576</chikee>
      </galeageMamotyPresold>
    </fortran>
    <bariteTiturel>
      <maniasStiffsMidas>angelic</maniasStiffsMidas>
      <trapaAbrim>
        <havenerDampingGunroom>kaywardCorker1528</havenerDampingGunroom>
      </trapaAbrim>
      <sanestBiersFains>
        <lingoes>unweld</lingoes>
      </sanestBiersFains>
      <bacquet>
        <ores>77112</ores>
      </bacquet>
      <frierUrines bowlingSecretoManses="jumbieAdfixFoozles" impregnAvale="souseBreth399">
        <confitForlanaTowdie>mizen</confitForlanaTowdie>
      </frierUrines>
      <agioEboniseSancho farcin="visKneadBogier">
        <nippon>tenter</nippon>
      </agioEboniseSancho>
      <horim dinosSmidgen="outseenFledge" ulluco="221">
        <queued>brumbyHarmanAmeba2999</queued>
      </horim>
      <soupleFletchPiloti nailsBeardy="scriber9944" caroba="molkaSenariiBlazon9256">
        <pieletWenethTrite>gratesByonKeltie</pieletWenethTrite>
      </soupleFletchPiloti>
      <lakinPhosLue earwaxCosierBench="wasnt">
        <jakeyWiggerObscene>budgeroUnsnarl</jakeyWiggerObscene>
      </lakinPhosLue>
    </bariteTiturel>
    <danizeUndeepVeliger>
      <drewLoob>upmix</drewLoob>
    </danizeUndeepVeliger>
    <piracyEmilFaverel>
      <unagingCetePitchy>roseousFreety</unagingCetePitchy>
      <pedlars>
        <grelotBenn>4318</grelotBenn>
      </pedlars>
      <pantine berret="ravings" outsize="13863">
        <biff>basilsGleetedDarics</biff>
      </pantine>
      <achira wirierRoofLeglet="rajidae" mamlukBriard="459282912">
        <ousteeMezuzot>chill</ousteeMezuzot>
      </achira>
      <noduliHedera jatoGallies="minvendWapMeld">
        <wameCabree>qurti</wameCabree>
      </noduliHedera>
      <stroyNadeemTowny thinksChianBabery="gismo">
        <sabaist>pomadeEmplaceConsign</sabaist>
      </stroyNadeemTowny>
      <gurnetRypeckSophism stageryCnidaCabers="eunomiaProbe" naukrarOakweb="snooledDiapirsMtier">
        <swellsSwedge>ejulateOronocoCurneys</swellsSwedge>
      </gurnetRypeckSophism>
      <appallsAngel>
        <aborter>helewouMaundy</aborter>
      </appallsAngel>
      <genearBatikSitting snoreOrallyYenning="girse">
        <churro>acetoseVoluntyGnash</churro>
      </genearBatikSitting>
      <ausu polillaKootchaRubbers="8962" hunner="2568693">
        <baff>spawnerChappy</baff>
      </ausu>
    </piracyEmilFaverel>
    <listelsCrazesEtheric tabific="sturble">
      <spicily>pleatCandaceDehair</spicily>
      <harang abwab="scuffsProlixLeachy" dizzily="parodoiLatest">
        <obolus>twigged54</obolus>
      </harang>
    </listelsCrazesEtheric>
    <mogote runless="untrothTingerCaffeic" carpingStore="credoTurnrow">
      <triplumJerrids>mycose</triplumJerrids>
      <toshlyYankees chinedCasaba="bullaryAuthorKnife" ceroidIrvin="unpensFriezy">
        <lademanRolling>thawers78</lademanRolling>
      </toshlyYankees>
      <regaugeAmoebaRamta ampulsNighingZaparan="slidageOmelieMartes">
        <tenonerVibistSpoky>76</tenonerVibistSpoky>
      </regaugeAmoebaRamta>
      <kickupUnamend enwindsImagoPainch="maghi">
        <epicist>goumiDumbsMizzles</epicist>
      </kickupUnamend>
      <sclerae expleesEnhappy="41648172" tpsMilking="chaori">
        <zooksAnthoid>31542</zooksAnthoid>
      </sclerae>
      <termageDillingInglut lannyCoresChecke="alemmalDeesesJazzman97" cognati="pangweDoilyBeylik">
        <bepaperRocked>warsawParging</bepaperRocked>
      </termageDillingInglut>
      <raptrilBirrusAntae>
        <annam>pulletArmenicEmuls</annam>
      </raptrilBirrusAntae>
      <fumaricLatheryGrabble trigos="9">
        <samite>85330</samite>
      </fumaricLatheryGrabble>
      <pursualPaeoniaVestees varaTressy="togueHowHagseed" slashedClaquesShunner="aubriteChinkle">
        <cagouleKasm>54881290</cagouleKasm>
      </pursualPaeoniaVestees>
      <tapasviTrashesBiznaga pegoxyl="49447" rabidly="whilendSennets">
        <turmetBaheraSuasive>achooDhooleyNemesia</turmetBaheraSuasive>
      </tapasviTrashesBiznaga>
    </mogote>
  </burdonNoctisAtaxias>
  <cyanoleVespids deserveVerdi="27224" peakerAeolidHalaka="nanosecSluggyLuffa" molingCawing="1956" />
  <hazardGroans />
  <petecaAirwardTanner dewal="eskarRhymyGebbie" cowle="rosbifAlitySurahi" />
  <lewistMatchy bedipRedameSps="skiwearDistilsGlacier" />
</congaed>