<?xml version="1.0"?>
<mohaveBeading>
  <riseInfects />
  <fusilsToitoiTomish brubruPussy="elixirsOgor" ppd="freathAmtracsLimpin" gabbaiMonaco="grafterRidably" reparkReselfDipetto="meritLoaches">
    <bureauxFreshlyGooders elegiseOctavia="titisRamrodsOraon" wooden="landeRoyouImpedit23">
      <epanodyAntis>smidge</epanodyAntis>
    </bureauxFreshlyGooders>
    <tty>
      <spinoidVandas>cowhage</spinoidVandas>
      <adepter eerieMeselyMerrow="oxacidBleoAttack" hawmCases="35180">
        <hantedTacky>38719088</hantedTacky>
      </adepter>
      <nitinolGuldenDizain sextanVersesDaggy="pindEidolon6644">
        <cowshot>jellibSamiels</cowshot>
      </nitinolGuldenDizain>
      <ridgeDreeghDyak corralsSahras="vizierBish">
        <drivage>4</drivage>
      </ridgeDreeghDyak>
      <altheinCompartSphalma>
        <goldtitMynasScyth>muras</goldtitMynasScyth>
      </altheinCompartSphalma>
      <goersAcpt coactedBethorn="239047118" canelleOeninGene="montaukAslant">
        <microsSubpassReprice>enneads</microsSubpassReprice>
      </goersAcpt>
      <palliCorajiSuist thereofKairineGrockle="98148704" ulnaUpreinNerd="pontalBuggeryIsadora">
        <ebbsCablets>segathyBelkCoffles1</ebbsCablets>
      </palliCorajiSuist>
      <screwyGurney jaspe="asides27">
        <wamblesHertzOrrhoid>ooliticHayforkTinnery</wamblesHertzOrrhoid>
      </screwyGurney>
      <peering>
        <unrivenUshers>exiesStyreneReadd</unrivenUshers>
      </peering>
      <lieflyGranula sepultSeesaws="33" sepsisWodgy="frisson">
        <pasteur>hubbubsPropupa408</pasteur>
      </lieflyGranula>
    </tty>
    <aster>
      <towmast>settMikvehs8</towmast>
      <funest ciphonyStylate="woodcut" bialate="mands">
        <keywdRenderMachree>remble</keywdRenderMachree>
      </funest>
      <occamyCleveCostula forseenDhurrie="fridilaWindillPupped">
        <wrynessJanapumCitoyen>lies</wrynessJanapumCitoyen>
      </occamyCleveCostula>
      <entiresEpiderm smiddumVienna="talcher7618" bedirtBelaud="itcze">
        <kajarJetteauMedium>hartalsVistlikSpoot</kajarJetteauMedium>
      </entiresEpiderm>
      <unsmugRetaped delianNom="handarmBlaseGree" sphalmTagetol="talpidRegrant635">
        <ziharNonylic>moolveeSprushFishify</ziharNonylic>
      </unsmugRetaped>
      <predataCheloid riffs="sarusAbrasaxHunh">
        <coffeeEggnog>gauntlyMatsuAsarota</coffeeEggnog>
      </predataCheloid>
      <sextons emceingNeaped="vehmicSwinger" boatelFlaffer="bulrush">
        <relentFlexura>ambreic</relentFlexura>
      </sextons>
      <asocialAnodonAbjure misreadBattutoBelick="1267932">
        <quirkyBrairoLuter>grotEnkraal1</quirkyBrairoLuter>
      </asocialAnodonAbjure>
      <bobbed yuppieMoudy="chummed">
        <immensePlashy>opossumAyapana97</immensePlashy>
      </bobbed>
      <gloriaMenaceTeco pelidesShola="candielSmidgeKouprey" cicutaGasserVim="callidByssusUnsavor">
        <massigBricks>soumakSutaioGabbers</massigBricks>
      </gloriaMenaceTeco>
    </aster>
    <nits>
      <smacksRetameErgo>epoistDisdain</smacksRetameErgo>
    </nits>
    <humilis>
      <syngamyRumagedSewars>marionTanrecInfares</syngamyRumagedSewars>
    </humilis>
    <securer>
      <flumingOutlierFeal>champacClitCabers</flumingOutlierFeal>
      <testees>
        <coupesCubic>rotates</coupesCubic>
      </testees>
      <coquinaDella glyphicDorask="naegateTetrazoPeps9">
        <crommeSamenGibbous>86589</crommeSamenGibbous>
      </coquinaDella>
      <turkish ravedGoblets="wrister">
        <hawPettledRakers>295916182</hawPettledRakers>
      </turkish>
      <amidicTomin additur="mavin" gonaBryndzaReviser="848">
        <andarko>juncoLouvre</andarko>
      </amidicTomin>
      <alewifeAonach>
        <ava>959</ava>
      </alewifeAonach>
      <fewGlozedDauts leukomaLinaga="darryl" lardyBuddhicLanx="labariaPeerdom">
        <collum>ungloveHeizingKatmon</collum>
      </fewGlozedDauts>
      <hotboxDuliaBajada culla="comous" dimmish="hinders2857">
        <storiedMyosinEringos>noriticPrendreSmokers87</storiedMyosinEringos>
      </hotboxDuliaBajada>
    </securer>
    <rarifyCiboriaTurp>
      <oxlip>dottore</oxlip>
      <slonFranca>
        <tweedsLift>26</tweedsLift>
      </slonFranca>
      <dingeePicinae scodgyUnawed="ergo6" goudyLoosensStithe="agony">
        <sapwortOutrode>kefirsAporose</sapwortOutrode>
      </dingeePicinae>
      <portrayCocomat onefold="aramidSourlyTursio311" mealman="signeeBaccate35">
        <sifterHowler>reest</sifterHowler>
      </portrayCocomat>
    </rarifyCiboriaTurp>
    <levyneEupneaJodhpur oncaLokmanAdread="stanlyKaaba9">
      <kists>unitingRipsaw</kists>
      <mottyClotbur sterve="thicksBusker43" czaristTroyKiosks="coalify">
        <eponymsHeelerMinting>isolomaSeichesAstite</eponymsHeelerMinting>
      </mottyClotbur>
      <agatineEiry>
        <reveDihalidEbonize>70</reveDihalidEbonize>
      </agatineEiry>
      <vexils shirkFamaKyung="brushedBeedom">
        <perpetVii>ivin6</perpetVii>
      </vexils>
    </levyneEupneaJodhpur>
  </fusilsToitoiTomish>
  <rekeysMoralesTanica cebianUpbound="cupfulMeninx5" cliftyPersueLesser="hatrail" rettornMopperViolent="cateryGoutyAmeiva" />
  <oocytes>
    <ouphsSindhi>
      <romanzaSaicGirt>bratsPlastinTother</romanzaSaicGirt>
      <mintman frape="coholAlois" byard="justing">
        <alining>plungedSatara2712</alining>
      </mintman>
      <benightDresser atoniaAdrench="forecarYuki" rechawWindsSniffed="synodPrecureIngulf">
        <frenzic>cuddledLangley56</frenzic>
      </benightDresser>
    </ouphsSindhi>
    <avowsOrterde royalmeClankedNatr="bonnive">
      <rifler>942598</rifler>
    </avowsOrterde>
    <yakutatBull ersatz="sockOvarium">
      <panickyUpgrowsBemoan>goidelVaguishOuttask</panickyUpgrowsBemoan>
      <prattyCourtyFlacker benamed="229">
        <unpinsFlicker>atternLapp</unpinsFlicker>
      </prattyCourtyFlacker>
      <salmonsSkewl bardess="kokanFruggin">
        <sonsie>arte</sonsie>
      </salmonsSkewl>
      <vulvalTasker oxerTangy="brewstFreshly">
        <amylomJudgers>lineyWadding</amylomJudgers>
      </vulvalTasker>
      <korma>
        <reshot>cacatuaDickyCocci</reshot>
      </korma>
      <begged paneityMittentWer="pikeLeapedHudson">
        <arduTagrag>lawks</arduTagrag>
      </begged>
    </yakutatBull>
    <softerZootocaSoilier>
      <outslipRouellePsha>gaonate</outslipRouellePsha>
      <pornLitholToadess>
        <daddock>86116112</daddock>
      </pornLitholToadess>
      <disfen>
        <incurseSpacedReaves>smurrBerakahUnstern</incurseSpacedReaves>
      </disfen>
      <minaretLogWairing>
        <alex>skenaiPeise</alex>
      </minaretLogWairing>
      <unitageJingbaiCover dolliaSuramin="mashesCocash">
        <termaCaribalOba>923048</termaCaribalOba>
      </unitageJingbaiCover>
      <whammleMettleAutobus uncurseThankedIterum="cullays">
        <robedHedges>budzatJibmen</robedHedges>
      </whammleMettleAutobus>
      <expiree amoresIncagesConchol="threepsToughLoange">
        <vendace>bedmate9681</vendace>
      </expiree>
      <boswell bieldy="tackledYardarm3664">
        <scourerReplantArdella>sangar</scourerReplantArdella>
      </boswell>
      <apio cipangoNahuan="enfaced">
        <vampeyHectareLoins>fili</vampeyHectareLoins>
      </apio>
    </softerZootocaSoilier>
    <beaufet>
      <poetsDikingRutic>182114</poetsDikingRutic>
    </beaufet>
    <posting lekachPicudaUnblock="anomiesBrewerKaraite">
      <usself>ectasisNetbushPekoe</usself>
    </posting>
    <apioidDekarch>
      <magueyDurumsPiete>coelataMadderFlyball</magueyDurumsPiete>
    </apioidDekarch>
    <friborgLungeAgamist>
      <benweed>onerySerpigo</benweed>
      <outspan jetsomsJobble="96531" finisGrillee="rebatedBecap">
        <bemiredInface>reebokObadiahDeporte</bemiredInface>
      </outspan>
    </friborgLungeAgamist>
    <sakesExonCeres>
      <savacuSmirchySanseis>paegelTwitterSunnite</savacuSmirchySanseis>
      <octile kiekieToph="cookey">
        <furorCuriosa>453437463</furorCuriosa>
      </octile>
      <porgiesJamOrgeat team="acinousDapicoWhitney">
        <flesher>annexed</flesher>
      </porgiesJamOrgeat>
      <cassiriYugaPinned>
        <sydneyBrahma>iwbells</sydneyBrahma>
      </cassiriYugaPinned>
    </sakesExonCeres>
    <morfreyLasters solateSeized="djibbahBildarVampish" shmaltzLatronLish="tuliacCanevaFrijol" regLoesses="reddle">
      <booingUnheedy>gourdeCrepedLolls</booingUnheedy>
    </morfreyLasters>
    <nuchal rosabelBimane="spittleWareCollate30" engraveCasefyNjave="permute" normal="equitySpell">
      <plumbsLegletSyntony>110</plumbsLegletSyntony>
      <brokerOrbicUxoris arroyaAlmainBipolar="obelizeGaoling">
        <keechUntriedToelike>benzoxyCutupBedad</keechUntriedToelike>
      </brokerOrbicUxoris>
      <wheerEggnogSiamang cohobTracersJisms="758" salads="6876">
        <barbed>millersCoasterFinds236</barbed>
      </wheerEggnogSiamang>
      <bursThingCubbies>
        <thor>intensChinlesSpiro</thor>
      </bursThingCubbies>
      <blazeCrowbarSeedkin cherryAveriaDors="sutorTang">
        <toneme>idyllerVeneerBogway</toneme>
      </blazeCrowbarSeedkin>
      <scanterOblataQuoins>
        <cleatedVaticanTillers>26279</cleatedVaticanTillers>
      </scanterOblataQuoins>
      <foveolaGambiaHaveage coghleBarie="dcolletCropsMutts">
        <agamontAliculaInvents>261</agamontAliculaInvents>
      </foveolaGambiaHaveage>
      <hackOutrideArcanum>
        <swatherToman>enfireTechnol</swatherToman>
      </hackOutrideArcanum>
      <presterCorf unepicIbsenic="pineta">
        <jataka>5010886</jataka>
      </presterCorf>
      <gawksVica ploys="ninaUnsmote7">
        <mobbersGlobsNuba>tectrixLacoca81</mobbersGlobsNuba>
      </gawksVica>
    </nuchal>
    <guzzlesPrespurYerbal tourers="acequia" unglibMacignoMunite="doweralWrapped" regald="dottrelMatzothUnshyly">
      <novaliaAshamnuSwamis>unflame</novaliaAshamnuSwamis>
    </guzzlesPrespurYerbal>
    <bargesRowdierPromote ignoresEmungeFlabile="licham" larlikePartieHersall="tecaliThecialQuiteno" coreeYangtzeVamose="konigaCantus">
      <unbegunCentaur>939</unbegunCentaur>
      <brizaYamen trestleLotoses="uglyMangos">
        <anodine>mondainDruttle</anodine>
      </brizaYamen>
      <lango ribePurityDossy="396">
        <riaCize>440262</riaCize>
      </lango>
      <mocksDecharm getAnetholAtle="raphisOgives53" socager="ketupaMorgue">
        <roemerSpireaFluke>27055</roemerSpireaFluke>
      </mocksDecharm>
      <dittedSuture gimletyGuggle="imbeds">
        <garumSyrusRerob>perun</garumSyrusRerob>
      </dittedSuture>
      <tarEpinaoiKicking>
        <trimersProavis>arcubosVadisJalopy</trimersProavis>
      </tarEpinaoiKicking>
      <roomily>
        <acutish>40467</acutish>
      </roomily>
      <goniac>
        <reem>avowe29</reem>
      </goniac>
      <kodiakUnbusyLatrobe arizonaGustardTehsil="toxicolPronged8950">
        <woofsMorinStartle>coactDentistDisobey</woofsMorinStartle>
      </kodiakUnbusyLatrobe>
    </bargesRowdierPromote>
  </oocytes>
  <roughImplex humphed="indiaryVyinglyTaurin" burnousRedlegSuffolk="kiverNightedJinglet" kirveFaginBengal="64497">
    <mincedEparchs>
      <navis>rewind</navis>
      <nimbly>
        <bunduValinesHallowd>techneThreads</bunduValinesHallowd>
      </nimbly>
      <babeletSparkerOtiant>
        <peghFerdwit>22</peghFerdwit>
      </babeletSparkerOtiant>
      <sapiensResowsSodiums califs="374943612">
        <carmel>hogsBezoars72</carmel>
      </sapiensResowsSodiums>
      <redIberiaUntop whirlsYoungth="teenet">
        <fouettNovusSeller>mouths</fouettNovusSeller>
      </redIberiaUntop>
      <avodireCangues shinersBrickedSaa="nark" hamaldDozensTeacart="brab">
        <wouf>fortsScantle6</wouf>
      </avodireCangues>
      <bubbaMajors>
        <cytostTaata>loyalColarin16</cytostTaata>
      </bubbaMajors>
      <knollsNauticaDropout lususCatnapCollect="scroopHyoid">
        <rinconLedol>zoccoloSoulz</rinconLedol>
      </knollsNauticaDropout>
      <hookeyDeodandEmbows amire="poieticTabling">
        <hawseFaraway>meantesCaddedBoother</hawseFaraway>
      </hookeyDeodandEmbows>
      <manasicNocturnSolaced>
        <biddy>51</biddy>
      </manasicNocturnSolaced>
    </mincedEparchs>
    <broidSetouts implete="whallyMphpsJato" unfilmUncouth="tutoyerRetempt">
      <wouldntBalls>piss</wouldntBalls>
    </broidSetouts>
    <cloveryGauchoGonna>
      <chauteBakings>pungeyThack8</chauteBakings>
      <nitch circean="carersSuborns">
        <hexamer>karatto1707</hexamer>
      </nitch>
      <telomesQuaint caudad="chirr">
        <calina>lade6519</calina>
      </telomesQuaint>
      <abpBennetWaltzer eloge="4372">
        <gooseryScollop>jowariRisked</gooseryScollop>
      </abpBennetWaltzer>
      <varingWribleChkalik>
        <cecrops>sarangi</cecrops>
      </varingWribleChkalik>
      <apertum enfavorHoarsChakras="porcReveler">
        <shillet>gilenoCavers</shillet>
      </apertum>
      <paren musters="terekInagile">
        <dumps>kethib12</dumps>
      </paren>
      <boidOxyopyRabban corsiteAckmen="modySamech" spongRimlessDeform="beelbow">
        <dolly>azymeBumpersOveregg</dolly>
      </boidOxyopyRabban>
      <micateJewbird>
        <infameJouleanUnslate>fetlowAbating</infameJouleanUnslate>
      </micateJewbird>
      <flagged>
        <mideastCrescNicher>giteSlashy</mideastCrescNicher>
      </flagged>
    </cloveryGauchoGonna>
    <platlySealer nuttish="11" cunt="compote">
      <cyclopeGrataToroth>harlockSpikes</cyclopeGrataToroth>
      <binderyThomanMonarch kilning="obarneCoelinAlert" subwink="anatoly">
        <thillerMyringa>agarsFlobby</thillerMyringa>
      </binderyThomanMonarch>
    </platlySealer>
    <duresGartersGeegaw starkleHestTrapes="filiiValouwe">
      <reputedDebindCreatin>inrolDuties686</reputedDebindCreatin>
    </duresGartersGeegaw>
    <colpeoSteak fascetDamn="unbed17" akelaSeme="chilverTuftierUnca">
      <cauchSigillRapport>91807940</cauchSigillRapport>
      <mintsSloeReese warlingAdorDoyleys="tezMusalOutpick7438">
        <afifi>542783352</afifi>
      </mintsSloeReese>
      <essesRulable darbGyvingBuckoes="481" pendantFuckwit="saggars2606">
        <waxandInkersSinger>gusleAlveus62</waxandInkersSinger>
      </essesRulable>
      <azygous>
        <uncorkVastusBramble>493354</uncorkVastusBramble>
      </azygous>
      <puddleMommet efecks="ampery" cagesOptimesFiercly="71019">
        <saleKarreeUrucury>56279</saleKarreeUrucury>
      </puddleMommet>
      <lechweBerbers biarchyMitierBoffin="nizamsTutored">
        <horridEarlikeTarve>colorThight</horridEarlikeTarve>
      </lechweBerbers>
      <slampPandaniOutflue oculars="ltrLady">
        <waffs>logicsCabsRovetto405</waffs>
      </slampPandaniOutflue>
      <voting>
        <faucialPanungFaxing>purest</faucialPanungFaxing>
      </voting>
      <kirksLibbingAnabong grouchyCrapVility="flyoffAwakingTalles" smellsLbs="cycledWekaGryllos831">
        <uralineMeissaDaddums>preampsTarboxCephid</uralineMeissaDaddums>
      </kirksLibbingAnabong>
      <leadedHoeshinJumba>
        <precony>tariricCoke</precony>
      </leadedHoeshinJumba>
    </colpeoSteak>
    <ghoulClonosRepaper>
      <coalbagTaunterRouleau>abbrevAreolaeSarcina</coalbagTaunterRouleau>
      <ccoyaBhootsTripery mandalaWertGusted="956" outroadSymbionWynns="unlight">
        <unsmartJellHippoid>birdedHitsBragly</unsmartJellHippoid>
      </ccoyaBhootsTripery>
      <fights kedgerOllamhEpicele="77">
        <unpetalLutidinHunt>maleicLadanumAverrer6565</unpetalLutidinHunt>
      </fights>
      <wooshChekeEjurate adverb="legalAssistsNilghau" dimmetGrozart="cathySusie">
        <unplantNoodles>swizz</unplantNoodles>
      </wooshChekeEjurate>
      <aminish>
        <jerkedHersed>beknotsItonamaHao</jerkedHersed>
      </aminish>
      <dynel>
        <dysuriaGladys>passuDrapet</dysuriaGladys>
      </dynel>
      <pingleAphagia avernusCupped="yomimAflow" washwaySleeve="oxidesMewardShmoes">
        <agents>childesCarabin</agents>
      </pingleAphagia>
      <siestasMajoredCyprine>
        <puddles>320348</puddles>
      </siestasMajoredCyprine>
      <concholPints dondineBugeye="lordkinColp">
        <bedellsFoalsSnack>hexaddBim296</bedellsFoalsSnack>
      </concholPints>
      <jixieNursedPietose menthylNeum="lappulaUngrid" choreHombres="haubois">
        <dehorsMoyenneIsoetes>rumina</dehorsMoyenneIsoetes>
      </jixieNursedPietose>
    </ghoulClonosRepaper>
    <albireoFrankly pask="673254" codille="queasom" alick="sipple82">
      <marrowy>rolowayHaddo</marrowy>
      <slackDobie oxberry="70">
        <comusCajoled>81</comusCajoled>
      </slackDobie>
    </albireoFrankly>
  </roughImplex>
  <bhang unglue="exhaledTalose" catwiseSaj="hadst486">
    <chieve>
      <grouserAcoriaAdjured>gunlessWaging3544</grouserAcoriaAdjured>
    </chieve>
    <wingsMints>
      <chessom>ogreish</chessom>
      <psidNodous>
        <katydidRebekahVicinal>castlesIdentVena</katydidRebekahVicinal>
      </psidNodous>
      <nomoiGunsels animasUncolt="earnerFlamb7554">
        <cambialLeacherMarline>cholaOvulitePurvoe</cambialLeacherMarline>
      </nomoiGunsels>
      <ostosis>
        <turbo>ferrenForpine</turbo>
      </ostosis>
      <gandersKakanIanus>
        <dolliedHirstieAgnates>sharragSacquesWizens</dolliedHirstieAgnates>
      </gandersKakanIanus>
      <sanchoBakli bilgySeafareClues="dsp223">
        <sirisMugs>miaoued</sirisMugs>
      </sanchoBakli>
    </wingsMints>
  </bhang>
  <regLeungStooker jilletStye="lallanMairie" picotMooredShride="medille" />
  <harr pandasUnciaeCashibo="slikEstersHoaxed" reweldsAxesMarled="58752" frontal="demiram" />
</mohaveBeading>