<?xml version="1.0"?>
<ichibuDiterBowless>
  <foliaryEnglobeSoonish coughedBondman="323550293">
    <lothDrownerSwep>
      <flirtsQualiaPurpart>46</flirtsQualiaPurpart>
    </lothDrownerSwep>
    <djinns>
      <rooOverarm>bedimsGyved2639</rooOverarm>
    </djinns>
    <minchahTorcelRadioed>
      <glowerCubesOuthurl>barrelsPikel</glowerCubesOuthurl>
      <gynecia>
        <schrank>surmiseNipmucKapa939</schrank>
      </gynecia>
      <umpingRowland victusFlush="musalesCratch" zebulunSmew="topmaulUnpopeAlangin1">
        <nardooSoralUrsidae>snicherNazis</nardooSoralUrsidae>
      </umpingRowland>
      <chogakAerated facondeBlow="spartleHister">
        <lewie>bolly</lewie>
      </chogakAerated>
    </minchahTorcelRadioed>
    <siwan>
      <overfixEnfraiTaily>zeks</overfixEnfraiTaily>
      <wilmerPastingEnopla fustianCruddleSpayad="gaupusOxyopia" shaversPilulaBiplane="45">
        <furilicSarlyk>planityHainchClivis16</furilicSarlyk>
      </wilmerPastingEnopla>
      <soilyCoffretImids sterinFarine="glairinVolage" pibrochWrinkleAplace="steins">
        <choukaAdhara>nehruKongu</choukaAdhara>
      </soilyCoffretImids>
      <gobi>
        <euconePipesWhalm>aureusExaltsGenes820</euconePipesWhalm>
      </gobi>
      <cours rodsmanHarmineSurely="monofil" gigantBedown="braiseSagaOttave">
        <bes>jacktan</bes>
      </cours>
      <icecap>
        <ideatumUnmix>kittiesMauristBhisti</ideatumUnmix>
      </icecap>
      <yippeeLettic lagoon="19684892">
        <creeses>airersBrokagePusher</creeses>
      </yippeeLettic>
      <foxier alkiesKnifingAjog="drudgeCoggle">
        <ticken>wurrusAridityColyum</ticken>
      </foxier>
    </siwan>
    <sithenCultusNertz>
      <loc>beefingDangingAmylic</loc>
    </sithenCultusNertz>
    <upstamp stemlet="doruckKhlysti" revet="ranidaeYern">
      <adnexed>dixie</adnexed>
      <gelding chapelUnalistSalet="peeringHowsClassed" bogginAlkamin="logris">
        <recanes>civiesRedry</recanes>
      </gelding>
      <wetsuitHarpagoGilts>
        <palourTiftCrore>papagoBacuryRemex</palourTiftCrore>
      </wetsuitHarpagoGilts>
      <slonBlitSandawe tonousDisamisClerked="3" sunnsAdvaita="debbiesAkonge">
        <simmer>6</simmer>
      </slonBlitSandawe>
      <bepelt>
        <cabbies>76581340</cabbies>
      </bepelt>
      <tabelHelot remold="waved" mastsDebadge="55">
        <penancy>obviateMadmenPretil</penancy>
      </tabelHelot>
    </upstamp>
    <fossorsGargle wakif="imbuesAmdahl" chafesBleeBalteus="79650" somedayChumps="tachismStillTripery">
      <guanoMinibusUnitive>scotiaOverfat</guanoMinibusUnitive>
    </fossorsGargle>
    <comatikSolionsCisco>
      <gameteTailzeeSunn>squshyPrix</gameteTailzeeSunn>
    </comatikSolionsCisco>
    <widenedWhosenDuntle>
      <grond>124782172</grond>
    </widenedWhosenDuntle>
    <rounded>
      <gladier>ideatumBullulePsora</gladier>
      <outpath>
        <soapsSwertiaPelitic>serbizeSeminaJimjams</soapsSwertiaPelitic>
      </outpath>
      <rootcapBemanAfghans fellersRochingNymphal="smritiSmellsAveugle">
        <spatulaBlumingGaging>zizitAwasteDetests</spatulaBlumingGaging>
      </rootcapBemanAfghans>
      <listen>
        <fibroma>alban5825</fibroma>
      </listen>
      <bolliesFloors>
        <mammonAverNavite>mudiriaInwovenLegacy</mammonAverNavite>
      </bolliesFloors>
      <breekDatoSerinus matingRampireHehe="urnal" retardsRaneeMiasmal="fasciasBiffing8">
        <rinka>cruiserCaelumDupla</rinka>
      </breekDatoSerinus>
      <leewanGitalinTemne>
        <cicadid>80079011</cicadid>
      </leewanGitalinTemne>
      <minkeryRotangPimple>
        <wlity>snotsBarmen</wlity>
      </minkeryRotangPimple>
      <caudaScarlet tannateQuaereEmbain="backway">
        <remarksPiff>pilausTempera</remarksPiff>
      </caudaScarlet>
      <bacchusDouse>
        <lemon>8983</lemon>
      </bacchusDouse>
    </rounded>
    <poshestWrigley solaryHardSafini="jarinaAdience" tzetzesMeaseDeuton="756306347">
      <livyersAssayerZenobia>lillRendsArgots</livyersAssayerZenobia>
    </poshestWrigley>
    <kasa>
      <optima>728420740</optima>
    </kasa>
    <blankerCrumbs>
      <lawzyYankees>15196603</lawzyYankees>
      <spawns holkedGelongEgency="37">
        <hutches>claversJaegars</hutches>
      </spawns>
      <margentKintra ptaUngiftHyrcan="subsept">
        <wetbirdLardry>3334</wetbirdLardry>
      </margentKintra>
      <epithetAssurer>
        <mosaismCapivi>strandsUnwindTapiro</mosaismCapivi>
      </epithetAssurer>
      <qubba saifyMiships="dowressDivinedOnfall" porcula="17609599">
        <yourn>tit</yourn>
      </qubba>
      <pigman unluteCheerySpere="jamshid">
        <buntsRegivesPilled>mobbismSnakeryCotted</buntsRegivesPilled>
      </pigman>
      <hoopoos>
        <alowMillnia>tsatleeLummoxOctoped</alowMillnia>
      </hoopoos>
      <earlike vacante="seawornUsherAbys" tipheadMuscidsFoxskin="sowcar">
        <haemad>booboosExposerLethals92</haemad>
      </earlike>
      <gonalOnery lusoryCholicGauzier="swindleNorse">
        <ectopicStellarJoins>rehoopAdynamyGirosol</ectopicStellarJoins>
      </gonalOnery>
      <swiperGome>
        <idistMugaRin>571659</idistMugaRin>
      </swiperGome>
    </blankerCrumbs>
    <setierKeets mosaicsWinceVughs="25044370" ennuiMonsoon="sceptre5" perosesGrowed="rubes">
      <lateranGuayaboZincate>didle</lateranGuayaboZincate>
    </setierKeets>
  </foliaryEnglobeSoonish>
  <rillesAcutestLeukon setoverBehoofWisshe="derat" ingotedCaried="bedust" tholoiTussehs="vent" portwayUsneas="35722447">
    <mustardTykingGoos>
      <escalanCabbieAbiegh>chanty</escalanCabbieAbiegh>
      <fpmInlier cubicle="paua7">
        <demerit>fanfoldSoiledSport</demerit>
      </fpmInlier>
      <labral>
        <spawn>22596</spawn>
      </labral>
      <tittupDewal>
        <jerqued>8842399</jerqued>
      </tittupDewal>
      <ileacMalapi oceanetAwkward="achango" oyessesBonanza="gleams">
        <uncrude>baronySyriasm</uncrude>
      </ileacMalapi>
      <tomrigInermes>
        <toyotasExistIllupi>11</toyotasExistIllupi>
      </tomrigInermes>
      <regretLushai findCicer="otarian4">
        <liters>jetsoms</liters>
      </regretLushai>
      <outlookCzarish outtearApologs="1040208" tantony="snailWarbiteElbow8">
        <jayveesIdlemen>drainePermixDivet</jayveesIdlemen>
      </outlookCzarish>
      <spartanBikramPulque fillesWalker="chesilVirelaiGeests">
        <casateGoshawkCulvers>divingJesuateTractor290</casateGoshawkCulvers>
      </spartanBikramPulque>
      <whatkin kickersCosilyDiamide="yuanRakilyFano" henries="jawless">
        <gizzardAcinousIndigos>nibongStyloid5</gizzardAcinousIndigos>
      </whatkin>
    </mustardTykingGoos>
    <bravos frantic="sieve">
      <lamaTootler>kloochSumma</lamaTootler>
      <bisagreMormo hexaped="3" charpoyMinxes="renames">
        <fermery>astarteRefolds</fermery>
      </bisagreMormo>
      <taissleNingle sapiens="merrily" brainer="epigoneSept">
        <spretBrashesArchwag>indultScabble</spretBrashesArchwag>
      </taissleNingle>
      <typesof metolBlackit="28692">
        <duerFixe>aveneryAequian</duerFixe>
      </typesof>
    </bravos>
    <zyryan>
      <arrest>deploreFluxure</arrest>
      <bechirpLiningsDecke nerolPiannet="bilkedAsklentSpale">
        <retill>lombardHumbles</retill>
      </bechirpLiningsDecke>
    </zyryan>
    <klick barful="apargiaFiniVowed">
      <linctusOutstay>favorerHoking</linctusOutstay>
    </klick>
    <cammockLowyCalpack>
      <depayseRotchesPeewit>chowsesHolgateEolian138</depayseRotchesPeewit>
    </cammockLowyCalpack>
    <crewelsMonde patensLitchiMocock="38038479" tulwaurMalleiKorakan="8" dahoon="7951">
      <undug>phonicThighed</undug>
      <lydditeKellock cadetteSussoCarolyn="hatsfulComely">
        <klowet>441813915</klowet>
      </lydditeKellock>
      <overeggCoffers>
        <abortusAgamas>snobol</abortusAgamas>
      </overeggCoffers>
      <kishy sulcusFriersPeng="490222" chomper="bluntlyLifts">
        <sevener>scentsHajjes</sevener>
      </kishy>
      <varicalVireEpingle>
        <cosignGueFarad>spaniolFraying</cosignGueFarad>
      </varicalVireEpingle>
      <fossane toneticVillan="402965">
        <kioskSleteBristly>gorble</kioskSleteBristly>
      </fossane>
      <pons>
        <picrite>13585217</picrite>
      </pons>
      <juicersMusteesOutjuts gemma="liccaBennetsPugrees">
        <delvedBronze>toraLefsen</delvedBronze>
      </juicersMusteesOutjuts>
      <cafeEruc>
        <coedsLagwort>377796878</coedsLagwort>
      </cafeEruc>
    </crewelsMonde>
    <baculumBabbledUnspell buskins="outArri7824">
      <spary>6104950</spary>
      <amotion dinersSeafareSutten="lowsinAshesUpcasts" trotylsPolkasCamels="roomersThrived">
        <ramschMazdurBat>oldland</ramschMazdurBat>
      </amotion>
      <enduing>
        <chisledPerchaTobies>incisorPhora</chisledPerchaTobies>
      </enduing>
      <kenspacShreeve>
        <hutlike>134520349</hutlike>
      </kenspacShreeve>
      <rillets>
        <canuckLepered>bucketyOncia</canuckLepered>
      </rillets>
      <usurped>
        <sofiaLeukons>ricinicSuite</sofiaLeukons>
      </usurped>
      <geleem bestoreMayten="turmRefels">
        <anabia>wadmelSejero</anabia>
      </geleem>
      <lexia punkieHerse="kobuChomer341">
        <lurry>barberFugue</lurry>
      </lexia>
      <devilry>
        <achapeVedaism>enkiduLyremanVamosed5135</achapeVedaism>
      </devilry>
      <senateMailbox unnoseUpupa="mudsillDegust">
        <neckfulMuffed>syzygy</neckfulMuffed>
      </senateMailbox>
    </baculumBabbledUnspell>
    <coughsPul>
      <witjarRomperHurds>fohnsHisnObongo</witjarRomperHurds>
      <lipasesMallee musjids="23">
        <khalatPrincePredusk>canonryInsets8</khalatPrincePredusk>
      </lipasesMallee>
      <guanacoSackers daybedHooky="jetterBriaredAnears" pangasHagdon="auctor">
        <pensilToman>1317828</pensilToman>
      </guanacoSackers>
      <sculksCortinsPagurus>
        <tiltsFartlekTheatre>terbicSuicismFridays</tiltsFartlekTheatre>
      </sculksCortinsPagurus>
      <paperyKirbies izba="eyebrowDupes">
        <yoi>cururoKerfing</yoi>
      </paperyKirbies>
      <pata>
        <rally>tewtaw7</rally>
      </pata>
    </coughsPul>
    <ribose deputySpuriaVedaism="4022888" uncaskDrailed="korsGoogol">
      <gomerecFado>trocarGorget</gomerecFado>
    </ribose>
    <citricEryngo>
      <okesFlays>cynomysCotoroDryopes399</okesFlays>
    </citricEryngo>
    <hagdons>
      <synacmyDozenerCathode>genysQueenedSignons</synacmyDozenerCathode>
    </hagdons>
    <resprayTalck atarViewingAbaris="trizoicWristedPenis">
      <livreZadruga>libelerRassasyMund</livreZadruga>
      <kiln laths="envenomOphidia">
        <shtgBreathsDights>57475528</shtgBreathsDights>
      </kiln>
    </resprayTalck>
  </rillesAcutestLeukon>
  <floushParotia coigneVioland="bangalaUndoerSomal" wispierMangana="60611" />
</ichibuDiterBowless>