<?xml version="1.0"?>
<randomsAdulateMarting>
  <shillukRiteMuser cupelsKikumonAthrong="mibTurrion" penfoldBluffly="brlCaporalSelfish9782" vela="2261112">
    <tiddy>
      <oldSnatchyMollah>860184542</oldSnatchyMollah>
      <doodiaTannaicPanful etasVoluperStruct="1">
        <unwombPoiana>7602</unwombPoiana>
      </doodiaTannaicPanful>
      <gomeralLeastsLascars>
        <madid>6</madid>
      </gomeralLeastsLascars>
      <deskKnucks recklaPandaniGeomant="aquafer790">
        <aquenchBundookSixain>527791</aquenchBundookSixain>
      </deskKnucks>
      <pulmentCucuphaAspen scaurRajasic="mole">
        <guigePlisseUrnlike>enrage</guigePlisseUrnlike>
      </pulmentCucuphaAspen>
      <unkind>
        <simple>weeshUparm</simple>
      </unkind>
      <taffiasAlibisWheeps vavSkinnedBlowy="coaxial">
        <cyclase>unhead44</cyclase>
      </taffiasAlibisWheeps>
    </tiddy>
    <donnock poieticFoutyIlocano="serfageMisweenDoum">
      <yateSpongerDazy>bdrmRivalsCatawba</yateSpongerDazy>
      <hoerGruisTissues achBattuta="guasaThorpsGunl">
        <leafingCockleAldamin>disrobe726</leafingCockleAldamin>
      </hoerGruisTissues>
      <tureen adagyColumns="amperyPlovery">
        <untriteBiassed>gypeTrewage</untriteBiassed>
      </tureen>
    </donnock>
    <unitismGipsiedAlferez>
      <lathCayos>stylersHafnia7045</lathCayos>
      <burgles entrantBesaile="33653" dingsNepman="sandboxBalanic">
        <gonagiaCoredBroncos>bihamSerb</gonagiaCoredBroncos>
      </burgles>
      <blowerFalseFilmdom hougherAllheal="druse">
        <triced>campierAcroaStory</triced>
      </blowerFalseFilmdom>
    </unitismGipsiedAlferez>
    <beetlerVerby>
      <graupelTbsRemote>rustRinkiteTucson</graupelTbsRemote>
      <vax tst="jeffreyBontok" shticks="29517806">
        <feater>19074</feater>
      </vax>
      <fahlerzVenins>
        <frantic>shahsPotorooPacs1</frantic>
      </fahlerzVenins>
      <fohn griftedCannel="chargeCrianceLych" capos="6299255">
        <naysayJuraTilikum>3701</naysayJuraTilikum>
      </fohn>
      <prinkedForebay>
        <itelGluepotRipal>flutier</itelGluepotRipal>
      </prinkedForebay>
    </beetlerVerby>
    <floeyKellionTutee cocusNaamHingers="3" zoosisTyros="snawleMourns">
      <nobbierUncolyMelanin>twainsHandier</nobbierUncolyMelanin>
      <chowRenerve anusesScogginKnows="79" farmsGobbyMonades="acoasm">
        <cuemanSlonk>440160</cuemanSlonk>
      </chowRenerve>
      <nuthook deridesDying="hydraulRefinedIrking" durango="auxin">
        <utensil>witting45</utensil>
      </nuthook>
      <repostViolal>
        <codded>mespil6</codded>
      </repostViolal>
    </floeyKellionTutee>
    <horstsUnifiedDelfs>
      <fondukInstarsStetson>9280990</fondukInstarsStetson>
    </horstsUnifiedDelfs>
    <loamingCaped>
      <marimbaStoae>4708940</marimbaStoae>
    </loamingCaped>
    <snoolsPintoWranny>
      <savoyed>revoirWightlyTheer</savoyed>
    </snoolsPintoWranny>
    <myxomaTupsSheard>
      <jhvhSimoons>lixiviaKsi7</jhvhSimoons>
      <revieXed xiphiusLordsCantara="584">
        <cardelDens>amidol2304</cardelDens>
      </revieXed>
      <nome lyttas="pinolia">
        <unweftDaemon>era</unweftDaemon>
      </nome>
      <chitterPassMercers>
        <adamiteBayOersted>woefulGiroJehus907</adamiteBayOersted>
      </chitterPassMercers>
      <hoofersPolaron>
        <midwestPaceway>seismsAwaking4</midwestPaceway>
      </hoofersPolaron>
      <fileSneakyJayant trootPedum="samucu" guile="sacquesLimnerTously">
        <stonedYapness>771865</stonedYapness>
      </fileSneakyJayant>
      <outwoeJecorinBeldams hespelElixRamlike="tunnaMosaic" dartoidOutnook="eldrichTunfulTyranny">
        <tineids>patulinVoulgeRambles</tineids>
      </outwoeJecorinBeldams>
      <bietle deificAcquestViewer="echoerSynodsBallies" tirmaIleitis="haems">
        <inhellJags>traded96</inhellJags>
      </bietle>
    </myxomaTupsSheard>
    <optingSunnism>
      <xylonic>ryesIddhi</xylonic>
      <hyteMolls hanse="hoggersAmbersCath" josherHarkingSculks="clunkedSciage">
        <flattenTekedye>shuffBrachiaMacron87</flattenTekedye>
      </hyteMolls>
      <haycap>
        <karateBurghGirba>833014</karateBurghGirba>
      </haycap>
      <jelledLucifer>
        <sleuthSycite>freckly</sleuthSycite>
      </jelledLucifer>
      <pgnttrp adz="tigroneFraela">
        <aquinasHydroxy>versusCuracoa721</aquinasHydroxy>
      </pgnttrp>
      <lokaose godivaDitali="photomSjaak7355" bravely="braglyBosons">
        <quickieCringesSmoot>chattedSwagmanInstop</quickieCringesSmoot>
      </lokaose>
      <mintierAnilla zipsNachoTaxemes="reggaReiving">
        <voidSunbird>evanidAplomeTushing</voidSunbird>
      </mintierAnilla>
      <redecayOstiateTrinary mlange="avowersSerraiWashman78" beverly="756839">
        <moppersAmicousSompne>gyrusRecoinsRemnant</moppersAmicousSompne>
      </redecayOstiateTrinary>
      <fudgedTriunal southly="tercesMancala" nummaryDueness="135658">
        <pashedUmbeled>ginksCelesta</pashedUmbeled>
      </fudgedTriunal>
      <swegoVibrionTumbled joinderBeseenUnhewn="demobsAbomasSclate">
        <greeing>daoineTamanac</greeing>
      </swegoVibrionTumbled>
    </optingSunnism>
    <airishNidi>
      <oedema>355</oedema>
      <solemnCocainsEmboly nordicWeetedJetons="curtals" acrogen="satrapBlanker">
        <abasic>29847</abasic>
      </solemnCocainsEmboly>
      <maplandGyppersTopknot sphalmaKymnel="squirmyFurrow">
        <jumpoffPrahusDhikrs>pombeThug</jumpoffPrahusDhikrs>
      </maplandGyppersTopknot>
    </airishNidi>
    <brans>
      <whopUnguardNimble>tampsRockierPin8049</whopUnguardNimble>
      <saimy>
        <neckletSibyls>capCretismCardo</neckletSibyls>
      </saimy>
      <carersSiumRuffle umiaks="closeupThixle5683">
        <brankie>salvorAsbolinTach</brankie>
      </carersSiumRuffle>
      <emboliAnchorQuiff>
        <intrShuckSpinach>ishSeceder</intrShuckSpinach>
      </emboliAnchorQuiff>
      <bruja asopFibulas="reitArechePinitol" grittleMelada="marxHavior41">
        <redlineFloodsLeonis>18047637</redlineFloodsLeonis>
      </bruja>
      <icodZarnec spiled="fuegian" dhobeyDiactSwive="diopter">
        <badEnnoy>itoubouGaits</badEnnoy>
      </icodZarnec>
      <styldia onocleaShoAgyieus="loppersMordvinDipnoan">
        <aptoteOrdo>chumpa</aptoteOrdo>
      </styldia>
      <filmerTarheelOthake plush="88" hedgebeFunks="caulkedCockies">
        <smell>panamaVarsity</smell>
      </filmerTarheelOthake>
    </brans>
  </shillukRiteMuser>
</randomsAdulateMarting>