<?xml version="1.0"?>
<khalkha>
  <sanggil leashed="ayieldCorium" rajah="starts4" sowfJibbeh="330" endurosTroggerBailers="bejapeJewisGobble">
    <merligoParvenu>
      <quothTubuletAesture>aerier3</quothTubuletAesture>
    </merligoParvenu>
    <proxySurfuse>
      <tweedle>700550</tweedle>
    </proxySurfuse>
    <keelsSheaves>
      <azuliteJunkier>froRatos</azuliteJunkier>
      <hopingUpvomitWayment>
        <strude>wackerSmote</strude>
      </hopingUpvomitWayment>
      <isleta>
        <azoxineWiggen>chaletFixure4259</azoxineWiggen>
      </isleta>
      <outsetsCharmed unsurlyFoamingClumped="blobZaffirs48" miastorAmma="welshyPyrex">
        <baeOmelets>atebrinSheaPoohing</baeOmelets>
      </outsetsCharmed>
      <backageSnakierJetons>
        <ibidineNangkaTugless>wurrungEstoc</ibidineNangkaTugless>
      </backageSnakierJetons>
      <commaNantzChetahs smitersLogroll="pluteanBeira">
        <leoAwningBreba>weznUnruedPardi</leoAwningBreba>
      </commaNantzChetahs>
      <attests basalia="everts" livian="9">
        <cangues>culversMuggy</cangues>
      </attests>
      <eveline ifintKraalsStover="gossipy" unslowEssays="1">
        <hulkilyEjooTeacups>vitrainAfront4802</hulkilyEjooTeacups>
      </eveline>
      <chaverDeserve teraohmDrone="anthrol" uplimb="baronry">
        <arsenic>tragule</arsenic>
      </chaverDeserve>
      <tropal sapitGoggler="flacksOneroseChats" mimmoodSurfuse="311479488">
        <loomer>71805094</loomer>
      </tropal>
    </keelsSheaves>
    <cuscuta>
      <embaceHeroicDeady>exul4804</embaceHeroicDeady>
    </cuscuta>
    <unfixesKilij>
      <tubulus>82577797</tubulus>
      <colimaHispaTshi>
        <refuseBigaeBaser>tibeySecure260</refuseBigaeBaser>
      </colimaHispaTshi>
      <instopCordial pellasIratestRindle="270166" beleaf="upflungFunkers">
        <unagingOuterlyLeslie>centage</unagingOuterlyLeslie>
      </instopCordial>
      <punningMatie piratedPulletsSorosis="phloemsAroid">
        <petemanSkunksStarve>lube</petemanSkunksStarve>
      </punningMatie>
      <digitusCicharDaraf blandAlchemLowland="achueteCalabar" alquier="bisayanHorsteDiactin">
        <bisksMonelHerry>365325765</bisksMonelHerry>
      </digitusCicharDaraf>
    </unfixesKilij>
    <futuresHaptenHerbist>
      <hexylEugeny>daalder</hexylEugeny>
    </futuresHaptenHerbist>
    <haylage pachaArgleLean="6084892" ruchesTrilletPrlate="nicker" sepsinWikingGuarri="shewAzulene">
      <faciestFado>otioseAmandaWholism</faciestFado>
    </haylage>
    <unsoledBenne>
      <sumacsVarsalSomner>duckletPhaeismDeedy266</sumacsVarsalSomner>
    </unsoledBenne>
    <oliveanKayoes>
      <ashakePayongFerris>riboseFeddans</ashakePayongFerris>
      <incorByeeQuelme>
        <quieten>unrotedMushlaEnvy</quieten>
      </incorByeeQuelme>
      <droukGamingRighten>
        <andreas>seduct</andreas>
      </droukGamingRighten>
      <grilleeBarger>
        <unfiled>4155</unfiled>
      </grilleeBarger>
      <outfedHaiverJasies>
        <laurelPokable>voluptyMarmionBoatly</laurelPokable>
      </outfedHaiverJasies>
      <bathalaRogueryZink tressonGiggleRelevel="343410794">
        <tupaiaRipped>ungladManasic</tupaiaRipped>
      </bathalaRogueryZink>
      <sourHurdisWanier harmfulTechily="decklesOmber60" monism="unarchHardockAttical3068">
        <umbral>quinone12</umbral>
      </sourHurdisWanier>
    </oliveanKayoes>
    <mossoUpbrow>
      <paybackCymbalValhall>20</paybackCymbalValhall>
      <verbals reeTsubaKyar="cabanSalomon" barboyCharpie="pratingWreckyAstor">
        <signaryTomback>950004812</signaryTomback>
      </verbals>
      <prismal>
        <cotmanElementElites>myrtles</cotmanElementElites>
      </prismal>
      <soushyUnlavedLoglog cozyAllonymPharian="524832">
        <hornist>jargonOmbreLizary</hornist>
      </soushyUnlavedLoglog>
      <delesKabaya>
        <potoos>22256627</potoos>
      </delesKabaya>
      <persianBeninNitons fineish="gunplayMeekerOnly1859">
        <slichOrchBumfeg>unsashSnupChytrid62</slichOrchBumfeg>
      </persianBeninNitons>
      <turret>
        <rabidlyMussickCheyney>kwartaGaboons6640</rabidlyMussickCheyney>
      </turret>
      <furlerStang>
        <bangledSelva>7</bangledSelva>
      </furlerStang>
      <quaich>
        <macchie>fireHusbandPlumbs</macchie>
      </quaich>
      <sartainMonadalObeism helpfulKalends="4344" misgrowTaster="chounce">
        <flatway>princes</flatway>
      </sartainMonadalObeism>
    </mossoUpbrow>
    <copulas>
      <dynamicDingies>sporterKaren424</dynamicDingies>
    </copulas>
  </sanggil>
  <semicup>
    <claretsInjunctDonmeh>
      <rightenVrouwTotal>5275140</rightenVrouwTotal>
      <virgerVirgaPaned>
        <beenRicheSmooge>enpiaHemopod</beenRicheSmooge>
      </virgerVirgaPaned>
      <scribesFacingHagrope purls="airthedMisally">
        <explore>syconidPannagProvent</explore>
      </scribesFacingHagrope>
      <eamOutfox>
        <sacredAion>qatsStoshInbeing6992</sacredAion>
      </eamOutfox>
      <creen>
        <donnertLenduLeered>jainaColagePutois</donnertLenduLeered>
      </creen>
      <ophioidSulphinReuel incense="worsetWhining" vilify="21">
        <boney>jerkerLackers</boney>
      </ophioidSulphinReuel>
      <disgustIsurusInvile antingPrytanyLevator="niloticForcerSparrow258" linseys="coding5868">
        <creenEarableHenbill>egoizer</creenEarableHenbill>
      </disgustIsurusInvile>
      <valoniaSwirlyEtrog>
        <glyn>sqdCataloHakeem5054</glyn>
      </valoniaSwirlyEtrog>
      <rimmerMedulaLindane>
        <wonky>hangby</wonky>
      </rimmerMedulaLindane>
      <aladfarMoiestImbibes dancerSkelper="gonif" ascula="8587897">
        <dinging>goulash958</dinging>
      </aladfarMoiestImbibes>
    </claretsInjunctDonmeh>
    <pascal>
      <bagdiSvgsSheikhs>250136</bagdiSvgsSheikhs>
      <furredAvisosSpathed boppingFlam="owght9" shavian="hydros">
        <liyuan>85329</liyuan>
      </furredAvisosSpathed>
      <protoreUpshoveSpier winful="732">
        <navely>11957323</navely>
      </protoreUpshoveSpier>
      <graftsApathus hogstySabanaCalic="wastierWritSagos" lisping="travelFlopperCommas">
        <eyryBuccaro>panmixyStork</eyryBuccaro>
      </graftsApathus>
      <hangarLight>
        <purey>orneryCaradocEpaxial456</purey>
      </hangarLight>
      <admi inclUncageFlisky="sorgos" ptisansCadresKiluba="sleeks3543">
        <prioJuking>kidnapsTonsure</prioJuking>
      </admi>
      <thug>
        <dismit>22787870</dismit>
      </thug>
      <biaxialSludges>
        <sambaraPhylic>salomon</sambaraPhylic>
      </biaxialSludges>
      <betoyanTaphria exeuntImpones="ferric" dewlapMannose="degageSwanServoed">
        <huldah>hemipicKales</huldah>
      </betoyanTaphria>
      <butties decodesTareq="herbishPloceForrel" tented="4">
        <liquetMurmurs>lucenceKnurryDamnify</liquetMurmurs>
      </butties>
    </pascal>
    <versineArriagePalayan jealous="goons">
      <hagglerSwarmyEasters>5079</hagglerSwarmyEasters>
    </versineArriagePalayan>
    <gigots bubaWraithyDcor="mortAccumb5" ltrArctiid="gps">
      <malagmaSpuddy>lideDanismCestrum</malagmaSpuddy>
    </gigots>
    <biteSioningMyotomy flakageExtruct="boundedDustmenAstel" bromus="sorrenLeifiteHrdwre" sheals="eyries">
      <motleysBishariCoaxer>nauseumMismazeIncord</motleysBishariCoaxer>
    </biteSioningMyotomy>
    <mutuum bolsons="462" shaptanSfogatoBurans="minvendBulkerFulgid3773">
      <jennaOregoniHarled>sanjibLawsIan</jennaOregoniHarled>
      <gemmateHamose>
        <buriels>mulderMuggetRigor</buriels>
      </gemmateHamose>
      <gagmenConsuls dolisieMomento="3652800">
        <smartySolanum>thingSprunk</smartySolanum>
      </gagmenConsuls>
      <ronnelsBalkan almsCupsful="crubeen74">
        <hexineWatch>angieBalcone</hexineWatch>
      </ronnelsBalkan>
      <eponymsFlowingVivific hareburGooldeTeuton="fidley693" holdenSegou="bienlyRchauff4">
        <bindletFerio>fungicPatmian</bindletFerio>
      </eponymsFlowingVivific>
      <chalet thriftRequiteOompah="muzzlesItalonBrag">
        <vacantReenjoy>winfulSarsnet</vacantReenjoy>
      </chalet>
    </mutuum>
    <bixaDiols>
      <biliaryTelergy>mousoniPithier2</biliaryTelergy>
    </bixaDiols>
    <haploid futuralImagism="hutletLukeLindy" ops="ojibwaEstradaHathor" reemitFelliesDeiseal="pram">
      <urarisWontons>prigged</urarisWontons>
    </haploid>
  </semicup>
</khalkha>