<?xml version="1.0"?>
<hackersMixedly>
  <bowmanKasidaKlosse joseite="chinseReeledMeratia" hairseMise="recurs231" mashlamBitterGoaty="khojahWooshes" faery="rodd5715">
    <ventilBicetyl>
      <pulgada>sexualeNervuleTylion</pulgada>
    </ventilBicetyl>
    <succentFortakeBegowk>
      <entachCoccyxDipody>ruelliaFreqLawines</entachCoccyxDipody>
      <loup>
        <giglet>tampang</giglet>
      </loup>
      <renninsVarlet plaidieDorsadThorons="alumina830" benzoxy="92819">
        <brujas>7767</brujas>
      </renninsVarlet>
    </succentFortakeBegowk>
    <regnumBuzzier mellate="430500" bilaanRetsPallies="carstenGanner">
      <humiteRhd>432407498</humiteRhd>
      <souped condDaidly="6170" mpbs="sheshaColley">
        <mimesUnilobe>pinnageNighs</mimesUnilobe>
      </souped>
      <negoce endozoa="lakhBusboysMoundy" cuddleSain="bidding">
        <sprangPeptidsUreal>32585720</sprangPeptidsUreal>
      </negoce>
      <badransWad>
        <suriana>althornKobiVocule9095</suriana>
      </badransWad>
      <singletHagger agyPowderyWireway="hooyeKae">
        <aristas>324456</aristas>
      </singletHagger>
      <mendi>
        <stodgesOsages>doffing</stodgesOsages>
      </mendi>
      <crewingMirexesSwilled meltageIndoin="writhed" frowlLere="spinetSandhisMauri">
        <kirghiz>simoom</kirghiz>
      </crewingMirexesSwilled>
      <pincer adoredFlyblow="salpaeEadi" sparky="abyes">
        <paiksReverso>2</paiksReverso>
      </pincer>
      <ionisesDucula puckishPotanceApelles="nugify" ambagesBetook="pockilySolo">
        <cussed>nandowCaproneCitrate</cussed>
      </ionisesDucula>
      <duhat antigenGomutisEstops="hareTibiaTinne" apogenyDermal="chayote">
        <letticeUncake>asperAcerbly</letticeUncake>
      </duhat>
    </regnumBuzzier>
  </bowmanKasidaKlosse>
  <cantionPompa upleapStraits="bahistiGermier" leetmanSamogonGallow="unrollThinnerKhayal" alecizePrewireKwapa="tewly" />
  <combedNudish beingAntiar="alin">
    <decimeNiuanMakatea amireFascio="tajik" voledEtuis="palelyBedikah" miswireOven="batfishZaparaCausus">
      <arms>lentousMazamaYolk</arms>
    </decimeNiuanMakatea>
    <zanier corral="inchestOctagon">
      <seorUpsolve>funkyRaguly</seorUpsolve>
    </zanier>
    <pixSaumyaPsoric>
      <orchard>traiksPsocidsAsculae</orchard>
      <mildewy>
        <celotexDipsie>rehale</celotexDipsie>
      </mildewy>
      <hats warluck="brasses" deemingGraves="unraspy">
        <proprUncorks>86220570</proprUncorks>
      </hats>
      <codableBadaud ricketCogger="putterLeghorn" arcsineBaalishFearers="894005">
        <fidging>forwelkChuggerVittled</fidging>
      </codableBadaud>
      <smuse cecca="tacananGebang">
        <lateralWoodrisWelk>tallishOaklike93</lateralWoodrisWelk>
      </smuse>
      <sepsisBombicSoir domingTizeurAnomer="hornyCoontieCulches8" arnicasAstart="boodledBracingMeaty">
        <enceint>basten157</enceint>
      </sepsisBombicSoir>
    </pixSaumyaPsoric>
  </combedNudish>
  <norimonKapoks waybirdGirnel="jibe" longedScrauch="unhaft" osiers="boran" />
  <hogmane essaysProofer="9186305" ruddles="ohmages">
    <brachPigdomSomite aciderMigale="unfree" diwansDurriesDaytime="clatterAmicus">
      <jondla>ranalesSeidels</jondla>
    </brachPigdomSomite>
    <interns>
      <cerinHinniedReport>suionesWolfkin</cerinHinniedReport>
    </interns>
    <showishMirabel>
      <jardeVelures>retinolCutwal</jardeVelures>
    </showishMirabel>
    <calche>
      <advisoNitBrowzer>lyart</advisoNitBrowzer>
      <salada micaGoldarn="snagrelRheenMoreote" machete="iguaniaReaginsCullers">
        <gusts>804206676</gusts>
      </salada>
      <sulkiesNeocyteSiestas yaupons="6908">
        <rankle>ampereKiriSeedily86</rankle>
      </sulkiesNeocyteSiestas>
      <sappilyMercersSedums scenary="festinoTinsman">
        <eliza>ammi14</eliza>
      </sappilyMercersSedums>
      <unfact cayuga="kapokMarathaFilace">
        <havageUnslungFedora>neetup</havageUnslungFedora>
      </unfact>
    </calche>
    <perms zephyr="gaugingTinkler31" denoteSumdumMyrrhs="masarid" levadeFarleGravata="necklet">
      <unawedTonged>coonierGelantCanille</unawedTonged>
    </perms>
    <rizzom>
      <sny>serfdomBarnfulBehests</sny>
    </rizzom>
    <slating snorkel="whirredCoetus">
      <dispairParting>43464194</dispairParting>
    </slating>
    <earingFlytime collateSattar="tithe" nabbukClariniRelive="33">
      <titiesPuteli>legs</titiesPuteli>
      <cheeroTwigger soigneCookeysAlthein="7638901" iodols="63226">
        <scowsZeekoe>patagiaEscort</scowsZeekoe>
      </cheeroTwigger>
      <atleNoncomsPicric>
        <unlace>euscaroUniqueWende</unlace>
      </atleNoncomsPicric>
      <punctalWave toughlyHughocDindles="tandour">
        <uplimbWiggen>katipoFilmsAwheel</uplimbWiggen>
      </punctalWave>
      <dibholeTempusTarrily tableLargerSorter="54870" doorba="fidalgoLevinsSearest288">
        <coupee>vaisyaPhysciaPargana</coupee>
      </dibholeTempusTarrily>
      <koldajiVedaicCiscos>
        <domn>tonsils</domn>
      </koldajiVedaicCiscos>
      <expdtCimbal revving="enfaces1236" lademanLilacsSemble="873133">
        <molasWifes>saluteReverer</molasWifes>
      </expdtCimbal>
      <aurineBeaconsGrecian stirp="defunct" stofPallier="rime1">
        <ming>balsams</ming>
      </aurineBeaconsGrecian>
      <teamingFickle sclaterMoruleGunning="firking" bhunder="taliAchiest">
        <aglossa>embryoThienylPeccary</aglossa>
      </teamingFickle>
    </earingFlytime>
    <sansarMecca>
      <deiseal>ollavZygonBaleful</deiseal>
    </sansarMecca>
    <jeuxPastils>
      <imageGanging>unquemeRowan</imageGanging>
    </jeuxPastils>
    <autoedSunburnCreoles>
      <exerted>petaledPetrary</exerted>
    </autoedSunburnCreoles>
    <putidly>
      <zymite>vepsPone</zymite>
      <paltock signora="6" wavy="629526">
        <wickingLaxnessUnprint>dervWaefu</wickingLaxnessUnprint>
      </paltock>
    </putidly>
  </hogmane>
</hackersMixedly>