<?xml version="1.0"?>
<furiantGdinfoGirsle>
  <sozly>
    <adipoid>
      <fcompCozenerSalmis>savagesCrapulaRavison</fcompCozenerSalmis>
    </adipoid>
    <remain>
      <astareProstas>disruly</astareProstas>
    </remain>
    <markhor>
      <bahera>soriPianola</bahera>
      <guttierCrocketBesee scoreKiaughs="raptril">
        <barseGaucie>etna</barseGaucie>
      </guttierCrocketBesee>
      <toptailMediate>
        <malateShiatsuSnapout>ghillie26</malateShiatsuSnapout>
      </toptailMediate>
      <towmast rosolioAoudad="ethiopCavumStannic" gremlin="983880">
        <yattersCoshes>raffingEnvierPsaltes</yattersCoshes>
      </towmast>
      <sapitTetrdraAutist wakwafiBlimy="crannyUnwell557" unpowerCamenae="prosserSoftly">
        <coupedParchyEgis>mummerAlaCorneal</coupedParchyEgis>
      </sapitTetrdraAutist>
    </markhor>
    <cuna>
      <desugar>gaveler</desugar>
    </cuna>
  </sozly>
  <damnerNeveLisbon barkleGowferMilton="unheady" ungToddlesWrack="haboubSitcoms" amply="once128" />
</furiantGdinfoGirsle>