<?xml version="1.0"?>
<thouingGubbinPaleon>
  <moronicResailKiluck soaking="nedderFaurd" rewhirl="rexesMaileTartryl" ionomer="embayChesonVolans" sloopJetterVolente="psaloidCanc">
    <jaspersUpwells maytenGelateDetenu="glaumTousing" unshodBaniladNymphly="twanaJar" phenosePuntingCete="antics30">
      <lyfkie>dolUnslow2</lyfkie>
      <transit pittine="masons" pinuelaMaux="1809362">
        <mortiseApexLacune>waffs18</mortiseApexLacune>
      </transit>
      <ratbagExploreDearie orbitedUpflee="subaquaStader" vinceBetrimUnfeted="391354505">
        <arboresPupalSanga>frena</arboresPupalSanga>
      </ratbagExploreDearie>
    </jaspersUpwells>
    <trouped kakatoeDebind="gullion40" bluesyBratinaSweath="dernlyAgoutis9" moggedMushy="90220442">
      <pandani>335055789</pandani>
    </trouped>
    <moonlet marlsBemoultChosen="grampaSaltaRotan" yobbo="eloinedSamisenBowses" yackedStarves="nonpar">
      <gunateKatha>hermit</gunateKatha>
      <unurgedBabyism>
        <weccheAphesesRejig>907</weccheAphesesRejig>
      </unurgedBabyism>
    </moonlet>
  </moronicResailKiluck>
  <kiltedSmoreRawbone dennis="snooty" skewly="helbehHapu" endite="agendas323" />
  <griffonFozy />
  <upboltInlaysBunker whims="1035" metzeRebaledHold="parol9" ratalsNeuroidAreolas="hermi">
    <moioMerlingLibinit>
      <puslikeGeminid>flaxman</puslikeGeminid>
      <swithly unlowlyRiveterUpscrew="1" kaffirsHazier="ayah">
        <bequalmBrevet>regill</bequalmBrevet>
      </swithly>
      <upsweep>
        <zamias>90</zamias>
      </upsweep>
      <macrura usselfGassit="amideGarsBarnage" boukit="almoinTittupGasbag">
        <aspisesFrolicEunicid>otacustSpirantStoach</aspisesFrolicEunicid>
      </macrura>
      <moppyMashing allyl="coopeeBortyBryozoa">
        <charque>681720641</charque>
      </moppyMashing>
      <host naganaCardelFirmest="sculped" ladies="toup">
        <cliAxonemeFirmers>kloesseDadeMoed</cliAxonemeFirmers>
      </host>
      <upspeed trenchUswardCaress="51003" zebecCallatWaxbird="5">
        <babistTasselyThins>42450391</babistTasselyThins>
      </upspeed>
      <lurryRomano flanesSkyishWurmal="221880">
        <lodens>39885180</lodens>
      </lurryRomano>
      <yaffedBlotterCharkas briesHydrase="cwoManualAgua" senlacSloop="mufasalCassena">
        <hemine>outtireUnpayKevin</hemine>
      </yaffedBlotterCharkas>
    </moioMerlingLibinit>
    <cheepedOrpheonJotnian jimpy="lowlily">
      <ayahuca>kitschWashed</ayahuca>
      <ripenDorsalAmebae>
        <stet>431779056</stet>
      </ripenDorsalAmebae>
      <eldrichPicine spaldOctopus="brisks79" drupaBoingPyes="snufflyHonkeyPalla">
        <repatch>ladangBatfulGilten</repatch>
      </eldrichPicine>
      <ligatorRivelHuger minings="bebopsGlume" grapery="apocope">
        <whirledProsilyGimped>sappy</whirledProsilyGimped>
      </ligatorRivelHuger>
      <cruisedSaffronSteppe cashier="913" sneb="544">
        <lingtowRiotingTasse>tarryWell</lingtowRiotingTasse>
      </cruisedSaffronSteppe>
      <lexic>
        <xyleneStrewWeri>chauntWhiprayAniline</xyleneStrewWeri>
      </lexic>
      <sorexAgainstGeneric>
        <hammal>skitingChabukPurist</hammal>
      </sorexAgainstGeneric>
    </cheepedOrpheonJotnian>
    <preoticKeisterGammers outhaulBasnatBoccia="cayuses" unvocal="digmeatRatoon">
      <leaped>6584</leaped>
    </preoticKeisterGammers>
    <cabocleSculksCladode>
      <gerresBoyer>331678</gerresBoyer>
      <sardiusRagglesBatted lentos="295309" vangeliTrochCommune="croresBiens">
        <molding>diremptOutwood</molding>
      </sardiusRagglesBatted>
      <sejant wormerRodham="305187">
        <skewlDaddiesMardy>unrunRunoutNixies</skewlDaddiesMardy>
      </sejant>
      <pappoxUnmeantGreasy>
        <kogai>affaite8</kogai>
      </pappoxUnmeantGreasy>
    </cabocleSculksCladode>
    <contDiner>
      <exsect>theoricGliss</exsect>
      <mead outpopCock="lectorSnafus">
        <teths>dorhawkSkeins</teths>
      </mead>
      <talmaZuleikaAurigal topknot="paletz">
        <rhemistGramasHarmins>phossyEmpall</rhemistGramasHarmins>
      </talmaZuleikaAurigal>
      <archilJernie>
        <ajaxWhelkerUtees>grownupPueblos3</ajaxWhelkerUtees>
      </archilJernie>
      <tiffinsFlyboyElytrin sensumSagessePomme="435683213">
        <kneepanJaggyDeluged>200714</kneepanJaggyDeluged>
      </tiffinsFlyboyElytrin>
      <spinierAzofier akinete="784">
        <gondCooheeTracks>nacryArthaHuma</gondCooheeTracks>
      </spinierAzofier>
      <sonar pawnShilluhBashing="131" poppeanGemauveCoiffed="dreamsy">
        <spark>5191080</spark>
      </sonar>
      <gamineDesired lidar="hennaAsseourTaiaha">
        <dochter>anywhenAmorphiAppui</dochter>
      </gamineDesired>
    </contDiner>
    <tajikiAgalmaVoes urnfulDiedFarrant="3" idahoanSoyas="niduliMestlen2117" chastyMoggedHazels="ulemasGhaist7">
      <frateryTribady>82804</frateryTribady>
    </tajikiAgalmaVoes>
    <lobbishTurgy>
      <majas>notaeal</majas>
    </lobbishTurgy>
    <piedlyOras>
      <gamsDimity>jellilySlug</gamsDimity>
    </piedlyOras>
    <taskMeadowy>
      <atomsSewster>dorsaleParkway</atomsSewster>
    </taskMeadowy>
    <gladdonGaolingKnatte>
      <cartons>rattrapDrupe</cartons>
    </gladdonGaolingKnatte>
    <lench>
      <burghal>pararekLdinfo</burghal>
      <chaiCundumsWashpot unheardBul="arsheen118">
        <smritiSalvia>abstainAlogian44</smritiSalvia>
      </chaiCundumsWashpot>
      <moro sibbing="2759643" iacchicSocking="tipsAzoleMedleys">
        <angild>shandy9</angild>
      </moro>
      <victory tacklerSeawareNonbusy="tippers">
        <hintersLaddessApathia>faciaSextula</hintersLaddessApathia>
      </victory>
      <vizResailAngioma linderaSynchsLowder="sonrai723" bulbousCurat="aspersPeoniesOralism">
        <arrayalHewgag>succentPairtCodlin</arrayalHewgag>
      </vizResailAngioma>
      <fretter>
        <choline>keloids</choline>
      </fretter>
      <sawlogTwentyAlkamin priorySizingsArite="3399688">
        <fulgurReratePikakes>gutser</fulgurReratePikakes>
      </sawlogTwentyAlkamin>
      <didnPujari minimax="vertepWearily" cetiFamble="kabakas">
        <alnicoEspavelEncore>utrubiUndrestIsopoly</alnicoEspavelEncore>
      </didnPujari>
      <protistBoatels sanctumJasioneFickly="chlorLuckieFavilla">
        <vented>7</vented>
      </protistBoatels>
    </lench>
    <mannBursterVerdant quinoasDuvetynShirty="longues">
      <drentPassoutSclate>areolaErgs</drentPassoutSclate>
    </mannBursterVerdant>
    <coarsenPiezoSoils pruigoTavghi="lunasLaggers" lamingMoyener="lomentaNasial5" sprugOmensBadious="unfixTeeing">
      <faun>falser</faun>
      <caplessShuts moolveeTinning="23478083">
        <heafMarshes>gonzoPashing</heafMarshes>
      </caplessShuts>
    </coarsenPiezoSoils>
  </upboltInlaysBunker>
  <preactsAziminoYuppie sicken="buboesTamber" vivdaLoathes="costateWampusCancri" unrazedKodagu="bummeryLivery">
    <lyrisms>
      <carkedMarsesWonner>56545319</carkedMarsesWonner>
      <compedScuddle moche="herdicAgcyReswarm">
        <purredPregustStethal>575450</purredPregustStethal>
      </compedScuddle>
      <sikesDigitus>
        <pinus>ciborySild</pinus>
      </sikesDigitus>
      <regaveMales lefterChorti="hoody" parsonLambesKadsura="brughMtn">
        <pelagicCaboche>harrid34</pelagicCaboche>
      </regaveMales>
      <pookoo ominousYelverReefer="loopfulRastik">
        <yirkDochter>ultraZebulunTapis6385</yirkDochter>
      </pookoo>
      <galliotNigget bacquetEzod="keteneAjaxNighty">
        <morw>skeanesOathed</morw>
      </galliotNigget>
      <botoyan>
        <chatted>zontaWiggle944</chatted>
      </botoyan>
      <dawdled>
        <apersPerfay>peace</apersPerfay>
      </dawdled>
    </lyrisms>
    <succeedScelpLanific lucViolasGer="hottie" vatAutemGiver="quininaSomitic">
      <anilineTomandWiggled>arcticsGrass</anilineTomandWiggled>
    </succeedScelpLanific>
    <saladaGuacho>
      <millesCawny>7116</millesCawny>
    </saladaGuacho>
    <washoffRetreatBenamed heukPuranicOjibwa="sheva" inkosiRewing="basisPeplumMoulted" homierWindway="waremanVillose24">
      <murgaMuysca>crotaloSamely</murgaMuysca>
      <greableTagaur oozingToywort="1637695">
        <putsch>8672877</putsch>
      </greableTagaur>
      <rosabelDunning sheitanMistilyNapaea="stumble228" mangoroIrishlyFuzil="halfwitFableSulker1081">
        <beetleMatzohCandle>4247536</beetleMatzohCandle>
      </rosabelDunning>
      <multi>
        <reshearUmiriMaam>inquietUnfeed</reshearUmiriMaam>
      </multi>
      <saponiJoseite>
        <gardeBiggie>16</gardeBiggie>
      </saponiJoseite>
      <upbuilt trixyGpmDopey="anergyKokopuUnhope" djehad="codaAsg">
        <isaiahDowdy>enwovenCurtein</isaiahDowdy>
      </upbuilt>
      <puteleeSop>
        <unwaterOxyBergama>hausen</unwaterOxyBergama>
      </puteleeSop>
      <trefahInhoopBerms>
        <skerryAhold>caviarTippersEnorm</skerryAhold>
      </trefahInhoopBerms>
    </washoffRetreatBenamed>
    <wayakaSpheredIslot partnerGuppy="kellyUnmitre" primiDimatis="colon">
      <aboradFundsFlanker>jaguaEveline</aboradFundsFlanker>
    </wayakaSpheredIslot>
    <topedTritoneLimace>
      <doffsAmusedFoliary>palingChimesAncilia</doffsAmusedFoliary>
      <burmese unclad="basenjiHawkers">
        <sinaean>chotts6717</sinaean>
      </burmese>
      <mildewHockeys rooibokMiltsLimba="barking">
        <sterile>vrbaite</sterile>
      </mildewHockeys>
      <radSupplerWhilere solidusGrueledNiblic="frizzesLeeward">
        <malicho>6</malicho>
      </radSupplerWhilere>
      <rebuiltSanjay stayed="unripe45" bumwoodIridoExonym="fungiaMisbrewRarish231">
        <access>bananasPimaricShifty</access>
      </rebuiltSanjay>
      <ytterSporeCreatic>
        <smugly>floraMisly</smugly>
      </ytterSporeCreatic>
    </topedTritoneLimace>
    <salons>
      <dapicoBeiraHones>dereTwistyCaptan</dapicoBeiraHones>
    </salons>
    <cashewFirmer>
      <unsawedMislaysDewret>ideatesEzra</unsawedMislaysDewret>
      <mulleysRaisers esopgi="punnyBrazaQuacked" permitScalesSandmen="unbesetPfc35">
        <sistraPolary>alfuroChard</sistraPolary>
      </mulleysRaisers>
      <spaniel locallyOadal="brandleRats" ganef="648453246">
        <raptest>ototoiBegrimeGurgeon357</raptest>
      </spaniel>
      <bonbo efecksLadedCoenure="xylemEnwheel92">
        <sferics>barradEroselyCotutor1064</sferics>
      </bonbo>
      <galeageAntheiaClowned dignifyGlozes="semisesSpoke">
        <conciteStanksZombis>morselsMehari</conciteStanksZombis>
      </galeageAntheiaClowned>
      <verbTopic>
        <osiris>asnort</osiris>
      </verbTopic>
      <colane stroldAbsciss="22307" prooferJamesCasimir="lancingFurylFagoty">
        <woodlyRetreadLeyland>celesteAlignerTousle</woodlyRetreadLeyland>
      </colane>
      <petiolePallarPariah aunties="widthRufusFacsim" retinic="hauseDousedFiscs">
        <hated>fiumara</hated>
      </petiolePallarPariah>
      <sekosFogle asserve="weirdosSubunitTwains">
        <urnfulModioli>dorrs</urnfulModioli>
      </sekosFogle>
    </cashewFirmer>
    <arabicaJiao>
      <nook>966417317</nook>
    </arabicaJiao>
    <restioShoosSecable>
      <wellset>lobeletHircine</wellset>
      <pochoir>
        <warmup>30671047</warmup>
      </pochoir>
      <fortyYojan trona="ahuGarrot">
        <pyoidWaylandMimosis>7</pyoidWaylandMimosis>
      </fortyYojan>
      <goggaVisayaShairns ungruff="erato">
        <wilesViolatePayni>obeismGrittedPunct</wilesViolatePayni>
      </goggaVisayaShairns>
      <pacerGurlyTassels>
        <dillierRehaleCorvine>unclearSpeans</dillierRehaleCorvine>
      </pacerGurlyTassels>
      <quahogsSavouryRoughly>
        <luxated>mutilla132</luxated>
      </quahogsSavouryRoughly>
      <ageusia screamsLyric="redderEpirotAggrace">
        <gulsach>enlimnKetches</gulsach>
      </ageusia>
      <unallow resters="patchy" fitrootCocuizaBengal="craccaPropped">
        <nougat>cuteAbazeDeters</nougat>
      </unallow>
      <unwindyTinkledRigour pignora="22" shabashMaskegsAverts="balaicRecta">
        <edo>disawaEngland41</edo>
      </unwindyTinkledRigour>
      <spacerMucked>
        <henwile>quesTailing</henwile>
      </spacerMucked>
    </restioShoosSecable>
    <enraceBrittsTomb>
      <foetors>bowwortStephanFlow</foetors>
    </enraceBrittsTomb>
    <fireboxColetit ehliteKilovar="cyamusFerrousCookee">
      <guiderPapernGametes>fray</guiderPapernGametes>
    </fireboxColetit>
  </preactsAziminoYuppie>
  <pullsBiggetyBucklum czaric="prespurRosery" />
  <jynx jibman="jingletMacron" skylab="condole">
    <stapes diplLeaperCowpats="haemoid" mujik="3658">
      <zigMeekest>plfGradersRecked</zigMeekest>
      <riempieRechewSlider>
        <durnedGodship>pastelsErin</durnedGodship>
      </riempieRechewSlider>
      <arefyPraham>
        <bunkieAgeusicAveria>based</bunkieAgeusicAveria>
      </arefyPraham>
    </stapes>
    <cruiser anaxon="colsMeebosOutgive" abilo="adatBalkily" recoil="1">
      <eimak>decernsToadSambuk</eimak>
      <tinders saphead="disgageEvertConfute">
        <theclaUntriteBalks>trotletAustricAvowal</theclaUntriteBalks>
      </tinders>
    </cruiser>
    <terral>
      <pews>misdoBuilded</pews>
      <swiples forkEtaminBirlers="11449560">
        <antipot>turbosTingledAustral</antipot>
      </swiples>
      <nonsaneForgoes narkyCosier="weeped" pectateHeloePtilota="12006">
        <vicunas>11161887</vicunas>
      </nonsaneForgoes>
      <recitExposMucic replan="unsnaky">
        <untiltStunnedViddui>forexSherifsPhu</untiltStunnedViddui>
      </recitExposMucic>
      <summand>
        <epidemy>rhondaBelloteRoads</epidemy>
      </summand>
      <overmen mention="tjositePrimsSmogs92" jachtYillsNoticer="sithenMochras8">
        <stooped>meatedGemelTumfie</stooped>
      </overmen>
      <lunulet betakes="equablyEncycUnadded" sunkets="469">
        <sibyls>lufbery</sibyls>
      </lunulet>
      <hetero khanjar="inblow" juries="fcyMainly">
        <becked>dryableMainanPain</becked>
      </hetero>
      <sitrepSodaicEaten>
        <jeddockLexeme>379298</jeddockLexeme>
      </sitrepSodaicEaten>
      <pizz>
        <immound>fillipsBilging</immound>
      </pizz>
    </terral>
    <fightFrena absoil="swarm">
      <lancingRetrackDespert>unsorePampreFive</lancingRetrackDespert>
    </fightFrena>
    <upgorgeIntros empexaDeskmanAscill="swinneyMumpsHoling" lowseDoles="mendee" dracinBirdeye="tigelleAlmique">
      <burelly>297382</burelly>
    </upgorgeIntros>
    <exogyraMeatheCarmot>
      <laulau>pastsOutward</laulau>
      <tadpoleBaetylPainch englory="apodiaHaire30">
        <rotiferRiggald>22833</rotiferRiggald>
      </tadpoleBaetylPainch>
      <inpushSnootsPokunt>
        <rackwayPlasmsTinger>sporid</rackwayPlasmsTinger>
      </inpushSnootsPokunt>
      <saiceGleba>
        <vestalLapis>meliolaLogeum</vestalLapis>
      </saiceGleba>
      <ceringFatuousWaufie>
        <spitzGaspCurage>8265</spitzGaspCurage>
      </ceringFatuousWaufie>
      <burniesOutseek whensoCubical="rankleWusser" medicCrocardFigurae="fursDidelph">
        <tock>platersJangler</tock>
      </burniesOutseek>
    </exogyraMeatheCarmot>
    <kubachiKua>
      <cubitsNudismPrimers>titleneBoxmanTeenier37</cubitsNudismPrimers>
    </kubachiKua>
    <gybeCassan>
      <lehmerGloatPalp>arsonsApplesCrinoid</lehmerGloatPalp>
      <gaveledClawersRewash legendHoops="beatersPython" positCruorKyrie="dromon">
        <searestGail>triremeSheavedOlam</searestGail>
      </gaveledClawersRewash>
      <vaagmarSnorkel livedSquab="sbloodMammati">
        <piqueFaillesIrgun>strutGlazers</piqueFaillesIrgun>
      </vaagmarSnorkel>
      <mersionMirlyTinamou>
        <buckishClyster>sherdImbibesPinkos</buckishClyster>
      </mersionMirlyTinamou>
    </gybeCassan>
  </jynx>
  <ligures />
  <scorpiiAlpian silvicsEmimUprear="snoopyCozeEnhedge" amentumCognizePyuria="cultsOsazoneHuddles" culragePerries="donatWiches" />
</thouingGubbinPaleon>