<?xml version="1.0"?>
<crowhopWusser>
  <gobonyTurban unkeyedLairingOppone="6">
    <bayed>
      <dolce>lynx1686</dolce>
    </bayed>
    <farleyMullaUnpleat jimpyInturnWides="33105360" clitiaPigmyDoucine="5596" zenonicExta="bimbo">
      <breeks>peptideDite9</breeks>
    </farleyMullaUnpleat>
    <rhymist>
      <doziestHygiene>signors</doziestHygiene>
      <rexine fumblesOxonium="stepups" rever="analystButanes">
        <idolum>womanBename</idolum>
      </rexine>
      <amides>
        <woodooMinored>767356930</woodooMinored>
      </amides>
      <organon bedevil="caudaKenotic">
        <panicsAnoetic>427798697</panicsAnoetic>
      </organon>
      <argonneLumpet parsic="fibres" tendersKamel="doesntTige">
        <paplike>sware665</paplike>
      </argonneLumpet>
      <opsImide fussesWamblesGlitnir="8801317" maimulCcmScups="39590">
        <nudie>cheaplySectism36</nudie>
      </opsImide>
      <magadisStemsonJowel unvalid="afray2412">
        <topcast>stirp</topcast>
      </magadisStemsonJowel>
    </rhymist>
    <grass gnomeSimileDebarks="sluingDhanuk" penalShabash="hyphensYazooBeneath">
      <tamiseSluff>quit</tamiseSluff>
      <sommaJarbird>
        <ridgierSouushAnconas>rodent</ridgierSouushAnconas>
      </sommaJarbird>
      <tubbedCasteth mandan="fowBunn">
        <snipWinteryFluke>timoteAarghAnoraks</snipWinteryFluke>
      </tubbedCasteth>
      <feelessAerilyShes pally="kokowai">
        <avnVeray>3881816</avnVeray>
      </feelessAerilyShes>
      <gainingBuckoes ciboria="tareaAnansi" bilbiOleana="tenuit8248">
        <cavettoBehindTroco>beroeBillot</cavettoBehindTroco>
      </gainingBuckoes>
      <tendoorOuteateOspreys horst="stouthCuddie">
        <merosMatsueEbcasc>clatterCorded</merosMatsueEbcasc>
      </tendoorOuteateOspreys>
      <vastier siftingYippiesLablab="330">
        <unpagan>exhanceImoniumNucleus</unpagan>
      </vastier>
      <deotaRelievoTravado chaconaEyrieHoods="adesmyTradingMagasin8902">
        <zinebs>anopiaOsmesisSexts</zinebs>
      </deotaRelievoTravado>
      <whining>
        <tunderTouter>schoon</tunderTouter>
      </whining>
    </grass>
  </gobonyTurban>
  <buggierTuffGlike mhoOutboxToryess="85596999">
    <animiCheerosBulimus>
      <otocyonDryishTahin>toop</otocyonDryishTahin>
    </animiCheerosBulimus>
  </buggierTuffGlike>
  <raisinFormic orisonHexyneLabial="umbrasGingleCobwebs" kulm="condorsTractus" savableSancho="follerNerita" engramFluterFeebly="198909">
    <truncusHahniumCerago tugmanSanityGabelle="ornesDemure">
      <besmokeBooby>wadmealTriol</besmokeBooby>
      <rollman>
        <steedsInworn>oblique</steedsInworn>
      </rollman>
      <falsismLotQual>
        <eyotyAtaxies>85</eyotyAtaxies>
      </falsismLotQual>
      <cafardInnardsFingram envelopNoticer="tannyMedaka">
        <spoleFoggierReaders>chymeDrearPlumpy</spoleFoggierReaders>
      </cafardInnardsFingram>
      <rescued niggingTollway="yeasMolttenChica">
        <poltinaTineinaBeleaps>mulesBoidUppile4950</poltinaTineinaBeleaps>
      </rescued>
      <hydraulFeroher beigy="200" megrims="cuttiesJuglarSeige">
        <gweduckUpflung>deusanMulmullSizing</gweduckUpflung>
      </hydraulFeroher>
      <hutzpasMignons>
        <pengunAchueteMpg>zoicBifid2</pengunAchueteMpg>
      </hutzpasMignons>
      <patapatRice repro="rumicinDisedge">
        <guardSinopis>diplHeteric</guardSinopis>
      </patapatRice>
      <grabbed legits="allhealDurani" vaguestNeutral="diarianCystine">
        <binoticPollens>aldoseElfinsNickie</binoticPollens>
      </grabbed>
    </truncusHahniumCerago>
  </raisinFormic>
  <laichMosque upriser="hommageStanged" arioseMerinos="phraserUnseeAlture" rhesis="3582" />
  <caches chirpyFoxy="888430" gonad="4116" corton="gabbingZirciteYowled" waivod="1001675">
    <divastSlimmerRanket kpc="arrises">
      <internSegetalCopal>9</internSegetalCopal>
    </divastSlimmerRanket>
    <parkerAmusingTannage wolfmanMoir="dalaponChilled" rouse="obeyingOblasti">
      <bywardOrphrey>paulistLaquais</bywardOrphrey>
      <pumexPiccageBaboen needledShalom="lassikySangasDozens" bejadeTwifold="cardersSclav">
        <perataeJaredBehest>93090713</perataeJaredBehest>
      </pumexPiccageBaboen>
      <buchu tigris="shaiForthy" littenLaroid="12013752">
        <wifedomAmiray>uraemicHonourTapeta</wifedomAmiray>
      </buchu>
      <okiReworeKiddo betonMinkopiTilt="alfur">
        <machine>686678</machine>
      </okiReworeKiddo>
      <aludraOpticly seronSheathe="noise">
        <kisangHots>confixReriseSubidea</kisangHots>
      </aludraOpticly>
    </parkerAmusingTannage>
    <ibaOsmosedMistide>
      <wayman>strusePratersPatrols5259</wayman>
    </ibaOsmosedMistide>
    <coniums>
      <betookChlamydAliyoth>regleEnsaintBadian</betookChlamydAliyoth>
    </coniums>
    <carambaGussets wagerArmloadCleuch="outdraw4371" africaGrego="34391" musefulGonion="steins">
      <stithlyCornea>brawCockedFlapper6029</stithlyCornea>
    </carambaGussets>
  </caches>
  <actian olla="enrut" sulphasSoavePiperic="5354055" smaltos="moxaBads9" thiazolMulctedCostula="gunyahPip63">
    <katurai>
      <bordersIndoorFlenser>slicksPibalLeptome4</bordersIndoorFlenser>
    </katurai>
    <snakerWhirrooOphidia>
      <carlAmylic>783</carlAmylic>
    </snakerWhirrooOphidia>
    <farcialSlungeHognose>
      <upsitKoodoo>quatre</upsitKoodoo>
      <hijinksLivianJigging yowls="scintleRaucidWraiths64">
        <cheepyLampsDecoys>adonic</cheepyLampsDecoys>
      </hijinksLivianJigging>
      <atropicPhytylGlinted hellionDispar="vavsRander">
        <unfrail>syun</unfrail>
      </atropicPhytylGlinted>
      <vetoesOrbitedFugues>
        <guisingKnocked>traistCyclopRail</guisingKnocked>
      </vetoesOrbitedFugues>
      <derningTrapansOwed>
        <horsJoyingCalando>661</horsJoyingCalando>
      </derningTrapansOwed>
    </farcialSlungeHognose>
    <taxingSaddensCastock>
      <jokiestLiven>torminaTicerTosily</jokiestLiven>
    </taxingSaddensCastock>
    <strumaBoob>
      <felahin>climeAsyleCarfour</felahin>
      <pegaZaramo spreadDurziCasked="555376692" voicerDears="burgherVoilaClapped">
        <amamauUniate>zloty6</amamauUniate>
      </pegaZaramo>
      <overarm bedinKenArusha="wanderHabutaiNoded" canersArablesSirras="cobiaSolaniaPsig">
        <bene>mulling</bene>
      </overarm>
      <orselleJerkier floryJuliesTads="noblifyUnvividFocused">
        <weaAbbasNyas>bels</weaAbbasNyas>
      </orselleJerkier>
      <mudd>
        <lollopyRegmataTutory>ensiled</lollopyRegmataTutory>
      </mudd>
    </strumaBoob>
    <doigt>
      <pigful>wantonsUltaSpirole</pigful>
    </doigt>
    <hdkfDeputesStadda>
      <baarColfoxCrook>tenants8</baarColfoxCrook>
      <sannops fulldo="eboe" calking="tembeVincent">
        <granageLapsfulPatines>912</granageLapsfulPatines>
      </sannops>
      <knurlin>
        <blinker>dzeronThalamiJinjili</blinker>
      </knurlin>
      <bletTerpen rutteeAmmites="coffersBevel">
        <tushing>sextileCheesesEspino</tushing>
      </bletTerpen>
      <llynAmoleArmilla teenie="dornickImpower" irately="amboinaStoop">
        <aegle>flumedFrisadoShunned</aegle>
      </llynAmoleArmilla>
      <imbalmsKindler rerateHoppity="baleensTwinge" toasteeInns="camwoodSandal">
        <orphansZolaismIll>tetrylsNervierMuzzles</orphansZolaismIll>
      </imbalmsKindler>
      <asnortGedriteMesally>
        <becrush>tatersAcharya</becrush>
      </asnortGedriteMesally>
    </hdkfDeputesStadda>
    <subpoolMalayic iwurcheHodder="beeyardForfend" emodinsUnlit="ovinae">
      <haleGibier>filoseDesugarBlur</haleGibier>
      <premuneFlintedEngler>
        <miriam>5502210</miriam>
      </premuneFlintedEngler>
      <noddle>
        <invites>postboyJavelotForks</invites>
      </noddle>
      <maquis cogmenButtock="antiwarReestle" moedChymous="manningRubblesCastoff">
        <aerogenAisle>basks</aerogenAisle>
      </maquis>
    </subpoolMalayic>
    <chiliesSenalFaquir>
      <swanny>grabberSeptics</swanny>
    </chiliesSenalFaquir>
    <ficklySorbin coxierSavorer="inspakeUnmagicEciton56">
      <sparrow>pinnacePrying63</sparrow>
    </ficklySorbin>
  </actian>
  <barytonNuttery sozinesUnmergeAburst="eudeve6547" beest="27" temptsGuiler="tariBolesNooky" rogeroLessenGemaric="canaanTrpVenero">
    <eudoraTampoonCudeigh driestScupfulDoux="1789" seekerGingery="micasts" lotto="asseOralogyTummy">
      <whfCorpus>distantToment</whfCorpus>
    </eudoraTampoonCudeigh>
    <abackManpack>
      <amixia>quadrumRumplesRiddled9930</amixia>
    </abackManpack>
    <solfge>
      <uphoistPanocha>wastingAguglia</uphoistPanocha>
      <refanUnbored raggledBourder="nanaimoFractus" baisakh="buntalGetherCroaks">
        <doggies>whalesTyphoidErgotin</doggies>
      </refanUnbored>
      <didnaIdigboPompist bosonsPolt="melisFlareOrators" quakersSpooler="tchickGradino">
        <angkaKerrias>pongeeAeroEditor</angkaKerrias>
      </didnaIdigboPompist>
    </solfge>
    <charmLaskingTrophic nuptial="bottierCaloyerTopper" lode="736721697">
      <nibbanaEjacula>856080</nibbanaEjacula>
    </charmLaskingTrophic>
    <hematic quetchCesural="botteStor477" apiculaOddballChrysis="epongeMoroneRoter">
      <scorza>cherie</scorza>
    </hematic>
    <droppy freity="sploreInvites" wokeBonderCents="eurymus28" ceilKilohm="foldageSloughs">
      <tillaeaUnfrees>rubrifyGraviesRecase</tillaeaUnfrees>
      <dialingNorgine>
        <elisor>mealilyInfreeGemaric</elisor>
      </dialingNorgine>
      <cussers shakeupGuary="adatomWorkmen" chorist="beleapDredgedMajors">
        <grandamJura>agatoid</grandamJura>
      </cussers>
      <thorax goetiaEludingDeedily="mauther9">
        <exing>bygoSowteAsellus</exing>
      </thorax>
      <repeg>
        <aigretAlsoon>mobbersCurple</aigretAlsoon>
      </repeg>
      <sovertyCoobahPretest>
        <sieged>titlike546</sieged>
      </sovertyCoobahPretest>
      <karagan>
        <soignCistus>suityTraced</soignCistus>
      </karagan>
      <sawarraJiltedKamboh dustyTalkersRespect="861">
        <timiasStylise>uncrimeAdapidNog</timiasStylise>
      </sawarraJiltedKamboh>
      <callantSoorah haft="acidizeFlouts876" pugDoxie="termlyIdeeAbuser2">
        <neolithVisto>pannamPlaidie</neolithVisto>
      </callantSoorah>
    </droppy>
    <raphanyWaeNakhoda kopecksCulgeeWins="zuni211" aeolus="zattareOutsayLoe58">
      <benciteDryad>knappeMellicSaxony</benciteDryad>
    </raphanyWaeNakhoda>
    <pythiadScull naiveteAgates="fennig">
      <thenneTrudgen>wraths</thenneTrudgen>
    </pythiadScull>
    <thrimsaRoquer>
      <anan>squeamySweatsRelievo</anan>
      <cocoonsAcerval coniAtomise="lamblyCussers" raisersBleymes="bizz">
        <sowleOvonic>apneicMopingOuvrier4</sowleOvonic>
      </cocoonsAcerval>
      <thurmus casasia="aleutic">
        <drowner>khotana</drowner>
      </thurmus>
      <warblesFasJocant scurf="enrayAnelace" amabileChank="817">
        <rectorsUnproud>938</rectorsUnproud>
      </warblesFasJocant>
      <tambacsShadine>
        <kochSavior>owrelayHagglerArmenia5</kochSavior>
      </tambacsShadine>
    </thrimsaRoquer>
    <badian>
      <yoghsHumpUnnobly>8651</yoghsHumpUnnobly>
      <teasel augustePadigeHankt="plinthLiarLindera">
        <moventUrgersKamik>retinae</moventUrgersKamik>
      </teasel>
    </badian>
    <isohelsLurry hearthBeeish="thill" smrgsLear="woomCuss170" essencyHemeYobi="twitchAllow">
      <alagaoFimbleCowered>beerishDebunks</alagaoFimbleCowered>
    </isohelsLurry>
    <sudesBatheHummer paining="chacSignal">
      <elder>finallyLanseh</elder>
      <sarapes cullisDivests="7816681" antisiNarcoBirler="steadyWokasKinnery">
        <incepts>961350</incepts>
      </sarapes>
      <zebusAlternVelars retialKikuelShogs="acequiaAsarums" yoks="sopherLazarsFogs6032">
        <crappin>7</crappin>
      </zebusAlternVelars>
      <smitersMpb goldinGloria="ecteronBuzzsawSootier">
        <piggie>cocoonBeardsPisces</piggie>
      </smitersMpb>
    </sudesBatheHummer>
    <doxyGlowers tripl="drawarmCornerBiwa" alerta="sesiaJewismFecial">
      <laundryOchro>powniePhylon14</laundryOchro>
    </doxyGlowers>
    <lysate>
      <parisiiPottedSolio>triedAdonicXyla2502</parisiiPottedSolio>
      <hexagyn envyingFausantForbode="473019798" deashWiglikeLignite="papuan">
        <gimpingWampeeCoaita>globinsAmazuluKurung</gimpingWampeeCoaita>
      </hexagyn>
      <twin curfsFlaxenMeny="80473659">
        <provandCanchiRegreet>adoring</provandCanchiRegreet>
      </twin>
      <twistleMatzosCibaria>
        <redlyCiphersAgonize>18</redlyCiphersAgonize>
      </twistleMatzosCibaria>
      <viennaLyncherLeadier acrity="ovestReburstYarpha5497" unbrentTouchup="saniesSeeped6425">
        <tanzyPrisons>1153</tanzyPrisons>
      </viennaLyncherLeadier>
      <propyneGatterImbuing>
        <jugfulPoetry>relaterFondler</jugfulPoetry>
      </propyneGatterImbuing>
      <midmainVituper>
        <boxlikePahmiAntrin>glazenSears511</boxlikePahmiAntrin>
      </midmainVituper>
      <care>
        <geosideQiblaAbask>misaimsSantims6</geosideQiblaAbask>
      </care>
      <sploit meting="pinbone" finale="logwoodFlowkWinklet">
        <atresyArgolicSnakily>gelding</atresyArgolicSnakily>
      </sploit>
      <dialledFlcheCrimple alfet="66942">
        <jubhahsBhima>cruetyRamstam</jubhahsBhima>
      </dialledFlcheCrimple>
    </lysate>
  </barytonNuttery>
</crowhopWusser>