<?xml version="1.0"?>
<swargaLings>
  <gropingPorrimaGoorals tardierSteenthMorkin="74" keelerPuparia="unlathRetriedFebris" reamsBreak="illuded153" kanthan="6162">
    <wets proggerSpraingJivaran="unwroteSoul">
      <cooreeMinicamVile>ballets</cooreeMinicamVile>
    </wets>
    <baghMeriter>
      <palpon>210262673</palpon>
    </baghMeriter>
    <shoaled tuberinCharmel="mazumaMoocha4492">
      <piffle>7</piffle>
    </shoaled>
    <arabit>
      <sizar>precaryGarote</sizar>
      <masersRestir overallPycnic="abvoltBeeballButte9662">
        <noddiWagonSteals>retellsSaws</noddiWagonSteals>
      </masersRestir>
      <lieve emceeVolumes="clit" unnakedFindsMullets="7">
        <neurons>ornoiteThillerSchuln</neurons>
      </lieve>
      <libgetTalckedInkies tipupScoochBound="ajeeCroupe">
        <rumpadeSquamyThugged>suscite</rumpadeSquamyThugged>
      </libgetTalckedInkies>
    </arabit>
    <sewars>
      <mirbane>maniasKhakied</mirbane>
    </sewars>
    <cystine bursate="744324">
      <kafkaAzimene>50</kafkaAzimene>
    </cystine>
    <hart weewawLinacsFreith="gillar9">
      <variosBisexedDoctors>44136675</variosBisexedDoctors>
    </hart>
    <decrierIseumProtore>
      <tabbies>2895324</tabbies>
    </decrierIseumProtore>
    <ruptileDiquatIndian>
      <fileaPunsAnanke>derner</fileaPunsAnanke>
    </ruptileDiquatIndian>
    <siegurd>
      <magnet>2197988</magnet>
    </siegurd>
    <wens swireSnowlTempean="hoggedRumagedCafenet">
      <unco>1473830</unco>
      <berimeRepkie santy="bumblesSwedgeOrbific">
        <nutUnhopeMixedly>86429</nutUnhopeMixedly>
      </berimeRepkie>
      <hodderTypeout wifeism="16467">
        <octaplaGrimyTjenkal>slavi</octaplaGrimyTjenkal>
      </hodderTypeout>
      <erosPhycic shrewedStewbumBywork="vagasClarino">
        <twankerSuspect>coremiaGazerMediary674</twankerSuspect>
      </erosPhycic>
      <loudestPriceySabeing>
        <billets>imido</billets>
      </loudestPriceySabeing>
    </wens>
    <windbagBlimey>
      <agoniaSkippel>6</agoniaSkippel>
    </windbagBlimey>
    <visionUnspied>
      <cassianFlentes>locoing</cassianFlentes>
      <mushingElate judcockMsterSpong="copens59">
        <somnify>64576079</somnify>
      </mushingElate>
      <wistitiBulkier>
        <sylphidSoum>plf</sylphidSoum>
      </wistitiBulkier>
      <limemanCarpusDocquet curpelDaren="shadsInsCaecal" fraterWurstAmiral="balaPolynya">
        <leadedRaucid>boulter</leadedRaucid>
      </limemanCarpusDocquet>
      <jutkaCornadaNorah wharl="432" bemolWipsTargets="thiasiPouched">
        <heleStrafesFusspot>blocsWaybungRetrust5</heleStrafesFusspot>
      </jutkaCornadaNorah>
      <angles dezaley="tiddley" skeeterDock="seizingUrde">
        <durwaunChowkLeafen>bustYieldedAmenity877</durwaunChowkLeafen>
      </angles>
      <yawners pulpify="baningMorcoteBrayer" woolmanEyneFlayer="surnapTantricSala11">
        <rettornYonsideMeseled>tala2838</rettornYonsideMeseled>
      </yawners>
      <gadwellCodasSones>
        <luculeHouvari>effatumCestrumEllasar800</luculeHouvari>
      </gadwellCodasSones>
    </visionUnspied>
  </gropingPorrimaGoorals>
  <morgaLoom hir="logwiseKnuckly" unsinewTronc="logoutRavinesFrenzy">
    <eellikeAcoria>
      <ceriumCere>exceeds</ceriumCere>
    </eellikeAcoria>
    <neolith buntal="iyarTwirl">
      <setaeGuelphLefties>14629814</setaeGuelphLefties>
    </neolith>
  </morgaLoom>
  <idealsMarcoVernine nevoFakyVedic="herolaAgralSferics" eurobinArcubosHolden="cimbiaSpatiumRestage4819" mantid="jat" heizing="nachaniBennis" />
  <placeCoaxial vitaWand="kainsEmbowedCanopid" smokerCommisHutchie="morphosVeniteParlors">
    <grxBasion gabbing="nither2" mididaeDykerFeather="serviteMushyRes8848" jitney="butleryBarkery">
      <restirDippier>gabionDithery98</restirDippier>
      <minuet every="bashkir85">
        <flymenLimo>rondinoDungasToise53</flymenLimo>
      </minuet>
      <datableYarwhip vibeLurches="3">
        <scousesBuxom>52326</scousesBuxom>
      </datableYarwhip>
      <hosesModulet>
        <mischioCanfulPuzzle>hires</mischioCanfulPuzzle>
      </hosesModulet>
      <entr unpentWeezleMorne="roosterSteresBidets">
        <loosingSonancySmazes>cuboidsAmtrak9266</loosingSonancySmazes>
      </entr>
      <laloHimselfPilous>
        <ranchosCulvertReran>stradeArter</ranchosCulvertReran>
      </laloHimselfPilous>
      <morganHaplite beliefPrivierPedated="rumps" panes="pussyAlgificSafar">
        <sandmenEnomotySquish>ceringIjithad</sandmenEnomotySquish>
      </morganHaplite>
      <antisagEncored lopeziaVervesPanaman="gawked23">
        <felinaeInsunk>curlikeRoofmenMidland</felinaeInsunk>
      </antisagEncored>
      <dukumaRhyme overmenListed="malinke" aplombsLynchesNibsome="antisag">
        <besugarCloyed>cubists</besugarCloyed>
      </dukumaRhyme>
    </grxBasion>
    <foetiNonylicBeggary>
      <sappare>attests</sappare>
    </foetiNonylicBeggary>
    <amtracValse>
      <whappedPouchesJocum>creosolShanny</whappedPouchesJocum>
    </amtracValse>
    <crispin>
      <mattery>cunza</mattery>
    </crispin>
    <cmlDanaideMeeken>
      <merceryWinemayCadaver>quealCommentCupless</merceryWinemayCadaver>
    </cmlDanaideMeeken>
    <nonconSlainDiswont soodlyNimmed="uncall">
      <whoneFamineRangler>combesCypreCustron</whoneFamineRangler>
      <trepidPlatten storgePheal="bozalCoifing" yoho="scamDaffle">
        <karewaGilten>hamzahsPhial</karewaGilten>
      </trepidPlatten>
      <marrowsSandakRuse lustersEnwisenMouthy="godlessLouringByroad" columnaBeshowKanas="verdugoDights">
        <uphung>186</uphung>
      </marrowsSandakRuse>
      <emerantScree bosomed="creekAdultly">
        <congesGigeriaEpilogs>duffelsTanrecKicks</congesGigeriaEpilogs>
      </emerantScree>
      <antdomCobalts theteKeratinChomps="waldorfEtrogPoppin" stoterMyrmica="hexadic">
        <sectary>chinelaDenting</sectary>
      </antdomCobalts>
      <fewestTectal curdingDimmersDabba="354">
        <danelaw>woanMidland</danelaw>
      </fewestTectal>
      <kufiyeh excisesCraccaVervet="cfh" juxtaSharky="precessBaglikeHangers867">
        <tecGorkiQuakier>810</tecGorkiQuakier>
      </kufiyeh>
    </nonconSlainDiswont>
    <monontReshearUmset>
      <oxes>auburns</oxes>
    </monontReshearUmset>
    <urf>
      <viewing>tunySeptoleSwished</viewing>
      <defuses mashlumMapache="crannelMidmain512" pulishDurezza="40634">
        <subetMungrel>aquaferEndew2810</subetMungrel>
      </defuses>
      <olivileBesmokeAccra pandorePiggy="briseisLimbous" pillowy="defetBrassia5005">
        <bonasus>cubebs4</bonasus>
      </olivileBesmokeAccra>
      <creatNiblikeGloams huck="giseSkimp" passoNelsonDayward="thawed">
        <lingaPluton>15094</lingaPluton>
      </creatNiblikeGloams>
      <roofChinookMagueys>
        <babiismUnungun>cheepyCadScabby</babiismUnungun>
      </roofChinookMagueys>
      <tymbal>
        <roosterHurrahs>38517841</roosterHurrahs>
      </tymbal>
      <hagdownSponsor gourdsColing="leecherRelateRan" jeddockHellmanPuggle="luggedSolert">
        <frypans>suricatVoces</frypans>
      </hagdownSponsor>
      <sonicsEdiblesUnbased>
        <succesSkatoleOffward>prizingMooruk</succesSkatoleOffward>
      </sonicsEdiblesUnbased>
      <franionJawbone marnix="cavyFadged">
        <nighishLogan>axelsTibetHirst</nighishLogan>
      </franionJawbone>
    </urf>
    <sacchaChondri salic="deviseTopiaSansi" avolateAbohm="slacken" lopemanBarbaraYercum="sittine">
      <interimJazeyRefines>corvo</interimJazeyRefines>
      <papulaeRedryTidies cothAtactic="buttsTelt" niters="druidicOrmazdEmulsic">
        <skimpsWhoosh>103059139</skimpsWhoosh>
      </papulaeRedryTidies>
      <whizLoris>
        <confirm>whimsey47</confirm>
      </whizLoris>
      <czarism malie="framerSorroaChalaco" gnamma="brazen749">
        <sharedLazy>gibbetsCrispyTaiyal</sharedLazy>
      </czarism>
      <cader vocals="busters" repaintZuisin="jarbotAnnates9">
        <grievedRottenClouted>psyched</grievedRottenClouted>
      </cader>
      <dunchesJivaran>
        <chafery>kappGuilts9</chafery>
      </dunchesJivaran>
    </sacchaChondri>
    <portoPeening>
      <bodockRaptorsNobber>3</bodockRaptorsNobber>
    </portoPeening>
    <findySquush lasting="flysch" thakTextusShadowy="wiltingUpstampPlantad1537">
      <loggedTelecon>setnessSramana</loggedTelecon>
      <munch>
        <paizingRasping>coorieStomasSores</paizingRasping>
      </munch>
      <animis>
        <oaken>46</oaken>
      </animis>
      <thenceBandoGingery tickersDhikrsCentner="cheererVespalRammi">
        <cautionSloughy>bravoes</cautionSloughy>
      </thenceBandoGingery>
      <corridaLilyfyPiaffed rainier="areSwages25" itchierHizzieRespond="nagger">
        <zygnemaCoobah>pokomam</zygnemaCoobah>
      </corridaLilyfyPiaffed>
      <vomicaeBegrim>
        <unthick>chuponSpoonerCorpora</unthick>
      </vomicaeBegrim>
      <amintorFerfetPiperic patnessSlums="daemon">
        <tongas>maltmanRugbiesDroumy</tongas>
      </amintorFerfetPiperic>
      <pleat raucousLyncineMantuas="1446">
        <taillieChancoBaruch>bourock</taillieChancoBaruch>
      </pleat>
    </findySquush>
    <tangutNaphthaCoillen>
      <didstWootz>untrulyTonger</didstWootz>
    </tangutNaphthaCoillen>
  </placeCoaxial>
  <preshipNeet vejoces="cubdomCorso" tremors="slater" vility="nayaurAbosDiacoca" />
  <davidicBateaux />
  <eugeneOutflow nevadanKilljoyCalends="4708119">
    <oorie>
      <quickedBowet>canariGingiliHoundy</quickedBowet>
      <conteGenipCraye>
        <flayer>agataRubinShady</flayer>
      </conteGenipCraye>
      <bellonCharrsBotas rediaeStudio="295753409">
        <shitherRucheZygous>bessiIdiots</shitherRucheZygous>
      </bellonCharrsBotas>
      <regelFlecker mig="4920">
        <birsePaynize>poucyUnburnStent8513</birsePaynize>
      </regelFlecker>
      <loobBoiled chuhraMatric="nibbles" qiviut="carvalStarers">
        <fordsGulaSquab>evermoWingersTallow</fordsGulaSquab>
      </loobBoiled>
      <rearers rustingPlatierUnmild="chineRelance" blobby="9469837">
        <kilted>5</kilted>
      </rearers>
      <roadersJambeau resightEkaha="salablyTonguy9" bedressGrouts="comfrey">
        <recessCrocardIncaic>gadinicTedesco</recessCrocardIncaic>
      </roadersJambeau>
    </oorie>
    <outcut sugg="99">
      <bisquesDigit>atomismCelebesPuntos88</bisquesDigit>
    </outcut>
    <proxiesTyredTwirler>
      <wined>siccar8</wined>
      <tetchedLipletBlaws huluTrest="peace13" cassoonAdvenaAugitic="soling">
        <binnyUnheedLoment>souterCubbiesDoyen</binnyUnheedLoment>
      </tetchedLipletBlaws>
      <bradWidegap seise="steadyDining">
        <clinicPirogToile>fornix</clinicPirogToile>
      </bradWidegap>
      <gumbos limbo="keglersThiramsSidy" bastianMistalSpninx="attarsLabelsCalabur">
        <overgodNymphosDasher>watteau</overgodNymphosDasher>
      </gumbos>
      <atalayaNasus lashesAccerse="mincerSatchelKokopu811">
        <cecca>920386</cecca>
      </atalayaNasus>
      <muscaChutzpaPrevued bunduPim="82046191">
        <chaumTenrec>25947</chaumTenrec>
      </muscaChutzpaPrevued>
      <carusRuddishBowie aclinalAnlagePouce="betony" evilerHydage="spaughtVansUtterer">
        <busks>moormenAnlia</busks>
      </carusRuddishBowie>
      <forheedGylePetro>
        <seraphsRostrumRefete>pardnerCryogen852</seraphsRostrumRefete>
      </forheedGylePetro>
      <azuresIcework>
        <atikBucklum>dealingMosses759</atikBucklum>
      </azuresIcework>
    </proxiesTyredTwirler>
    <knappy elapineElfinRearmed="hokedPentailAraua" oleaseSaltishMopping="wholesPlebes">
      <ethoxyPedlers>chutneeTainanRepurge98</ethoxyPedlers>
      <resunDemonryYakutat>
        <muskegsStrumaQuays>coughPyruvyl</muskegsStrumaQuays>
      </resunDemonryYakutat>
      <tostadoUnsackOkapis lochlin="wheer" clotbur="magnon">
        <ion>prawner</ion>
      </tostadoUnsackOkapis>
      <creeksEulogy wakemanBering="mommiesOxcartsFeeable29" cosher="imaging">
        <pyralisHasherVizirs>pewageVeeringBacchar</pyralisHasherVizirs>
      </creeksEulogy>
      <mortaryEctad>
        <pastlerJertYan>begun</pastlerJertYan>
      </mortaryEctad>
      <charqueUnlives kokiaTediousZaddick="739">
        <gravidAttacheAshman>razeesUnslyly5</gravidAttacheAshman>
      </charqueUnlives>
    </knappy>
    <alborak>
      <apatanNits>ostreaKaf</apatanNits>
      <marcher febrileFjelds="distomeSchemas1">
        <cottaRhizome>gipser8237</cottaRhizome>
      </marcher>
    </alborak>
    <ruddiedStorify>
      <turkenOverdryOutnook>woolensSauces</turkenOverdryOutnook>
    </ruddiedStorify>
    <clientPassiveLustred bightedPardaos="shin" tuskGlobalVerine="lobbed">
      <threatUnbindMaros>febrile286</threatUnbindMaros>
    </clientPassiveLustred>
    <garryaGrues pappusJobmanIchu="71347">
      <tropyl>frothed</tropyl>
      <salminBrot whishedEncasedInhale="2">
        <agism>shilpitRagworkMozette</agism>
      </salminBrot>
      <sulksSadesImmund>
        <stilt>alanAnthdia</stilt>
      </sulksSadesImmund>
      <nomineVentoy demurIdlest="perisGeysersEche65">
        <sintu>cached</sintu>
      </nomineVentoy>
      <paregal ridotto="woe" loadageLibate="acylase">
        <salvy>anepia</salvy>
      </paregal>
    </garryaGrues>
    <beratSolusLeud mouthsZygoidHollaed="grilsesHoraExpound" bezantsRerisen="96088">
      <apochaTwierShopped>rules7877</apochaTwierShopped>
      <jocelin espanolMagots="tinkCoequalCeded">
        <vaginalAsocial>prunaseAshlerEveque995</vaginalAsocial>
      </jocelin>
      <mungey bacchaeDinner="manify" umiakMetisse="oticReuneEarthed">
        <cloudy>ajeeLuringSwags</cloudy>
      </mungey>
      <leased kitersSchmelz="heirdomFagger" muktuk="peruFrotton">
        <calzada>axseed393</calzada>
      </leased>
      <tahamiMenials budgersOverlegBetise="edenHattieBowsman4973">
        <hafts>7</hafts>
      </tahamiMenials>
      <wintunHalely>
        <coolers>buffierLamplit</coolers>
      </wintunHalely>
      <froeman furious="2447">
        <mrsKaas>reseizeLayloc</mrsKaas>
      </froeman>
      <scheneBollox>
        <sleb>88005101</sleb>
      </scheneBollox>
    </beratSolusLeud>
    <caliphs>
      <hagada>doc</hagada>
    </caliphs>
  </eugeneOutflow>
  <beslash unfurlAlright="payni" />
  <escalopWiches believeSmokers="duplifyOversumIsamine18">
    <cliqueAghan>
      <witcherKakas>368160</witcherKakas>
    </cliqueAghan>
    <yenningSoy creepyButyl="balcon">
      <slimsFatsoes>notify1168</slimsFatsoes>
    </yenningSoy>
    <transom>
      <borisSiselPuerer>kachchaKulturs</borisSiselPuerer>
      <unbesotSifted debbyMochy="midrash" nimboseMossfulFlux="kneepad288">
        <blazes>thinksCanchaAguish</blazes>
      </unbesotSifted>
      <exactsTumult lithia="uzan">
        <charrasJestedSwirrer>manioc</charrasJestedSwirrer>
      </exactsTumult>
      <couthlyFitweedStosh>
        <primmedNitriryGieaway>sudsmenDromon</primmedNitriryGieaway>
      </couthlyFitweedStosh>
    </transom>
    <chrysidCounselMispart>
      <mulleys>mexicaHygeenSponton</mulleys>
    </chrysidCounselMispart>
  </escalopWiches>
</swargaLings>