<?xml version="1.0"?>
<pilumSoga>
  <buzCommasFougade reckedCuproid="ringgitLimmock76" sorelsVarment="betseyMyogenSkep92" smoked="popian" warnishChebel="coastalBiloxiKashira">
    <batavi reactorWeiner="stallon" debelHamanMaranon="citeeAwatOllamh" fluffyInuredDuntle="minor">
      <skinnedGunned>dewily</skinnedGunned>
      <betJennieShareef tsubaLokaoZaffres="ulnaria">
        <bipackTegmineBeamed>lemon</bipackTegmineBeamed>
      </betJennieShareef>
    </batavi>
    <stupheDeaden>
      <educes>hausseBatlon</educes>
    </stupheDeaden>
    <snellMeconDiv>
      <chihfuDicers>outhire</chihfuDicers>
    </snellMeconDiv>
    <skirlHandKanten>
      <avale>brecham</avale>
      <cruddedMucro beduckWaup="jowpyTerrors" pliesGanyie="lirellaPalatesSnot">
        <parsism>92686</parsism>
      </cruddedMucro>
      <peal>
        <duadicTeller>3</duadicTeller>
      </peal>
      <eesomePalster irsBoastedScavage="grappas" ambeerObtrect="398742938">
        <xylenylChasedWain>chemmy6082</xylenylChasedWain>
      </eesomePalster>
      <wynn rekeyed="behove">
        <prunerKahunasHontish>diazoIdeatedHarre24</prunerKahunasHontish>
      </wynn>
      <tilletPleural>
        <pilule>rediaApayaoVogue1310</pilule>
      </tilletPleural>
      <nonstopHabitue sierrasAgosCroy="dagged936">
        <gufaDepriveBespin>thruoutBrinerHopsage</gufaDepriveBespin>
      </nonstopHabitue>
    </skirlHandKanten>
    <lozengyPixyish>
      <subform>hopedApnoeicOrbs8918</subform>
    </lozengyPixyish>
    <flailsFovilla ottoCoaxingRevolt="87823623">
      <aphyllyChaunt>quader954</aphyllyChaunt>
      <wush perjinkButsuLaddess="1554724">
        <hvy>536198078</hvy>
      </wush>
      <oximScarePettled coydogUnpaleSaitic="datosSoars" acrasyMythsMedism="nisaeanTkt">
        <ulvasIntrado>isle</ulvasIntrado>
      </oximScarePettled>
      <ecdysesBatters floorAbaterRheidae="roomful" tahr="9945441">
        <prismyMidnoon>kiblahsYellows</prismyMidnoon>
      </ecdysesBatters>
      <nilotic reduncaWambuba="berylsSarin" vacoaScarphsSears="bunion">
        <shellak>inkwoodRomeineFoolery</shellak>
      </nilotic>
    </flailsFovilla>
    <ninepinWakf>
      <builderBekick>pickingBajanIsba</builderBekick>
    </ninepinWakf>
    <reauteWayman baken="grenat" cambioScareyHairen="ored" vulvarPoojahFelsic="beleed663">
      <cartels>arbelaDacronNardu</cartels>
      <koas cyathea="worstsAreolaeCoryza">
        <barrEdgers>6273604</barrEdgers>
      </koas>
      <paneGabbierRatline>
        <misstayJewels>ruledJervina</misstayJewels>
      </paneGabbierRatline>
      <alcyone ilongotIliac="davyumDune" medusas="frillsLinousPollute">
        <innuitFoothot>corvesDimps</innuitFoothot>
      </alcyone>
      <fettlerCaroleTassets stratusRicassoSashing="940201">
        <unjadedCreches>diluterBencher</unjadedCreches>
      </fettlerCaroleTassets>
      <gaukCrankedLura>
        <amapaZionismMadhuca>gherao571</amapaZionismMadhuca>
      </gaukCrankedLura>
      <embrawn>
        <keachAllurer>outer</keachAllurer>
      </embrawn>
      <gantslHelleri macchie="923" dozSeckelJesuist="midnoonBurgageBodes58">
        <cuppinFirmGapped>grangerTickle</cuppinFirmGapped>
      </gantslHelleri>
      <clame>
        <slitsHyades>19256071</slitsHyades>
      </clame>
      <notitiaThoriasMoorhen pointesThinChoring="armenic">
        <unwaterIdling>potted</unwaterIdling>
      </notitiaThoriasMoorhen>
    </reauteWayman>
    <pithier>
      <ejidoKachinTyponym>16848</ejidoKachinTyponym>
    </pithier>
    <thongy>
      <tetract>25476</tetract>
    </thongy>
  </buzCommasFougade>
  <talkingBitten tilingsLicaniaDafla="991758027" yetlingInfulaBewest="boucles" refugee="sciotReflameCatling98">
    <molidaeLemmingIdiotcy>
      <pyuriaAcraein>unwind</pyuriaAcraein>
    </molidaeLemmingIdiotcy>
    <susu>
      <neitherDacryon>iodosoBeliliRagtag</neitherDacryon>
      <lowererPrylerBull synaxesNymphMorsel="brosot">
        <excipleHangarFlea>confitYeardayAshrams</excipleHangarFlea>
      </lowererPrylerBull>
      <deluderScroopsDipnoan vota="aquilidMethody" glycolsTeemCalk="offendsSussoTarbox">
        <thymesUninkedCaps>unbuskUnexact</thymesUninkedCaps>
      </deluderScroopsDipnoan>
    </susu>
    <modularPitifulBedusk>
      <roove>requiemShoneHing</roove>
    </modularPitifulBedusk>
    <leakyCancri>
      <increst>230639</increst>
      <miliumRegrowGestapo dunnockTucky="esu">
        <rax>1806210</rax>
      </miliumRegrowGestapo>
      <lilackyLowingsStreets cathars="baidarImpent" uptowns="blessedGhebeta">
        <foramsFezzesDingly>correctBemailLaunce485</foramsFezzesDingly>
      </lilackyLowingsStreets>
      <gospels blading="afshahTolsey">
        <splunge>savory</splunge>
      </gospels>
      <yadim>
        <teaveMabel>riggaldWaivesBohmite</teaveMabel>
      </yadim>
      <nigglerBaboons>
        <peachy>redds</peachy>
      </nigglerBaboons>
      <hainan medidiaFaucals="8">
        <soundlyUnharsh>flaringAxoidRiled</soundlyUnharsh>
      </hainan>
      <eyehookCanzo verninSotweedPhylon="eyghtRiancyRussell">
        <derateShearer>809948572</derateShearer>
      </eyehookCanzo>
      <misturnStogeysCurdles botargoCromerFossane="episciaIntakeFluorid">
        <flambesEnowBeancod>fumblerSandan</flambesEnowBeancod>
      </misturnStogeysCurdles>
      <aurific imoniumGrond="809695574">
        <rearsCuarta>5</rearsCuarta>
      </aurific>
    </leakyCancri>
    <tmesisTannyl reenjoy="catastaAmindedShog76">
      <deflesh>disgust</deflesh>
      <soaredMirvsPhons latonGenionFatuus="naiverEnrank">
        <rosiedDonkSwob>anatumHastateAikona</rosiedDonkSwob>
      </soaredMirvsPhons>
      <unfluidQuacked securerTengereWood="wheensRatchelRebold" aporiasLumpen="obvious35">
        <ibidem>internQuintin</ibidem>
      </unfluidQuacked>
      <isodrinStaithe>
        <satanas>comade</satanas>
      </isodrinStaithe>
      <axonostKenmarkCuifs fosh="soorky" aponicQereCurdler="defuzed">
        <ageisms>pussyYawps</ageisms>
      </axonostKenmarkCuifs>
      <pouterMacucaTartish subsoilAvogramKwachas="stacher" lola="gentyCruiserRepass8">
        <staboy>chevronWadsetEnergy</staboy>
      </pouterMacucaTartish>
      <weysEsteems>
        <bakersBedels>wandleFellowsCardon</bakersBedels>
      </weysEsteems>
    </tmesisTannyl>
  </talkingBitten>
  <gunter oedipus="366070335" kipfelSuborns="328705932" syncopeVenaticAtocia="476310835" cong="tribletPocks" />
  <thebanHexagynFlunky offsetsAtomies="kingrowCuspateEmitted856" chistkaInventsJoisted="971815" cissoidFemalesIsamin="greylag">
    <natuCedreGowning>
      <sabrasAtazir>547360670</sabrasAtazir>
      <elvish unsellSamfooWhilk="swampBlowie78" wiglikeCoblesRole="imponeMorfondLacis">
        <izar>39</izar>
      </elvish>
      <coboss ciceroSabina="privata" ittria="chuffFishyVapours">
        <fetas>milldamFohnsIroha</fetas>
      </coboss>
      <comedoWhute pumicedEnolsStiddy="homardOlogiesAgings978">
        <shisham>titular</shisham>
      </comedoWhute>
      <rotchLakatan>
        <affinal>shantSmalmed</affinal>
      </rotchLakatan>
      <formsTunlike landway="albuminBaclava">
        <reflectGneissy>steamyEstrinsFraena</reflectGneissy>
      </formsTunlike>
      <riotous euconic="doucet">
        <proalIrrite>wikiupsAwreckLenin</proalIrrite>
      </riotous>
      <lyrismsColportDecanal xoanaMandaicTutee="631015" induismBastardPicquet="lobusDaubeReveler">
        <illiumSnotBanco>swaths2880</illiumSnotBanco>
      </lyrismsColportDecanal>
    </natuCedreGowning>
    <fingalUnsober>
      <clapsRemeltKeblahs>anicutBosketSting</clapsRemeltKeblahs>
    </fingalUnsober>
    <ogygiaLowanceMaine espavel="sulphurNashgab" hyliTongerBeacon="68" prutTensity="romansMingy">
      <quiniaArabicaDuns>610495</quiniaArabicaDuns>
      <laterad>
        <jilteeGipsyfy>smokes3510</jilteeGipsyfy>
      </laterad>
      <emblazeSieringCoupage cursiveQuent="cockZanoniaAcyloin">
        <carpool>23766012</carpool>
      </emblazeSieringCoupage>
      <flebileFrija fargiteJungly="29854" coyn="fliggerDosses">
        <mandilFretsawDrevel>pommery</mandilFretsawDrevel>
      </flebileFrija>
    </ogygiaLowanceMaine>
  </thebanHexagynFlunky>
  <blanklyWordman meekChechem="rosarioBlumesStoried" apishly="89995" roues="9" dianoia="lacsTeached">
    <aughSmoker>
      <utick>16082711</utick>
      <psalterCrimsonHaffle longlegPettoJolting="unmarchErnest8701" mammaryOutgangMafoo="9836748">
        <pears>greigesLacto</pears>
      </psalterCrimsonHaffle>
      <corojo reviler="deducedVauntie">
        <cluing>redbugs187</cluing>
      </corojo>
      <divergeBeataeCalm orrisUxorial="5">
        <freeish>pingoTosilyOversee</freeish>
      </divergeBeataeCalm>
      <entrada>
        <wasnImpuneHallage>voiders</wasnImpuneHallage>
      </entrada>
    </aughSmoker>
    <puffletPuled narcoseSewansAmorpha="gabelerIsdn56" curtest="zontian" wightTramels="gambias">
      <mocheLampersDtente>suburbsTragalScoon</mocheLampersDtente>
    </puffletPuled>
    <filiusSewinScurril>
      <picaras>streakyToyed</picaras>
    </filiusSewinScurril>
    <datchaZaffreeFritt>
      <nairRebred>4</nairRebred>
      <spaesObesityComals>
        <cabuyas>vicaraSnellFriborg</cabuyas>
      </spaesObesityComals>
      <soss>
        <imperyOarsEnures>ozarkSeizure</imperyOarsEnures>
      </soss>
      <eremuriWindz mewls="63580" pringleLongfulIndabas="scabine">
        <creda>emendsGiaourChyle</creda>
      </eremuriWindz>
      <emprize kentiaAnnonaTuamotu="muzzled8">
        <renayAggrace>tettersDarinTorsten</renayAggrace>
      </emprize>
      <viiPassewaSpavin infulaeEmove="sahhSpouty944">
        <dekesBejuco>czardomFrisado</dekesBejuco>
      </viiPassewaSpavin>
    </datchaZaffreeFritt>
    <aefaldySwasher>
      <gash>7059359</gash>
    </aefaldySwasher>
    <godlikeOpai sifted="ruggle" fiar="hammy">
      <austere>torulusStrict</austere>
      <lotusinMedilleCaestus fraisesWigglesCent="26055">
        <sataras>slaky</sataras>
      </lotusinMedilleCaestus>
      <sowt ploysSextus="fackins">
        <quellsSiltedNacket>8093</quellsSiltedNacket>
      </sowt>
      <oldenTan waipiro="pimploRerated" sidingsLocatumFname="vaultsYakin">
        <tombeFenman>chugger</tombeFenman>
      </oldenTan>
      <yawnerTwayGerusia kokobeh="mts" lavehrWifedom="empaleReactor">
        <coyerSaporVotress>tineolaHermaic</coyerSaporVotress>
      </yawnerTwayGerusia>
      <vitrineReladle hemiopeSkulksDietted="purplePokies6" haulIdeate="oilcake">
        <lovagesOvallyAcidify>halvingFrownedCaldron267</lovagesOvallyAcidify>
      </vitrineReladle>
      <septulaMetze dosageJoyOylet="mucosas469">
        <caftansRattyBecrush>betrimAttorn90</caftansRattyBecrush>
      </septulaMetze>
    </godlikeOpai>
    <salable>
      <liesRugged>ashrafSalad</liesRugged>
    </salable>
    <seral>
      <vintageReagin>933048</vintageReagin>
      <burrosYarly bedust="50217459" yunPilotiDimmock="21056">
        <rhodingUpgrade>muzzledBombyxBelard</rhodingUpgrade>
      </burrosYarly>
      <grazeMantidsDomer>
        <glibCowweedPinger>flattopWangoniSignary</glibCowweedPinger>
      </grazeMantidsDomer>
      <repastsBedeman scribalBelles="harmersYukkel" haman="toxoneUnseel">
        <uncurbs>scatulaJubiles</uncurbs>
      </repastsBedeman>
    </seral>
  </blanklyWordman>
  <cone whortsOutrace="9574" />
  <ensTwaddy contrRubyingPunicin="tine44" />
  <addaxUcheanNeatest sequent="4743" huarizo="babylonFeruleSpermy5" />
</pilumSoga>