<?xml version="1.0"?>
<sposhAndasteTanning>
  <deckman frescosBrazingLaxest="78208" ramperPanoply="6" />
  <plantad heaped="chorineBritts" argyric="338405844" uncrib="528039">
    <sweltyZombisBabist poopBodegonSamara="copseHerbertUntwine84">
      <pintas>mildDtenteMoondog461</pintas>
    </sweltyZombisBabist>
  </plantad>
  <quagga typical="endure" rhyttaOrdinarHockday="beamletBummelAiver">
    <tambukiLaronRingeye>
      <annasTolus>352008671</annasTolus>
    </tambukiLaronRingeye>
    <tinders>
      <ugtCoria>resumer</ugtCoria>
    </tinders>
    <acreamSpeakieCangues talpineDeals="2">
      <pucks>rhizineLadnerTurgite</pucks>
      <rosbifKramaPecks droghKlavier="fuchsia" pudencyRehem="purdah">
        <browmanRereelPithes>4</browmanRereelPithes>
      </rosbifKramaPecks>
      <fosseChoco jingles="moonsetElytral">
        <cabaneSocius>lupulinMosteLall9</cabaneSocius>
      </fosseChoco>
      <salmineTarrieTheory tainoOchava="pyin" cronies="58750447">
        <protistFollTwiddly>sulphas891</protistFollTwiddly>
      </salmineTarrieTheory>
      <awinQid syll="throbInfos" coleurGrammarWester="chopper">
        <beethViewier>invt</beethViewier>
      </awinQid>
      <palmyraCoedTopepo>
        <fillesUnlight>1648685</fillesUnlight>
      </palmyraCoedTopepo>
      <scrotumRetinalBeedom zipsProtid="swadEuro768">
        <barredChekaVeenas>8438590</barredChekaVeenas>
      </scrotumRetinalBeedom>
      <toxoidsZills tetradMararaPots="329212">
        <stokingMorulaeKeres>shiesVessesFilaze</stokingMorulaeKeres>
      </toxoidsZills>
      <yourn githFixageCobless="thrived">
        <fluibleSmearySkeough>acutish1577</fluibleSmearySkeough>
      </yourn>
      <aborterKittiesRahdari>
        <estabEyryFizzed>prussiaGoorooGibaro</estabEyryFizzed>
      </aborterKittiesRahdari>
    </acreamSpeakieCangues>
    <chronolParolFangs unupsetBiconic="churrip">
      <arsylArbute>5</arsylArbute>
      <olonaJuniataBas>
        <plissJoyce>catel</plissJoyce>
      </olonaJuniataBas>
    </chronolParolFangs>
  </quagga>
  <surlier gabbing="theasumMater" />
  <laddersSnafu bejant="titheBedeaf" />
</sposhAndasteTanning>