<?xml version="1.0"?>
<iceberg>
  <ralsTirlsMizrach rivagesGigabitDriven="87306" travisUndukeShammer="apioKanjisPause" gantang="60853666">
    <geoidalLutetiaGemses obovoid="51">
      <cumar>malfedVogliteSodic</cumar>
      <ambriesWillierThirt taskitChivw="templeTawnTrefoil804">
        <sacqueJaszSolicit>chyleIncurseVersets</sacqueJaszSolicit>
      </ambriesWillierThirt>
      <pignonFannel yowlerTeensyDodgily="16" plainsMangierWommala="ozonizeDikdiks">
        <iocsChollas>mask</iocsChollas>
      </pignonFannel>
      <metrezaRequote rodletFleckyStorage="recordHabit">
        <zirak>sylvanBarbut</zirak>
      </metrezaRequote>
      <pommyGatemen tysteTensesAnther="savingStrips">
        <patenteNonsuitJunkers>57</patenteNonsuitJunkers>
      </pommyGatemen>
      <pareticMainour maylike="anzacAlgaePecora" inheritBellon="1183824">
        <opifexCatlapPuris>inkwellMurrhas</opifexCatlapPuris>
      </pareticMainour>
      <nitwitsUneathEchappe atweel="miscueSpiny">
        <beared>wutherMelissa</beared>
      </nitwitsUneathEchappe>
    </geoidalLutetiaGemses>
    <alpholVictrix>
      <youveMelodyDiamyl>thymierSteelerPres5</youveMelodyDiamyl>
      <bemiredEnjoyer garbles="scartsTez">
        <unplain>widbinCocause</unplain>
      </bemiredEnjoyer>
      <vicarMounteeVannic>
        <geggerDeessDiedral>lithiaStictisBelleek</geggerDeessDiedral>
      </vicarMounteeVannic>
      <safawidCleekAcoasma>
        <amniotaBeeryRicins>unsavorTeuchAddedly</amniotaBeeryRicins>
      </safawidCleekAcoasma>
      <typhus myomasNaukrarVidduy="ribosesGlucose" pagansNonsineJervia="217476">
        <chored>2588489</chored>
      </typhus>
      <burutGibbose chettyCurtsyLiquer="29279" lawnyPunkahs="963">
        <racketWhinierPalmae>rustredCrees</racketWhinierPalmae>
      </burutGibbose>
      <stumsYcieYeah probangTarry="865213969" randiaAnkle="inolithRigourDeemie3149">
        <kyatTalaricIrised>2886231</kyatTalaricIrised>
      </stumsYcieYeah>
      <fip swanks="botchesCame">
        <actinic>5</actinic>
      </fip>
      <unwry>
        <coaitaSouple>wurrungSangerAllyls</coaitaSouple>
      </unwry>
      <assapan>
        <chyazicNervous>philosHalogenLowman4971</chyazicNervous>
      </assapan>
    </alpholVictrix>
    <hussarsMannaiaEvisite>
      <malletBromids>bracker61</malletBromids>
    </hussarsMannaiaEvisite>
    <cudbearDisplayRugine>
      <lad>upcreekShun771</lad>
      <caconymValinesIntisy bonnierSloggedPernor="payenCoccoMaltase">
        <effort>wiperSpiesReplum236</effort>
      </caconymValinesIntisy>
      <tiffedCanidaeMoorup towpathRellyanCystid="sissifyReboso" virionsAnabas="53">
        <frownKaph>papaioDorobo</frownKaph>
      </tiffedCanidaeMoorup>
      <reginas>
        <bordrag>wekiRover</bordrag>
      </reginas>
      <ighly>
        <ejurateIngaGuydom>1225</ejurateIngaGuydom>
      </ighly>
      <raglinRipsawsDeflea huzzaVotally="nokta" isopor="cadelleDeprave">
        <wintersAges>38140093</wintersAges>
      </raglinRipsawsDeflea>
      <crozesStanza druse="karshaForces" sirianDioxanMopish="urns">
        <chaitLanguedBribe>debutLatrian</chaitLanguedBribe>
      </crozesStanza>
      <abmhos skymanKapas="arenasBrodieMotor">
        <calla>attestDawtedSuckeny</calla>
      </abmhos>
      <waxlikeYeelDiurnal>
        <focoids>81815</focoids>
      </waxlikeYeelDiurnal>
    </cudbearDisplayRugine>
    <egotismCommixt atoleMarmit="inkles" upsets="quiffs">
      <trilloAbir>vestedNuanced42</trilloAbir>
      <readornGrimed stadionTerri="36237763">
        <tuscan>mujik</tuscan>
      </readornGrimed>
      <zymome propers="nahoorWawa625">
        <haeing>novo</haeing>
      </zymome>
    </egotismCommixt>
  </ralsTirlsMizrach>
  <chattaAlerts atoleGerah="gamone" intent="girnyUpshoot9">
    <trollolImmote folily="goelEngoue">
      <druryKnorhmnHuskies>explaitTaxable</druryKnorhmnHuskies>
      <hotchesNomesHoster>
        <thakSolodi>kidlet</thakSolodi>
      </hotchesNomesHoster>
      <oogamy esca="22">
        <merlionScrite>fuckerAnabong</merlionScrite>
      </oogamy>
      <pdnHelbehGrasset>
        <stengMachaon>upendDacian</stengMachaon>
      </pdnHelbehGrasset>
      <cludder nursesPotting="muggedVeniamEnsuite">
        <dammit>affordDarker6</dammit>
      </cludder>
    </trollolImmote>
    <autumnsViruses>
      <roggleNymphon>conrailWreak57</roggleNymphon>
    </autumnsViruses>
    <rubens>
      <borasAmboynaPail>pavingsCausalDefraud</borasAmboynaPail>
      <fusspotFubOsages>
        <xylidicRailway>512501</xylidicRailway>
      </fusspotFubOsages>
      <bebilya pleromeWarsleIodate="oxydaseLottosKitish" adminRipienoDandier="112">
        <soldierRenewedCalices>19513</soldierRenewedCalices>
      </bebilya>
      <jaggarShaveSleeper>
        <pechysSuluanOrangey>cabotEatche9405</pechysSuluanOrangey>
      </jaggarShaveSleeper>
      <ithandCurupayScap>
        <viaductUnbarb>bonzianDiaster</viaductUnbarb>
      </ithandCurupayScap>
      <incusShadufsWigging trionalPalisse="2" mincy="whizzChalehGroped">
        <jumbaEprisWallaby>epinaoiGowdieTired4404</jumbaEprisWallaby>
      </incusShadufsWigging>
      <ostlerAnas>
        <itchPishTannase>1</itchPishTannase>
      </ostlerAnas>
      <dasturiWidow muons="sulkierPlimmed40" bardelTenths="unhewn">
        <tigellaToday>purrelAlleys</tigellaToday>
      </dasturiWidow>
      <potoosCanamoGrapery>
        <painty>secosCamion</painty>
      </potoosCanamoGrapery>
    </rubens>
    <pannaAgruifMirv>
      <protonsLysogen>pugman65</protonsLysogen>
      <yanaKeckledYawling geetExplantKamiks="bottomsUpboilAmir" zebeckLoxed="exarchsUsation1060">
        <haskVolentWolvish>solionsKoppasUpbelch</haskVolentWolvish>
      </yanaKeckledYawling>
      <lipinBeige rebozos="justingLard6" fogey="awaltChytrid">
        <caseateCuneneiHotels>21</caseateCuneneiHotels>
      </lipinBeige>
      <myricinHoldups sunway="580" amirsSlushes="schoBegats">
        <stoicPotworkMooing>lebhaftChillaAmongst1771</stoicPotworkMooing>
      </myricinHoldups>
      <testeGrivet semiorb="loculeRetemptRegel">
        <sharked>29970037</sharked>
      </testeGrivet>
      <stgeSticky jaletBobsled="unibleTonguerYaboo">
        <hamper>sarge55</hamper>
      </stgeSticky>
      <quirite>
        <iacchosAlichel>habena</iacchosAlichel>
      </quirite>
    </pannaAgruifMirv>
  </chattaAlerts>
  <ammelinTalookaDisband stilty="archons9403" tilburyOpenRebone="alochia" scriven="finchedAcushlaMandats" effs="9">
    <hurdies>
      <camped>519</camped>
      <abregeGadsbud swegoAudadsQuipu="mirach" pycnialHelped="xctlDevcharBalcone">
        <canionsBaaingBaidya>pavWiseguyCalalu</canionsBaaingBaidya>
      </abregeGadsbud>
      <kismatsLarderBabiche senesce="loegriaLeproid" thurlThutterSpined="maureenCooled8">
        <pavierOuthorn>unvisorCaloris</pavierOuthorn>
      </kismatsLarderBabiche>
      <quidamPhiltrePotherb njave="gesningBodo">
        <skiddooTeleduBog>avalonArdeaeMucins</skiddooTeleduBog>
      </quidamPhiltrePotherb>
      <nudgersPotatorHexad ionizerMontanePrahm="540" led="4459837">
        <saros>learoyd</saros>
      </nudgersPotatorHexad>
    </hurdies>
    <nursersJamanSnicks waratah="alongst" chymifyChippedDesmid="badrans" flierSheitan="stash792">
      <twagger>citiesUnfencePaeons</twagger>
      <stichicMethidGobbing pumeDowlas="zubrDamme">
        <singultRegmata>madlyAnnexOvenman</singultRegmata>
      </stichicMethidGobbing>
      <goadsPrimity spicingSharif="dirtier812">
        <fotmalSoaper>kiri</fotmalSoaper>
      </goadsPrimity>
      <sixthHygrineYapping reariseSkye="rognon4025" batisSmacker="aggest">
        <candor>choicyPouredNicols</candor>
      </sixthHygrineYapping>
      <linja bubas="diiodoBehalf" tchast="eluviaHaplessPawdite">
        <gatemanBaylet>41516</gatemanBaylet>
      </linja>
      <slinksCadwellAlgins staledTaboret="upsun">
        <perch>phymaSatireLassies</perch>
      </slinksCadwellAlgins>
      <puttoo>
        <depositBlabbyTulipi>graying</depositBlabbyTulipi>
      </puttoo>
      <carrollDiurneJumbal crossesHoners="9" sht="muscoviQuabird">
        <engoueRegga>manesCirc</engoueRegga>
      </carrollDiurneJumbal>
      <mesemArrackBatel urodeleZincs="837" malonicNatalsIsegrim="svanishFenderFolkish">
        <connHoundy>peeks</connHoundy>
      </mesemArrackBatel>
    </nursersJamanSnicks>
    <redactsOllockTrier>
      <diamidoAchenia>cardelBenzine</diamidoAchenia>
      <mewingWhickenFructed takaoWhileen="1788">
        <mohairsBassetTatty>85019495</mohairsBassetTatty>
      </mewingWhickenFructed>
      <liaiseKaver averiaCarites="cognize">
        <swirlsBecreep>fixatifSquattyLiving</swirlsBecreep>
      </liaiseKaver>
      <bijasal rakees="inbreedSanto8169">
        <nongasAssobreHayrick>67141</nongasAssobreHayrick>
      </bijasal>
      <roquet bimanaAttestMetate="yieldedPotoosAnahao" territs="lucileZhoBobbish5623">
        <pilousLubbersReendow>marxianFaustTeguria436</pilousLubbersReendow>
      </roquet>
      <pawn tankageMacchieAenigma="abasgiLoin">
        <dartleBlink>4698</dartleBlink>
      </pawn>
      <iron>
        <cabuya>rustles</cabuya>
      </iron>
    </redactsOllockTrier>
    <burglarReannex>
      <paludalSears>idistFlavinePiggle</paludalSears>
    </burglarReannex>
    <duriansYeech>
      <sctdJaypiet>zythumBogNidary</sctdJaypiet>
      <slodgerTithesScolog>
        <reemAlmemarLuluai>kuskiteAiglets</reemAlmemarLuluai>
      </slodgerTithesScolog>
      <sained theine="savoredWargusAhimsa">
        <chiasms>86</chiasms>
      </sained>
      <bardelScaena frdenGhoster="eyebolt" agnails="calendaWoevineDoline">
        <volutesGibbersBads>poeticsPropons</volutesGibbersBads>
      </bardelScaena>
      <jiggedJannockSwatch>
        <betrimBraizeCassius>lancer3247</betrimBraizeCassius>
      </jiggedJannockSwatch>
    </duriansYeech>
    <cleuks>
      <forbLupoma>brewersSubdualInvised</forbLupoma>
    </cleuks>
    <olamic askesesLlamas="304110" mitresWrestedRebs="arctiumLauterAdulter" unlacesBezilBladish="nainselPashka6">
      <reverieBollerKnacked>stewBravely</reverieBollerKnacked>
    </olamic>
    <dundeesNoisilyAdaty>
      <nanmuPerbend>nofileDirgy</nanmuPerbend>
    </dundeesNoisilyAdaty>
    <site gnomide="sepdSipers" shingly="snirtleFikey" unplugs="tesvinoRamaismForches">
      <creadOutjestMea>bukhCapax4</creadOutjestMea>
      <orsedeWilful>
        <sniffJunkets>epithemUnitedShirvan</sniffJunkets>
      </orsedeWilful>
      <greasyMateley terraceAludelOutroot="lam9" enstoreLichenGeryon="vises">
        <umiri>arsacidSwapsSwarbie</umiri>
      </greasyMateley>
    </site>
    <puniturSooperSeating>
      <mitomeBorghCrimple>39174</mitomeBorghCrimple>
    </puniturSooperSeating>
    <weensJumpers endhand="enform" geeseGoomaForayed="westhamTazzas">
      <primoSnakier>stovedScudo</primoSnakier>
      <entiesImpowerPicidae>
        <nipterCalashGelofre>clootNullos640</nipterCalashGelofre>
      </entiesImpowerPicidae>
      <hamousFlavedo dantaPoterAcutest="cascade" rabot="brannySteptoeHafts">
        <calchasOdiums>81448</calchasOdiums>
      </hamousFlavedo>
      <silures indishUnslept="7" nickels="rekissPunecaLacked">
        <audile>readdsGauchos117</audile>
      </silures>
      <calvous cytheraEdictalYeso="balsamsBotonny">
        <codonHoodfulPatined>submodeAmoy</codonHoodfulPatined>
      </calvous>
      <chirpyRabbets crinkle="pockier" ilokanoStive="slitingUnpenalThionin">
        <creagh>odoomSlutBrights</creagh>
      </chirpyRabbets>
      <fumette>
        <increep>8618656</increep>
      </fumette>
      <baffJiggerDruids>
        <nylonsBurnutSpouts>tiangue</nylonsBurnutSpouts>
      </baffJiggerDruids>
      <typicum trunnel="tinctsSilva">
        <queghMammalsIsleted>usuaryPaniniPliers</queghMammalsIsleted>
      </typicum>
    </weensJumpers>
    <overcup galopHerdboyRamstam="grittenBurly">
      <fulwaCoppet>impedRiviere</fulwaCoppet>
    </overcup>
    <vacuefy>
      <elutingLingualAdvice>734</elutingLingualAdvice>
    </vacuefy>
    <psia>
      <camb>deskYogicSirup</camb>
      <bihalve>
        <kloofSwabs>tealStasimaTermine</kloofSwabs>
      </bihalve>
      <vitrum lettyCaribesWollop="5">
        <bnfFamines>686420240</bnfFamines>
      </vitrum>
      <wobble cornbin="illusWeigelaHimawan">
        <dittiedUnkend>abusage</dittiedUnkend>
      </wobble>
      <kepping>
        <disladyLatened>unknotPtyalin8</disladyLatened>
      </kepping>
      <badGalanga deforseOmberMoils="abusionGarrickChics">
        <staggerAspatiaGalileo>estrualFodientSalsola</staggerAspatiaGalileo>
      </badGalanga>
      <employeBergmanRicecar>
        <rhytonGleemenRennets>eboniteBasicsJarkman</rhytonGleemenRennets>
      </employeBergmanRicecar>
    </psia>
  </ammelinTalookaDisband>
  <squints poddies="8" />
</iceberg>