<?xml version="1.0"?>
<sautoirIcepickArache>
  <obarneCeratin taxersToywort="8830529" />
  <vibrioVeery sharnyPoddedSpiced="704" />
  <fatihaDooverMiazine>
    <smiddumAbaffCerises>
      <befallCotrine>betoil7742</befallCotrine>
    </smiddumAbaffCerises>
    <wastesLigge>
      <saucersKneecapSpiler>south</saucersKneecapSpiler>
      <timbalsBombedNeats subnessVexilla="isotypeHattic" modemLinpin="solidHillierPerhaps">
        <theftTjaele>971383082</theftTjaele>
      </timbalsBombedNeats>
      <prenameAeolus>
        <kempiteTravado>3</kempiteTravado>
      </prenameAeolus>
      <hessiteCoagel trancedAmercesOread="dolliaTakyrLotion9">
        <entericYoungth>playing</entericYoungth>
      </hessiteCoagel>
      <geranyl frontis="7223" jizyahBicarbFilate="watapeMares">
        <nonaFother>charerPinolinCassis</nonaFother>
      </geranyl>
      <jurator geobios="chickFreest" remold="crasesNorNoria">
        <squash>15667</squash>
      </jurator>
      <torteauMila cabane="quorumPurfle7" cavityHajjesShittah="recount">
        <skeinedChecksDunnite>engagedDulcetsSambaed</skeinedChecksDunnite>
      </torteauMila>
      <rhemishStarletSmeer purinGarnQuerela="muzarabBalubaKiwai39">
        <hdqrsBuckpotCorer>unrudeKopec</hdqrsBuckpotCorer>
      </rhemishStarletSmeer>
    </wastesLigge>
    <oakesia>
      <vareuseVakeel>gor</vareuseVakeel>
      <podzolWurliesAgendum goonie="oopodalDhurnaYezzy" airmenDharaniTelei="346514796">
        <dipsieOuphes>7212137</dipsieOuphes>
      </podzolWurliesAgendum>
    </oakesia>
  </fatihaDooverMiazine>
  <cuspsSputterBundle naren="58" inrailCresols="smokerVinals" />
  <standel vocate="jinnyFitlyBlee445" bladerFoetalCurin="debout" quelchSlypesPolaxis="dodmanTattoosJambone" iritisYajeinHilloed="ascebcGaloreRefuser">
    <ventral>
      <bokardGustoes>8</bokardGustoes>
      <gneissy bluish="swellyCadetCubdom3526">
        <selvage>funnySubset</selvage>
      </gneissy>
      <rippingPrologTzardom selsynTottyKaroos="dixiesUnrove">
        <kiowaSpoonsWayaka>fulsomeCarcake</kiowaSpoonsWayaka>
      </rippingPrologTzardom>
      <seededDyings sworn="997546235">
        <guddleIotas>sapwortCraving5</guddleIotas>
      </seededDyings>
      <peaiismHumidlyRefeed>
        <limity>rewroteBluntly</limity>
      </peaiismHumidlyRefeed>
      <urentFirring>
        <hostlerInutile>klipdasReatas</hostlerInutile>
      </urentFirring>
    </ventral>
    <matadorScenes>
      <naziismFoppish>oodlins</naziismFoppish>
      <rouen bergyltFuseRamta="ladkinKoanSynapse">
        <pyrroleCharonEmpiric>lucban7310</pyrroleCharonEmpiric>
      </rouen>
      <tridInhuman micra="lordyCretifyMushes" amoursMavin="sporid">
        <clingy>matinalChaco325</clingy>
      </tridInhuman>
      <bohunkMisrulePoa>
        <logging>61465</logging>
      </bohunkMisrulePoa>
      <camataYampFirkin>
        <epacts>gehenna</epacts>
      </camataYampFirkin>
    </matadorScenes>
    <hery doucelyBaclava="aortalForever" fahlore="bistredCulmingSwivel" cundManpackTestudo="jovyCarboneCacei">
      <gatingAzofierTmema>kep418</gatingAzofierTmema>
    </hery>
    <unminedThinnedAliener latiner="undusty">
      <caddy>sunwardFlauchtRib</caddy>
      <wealdWeigherEyedot spicy="direstTreadSoapi">
        <acidly>leads1368</acidly>
      </wealdWeigherEyedot>
      <oxidantSarkful fatsiaMuffer="stridesTeave" opimianRanks="barterSprotRarest">
        <gamest>facy</gamest>
      </oxidantSarkful>
      <rondinoBakunda pyrrols="478626000">
        <sutlerWinker>wheepleWabsterSyrphus</sutlerWinker>
      </rondinoBakunda>
    </unminedThinnedAliener>
    <gerundPieton>
      <fairiesDeedboxLiposis>tanzebLaiose57</fairiesDeedboxLiposis>
    </gerundPieton>
    <acquistFangOttetto>
      <swami>35136</swami>
      <filacer>
        <sialicSnug>grappaFodda</sialicSnug>
      </filacer>
    </acquistFangOttetto>
    <inshootSpikedEan>
      <bobby>dauniiBobache</bobby>
      <georgiaGrivoisFixure prepnGoofed="645" dulbertBicornEvanid="61737269">
        <slatersShamansUndelve>93</slatersShamansUndelve>
      </georgiaGrivoisFixure>
    </inshootSpikedEan>
    <penticeNegros>
      <sacristSturt>scarolaSinto</sacristSturt>
      <harmins corojoYadayim="96951">
        <ducking>sepic</ducking>
      </harmins>
      <tutMaimon kinder="deputy3917" gallery="rixySayableKophs">
        <motels>krauts</motels>
      </tutMaimon>
      <nupson>
        <koines>scrumpyWint</koines>
      </nupson>
    </penticeNegros>
    <sukuDwarves>
      <cardedPinkly>387</cardedPinkly>
    </sukuDwarves>
    <cribsSinksTailles>
      <accused>disgulfPicket</accused>
    </cribsSinksTailles>
    <fizzer tumuliGyges="bahadurMaunna">
      <relievo>2</relievo>
      <oometerQuaffRoulade trancesCutups="mapauKnaveryOutstay" civicWhipped="ejecta">
        <donarIroningKarri>905</donarIroningKarri>
      </oometerQuaffRoulade>
    </fizzer>
    <grandpa>
      <newness>toxoidGarveys</newness>
      <donisSquooshTalipes assistsEnchest="419662169" roll="koibal23">
        <heyday>38632303</heyday>
      </donisSquooshTalipes>
    </grandpa>
    <bierInditeBinghi quipusChiviedOsmund="ensueToluic4544" shantyAmokVoes="16">
      <esslingBeardDolt>94712</esslingBeardDolt>
      <adoulieElflock harmed="izchakDebted">
        <enforceRibKnorria>abogado</enforceRibKnorria>
      </adoulieElflock>
      <skinLacunar>
        <murgaHummaulArsono>guhaynaZygonScuddy</murgaHummaulArsono>
      </skinLacunar>
      <pulSurfleSkeane hoppledScums="toffishCrimped">
        <uneatedHageen>pronota</uneatedHageen>
      </pulSurfleSkeane>
      <galline>
        <olioInfersReroof>impackTesta</olioInfersReroof>
      </galline>
      <atrepsy mono="3792" zoaCisticAsocial="fuellerFelter9026">
        <chilly>apyreneBhara</chilly>
      </atrepsy>
      <bedsiteBaddiesAfflict>
        <dorab>rugosaPintUnpoled</dorab>
      </bedsiteBaddiesAfflict>
      <dogeSuf amain="echea">
        <lours>gedacktPettah</lours>
      </dogeSuf>
      <luckier echinalTaurineDeposed="crowderJellifyRuffed301">
        <medimnoSaltman>lentil</medimnoSaltman>
      </luckier>
    </bierInditeBinghi>
    <weeply rory="fetureOccasEvulse69" rebatosBaar="speederYeming">
      <bibberPannaUnmould>daubs2</bibberPannaUnmould>
    </weeply>
  </standel>
  <antisiTriste>
    <wonnerNewport>
      <demerge>sautree</demerge>
      <faculaeHurst>
        <degame>expressSloggerUnrough</degame>
      </faculaeHurst>
      <statizeWashdayGaby wooliePontac="noritePrivier5526" unboxedRewworeDrones="streamySemeionNacres">
        <nauntleDeposed>pickler</nauntleDeposed>
      </statizeWashdayGaby>
      <saucers billowTertius="upcurls">
        <bidderyAruntaProton>retestsFehBewired1</bidderyAruntaProton>
      </saucers>
      <tastenEndearsVaagmar andYacata="abiponLydite">
        <lamiaFossulaLoosens>bathala</lamiaFossulaLoosens>
      </tastenEndearsVaagmar>
      <uvaniteSomnerWanga unwindyTunaOpsonic="1324902" rattonsMurshidGunnel="jokierGimmer">
        <banagos>740050603</banagos>
      </uvaniteSomnerWanga>
    </wonnerNewport>
    <ownhoodRegard almsman="whimperPincerToadery">
      <jove>cerillaAscotBelamy</jove>
    </ownhoodRegard>
    <topmastYapaMars rongeurFeazedSyncom="285947610">
      <caderasDoricUpgale>justestHockledPoling</caderasDoricUpgale>
      <eying>
        <beckonsSurely>fruiter</beckonsSurely>
      </eying>
      <danaroMamboes outglow="sridharDharanaBxs" darklesCoshSherry="struntsCrazier">
        <scrapPrank>edgiest</scrapPrank>
      </danaroMamboes>
      <nathan>
        <neurineTgn>embargoAndeanQueried</neurineTgn>
      </nathan>
      <pandoreBoomierMausole cammasUalisGansy="lere">
        <offtakeNurhagSnoozy>pottosKobi</offtakeNurhagSnoozy>
      </pandoreBoomierMausole>
      <quaitso>
        <oogenyFemaleHwan>jobade</oogenyFemaleHwan>
      </quaitso>
      <sacroHippen>
        <leer>moduli</leer>
      </sacroHippen>
      <shunner beetleRubificPassata="117838" schemer="nauntleTartish">
        <maiefic>balnea</maiefic>
      </shunner>
      <deaved kan="doweral" mutingLotong="mucks811">
        <raplochBlubbed>owght</raplochBlubbed>
      </deaved>
      <lamina hiliSchizoRemet="mylodonPoyous">
        <alfioneEurosEdhs>ambarySerbian8647</alfioneEurosEdhs>
      </lamina>
    </topmastYapaMars>
    <tactiveHovelerLimer wyneTowzieRoosts="tensureBear">
      <wallows>kanae</wallows>
    </tactiveHovelerLimer>
    <bead skep="lieferHexarchGraddan">
      <fleasZooids>94</fleasZooids>
      <defuzed upflame="4" hudIncense="barraceTravois">
        <ixodes>soaves</ixodes>
      </defuzed>
      <bougieWhom organic="deckenStanceOpai">
        <plunderFluvio>coct</plunderFluvio>
      </bougieWhom>
      <unboxedBabbageBepaw>
        <lamedPanamas>baldy</lamedPanamas>
      </unboxedBabbageBepaw>
    </bead>
    <samkhyaToxicolJova mennomInspake="acheteSheria" essedaOutsped="sensu" plierOdyl="82891463">
      <rehairTectrixScalpel>5938</rehairTectrixScalpel>
    </samkhyaToxicolJova>
    <fuckerDoodia>
      <yizkor>augrim</yizkor>
      <dumb>
        <aidedStuddieFalcer>80446066</aidedStuddieFalcer>
      </dumb>
      <oxygen tiltersDidderGlisten="rekey">
        <pelican>26524</pelican>
      </oxygen>
      <gangmanCatfoot seggars="mormalAiwain" deturRouser="gribbleFoxshipSparver">
        <misticCognacsPicking>klva2</misticCognacsPicking>
      </gangmanCatfoot>
    </fuckerDoodia>
    <rife>
      <noxialGelidKickers>ardors</noxialGelidKickers>
    </rife>
    <storaxCurberBaals granumCoinfer="taoChukor" setoverYakamikCoign="624" arnotta="56941342">
      <burdens>guanche</burdens>
      <spilletReeling overcryRambleSpintry="trigon">
        <hepaticSlushy>unrowUnwelth417</hepaticSlushy>
      </spilletReeling>
      <tuyeresGenetor chorale="canyonAlonzo" fetter="tensestCabaretQuite">
        <owlyRontgen>amidsHirudoSolum</owlyRontgen>
      </tuyeresGenetor>
      <missalHagdinBoundly>
        <jiminy>babisYahwism</jiminy>
      </missalHagdinBoundly>
      <flooder>
        <orachYese>bemeansMuddier</orachYese>
      </flooder>
      <trindle setoutSolio="poteensTupi" coarb="unfrillAlbert">
        <sjomila>4070</sjomila>
      </trindle>
      <dorcasCumylFruz miderEyeballAhem="34397702">
        <choPulparSulker>alain</choPulparSulker>
      </dorcasCumylFruz>
    </storaxCurberBaals>
    <emendedSpooledHarness agilityKurta="featyHeron" dognaps="oughtnt">
      <derfTalkieMandora>joylet</derfTalkieMandora>
      <hurlockCantrefSourtop greith="maskoiMaxim60" quip="purismTowheeMilder">
        <meeterSpittleHosier>logheadBelow1066</meeterSpittleHosier>
      </hurlockCantrefSourtop>
      <dhurraDinked taxemeVoltizeGroose="rulesTrogons" makoua="peresCanelleVirid">
        <regret>eeriestBroncho</regret>
      </dhurraDinked>
      <dicycleDiddledUpend redout="oxalyl">
        <rewired>acostDeathSulfate</rewired>
      </dicycleDiddledUpend>
      <lappersRagmen venueDurhamPlaned="punctus">
        <hinnies>fraenumAuras</hinnies>
      </lappersRagmen>
      <chromy>
        <aviator>excreteLnrTribual2519</aviator>
      </chromy>
      <calling fylgja="6" sesiaMondos="taxing">
        <dourly>sponsalDiploicDuncify67</dourly>
      </calling>
      <vexedPresleyPerloir reastySpellerHemin="tragusUlminGrowze">
        <goletDrailed>alumEcoute</goletDrailed>
      </vexedPresleyPerloir>
      <abiesRaffle bomboraGrownNexum="tubedSwart9">
        <sist>147134</sist>
      </abiesRaffle>
    </emendedSpooledHarness>
    <alewWaroriYerb turfage="shorlDenebAtman">
      <tipperClint>7</tipperClint>
    </alewWaroriYerb>
  </antisiTriste>
</sautoirIcepickArache>