<?xml version="1.0"?>
<bottom>
  <urbanaTibbyPliskie chebule="nither" lottosHurdledProsely="grosses" divelBrowstCard="shawingIronyPussley" oremanDaddumsBaume="plasticNassauUnwept">
    <warlockHumulon gledeAbbotScrooge="perkedTumphy81">
      <punkeyEnologySuave>arsheenLeathPyocyst</punkeyEnologySuave>
      <aoudadsZedsPallu pompistJagathTorpors="tardoFetusesFarrow" pgntt="cheaplyCaserneAmadou">
        <casava>jacksonStirpLysogen302</casava>
      </aoudadsZedsPallu>
      <rammiHuller misdrew="euryonAutocab">
        <hematin>ruskinHostel</hematin>
      </rammiHuller>
      <mayweedLiardsIndebt tippetsEngirdsMoxies="deicersHairenAlunite" quakilyDebuts="cycasin">
        <prosperLicuriZimocca>parleys817</prosperLicuriZimocca>
      </mayweedLiardsIndebt>
      <spectra aeroSteelie="rudySawahEeling">
        <puan>929</puan>
      </spectra>
      <lokaoseHankyVendues>
        <jarnutKittensDapico>snobolBiersAssish</jarnutKittensDapico>
      </lokaoseHankyVendues>
      <egotizeSpiralsLekanai tirrSayid="betaxedLogwise">
        <hippiesCuraghsStroked>marbledBrenderBocardo</hippiesCuraghsStroked>
      </egotizeSpiralsLekanai>
      <chamsArum motocarWakyOnium="reavesCactal">
        <girsleReseverJimply>bumble</girsleReseverJimply>
      </chamsArum>
    </warlockHumulon>
    <thriverDeady pelvicsZambezi="potateCust" risenDbrn="saddlerHenneryWhereer16">
      <bitchesSpavins>kulmAdatom</bitchesSpavins>
    </thriverDeady>
    <oersted astond="freshlyBaleens" pyralis="50367">
      <bussedCancrid>atypicYellingJowpy</bussedCancrid>
      <barbed>
        <livreDispell>795755666</livreDispell>
      </barbed>
      <mitisAbaxileCaulite swiper="ulnar4" quayfulChapperDiego="jordanBooze">
        <yabbiEldern>unshent</yabbiEldern>
      </mitisAbaxileCaulite>
      <russeneFango sendingDindleFloroon="sunriseSippet83">
        <cervixPlenity>ebauche</cervixPlenity>
      </russeneFango>
      <lugnasSig desugarMaypoleSecalin="pitiersDolosVotyak6">
        <lambieMeaderCanzos>747</lambieMeaderCanzos>
      </lugnasSig>
      <purposePealikeDisgig nateFaits="fought">
        <congousRefileMowch>cherootShingonConcept</congousRefileMowch>
      </purposePealikeDisgig>
      <miswendIsopoda snookedSakulyaIndue="muongWrichtTroper">
        <vishalWhetterIonism>dalapon</vishalWhetterIonism>
      </miswendIsopoda>
      <blitz hoodmanMasers="657164758" viminalDoulceBarres="cirlKungSeabird">
        <between>toilerTelopeaDaunted</between>
      </blitz>
      <nabsInquiryMover chuvash="hazen" aghori="cowbaneUnsized">
        <pupilsOboesAmlacra>chumawiPadeyesBhil</pupilsOboesAmlacra>
      </nabsInquiryMover>
    </oersted>
    <swiplesTauri>
      <lazedVealed>fletch</lazedVealed>
      <bahaiMaestra>
        <cyamusMureins>gippoAstarte</cyamusMureins>
      </bahaiMaestra>
      <zebeckGalipotPigdom coonily="uncariaSeeker" golilla="lipemia">
        <swirlyBedpan>humeri</swirlyBedpan>
      </zebeckGalipotPigdom>
      <noebcdSyrmianWhileen sivaitePaperHaemoid="twiddleTurfiteFeeble" brumbeeDorpersImperf="arteBecolor3248">
        <talaje>simp</talaje>
      </noebcdSyrmianWhileen>
      <farmostVedro>
        <guerebaSowf>suent</guerebaSowf>
      </farmostVedro>
      <tortieKalpaTyr anomalVidian="bitchToolsiPleura" bepen="tarocsLangiteAssi">
        <lamboy>theftGiulio</lamboy>
      </tortieKalpaTyr>
      <merlonDredged>
        <bumwood>sakelLevying5</bumwood>
      </merlonDredged>
      <irpexEvacueHawker>
        <devaunt>enclaveBruting</devaunt>
      </irpexEvacueHawker>
      <psuedoTynedWarps>
        <ahwalQuerelaIpid>energicTinkled</ahwalQuerelaIpid>
      </psuedoTynedWarps>
    </swiplesTauri>
    <ectypalScend>
      <dibholeChoaty>tineolaDurry</dibholeChoaty>
    </ectypalScend>
    <vedaDariiOrchil paltSid="lohockDipalaPeavie4">
      <kluckerQuaff>troperPrese</kluckerQuaff>
      <eucrite>
        <timarauCasaOverfix>betreadRepriceWinfree8</timarauCasaOverfix>
      </eucrite>
      <artist>
        <zygnemaSicesTacnode>geomysPhrynin26</zygnemaSicesTacnode>
      </artist>
      <larusSweal koldajiHordeumYon="plumletPituitaPosse" beets="bardicRoue">
        <thenneAmidol>ibaditeQuetzalLokao</thenneAmidol>
      </larusSweal>
      <amandusCorbeilReassay unclampExilerSinaite="1193786">
        <muskish>jiber68</muskish>
      </amandusCorbeilReassay>
      <preeThienylRockery stirraYare="teazlesOncer" dowels="neriticKalachPrized">
        <angamiCrocus>tiglicRobotryUphand4</angamiCrocus>
      </preeThienylRockery>
      <ceteUnpapalJubbah sambharFridaysMudbank="adeste">
        <walersOatbin>37062</walersOatbin>
      </ceteUnpapalJubbah>
      <eylDefinesIntrude mussing="apply" recedes="220750601">
        <germonDadap>portentGarred</germonDadap>
      </eylDefinesIntrude>
    </vedaDariiOrchil>
    <ellen>
      <orsonRemends>aureneKind</orsonRemends>
      <lugnasVeil>
        <voyager>battier</voyager>
      </lugnasVeil>
      <obelize fugledBlithe="basokoAshrafAnatox" ungiftRamate="4184">
        <eppy>smegma</eppy>
      </obelize>
      <dunnestDizaineAgnatic oxylGlaverTechnol="postageEupneaDiccon" schrankUnweldRouses="ppaAlemmal">
        <parol>raggedyVelalNag</parol>
      </dunnestDizaineAgnatic>
      <slagged>
        <saree>46</saree>
      </slagged>
      <sealingFontes>
        <cribralStowing>distainKanoneOlga</cribralStowing>
      </sealingFontes>
    </ellen>
    <estrade>
      <tanningBandogsPiff>77673259</tanningBandogsPiff>
    </estrade>
    <cyanicCowpath abadejoPreheat="885">
      <hernialIcefish>greit</hernialIcefish>
      <ruffin>
        <tentingBessesBlimp>flavid</tentingBessesBlimp>
      </ruffin>
    </cyanicCowpath>
    <hauyneFurcate pions="curneysFormantTooted" koshersBrazing="dupletSeller">
      <habitat>berates</habitat>
      <crista sawlog="julietProvent18" apothecSideral="druckenCrayonEnsigns">
        <icerootPerries>439</icerootPerries>
      </crista>
      <sunnBesandCorrel>
        <grand>35672</grand>
      </sunnBesandCorrel>
      <suckersVauntedZetetic convexo="admrxKaikFestine">
        <fittingDuodena>gioThinly2</fittingDuodena>
      </suckersVauntedZetetic>
      <umphRelaid>
        <lench>sitedEmptor</lench>
      </umphRelaid>
      <solublyPurree momoBahutuYoky="hogwort" wordleUnieScorkle="falcoSunsetsWeald">
        <trocoAuris>epioticTolseySuina</trocoAuris>
      </solublyPurree>
      <swamiBalboaPlanet zymaseAshrafOsirify="amaniaShebar">
        <untidy>skived</untidy>
      </swamiBalboaPlanet>
    </hauyneFurcate>
    <hasHummers>
      <badgersConchoOrch>berley</badgersConchoOrch>
    </hasHummers>
    <surfieRevalue>
      <phragmaMirid>codonsZokorToch</phragmaMirid>
      <unhitKenemaBarruly>
        <liederEadios>curdledDrewiteJoss</liederEadios>
      </unhitKenemaBarruly>
      <untop fudgeCapulinKerve="smazesWhirtlePled">
        <jetsams>oddly</jetsams>
      </untop>
      <matloSituateDocquet punta="bikhUnneedy">
        <diskery>compo</diskery>
      </matloSituateDocquet>
      <plusher palesUnyoke="scullsUreaLeef">
        <eterneYokelsTinging>yetterRing</eterneYokelsTinging>
      </plusher>
      <canulaeScawd awardAustriaRhodope="abduce" amensDoke="7304">
        <diamantHead>360263</diamantHead>
      </canulaeScawd>
      <regidorDartoidWangan enstate="83083">
        <vowelPearlinEuripus>inlays</vowelPearlinEuripus>
      </regidorDartoidWangan>
      <leachedObdureNovice>
        <manal>idoteaBiohermChihfu</manal>
      </leachedObdureNovice>
      <baht>
        <treatsFunariaGaltrap>speededPapize</treatsFunariaGaltrap>
      </baht>
    </surfieRevalue>
    <annatsInvised bagfuls="roppParpend">
      <garrafaTinmen>383</garrafaTinmen>
    </annatsInvised>
    <skeely dearthsAnte="1">
      <impedorCamailAgatoid>unbidMickeyLuo</impedorCamailAgatoid>
    </skeely>
  </urbanaTibbyPliskie>
  <lummeRakely melinae="enaliteIceni74" unedge="46">
    <himpleGemmaCabin>
      <namareCactus>nuttierMangoro</namareCactus>
    </himpleGemmaCabin>
    <snaperFathead>
      <tactusCumaru>kapasBeentShesha</tactusCumaru>
      <minoanThamengDeduit chewHoneyClepe="toweredRiotedUnclogs" oleoyl="skirtImpelOnyx">
        <wrayfulBeigesUrceole>listen</wrayfulBeigesUrceole>
      </minoanThamengDeduit>
      <jong unsteelDeodandAlegar="beclogs">
        <faiteryPollexCoops>infimaNowaday</faiteryPollexCoops>
      </jong>
      <rosealNyalaBysacki unroofsLurkers="coctile">
        <folacinSlimingBelight>144445356</folacinSlimingBelight>
      </rosealNyalaBysacki>
      <praters>
        <busserCartmanObol>infuse</busserCartmanObol>
      </praters>
      <eylLiz bream="script1441" hormoneIdealsWicht="merismIteaShores">
        <unmossy>brakes</unmossy>
      </eylLiz>
      <blebsReloans pitonsUpglide="mestJuturnaSubnet">
        <dhikrs>661444</dhikrs>
      </blebsReloans>
      <midrash>
        <animis>hadstOvinia</animis>
      </midrash>
    </snaperFathead>
  </lummeRakely>
  <premio ensnow="2422" andorHwt="8505904" goliardHauld="594808" barbateOnciaDisgig="byron" />
  <girdledIngrate subcityHaori="briefFeat" thujasLanguet="nobisRansesOttawas" />
  <sluitFikie>
    <estadioCigar>
      <fumadoBrowseSwathe>9829854</fumadoBrowseSwathe>
    </estadioCigar>
    <wasted laun="9244283">
      <pontilGadis>ordu</pontilGadis>
    </wasted>
    <mattinVentureAmatory tocusso="fasheryIsomere">
      <sliders>tuffingFattestRetrims</sliders>
      <chiasma lettedTypes="acknow">
        <temposRavineFotive>maucaco87</temposRavineFotive>
      </chiasma>
      <leafingIcicled>
        <gestate>lionne</gestate>
      </leafingIcicled>
      <tussiveJaletRilles meadowPateraPhenom="guasa" rickeyIseultZabti="cituaOvibosInermes911">
        <baizasJellabaFurdel>goading91</baizasJellabaFurdel>
      </tussiveJaletRilles>
      <graupelWeekday>
        <plierTriarii>eomeconFennish</plierTriarii>
      </graupelWeekday>
      <cogroadVacuitMandra peppilyTaoBlucher="themer">
        <unpaperPassantStacte>80</unpaperPassantStacte>
      </cogroadVacuitMandra>
    </mattinVentureAmatory>
    <braiseSquintVersual>
      <coneyCowered>cremant</coneyCowered>
      <curiousHairyRecode>
        <turnsBefouls>fiord</turnsBefouls>
      </curiousHairyRecode>
      <upariseTaqlidHatpin startle="gemmae" francia="3134">
        <eosinic>acnodal</eosinic>
      </upariseTaqlidHatpin>
    </braiseSquintVersual>
  </sluitFikie>
  <bodsRyal margotGhafir="taproot" duelAdenylsDotter="amovedRussManacus" triga="fagalesBetwitKozo" bakingJubbah="courb3" />
</bottom>