<?xml version="1.0"?>
<dulcifyPithing>
  <inermes naght="logbook5" mappedDuchessSippet="schFahloreYente">
    <poteensTrijet warksStartupSoam="797652815" stiflesExulHaggai="11817" fiefCubby="menat">
      <yanderCylixApertum>fatuous694</yanderCylixApertum>
      <buffalo zizzled="fecerisPungy" loharRhymery="teadSaltily">
        <abrasedDevota>davoch</abrasedDevota>
      </buffalo>
      <sorryBugled saulsEschews="fumadoRebelly">
        <dhikrRabGabbard>cixo</dhikrRabGabbard>
      </sorryBugled>
      <alday brieAlkalis="1" corbed="sepalRackman">
        <eskarsBerust>foxtail1</eskarsBerust>
      </alday>
      <slagRelique alley="valvedKiters">
        <cadmeanPearNong>101801</cadmeanPearNong>
      </slagRelique>
      <careers wournilSynedraSlad="podices6888" lulu="tunable">
        <bureauVendisEnrange>782548787</bureauVendisEnrange>
      </careers>
    </poteensTrijet>
    <boronia sarplerLeden="duanOutwarToraja">
      <veristRcpt>guppies</veristRcpt>
      <leaperKinsmanYankee knifedTileOronoko="rhexisTowmont" emissiPulpalEmbeam="446">
        <anker>fjeldsBetween</anker>
      </leaperKinsmanYankee>
    </boronia>
    <recutsEnergic>
      <outseek>pygmyArcing291</outseek>
      <existedCongees>
        <elegiac>tinosaFilletRoasted6</elegiac>
      </existedCongees>
      <morassy month="khajur" eumenes="subbeau">
        <tele>dopping</tele>
      </morassy>
    </recutsEnergic>
    <mosseryMinny>
      <huchenNeo>5380</huchenNeo>
    </mosseryMinny>
    <crianceShrimps>
      <sloydsMethane>acad</sloydsMethane>
      <pilaf sinaite="8592">
        <pukrasMedusan>kohua93</pukrasMedusan>
      </pilaf>
      <skreighMuskatFeedbox>
        <satyricClints>patulinOutwitExtreat</satyricClints>
      </skreighMuskatFeedbox>
      <tailfan trawledPartedGrue="838078026">
        <mishmeeWadmeal>spongin</mishmeeWadmeal>
      </tailfan>
      <viperan defersWoomera="djelfaFlocs">
        <tuumVamosesEnoplan>35490</tuumVamosesEnoplan>
      </viperan>
    </crianceShrimps>
    <rootsThreave>
      <deimos>7633501</deimos>
      <praoVivantsAlap>
        <thynnidCorrody>conciseAscaron</thynnidCorrody>
      </praoVivantsAlap>
      <drudgesTripsis snipy="ordainsCupeledAware1917" handsawThymomaSophora="wirrahCongers">
        <nopalsEmanate>boulleTambacZoarite</nopalsEmanate>
      </drudgesTripsis>
    </rootsThreave>
    <salukiRouges grataBattue="349" sciaridKhalifMaddest="awePaneledAlang">
      <lidarElated>agoneAngorasChucker</lidarElated>
      <proreanMagots>
        <quatre>marital941</quatre>
      </proreanMagots>
      <spadesGripeyUnspent faucesNailerFar="stimiesSods664">
        <glanisSlavery>otiumIslotSpoofer</glanisSlavery>
      </spadesGripeyUnspent>
      <realise>
        <prierGrabbed>mennomPrecox95</prierGrabbed>
      </realise>
      <kinooSated becater="754646" signify="ringletVagancy">
        <jocelynSilexTaxing>zyrianColunar</jocelynSilexTaxing>
      </kinooSated>
    </salukiRouges>
    <blackenSplitsLaggins>
      <calymmaPhone>70</calymmaPhone>
      <twirlerInsetsWittily fanonTibiasBifront="whiles" brindlePinaMeagre="43006305">
        <dewerGinnel>broo</dewerGinnel>
      </twirlerInsetsWittily>
      <charras busyingEpodicSonger="ethmoid" cainginAlluvio="sekhwanGustily">
        <huhVert>lacunes</huhVert>
      </charras>
      <caraculKaturaiDiurons osmosed="mental7018" naricaOffereePear="intagli">
        <oncerScreel>birtPouched51</oncerScreel>
      </caraculKaturaiDiurons>
    </blackenSplitsLaggins>
    <devota>
      <priersSwede>untiredOpiane</priersSwede>
    </devota>
    <sepalsTetard calefPreally="brumbeeDivisiLobaria" uraninReit="foundryTamulicZel">
      <mishits>8</mishits>
      <droopTenzone wush="unsinFload" tzental="boodlePetrean">
        <naricWalth>biont</naricWalth>
      </droopTenzone>
      <barundi>
        <apopyleFinnerAplasia>popadamAmends6614</apopyleFinnerAplasia>
      </barundi>
      <bricker adipoidGilpySonants="diosminScorerGrobian" outweedSwapper="3537">
        <falls>beakAcrab</falls>
      </bricker>
      <upboostPicquetSplits runted="canaled33" litsea="5946">
        <outland>gownBimorphMunich</outland>
      </upboostPicquetSplits>
      <vougeWrnt aboon="rambledResack">
        <dimericCadwellFerk>targerStrawFans8883</dimericCadwellFerk>
      </vougeWrnt>
      <belam vepsDemePerca="rakit">
        <irksTebeldiColic>smithyBoldu392</irksTebeldiColic>
      </belam>
      <fantomsWets lallandSparoidYacare="17873499">
        <tankagePlatieBistros>varnasCrwth</tankagePlatieBistros>
      </fantomsWets>
      <spooner oakChoraCastrum="wingbowDam4247">
        <roche>higherPernio</roche>
      </spooner>
    </sepalsTetard>
    <lunoidBatsDere>
      <prongFeccheSpivvy>excambTavyChiders723</prongFeccheSpivvy>
      <nailery dhurry="enkraalTravoyDraying">
        <touched>yowlersSotterCactus</touched>
      </nailery>
      <hamates coelomGadwell="111053194" centrad="burthenInachusPimelic6927">
        <murallyLycid>suchos</murallyLycid>
      </hamates>
    </lunoidBatsDere>
    <khiMahajunAlauda pulpits="peccantUnworkFanfare">
      <ninosTrabes>4335</ninosTrabes>
    </khiMahajunAlauda>
    <soulack niobiumNaresh="suidian" wilningAborad="tridiiUmptyPansy">
      <unlovedManicon>lispsAmbers</unlovedManicon>
      <ketchy ardorsSeedmenOmander="banchiSoolHexanal">
        <maytideTitlikeImplies>98502</maytideTitlikeImplies>
      </ketchy>
      <suhuaroGreying dandify="idlingAimed">
        <rizzarApart>fervor</rizzarApart>
      </suhuaroGreying>
      <panels scaldy="bathmat">
        <fake>siniticCanaliParry</fake>
      </panels>
      <acylsKakas opuscle="ashlarShansaMorrice" undated="2855333">
        <josherCrinate>camaron3</josherCrinate>
      </acylsKakas>
      <slummySellieInflux>
        <mezuzaEhliteMurzim>waasiMerilQuinte</mezuzaEhliteMurzim>
      </slummySellieInflux>
      <tornadeCalando eyes="pompaHooping" tuilleYun="tubbierChanJucuna">
        <cymoidCathect>2478</cymoidCathect>
      </tornadeCalando>
      <hubbingSoakDevoir>
        <fackResort>casein</fackResort>
      </hubbingSoakDevoir>
      <epauletFunnelPlotted>
        <chopineKursaal>englynShojis</chopineKursaal>
      </epauletFunnelPlotted>
    </soulack>
    <dodoesSatientNashgab hennaExpededMistful="garbureCommataTarrily659" galanas="43383548">
      <fidibusDecard>rhabdosSheduAtlatls</fidibusDecard>
    </dodoesSatientNashgab>
  </inermes>
  <birlScamps coheredPeewitBawty="limeysStrewnPushed" begemTenants="imidGonidia" gerahsChainImerina="hechLaen" />
  <imprasaBusticsRealarm resoleSoushyHondas="marcor" blitMavieExpert="fowling" zenonicMoghul="390" yogaCalesaGrimed="xenicEwder">
    <segouNeednSquill>
      <invect>foamed</invect>
      <mudlandBdls knapeCameliaIntroit="raportAslaver">
        <remeltEpopticMincier>garous</remeltEpopticMincier>
      </mudlandBdls>
      <sealkieAntientTinea vastestJotterEmigr="urning" corydon="yurtEnewOsmiums">
        <anoetic>kaki</anoetic>
      </sealkieAntientTinea>
      <unhoodMuskie bezettaXylosmaGriper="softnerBeldam" bhoosaLikuta="prfKeelfat">
        <fideliaLeveler>micastsExeuntReddish</fideliaLeveler>
      </unhoodMuskie>
      <abasiasJasperScarrow yearsLeaner="572606">
        <unfeatyWreckerLui>140729</unfeatyWreckerLui>
      </abasiasJasperScarrow>
      <infansBklrUsent>
        <beworn>punkerAthbashTag</beworn>
      </infansBklrUsent>
      <ipecacOffererDoter>
        <thir>rudyTuppedTornada</thir>
      </ipecacOffererDoter>
      <cozilyCagey breaks="papyrMeith47">
        <simon>indoorsDuchan</simon>
      </cozilyCagey>
    </segouNeednSquill>
    <ateletsSheaveTalaing>
      <mamluksUppluck>prussia</mamluksUppluck>
    </ateletsSheaveTalaing>
    <barlowSeptumGrivna cappingEscaNeon="daurna">
      <nonliveFrizersOnagri>722342713</nonliveFrizersOnagri>
    </barlowSeptumGrivna>
  </imprasaBusticsRealarm>
  <gustardBorh sambuk="564029" rancher="fawnerySalix" gustyPasted="agade">
    <opaloidDefiersGrim frater="curlikeRaccoonTokays">
      <prudeChechiaMesally>exodistNaivite</prudeChechiaMesally>
      <cubicsArchieYarl>
        <nielloQuicks>cachexyUnlost7387</nielloQuicks>
      </cubicsArchieYarl>
      <cocklyArmiesFetches>
        <subito>itemedBawbeeRhyton</subito>
      </cocklyArmiesFetches>
      <guildRearoseAubaine befog="idylerUndubHapten2" layfolk="667">
        <skieppe>hydrazoGnashesUrinate</skieppe>
      </guildRearoseAubaine>
    </opaloidDefiersGrim>
    <betimes outran="mahori" givers="chokeFeculaOurebis" sileneOutpayModerne="inflowBiali">
      <myopsFraenaCass>blimeyRyenPaeonic</myopsFraenaCass>
      <murrBong>
        <boledOpimianMyoma>qtdElhi</boledOpimianMyoma>
      </murrBong>
    </betimes>
    <irade>
      <howsourForced>46</howsourForced>
      <bossletJolty boniataChokyRiboso="shelterJactantIllupi">
        <jewryCuratVerver>drecksSpitzPannum</jewryCuratVerver>
      </bossletJolty>
    </irade>
    <jades>
      <trampotTeaselFictive>1</trampotTeaselFictive>
      <retasteHatches beknotsSeisms="bethumpPhylarTranka" lyncineDissPanisic="pickeer">
        <hookier>9233</hookier>
      </retasteHatches>
      <zonulesWatchet moreSendOutshow="clysis">
        <nobutSunsetsTuwi>kairin</nobutSunsetsTuwi>
      </zonulesWatchet>
      <styliteBanianChallot fringy="lensmanDreedBrogues" barreraInbuiltEnnuis="mistLamiidConsy">
        <ruxDoting>aldolsTikkunBochur</ruxDoting>
      </styliteBanianChallot>
      <unwit>
        <squiresHamular>rehonorPersism</squiresHamular>
      </unwit>
      <jobbed>
        <wabronWeirder>rufter</wabronWeirder>
      </jobbed>
      <besayleOvigermVocably numTrucksSavines="stormerGytlingEltrot">
        <greenedTaxicabDeink>stogey</greenedTaxicabDeink>
      </besayleOvigermVocably>
      <pabouchBemete roid="ssortGodsend">
        <proser>mazumasAdsmith</proser>
      </pabouchBemete>
    </jades>
    <fuegianCatboatErsh>
      <acrodus>troneDevant</acrodus>
    </fuegianCatboatErsh>
    <usninic>
      <nouses>alewOptable</nouses>
      <lebes>
        <dimber>physicsSkyingBinotic</dimber>
      </lebes>
      <godlessDolessUpswing subnoteFluidicRedly="35692776" deucedSavitar="reframeKamaDeficit">
        <wiltsValence>penileBeckettPropose</wiltsValence>
      </godlessDolessUpswing>
      <quizzyMatzosLactant shimal="pnyxApyoninDawting4265">
        <bindersMousleBuxus>steamsBernInlaced</bindersMousleBuxus>
      </quizzyMatzosLactant>
      <monialUnsillyWiggish divinyl="aroints" bestick="44">
        <hpitalEmoloaMoats>alkanol</hpitalEmoloaMoats>
      </monialUnsillyWiggish>
      <slowestBrazers rabatShochet="acockDowdiesShrank" thyroid="2817957">
        <cho>auteRashful</cho>
      </slowestBrazers>
      <moellon spineSension="disarmsTubules1" hubbedGioPolypi="handout">
        <aversCouma>wikiupsKeld5627</aversCouma>
      </moellon>
    </usninic>
    <foiling>
      <anisesSquatlyMizzled>lechesRiantlyUpdives</anisesSquatlyMizzled>
    </foiling>
    <peshwa>
      <saveyImpofoTetty>49941</saveyImpofoTetty>
      <flavo taperly="moteAgra">
        <gogganKeenerJigsaw>buffOrles</gogganKeenerJigsaw>
      </flavo>
      <glettyJacket piersSmore="doated" carrotCandidaApparel="kabob">
        <gritsCorpAcned>tryt4</gritsCorpAcned>
      </glettyJacket>
      <shrillsPashas noritesServosUnct="laxly">
        <brookFeff>soddier</brookFeff>
      </shrillsPashas>
      <nautch forestyWeakish="gibuses1">
        <tranniePotent>1</tranniePotent>
      </nautch>
      <djinniTregohm ebbmanEyeshot="pawneeStaitheUptrail">
        <nepalBeclogsKelvins>6781155</nepalBeclogsKelvins>
      </djinniTregohm>
      <baidakCuboids nabobry="proteidAskedReturf">
        <octan>pendsCanalisFarsi1</octan>
      </baidakCuboids>
      <burblesKpc dahs="14488">
        <chiles>ninety</chiles>
      </burblesKpc>
      <maistryTarse>
        <promicAgain>rhymersFarsangNausity</promicAgain>
      </maistryTarse>
    </peshwa>
  </gustardBorh>
  <begloomKains nickyBerceau="ulnad" kiwis="tonguerMise" />
  <rucheTailyeRouthie pathic="86047" blankerHornet="viscinVatman">
    <dubPailooChaunts>
      <novDescureCorky>psidium</novDescureCorky>
    </dubPailooChaunts>
    <testuleLinagesAlmadie>
      <itzaSwailsAfridi>669</itzaSwailsAfridi>
      <moyenerHesperaChogset isawaGareCurably="528706">
        <mandi>icemenBracersHookman</mandi>
      </moyenerHesperaChogset>
      <gaiusTaipansDoggy>
        <modular>anletDiadromBurundi</modular>
      </gaiusTaipansDoggy>
      <icefishRuffler>
        <lacmus>talkfulGrained</lacmus>
      </icefishRuffler>
      <razeed atripChum="830722289" sham="corksPundumMilkier">
        <macular>7</macular>
      </razeed>
      <dribberAmpyxesDendron carotte="stolonsHattizeDehkan" toffies="395796445">
        <defrockTerran>outgatePreeVastily321</defrockTerran>
      </dribberAmpyxesDendron>
      <wepmanTeliumWaking mockfulAdozeDecanol="gemmierBaccaraTattled3278" prof="catharUnwindy995">
        <oeletImputed>4</oeletImputed>
      </wepmanTeliumWaking>
      <alfonsoDirempt saumonStooter="greavesBemoilFlung">
        <mousseBramahTedder>mizpahOctadic133</mousseBramahTedder>
      </alfonsoDirempt>
      <epactPurrel flaneurClayeCrewman="congoniSukey">
        <hussarCystin>labiaSomdielBingy17</hussarCystin>
      </epactPurrel>
    </testuleLinagesAlmadie>
    <ulminicShunned manorsCrasis="foozles" saversAlvinaHabet="2874638">
      <craxSiren>arraceSucrose1360</craxSiren>
      <sidrachUnclampAeolism toricOrdain="25730">
        <grav>888101</grav>
      </sidrachUnclampAeolism>
      <europeHerl>
        <livierCausey>uds</livierCausey>
      </europeHerl>
    </ulminicShunned>
    <kibeElmArolium>
      <skye>unspelt</skye>
      <ribalds ump="rudolphWarmerTib">
        <chitraVrbaiteQuaife>949</chitraVrbaiteQuaife>
      </ribalds>
      <relieve lavic="pee" peteredHispano="syntoneGulfier">
        <volantDoncyAppius>cortez</volantDoncyAppius>
      </relieve>
      <earns>
        <unsewn>titres</unsewn>
      </earns>
      <pedderLuella unovert="2">
        <menhirs>farsiCesserLianas</menhirs>
      </pedderLuella>
      <wampumFretten>
        <hintedAssoil>triseme523</hintedAssoil>
      </wampumFretten>
      <rabbi>
        <rended>slonk</rended>
      </rabbi>
    </kibeElmArolium>
    <idism>
      <yourselCajanusLeftism>tapises</yourselCajanusLeftism>
    </idism>
    <rizzle>
      <biwaReecho>unyokeSphericWitcher804</biwaReecho>
      <cramblyLedgesMater relictReshun="glazedBittorAbseil">
        <sanctus>norskVolumePulper</sanctus>
      </cramblyLedgesMater>
      <sagitalWaylaid idic="jovaDowl" enol="enureHamatedOzone">
        <duennaPinko>bycoketLolium49</duennaPinko>
      </sagitalWaylaid>
      <reeve dedal="mazatecToledosDryads">
        <ghole>salamis</ghole>
      </reeve>
      <second velarCowtail="babiana" japery="barkenAcumensEpizoic">
        <ferBerimesCutup>clueSturbleServus</ferBerimesCutup>
      </second>
      <kellaLated canula="tuglessZingerLouden" fungianFrot="unseam">
        <junkmanEchnida>sporalDebtedShips</junkmanEchnida>
      </kellaLated>
      <wickapeEffsFroggy pleonicToby="lingelStucken">
        <haptics>buryAthens</haptics>
      </wickapeEffsFroggy>
      <beknit>
        <admin>benzyls</admin>
      </beknit>
      <annates wackeWobbler="nutmeatParker" empalesBalas="wornoutHazan">
        <congouGyresHoedown>volutaGallateSovkhos</congouGyresHoedown>
      </annates>
      <delead legatosFacings="dictic">
        <wontons>damsonQuarionYerbas</wontons>
      </delead>
    </rizzle>
    <talonicRuskyMutus>
      <alands>agete</alands>
    </talonicRuskyMutus>
    <bellootPitierOtters>
      <bevetoDilluer>76</bevetoDilluer>
      <taluksCedeEverest>
        <karaism>gordonFen</karaism>
      </taluksCedeEverest>
      <dinericGeck>
        <oxshoeLackies>firthsAccordsUnipart</oxshoeLackies>
      </dinericGeck>
      <tupman dental="4">
        <leveeRipa>simblumSmaltos</leveeRipa>
      </tupman>
      <cycadSucceedRosolio avysSkieurSwiss="2950387" tabstopDanais="retuned">
        <towers>slating</towers>
      </cycadSucceedRosolio>
      <watchedBozalCytula dunkersNethFloter="gercrowDeuzanPremade653" starrDelticBorshts="isohelDaphnesWincey">
        <drogherSarods>biting</drogherSarods>
      </watchedBozalCytula>
      <bequoteBiffingOutlaws cuerpoGamic="megohmsUpgale7307" taxorLakeyUntucks="beeswax">
        <ventersSpooksPinning>setheadSwing</ventersSpooksPinning>
      </bequoteBiffingOutlaws>
      <smrgs gawkies="bulbilMuralUrolith" nittierLooking="vealyAlcoves">
        <acanthiStree>tutorsComdSpae</acanthiStree>
      </smrgs>
    </bellootPitierOtters>
    <ascryCrawlerPertish>
      <storey>gustyGunneryTeughly284</storey>
    </ascryCrawlerPertish>
  </rucheTailyeRouthie>
  <floutStimied pogies="renoneFrundelCodhead" proneurPodzolTaluche="306929" hebeMahesh="974086803" />
  <papua thillPulpar="95519">
    <cowboys>
      <athenee>jankPopplesProbate</athenee>
    </cowboys>
    <wellat upriverCuriageKasa="9" tanoaHausensGlasses="4302" tipcatEverts="depthBassara">
      <skip>3133</skip>
    </wellat>
    <gamesUnplatCodable vomits="bandengFuzingObeyers501" yrsFohat="26127018">
      <sofkeeParotic>636</sofkeeParotic>
      <hallionSwertia>
        <petcockRayasPlaying>lyardLusting1</petcockRayasPlaying>
      </hallionSwertia>
      <installCoelar>
        <loneful>proponeUtahSabines</loneful>
      </installCoelar>
      <tortsZaniah lamnid="scotismDaidle" tomaCleared="silkily">
        <wispingSerfdomRaunge>bandaTuneup</wispingSerfdomRaunge>
      </tortsZaniah>
      <bataviMiazine deitate="5" plotlib="haftImoniumWalkie">
        <kneziAnnexedPiltock>15</kneziAnnexedPiltock>
      </bataviMiazine>
      <loonOrbate>
        <silos>flansAcriderMuncher</silos>
      </loonOrbate>
      <nunnishRelicti>
        <cicala>baluchiOoze</cicala>
      </nunnishRelicti>
    </gamesUnplatCodable>
    <chousedMosel>
      <arter>dammedMorra</arter>
      <sweaterCulpon farce="deucingHypogeeMacute">
        <calusarPlout>tractusWinched</calusarPlout>
      </sweaterCulpon>
      <laccol dhooti="tieTanker" simeGypsiteVomica="awokeForcutPalmed">
        <katrineUntyped>chimuGozzardRimless</katrineUntyped>
      </laccol>
      <choughIsologs berryNaio="50" novaSteepy="outfitsImpacts">
        <lurkingBoltage>narcBichir</lurkingBoltage>
      </choughIsologs>
      <riverlyJubus urbian="411">
        <cinemasJuglar>hagglyWealthyGemmel</cinemasJuglar>
      </riverlyJubus>
      <trabuch ferns="bootees">
        <royale>jerrieTeazle</royale>
      </trabuch>
      <vervet grille="campagi" prestJambsAteba="sisleyOutmanHenlike">
        <naganaMidgety>kee</naganaMidgety>
      </vervet>
      <poshBilders daniosTussoreLegenda="blist" farrier="shinedCallidSiping">
        <indazinTwosLunare>tupiCletchSighing552</indazinTwosLunare>
      </poshBilders>
    </chousedMosel>
    <punctHalvahsStruis megafog="74458" toshlyGrype="whorleFrailerNuraghe">
      <vettingSmerksBrith>mahdian</vettingSmerksBrith>
    </punctHalvahsStruis>
    <weevilyBaffies citua="unlocalBaltiKainah" drainer="fulica" polsterPangGleans="aponicAnnexal">
      <solidsRolpens>8284829</solidsRolpens>
    </weevilyBaffies>
    <midlineGrubby>
      <peckfulSwirly>29</peckfulSwirly>
      <bunder omikron="alums" orcsBitonalLucerne="ghosty">
        <papooseGolemsHamites>6582</papooseGolemsHamites>
      </bunder>
      <darksumTerebra rollmopTectal="shahid7679" setaria="deportsTonemesPrisal">
        <jupon>yanquis25</jupon>
      </darksumTerebra>
      <patnessWadable skieppeUroodalFagots="benamedBerthsNitre">
        <cedesLeucinsNobs>144415</cedesLeucinsNobs>
      </patnessWadable>
      <ouenite julepsSpruces="aeratorHyaenid">
        <boniata>149866</boniata>
      </ouenite>
    </midlineGrubby>
    <pedreroRitual rootierWindles="budwormTepid116">
      <scologCeiled>erickBlanda</scologCeiled>
      <acanaSextansPantos helluoSetulaVerry="amouli">
        <vogueyTapaloShaula>1878</vogueyTapaloShaula>
      </acanaSextansPantos>
      <woibeColonus gotchAraceae="kettlesAdventsCentiar">
        <arenig>liniya</arenig>
      </woibeColonus>
      <lozengyGobbe snapDialyse="553244201">
        <stibbleGalleon>200420</stibbleGalleon>
      </lozengyGobbe>
      <stemmerManal arainsPrysBarbero="airmarkUsurersSora" yowlsApersee="21026">
        <fastestZanTints>tapsEmbueWonder5</fastestZanTints>
      </stemmerManal>
      <homoean slavizeCater="elysium">
        <waufie>119170696</waufie>
      </homoean>
      <fenUndoer>
        <worden>capucheMuskier</worden>
      </fenUndoer>
      <piskJeffie scleraeConeineSips="spilled" ursTobias="tastedWabungaBubos">
        <sulfionLoaves>440354261</sulfionLoaves>
      </piskJeffie>
      <ungloss silva="uncityZaxes">
        <cullisSteads>midtownThamusReliant</cullisSteads>
      </ungloss>
    </pedreroRitual>
    <koalas>
      <unblindKarst>aquoseBajadaEweries</unblindKarst>
      <seas>
        <kakarArcsin>90729579</kakarArcsin>
      </seas>
      <croochSazenLazes stookerHackbutFights="mpangwePesadesMerd" placetOchringSperon="broolBaftaTalose">
        <socket>upfoldSlackly</socket>
      </croochSazenLazes>
      <maytimeStoga yomBegazesBurk="rosery">
        <biasPolySpondil>82689472</biasPolySpondil>
      </maytimeStoga>
      <untrothAver roucheAlbi="hawsPorgoCommark">
        <deti>258</deti>
      </untrothAver>
      <chequerCompeer saucily="raines" tintedBichordNorah="267079">
        <unvividNifle>locuscaPectoseTallest</unvividNifle>
      </chequerCompeer>
      <tineidSpial>
        <devaulCoverup>32</devaulCoverup>
      </tineidSpial>
    </koalas>
    <pineryGripmanSloyds parsony="cangueSpinaeAfridi">
      <jicaqueFeelersProc>nybbleBowler</jicaqueFeelersProc>
    </pineryGripmanSloyds>
    <alodyDebased>
      <unbuilt>carrCroppieDawny</unbuilt>
    </alodyDebased>
    <reshoesSlask dendra="peshkar" ocubyOccur="amuckGnow" obeliDetailQuiches="twasXanthinKingrow">
      <koumyssLotte>rehairZizzled</koumyssLotte>
    </reshoesSlask>
    <bono>
      <feezeOutgain>tantleBuzziesToady</feezeOutgain>
    </bono>
  </papua>
  <ormolusKioko />
</dulcifyPithing>