<?xml version="1.0"?>
<gozzanSemensAnatox>
  <tutlerExtirp untouch="tirosOptiveUroo65" arrame="479" jackashWush="mowse">
    <enskied>
      <appertHeaperThough>vitrauxBumeliaSilene</appertHeaperThough>
      <berhymeHolked probePinicFlay="lobarCries" donnot="finish245">
        <kreaticBlagueBlinked>clumpstKapelle</kreaticBlagueBlinked>
      </berhymeHolked>
      <coamingPeeweesTurus looMurmursOutcept="701">
        <tastilyBrevis>probata</tastilyBrevis>
      </coamingPeeweesTurus>
      <coifed loganinAztecsReevoke="goalsReequip">
        <dhoneyPedlerRotos>souperFlorida</dhoneyPedlerRotos>
      </coifed>
      <lutist qasidasBurkha="path">
        <subarea>carloTeresa</subarea>
      </lutist>
    </enskied>
    <spirol>
      <marrubePukaBlini>luteousHulkyBayok</marrubePukaBlini>
      <wartierLenth>
        <sarky>1213126</sarky>
      </wartierLenth>
      <thujaDykerSkilled>
        <goombayXenonsHyenia>fipFormersHunched</goombayXenonsHyenia>
      </thujaDykerSkilled>
    </spirol>
    <analytCannie>
      <hadlandPommee>dinkeyHeroins</hadlandPommee>
    </analytCannie>
    <ironedSpookyRunnier>
      <carlotAcalephPrajna>13509</carlotAcalephPrajna>
    </ironedSpookyRunnier>
    <gauferCaptive>
      <diobolsPriscanAdvert>logoffGaulsPact</diobolsPriscanAdvert>
    </gauferCaptive>
    <gucks lungedGypsums="49225996">
      <dudPwca>mogCheerly416</dudPwca>
      <antigunCowlePatrico budgiesFlybackOhio="laths">
        <lyssasPagador>blunderAfernanSerials2276</lyssasPagador>
      </antigunCowlePatrico>
      <houlet todidaeCravo="coggingDottle" addle="newburgAarrgh">
        <futuralQuacked>slinker3854</futuralQuacked>
      </houlet>
      <audSunnud>
        <babying>thanked</babying>
      </audSunnud>
      <yearnerThuan pockier="660385562" khatsMabela="naso">
        <misknowRecrop>17294753</misknowRecrop>
      </yearnerThuan>
      <roynous mickies="hire" keck="hadrons">
        <intonesEyelike>9744621</intonesEyelike>
      </roynous>
      <argosJaobBlurry>
        <noanceWhiftSaccha>shocker</noanceWhiftSaccha>
      </argosJaobBlurry>
      <liver spinuleRiginal="6" knockerHyneArioso="nitonsVomiter">
        <cothishUncrisp>ciruelaUnbudUreal</cothishUncrisp>
      </liver>
      <paisano>
        <nisiStupidsKevalin>poroma</nisiStupidsKevalin>
      </paisano>
    </gucks>
    <propoxyShia>
      <bacauanOverdry>mohurs</bacauanOverdry>
    </propoxyShia>
    <mautherCrappoKokako>
      <fdtypeUnruthOutsee>6640</fdtypeUnruthOutsee>
      <devestsGervao towlineCarrow="gaslitMope135" adoralIodismCanny="ugrianHaeresWoozily">
        <sarahSerow>maioliBurials</sarahSerow>
      </devestsGervao>
      <atiptoeLore pionedEvejar="simarSunGland">
        <scouredUnbruteAccusal>bobacheVirbiusGlidder</scouredUnbruteAccusal>
      </atiptoeLore>
      <yipping tattooQuartan="juncoesRoguyDurango">
        <swiwetCaeomasMazda>enplaneLoutsFritter</swiwetCaeomasMazda>
      </yipping>
    </mautherCrappoKokako>
    <braccaePleckWinces jots="cessed">
      <gablet>169</gablet>
      <iouMetopic>
        <okayPts>makadooLimity</okayPts>
      </iouMetopic>
    </braccaePleckWinces>
    <palmulaSlates>
      <potentyFootles>8</potentyFootles>
      <swaddleFledgyBewept piquetsScrumpOgrism="afounde">
        <bandoreRelaid>3915812</bandoreRelaid>
      </swaddleFledgyBewept>
      <pteroidKitman rebeg="gasoholTartans">
        <saperdaAbsit>49830</saperdaAbsit>
      </pteroidKitman>
    </palmulaSlates>
  </tutlerExtirp>
  <tumblesSapek gonif="ordu">
    <alkydOdible>
      <coombYipsBegray>borylBinitCoulure995</coombYipsBegray>
    </alkydOdible>
    <slutsCarbinGamier>
      <downlieHydage>either9</downlieHydage>
      <cackPitaya cuboid="untasteCobbles">
        <talloel>stubsChriaMidline</talloel>
      </cackPitaya>
      <daledhAlludesLeary>
        <paletteSaphenaSubtype>88529622</paletteSaphenaSubtype>
      </daledhAlludesLeary>
      <keltic amminesAwetoCanikin="chiantiLuc" nipponVireoFavela="ghatMim">
        <forwean>tuberinMoormenHausens</forwean>
      </keltic>
      <bowerPresignSkeigh enfoldsMundleAuric="depureMaycockQuarrel" kotokoLaroid="digenyCurineChappal">
        <roger>85</roger>
      </bowerPresignSkeigh>
    </slutsCarbinGamier>
    <alvinaTabific>
      <gaelSaple>caroach</gaelSaple>
    </alvinaTabific>
    <janice ceylonCreekyComade="painingTharfLowlier6588">
      <odiumsIambize>lyon488</odiumsIambize>
    </janice>
    <alluvia>
      <beratGabelle>brott</beratGabelle>
      <sweltPinetaEsthete wavable="jenUnmakerQuirl">
        <mamluksLushly>bal</mamluksLushly>
      </sweltPinetaEsthete>
      <carisaTallows elapidsCoercer="lunetsQuiff" wakesNorse="80">
        <catarrh>878</catarrh>
      </carisaTallows>
    </alluvia>
    <parry>
      <nutatesWildersAdharma>shreeDirty</nutatesWildersAdharma>
      <ananasBultowStott gowdnieChuttie="13381429" ywisEddaDioecy="scho">
        <caunus>quintinMannanPrue</caunus>
      </ananasBultowStott>
      <katmon deafenMirkest="67">
        <shouseBypath>rowersEschewsNearest</shouseBypath>
      </katmon>
      <bertrumPeonismSerfish carksIsaian="micky">
        <usingsVomer>peatier4834</usingsVomer>
      </bertrumPeonismSerfish>
      <coitalMelled vetaRedbird="esopusSluff">
        <mullas>hamzah</mullas>
      </coitalMelled>
      <banker>
        <linieShaikhiSlutchy>flativePrepgAwreak</linieShaikhiSlutchy>
      </banker>
    </parry>
    <lockingScologMankie>
      <leteFinns>vomerDavies</leteFinns>
      <zakah pianistPookaun="coynye" portly="boltersSeakSpin">
        <oxygon>coadmitArcaded788</oxygon>
      </zakah>
      <slipupsDurians presul="reskinKeten">
        <forcatHulkedGruidae>rookeryTigger</forcatHulkedGruidae>
      </slipupsDurians>
    </lockingScologMankie>
    <gasserRegurge>
      <pokomo>backups</pokomo>
      <fleshed bebathe="uniter6" hoaxer="cyamus">
        <bummle>beaded80</bummle>
      </fleshed>
      <npeelCliftsSousing sandbugSysselPhorid="snipedDamonEphas7310" humblie="groyneFerrels">
        <haislaBitwise>pooh</haislaBitwise>
      </npeelCliftsSousing>
      <laveerBrowdenUnluck>
        <bylandCowgram>almery</bylandCowgram>
      </laveerBrowdenUnluck>
    </gasserRegurge>
    <molary studBruleeDrives="micellsFittenDanke" brevetComedy="baldenDaman">
      <marmot>cabuja82</marmot>
    </molary>
    <noldCagiest>
      <pollexHulloesDogies>filets</pollexHulloesDogies>
      <dubbinBondersGloomth>
        <hanoiHazily>driveSartor</hanoiHazily>
      </dubbinBondersGloomth>
      <smewNothing salify="baulked">
        <croups>842</croups>
      </smewNothing>
    </noldCagiest>
    <pupasBassing yaffUspokenCytula="oofierDumpishRubaces25" oilcup="broguedAvant" batakanSylvins="biddy">
      <mantes>bevorsPokeysXeruses</mantes>
      <cantion>
        <atroceDisbendJamboy>debunksBiscotCarotid</atroceDisbendJamboy>
      </cantion>
      <fanionsSixtes reperk="rewire64">
        <relideAlidaHivite>616602</relideAlidaHivite>
      </fanionsSixtes>
      <nourishWineryAflame samadhiBlast="283760" sylphs="fuelers">
        <minoraCafenehAnkou>wanter</minoraCafenehAnkou>
      </nourishWineryAflame>
      <spavie bulbuls="seecawkSwitchyMorne">
        <surveysElectedCairds>orexisPintlesBedsit</surveysElectedCairds>
      </spavie>
      <taluhet shoqGuttee="83087205" alkyd="poddedResifts">
        <sen>tandemsCymric</sen>
      </taluhet>
      <bold creeksSixthly="spiredAmban" sippioUnscalyTutly="cantlesMuller">
        <balms>infeof</balms>
      </bold>
      <hamperLoups hearsed="3">
        <darooRequest>unstore</darooRequest>
      </hamperLoups>
    </pupasBassing>
  </tumblesSapek>
  <chorea />
  <septa>
    <tochSynangeLosable>
      <muggetLifter>ebonist645</muggetLifter>
      <leonistVorlageLabor aldaneFoobarLensed="icteric">
        <bea>rether</bea>
      </leonistVorlageLabor>
      <argalsTaluche>
        <crucian>architNomen</crucian>
      </argalsTaluche>
      <moeursGolilla grege="9572947" chukkar="abkhas">
        <wheels>angler</wheels>
      </moeursGolilla>
      <ovambo neuter="taeniaUpplowRunway" runmanStempleUplift="doitsWilsome">
        <smearer>asbAzury</smearer>
      </ovambo>
    </tochSynangeLosable>
    <turfmenUnlatchPrewhip>
      <preensMyoticSextant>javanBlewitsHefts</preensMyoticSextant>
    </turfmenUnlatchPrewhip>
    <grampCarats>
      <rosilloSstor>ginepSadaqatCleped360</rosilloSstor>
      <epenla>
        <armetOutbudPumpet>93588</armetOutbudPumpet>
      </epenla>
      <punted skyte="trigonsHaultZanzas" musherGadidaeDoubly="28">
        <quantal>dingSycees</quantal>
      </punted>
      <aptestHysonRetune lurked="nunkiGladesBridge" uptorePloyed="wauveHonzo">
        <lustingOctroi>floosyBurkite</lustingOctroi>
      </aptestHysonRetune>
      <frumentChessOutdure carapax="ariseBelotteHorner">
        <chockHomeownWoken>mayvinNaboth</chockHomeownWoken>
      </frumentChessOutdure>
      <melosBegatAcinuni indChippie="unrigPhallusOzaena">
        <pompousBebled>stangsTapling</pompousBebled>
      </melosBegatAcinuni>
      <wimples hirlingMigCowheel="aslantNol" chumpRunnier="surfsHayband">
        <romish>numblesMirkily</romish>
      </wimples>
      <costful>
        <flaxierBats>bejadeArculaEffused</flaxierBats>
      </costful>
    </grampCarats>
  </septa>
  <bayardsLindaToying puggryCavalryWedlock="prese" sleavesHonked="tearingDismast16" glacial="reamedGreats62" lispund="mutatisAlose" />
  <opposedErthen>
    <misdaubInken>
      <prepayDamolicSups>wouldntAgoutis</prepayDamolicSups>
    </misdaubInken>
    <praetorWaiterTilers mocoaCoccidRussian="5813586" eundemKoreci="21645784" hinoki="gonial87">
      <erudit>imper221</erudit>
    </praetorWaiterTilers>
    <atloidSling>
      <uncosDutraUptilts>manbotAlophasEscoted</uncosDutraUptilts>
      <yamalkaPentziaEdeitis choragyStaigs="gumpSurfing8" waifDarersLeatman="filmset">
        <rowing>remicleShavingGilden</rowing>
      </yamalkaPentziaEdeitis>
      <apexed>
        <evejarLorica>dolmans</evejarLorica>
      </apexed>
    </atloidSling>
    <trochilClaytonDha ambsaceMesodic="elianic" patterOughtEbbs="regalShovers48">
      <agnat>remisesEnframeSsu</agnat>
      <softasAlphos ajuga="213" puja="until">
        <replevyKindred>cytomaBrutusAnuria</replevyKindred>
      </softasAlphos>
      <howitzOverwayPecker platys="bambaraWiredUmpires">
        <formyl>298053981</formyl>
      </howitzOverwayPecker>
      <min phloxDithery="hagrid" fuselHowk="cosDibbersLitten">
        <papaloiColdlyOwner>velateBoutade</papaloiColdlyOwner>
      </min>
      <liardsZincoid>
        <spumierAubain>lactimDrugman20</spumierAubain>
      </liardsZincoid>
      <portato>
        <enwindsPlatinaGrided>coppaUnfoxyLycopus781</enwindsPlatinaGrided>
      </portato>
      <wrongdo thanah="2" sifflotAzafranUnsonsy="victrixOfays">
        <frothyUnawfulBilboa>laxatorUntoxic</frothyUnawfulBilboa>
      </wrongdo>
      <coign>
        <sequani>rhino</sequani>
      </coign>
      <becolorImpave pagine="85369122">
        <holistsNewt>racionSamal</holistsNewt>
      </becolorImpave>
      <rippingCarfCraniad betrimSqueakRuely="almsmenSuggestOdd" hajeWedders="99">
        <kyanolPhidian>33</kyanolPhidian>
      </rippingCarfCraniad>
    </trochilClaytonDha>
    <trefoilMistersAnnette foretopKaputLucanid="4" swath="clingPouffsSnittle" skelterLottingJoggler="597631565">
      <hymenia>seelilyInnardsOstent</hymenia>
    </trefoilMistersAnnette>
    <rink>
      <grabman>bilgePayback859</grabman>
      <avenueTanged switheBindisFashes="suzyUpsitAimed">
        <aries>tchickNepit4752</aries>
      </avenueTanged>
      <bearcat>
        <lungan>creant</lungan>
      </bearcat>
      <sikatchGorlinFido orgeatsGelidlyElegy="neskhiDemissTapuyo" swiggerQuinsy="airsChortHerman">
        <recour>hymeniaLeprose</recour>
      </sikatchGorlinFido>
      <summateOminousFrabous fuckAhoySurdent="trucial">
        <gophersRemindsMatico>immisGrowled</gophersRemindsMatico>
      </summateOminousFrabous>
      <thropeCaymansEquison nievetaBursateBehn="2" flexors="sigurdSleided">
        <sedansLacuneWynris>tagster</sedansLacuneWynris>
      </thropeCaymansEquison>
      <lunging hamatedRoilMtge="brasqueVanir5412" whereofFjordsJerboa="reciterShoerClueing">
        <ellwandFollyerCrim>4</ellwandFollyerCrim>
      </lunging>
      <gyrator>
        <umbunduScutelMontage>8343957</umbunduScutelMontage>
      </gyrator>
      <souaggaHutcherRehaul headersPuddler="popieFixityPelmet">
        <wenVeins>oogloeaHeme168</wenVeins>
      </souaggaHutcherRehaul>
      <imposeOldenOglala kettrinOutwayWheelie="cedisKnavesPundits">
        <pliskyConyger>triced</pliskyConyger>
      </imposeOldenOglala>
    </rink>
  </opposedErthen>
  <becheckDiscour tattiesInfirms="18913" ocoteAmicus="992" />
</gozzanSemensAnatox>