<?xml version="1.0"?>
<rodster>
  <sloidNastGauging>
    <bridgerKutenaiSalep pilea="92" helleneSunstarCutie="189">
      <veritasAllayer>coelataWhitten</veritasAllayer>
      <uigurWreck loamingDits="885272054">
        <cooree>flotsenAspreadAwns</cooree>
      </uigurWreck>
      <groomerTarfa raggerUmbellaMedula="llano" jicaqueCouxia="3">
        <scrow>whirtleBought5</scrow>
      </groomerTarfa>
      <dupe stackMimicErth="babylon">
        <skiltsVeilTofore>cage1820</skiltsVeilTofore>
      </dupe>
      <throedFattensSquama vendeesDragnet="sablePotboilCantors" chastyTwarlyMor="5035">
        <umbrian>oscnodeDrammer</umbrian>
      </throedFattensSquama>
      <wiltUnfitlyDusted alack="unsweatCreply">
        <tympani>noctuaeCameras</tympani>
      </wiltUnfitlyDusted>
    </bridgerKutenaiSalep>
    <waffledOvercapDouses>
      <iconTuring>5663</iconTuring>
      <murgaYince upsyOfferee="soots">
        <beamLebban>brawlisYeomCacalia</beamLebban>
      </murgaYince>
      <hollosCompedToze slurShaird="47660">
        <verpaMordu>682833567</verpaMordu>
      </hollosCompedToze>
    </waffledOvercapDouses>
    <soutenuEirenic>
      <tirazOfttimeSeamed>toolsUnplain</tirazOfttimeSeamed>
    </soutenuEirenic>
    <larineRestackTatties>
      <bouffonGoelismWhim>deesesDodoism</bouffonGoelismWhim>
    </larineRestackTatties>
  </sloidNastGauging>
  <impala misenusGliffsArchfoe="4127062" />
  <tenon baidak="scold" localesSwaggerRaided="anthus">
    <introd>
      <bizesSicanaFellas>jawlineOvolo</bizesSicanaFellas>
    </introd>
    <elateryGaubyPicra>
      <dowse>scantsHiro5</dowse>
      <drucken intitleAffret="feeGlucose">
        <idylianBenote>972</idylianBenote>
      </drucken>
      <befoolsPaughtyHokku>
        <medullaSteepyCircuts>gumshoeBallingBestrut</medullaSteepyCircuts>
      </befoolsPaughtyHokku>
      <sotnikBacalaoMatzos>
        <tanoGalahsFriable>1583</tanoGalahsFriable>
      </sotnikBacalaoMatzos>
      <sterkYvonneDetruck saligot="gorrelWhoeverAdapt" pyelicRaffler="fardSyboes483">
        <adhaka>forum</adhaka>
      </sterkYvonneDetruck>
      <petumWorkedCsw>
        <tristSapitJasz>sappedChiniks</tristSapitJasz>
      </petumWorkedCsw>
      <oleines merop="tongmen" mins="trepanChitheDeasil">
        <launder>guibaPandionChullpa</launder>
      </oleines>
      <clueCaroach>
        <bliest>goustie3</bliest>
      </clueCaroach>
    </elateryGaubyPicra>
    <edging beauti="dikdikRumbMurlock7">
      <frownyDespondOctal>herbierOoftishRecoct</frownyDespondOctal>
    </edging>
    <rankerAlphean crampy="confix52" hived="hamated" hymnal="90834">
      <boutonsScraber>wedderFrimAlmes</boutonsScraber>
    </rankerAlphean>
    <unfaded tacketyMensa="sampans" nickieMarrowyOuttrot="threwOutsumDost">
      <kanatPangaea>panurgyFibrin</kanatPangaea>
      <jessingSkeech>
        <shilh>kevanTubasOverbet2129</shilh>
      </jessingSkeech>
    </unfaded>
  </tenon>
  <maidkinBulbils>
    <lockoutShafter feedwayLurdans="callesBegashLenvoi" shineDebased="kolobia">
      <towpath>loche793</towpath>
      <merinos bulwarkRome="spicingClitheThorned">
        <chipped>clunterRebelsVivary</chipped>
      </merinos>
      <kosos jockoStroupSandhi="costaInvisedCyanid1532">
        <parahUnveilMellic>anorthUnsolvePachisi</parahUnveilMellic>
      </kosos>
      <dinge bombace="taggingSpelunkEttled" porkishLivestJouking="nashua">
        <crombec>911</crombec>
      </dinge>
    </lockoutShafter>
    <dossil>
      <meadowy>768324</meadowy>
    </dossil>
    <outcookReddy>
      <coes>tostJudos</coes>
    </outcookReddy>
    <unitiveSortSpency hadjesSlooPanels="41428983" rapacesCunjah="942">
      <taa>pretendFrigage</taa>
      <uptiltStorm>
        <harpierYelpSextole>pulahan</harpierYelpSextole>
      </uptiltStorm>
      <pataoBilboa wabblesVerged="maioliAgeingRedding">
        <farmoutYrs>kelpingCalesin347</farmoutYrs>
      </pataoBilboa>
    </unitiveSortSpency>
    <blueyPanace>
      <tailzee>scrufViolino</tailzee>
    </blueyPanace>
    <laceForbidGlobing knocked="winlessMeterLapsful" glassinGurdyGranita="kitWispedKiblahs">
      <unstowSpecies>ducato</unstowSpecies>
    </laceForbidGlobing>
  </maidkinBulbils>
  <viperIllishDrugget redwood="pinardsRussia" lugsSkating="ligated" globoid="plumeteAfterDocked">
    <hugerLaichArrears pleasesPour="229419">
      <cesuralBionics>37</cesuralBionics>
      <seagullVases>
        <cetinHsuanMayten>atamansPurlin</cetinHsuanMayten>
      </seagullVases>
      <formulaAnadesm lekTulareGaurs="diptycaNitchieHaceks76" sannup="macomaPerfin">
        <rebreed>48</rebreed>
      </formulaAnadesm>
      <unmated yarlyBedung="5100">
        <vagus>ursidae</vagus>
      </unmated>
      <demitTenuityNumbest recusedRaffle="cystic2664">
        <upjerk>insweptQuab</upjerk>
      </demitTenuityNumbest>
      <warkMaad>
        <piquiaOnliest>whilom</piquiaOnliest>
      </warkMaad>
    </hugerLaichArrears>
    <threepsRetroCaprid>
      <orarion>unbonedChetahs</orarion>
      <frenums>
        <pappyri>dietingCoyo62</pappyri>
      </frenums>
      <acanthBedewGreeney shitEpizoaGomuti="namaz">
        <tempts>nepmen</tempts>
      </acanthBedewGreeney>
      <sixtes>
        <haircap>anallyCcoyaRiven</haircap>
      </sixtes>
      <circue fuelingStooledDottily="biliary5" tissual="julio">
        <othonnaIngestaUpbreak>procbalSweeper4183</othonnaIngestaUpbreak>
      </circue>
      <flyting antOofiestEmbrake="stadiumTously214">
        <cladeGuazutiCahot>intactYemeniMorice</cladeGuazutiCahot>
      </flyting>
      <miaoHoldmanMede evitingCherish="decisisCondos" aftabaBeckons="lithelyAhoHocus8311">
        <cocketUndewyPilfers>681096317</cocketUndewyPilfers>
      </miaoHoldmanMede>
      <spikesMopla>
        <arrameMisdonePelta>upbendHalerzUnbury</arrameMisdonePelta>
      </spikesMopla>
      <cleaveFeezedGetaway crapulaUtricle="stovedAztecs">
        <sangleyEmyd>gekkotaAlpacasTaxine</sangleyEmyd>
      </cleaveFeezedGetaway>
      <ribbyUnknitRostrum>
        <whalmElmier>335630739</whalmElmier>
      </ribbyUnknitRostrum>
    </threepsRetroCaprid>
    <enstyleRumple>
      <enoplaTowdKutenai>1692</enoplaTowdKutenai>
      <jundied yohimbiBurdSolved="leaded3052" aguadorStacy="thrawn8273">
        <pmkManfulTorney>shays</pmkManfulTorney>
      </jundied>
      <rasperJobson outwoeMiships="bateteAtabals" flawy="locater">
        <enripenPeauder>560</enripenPeauder>
      </rasperJobson>
      <yentas>
        <aromasFranticLimnery>agnusCsch</aromasFranticLimnery>
      </yentas>
      <framersLdinfo>
        <mimsyObligerSooloos>hoicked</mimsyObligerSooloos>
      </framersLdinfo>
    </enstyleRumple>
    <tuffing>
      <flamier>censusOcque2</flamier>
    </tuffing>
    <dennetTrashipGripmen>
      <faulted>rooPaused</faulted>
    </dennetTrashipGripmen>
    <lobuli>
      <culbuteIntone>crankedOogone</culbuteIntone>
    </lobuli>
    <culett>
      <joustWaseguaWavable>flacon</joustWaseguaWavable>
      <bolivar ciwiesSitkaTinwald="monies5">
        <bilith>jettiesCasave</bilith>
      </bolivar>
      <thebais typpGyteRudder="fraggedMilkyOidia" antigay="toylessSlup">
        <aedegi>nullify</aedegi>
      </thebais>
      <reawaitHolsterSoffits taoistsZonersAmabile="verstaEasers">
        <nashuaJosieSuppone>24785</nashuaJosieSuppone>
      </reawaitHolsterSoffits>
    </culett>
    <motey recarveHuspelDent="singphoStarky2" thirams="3573269" adicityNitredInermi="oboli">
      <fleerOrgasms>dovelet</fleerOrgasms>
    </motey>
    <eskarsVitrean>
      <terbiasDasiYuans>8945243</terbiasDasiYuans>
    </eskarsVitrean>
    <showy>
      <effusesCourtedPatu>230721</effusesCourtedPatu>
    </showy>
    <whindleMhorr marinaSiper="weentyBusketDyaster" ashkokoRehoopBarking="comodoIliahiDarghin">
      <scowledTaxiingKep>lutayoGuarapo</scowledTaxiingKep>
    </whindleMhorr>
    <ramplor baggageCleavedMandar="panadas" guaicanHocked="calpackCirri">
      <film>1</film>
      <emplead gremioLupid="ausubos32" unvestGepeoo="equablyNixes">
        <firPhononUngrain>roleOglesBitis</firPhononUngrain>
      </emplead>
      <hamlineSusanne osmol="contd5">
        <rugous>spigots3052</rugous>
      </hamlineSusanne>
      <unmagicVii vigogne="rereeRased">
        <inlands>rungEmbosksOrlean</inlands>
      </unmagicVii>
      <novator ammaCartonCasitas="322391071" detailsFilazerAshram="pastyIllamonHarled46">
        <joyingAdobe>embossUberantTrona</joyingAdobe>
      </novator>
      <salThrongFrisks garote="flumped" cognacsArcadeObis="cabre113">
        <morfondHanging>104575</morfondHanging>
      </salThrongFrisks>
      <morindaKent glomeLemurid="oxbowsAldmHeadful">
        <twpNoctuae>varunaEngs</twpNoctuae>
      </morindaKent>
      <bauxiteBurpsMollusc joysome="grimmiaDabbingTrillo" forlieStrophe="bisonPreying">
        <arsinoBondon>outbuySkatersTurmet4</arsinoBondon>
      </bauxiteBurpsMollusc>
      <bukshee areoleMuskier="patacaPodargeHorsily140">
        <risbermOutrush>stethal</risbermOutrush>
      </bukshee>
      <gungMeritsBraking>
        <pillerHillyRazees>maxixeArsenyl2258</pillerHillyRazees>
      </gungMeritsBraking>
    </ramplor>
    <rifleYodeled>
      <bohorokBalizeLapel>paisanoStinted</bohorokBalizeLapel>
    </rifleYodeled>
  </viperIllishDrugget>
  <butynePrized lookyCohuneReeled="circs" />
</rodster>