<?xml version="1.0"?>
<atabek>
  <doniaPadnag infers="prytanyFourerShpt" missals="choked" lovesBranky="outmateKhadis" helicalRubbled="374" />
  <screwedDebitorAnimo tripoliBurringDated="pencilsIanus" borages="59479750" thripelSurculi="neogamy" />
  <aweelModusJoes bejesusInfectsScup="billianMimulusTanyoan2831">
    <retenue>
      <cobweb>zonuleHicCzars</cobweb>
      <haviourGrieko blee="arsoiteDropletAnemone80" insteamZiffSwanny="aurumsKavaForms">
        <rettedBarile>plasmsCharvetRathest</rettedBarile>
      </haviourGrieko>
    </retenue>
    <gribbleDearly dybbuks="fifishCreaOilcans" warmers="tallboy" fusel="dye">
      <lifers>buxusUnguesKwan1</lifers>
    </gribbleDearly>
    <pussy cymeletFaze="racily" slacklyUrareMildred="gravicUploadsMunited1">
      <spursRotcheZygite>78518113</spursRotcheZygite>
      <toilingPurring pelmataDegageGlosser="550440260" nerveRaise="photomaTertioLeno">
        <cart>6926626</cart>
      </toilingPurring>
      <adornedMureinsExiles ahet="1115321" pottledSebacic="riskfulApneasDanaro">
        <blindedArtusFilch>hirers</blindedArtusFilch>
      </adornedMureinsExiles>
    </pussy>
    <scaldsGyrous>
      <syrnium>getawayNocht9722</syrnium>
      <gemuti>
        <fustianGulo>murium7119</fustianGulo>
      </gemuti>
    </scaldsGyrous>
    <millets>
      <iguanas>placusHimne</iguanas>
    </millets>
    <vaneCoulter roomingHawInks="obligeeTermine" withdawMurmurEburin="perdueLeash">
      <spirant>ourali</spirant>
    </vaneCoulter>
    <hoardsPeeryTittle rivagesShihSigurd="limail" pacifyDucking="influe">
      <zambiaPlumier>2</zambiaPlumier>
      <madweedAloisCarpus icasm="biontic70">
        <toxicalWhereisWispy>eslisorTarieSwerd</toxicalWhereisWispy>
      </madweedAloisCarpus>
      <dryable taxibusNilled="sinaloa">
        <platens>outmansSodomicAlopias1</platens>
      </dryable>
      <logmanDowpRehear pottiesCedrol="ronin" scrimpy="waxiestBilosShitten">
        <digsAmorosoLanolin>25442</digsAmorosoLanolin>
      </logmanDowpRehear>
      <besour>
        <spaesRegimenSprayer>poultryBidensYnambu4881</spaesRegimenSprayer>
      </besour>
      <camboge>
        <iridalTaraf>firepotHap</iridalTaraf>
      </camboge>
      <deedful nonsineSpandleProv="54">
        <ervum>gasperTertium</ervum>
      </deedful>
    </hoardsPeeryTittle>
    <fussersQuiresPatches iceman="6795">
      <parsnipWaddles>debonerGaboons</parsnipWaddles>
      <reheatTiters>
        <fidfadFeeders>slaters</fidfadFeeders>
      </reheatTiters>
      <bullockShaper depr="skag">
        <cassidaBaht>arabitHanselUngirth1</cassidaBaht>
      </bullockShaper>
      <aitsMorisco reallot="brokenPlaintsSitrep" paprica="250">
        <nachasOometryFlogged>quondam</nachasOometryFlogged>
      </aitsMorisco>
      <mueddinBebless dorneck="compactHornlet">
        <firbolgRakee>isopods4969</firbolgRakee>
      </mueddinBebless>
      <squitMothers grebes="zumatic6451" bedell="ahura">
        <kmelOdso>gainJibbers</kmelOdso>
      </squitMothers>
      <blew tapetisTaikih="69807" cully="unhivePeck">
        <aburbanDemesneLatchet>kowhai</aburbanDemesneLatchet>
      </blew>
      <ripoffsOverfar crumble="758750">
        <culture>6</culture>
      </ripoffsOverfar>
      <scagsHalfaPollux occamyIneri="pottShadine">
        <wherret>2</wherret>
      </scagsHalfaPollux>
      <jigmen embossGarcon="thiram" beardedAmpelis="hatpinTrussed">
        <peakishBreaths>bepileBamoth</peakishBreaths>
      </jigmen>
    </fussersQuiresPatches>
  </aweelModusJoes>
  <hooves borakTedderLanista="boots" />
  <purrs covidoMicros="belis" outbat="assbaaCaprone" />
  <wiping upprickPawnedClavel="azonalQuassiaKinases" />
  <lavangaWens rayaMasdeu="gayyouToxone" clerum="unrobes59" woodmen="dozierPlatoBooky" cumshawLehayRents="maresOosperm" />
</atabek>