<?xml version="1.0"?>
<gro>
  <oeletAroxylLiwan larve="eimeria" />
  <haikaiTrankySuevic />
  <tided warrandMudlessFigary="80770904" textualPrefers="32931" kennedyStogies="latirus1" />
  <atochaJaws chamferAgonia="bemired" oleatesHuscarl="yodhDaliIntail">
    <glaivesBuddahCollins display="volapiePratey" chordeeDejaYarest="setariaBrumeYeller" dugsNoseyLamp="noterseSeriateBoyar">
      <orthite>674290263</orthite>
    </glaivesBuddahCollins>
    <hankersGrozartGassers bialiEthenic="1807211">
      <avour>hebrewsConuzor</avour>
      <twelves fizzesBadanNickpot="willble">
        <rearsRuth>menacedMuscovyCrypts7565</rearsRuth>
      </twelves>
      <tamureCoryphaTiffie olent="ganglyEllwandShowier" testedVerbidEvalue="tzaristCzaric565">
        <tweeted>favoursChief</tweeted>
      </tamureCoryphaTiffie>
      <endecha hutholdChokerIntnl="lowan">
        <ozoneAgonize>walt</ozoneAgonize>
      </endecha>
    </hankersGrozartGassers>
    <plumule>
      <handles>precelHelion</handles>
    </plumule>
    <redbuds>
      <catwalk>brisantComitySope</catwalk>
    </redbuds>
    <baltisSubashi transl="swaggirScalodo4">
      <cyano>nesiotSmirkly</cyano>
    </baltisSubashi>
    <pashaRoller tariana="lunkaCabanaFolles" sarlakGenghis="833864150" stints="mealerInwood">
      <prisalPursleySynema>burgagePeewitFocsle</prisalPursleySynema>
      <tekken>
        <capriceUpstepDossel>babiesMemphisShellum</capriceUpstepDossel>
      </tekken>
      <putageGlycyl stoiter="2268">
        <flashlySignedCeryl>uhtsongCupfuls</flashlySignedCeryl>
      </putageGlycyl>
      <whereisCoccid veinletAsarumStooker="fourthsGossipy" surnai="bobbish">
        <mannishYuckleAmbitty>fliskyPyrexicTinkled</mannishYuckleAmbitty>
      </whereisCoccid>
    </pashaRoller>
  </atochaJaws>
  <chips lowrieGlottic="titmiceBlitumMinos1473" maiaLayoffs="taplingMasons" smirtle="oarcockUsninic" guggled="1946" />
  <diffund vespinaBrasseyFraunch="ploatBogotaMental">
    <acruxAbiderLief worming="paunchWhizzle" icingsPaise="jerkingVelout">
      <foetor>saunaDhamanBalatas</foetor>
    </acruxAbiderLief>
    <cafoyIttriaWogiet>
      <chininLiter>3</chininLiter>
      <caphtor flyable="yuckBooedPalame" sinopiaAlba="inagile">
        <wainman>pengo</wainman>
      </caphtor>
      <bainiteGundogs>
        <vitricRifled>8245</vitricRifled>
      </bainiteGundogs>
      <paiwariUproars yealing="tikkunSpitz" intrWhamsHellhag="fakirsPimpledIntune">
        <jonvalTappishBabs>stenarJacamin</jonvalTappishBabs>
      </paiwariUproars>
      <cruder>
        <asouth>lending</asouth>
      </cruder>
      <reshine secaleNukesJinkle="117929382">
        <goldeyeCareyUnice>cassiasBrandon</goldeyeCareyUnice>
      </reshine>
      <mesicSanious saccadeAdmovCoenact="500" mutinesPlaneAlack="mythizeRoundleTorsel">
        <adlumin>yapster</adlumin>
      </mesicSanious>
      <stink knurlChassConamed="12262515">
        <assail>veninAudilesAbly</assail>
      </stink>
    </cafoyIttriaWogiet>
    <perloirJophielYawnful>
      <kunbiFewFeuar>goodby</kunbiFewFeuar>
    </perloirJophielYawnful>
    <ceilersJoeyesGoyle>
      <rutylReaming>provide</rutylReaming>
      <fullsHikersInst iberiteWelterEnol="unsnowCrowers7948" utriculNaur="knoppy">
        <gussy>166150007</gussy>
      </fullsHikersInst>
      <moonerVol kiley="skulkCrueltyLevels" anew="bardishClingy">
        <tuftHomeletBifilar>fugallyCowpatWarrin9</tuftHomeletBifilar>
      </moonerVol>
      <gospelsPhallus>
        <openlyBullishVagnera>slitsRhombiDrudges</openlyBullishVagnera>
      </gospelsPhallus>
      <hexosanCoit develinSetness="scuba" maskoidFcyBidery="monosHealthyTuitive">
        <methol>larkishHieraLouted</methol>
      </hexosanCoit>
      <redyes ruche="stepupChunnerSuboval">
        <seemers>96</seemers>
      </redyes>
      <gdsBammingMussing chabuksNetmenCredos="262525" snag="unaskedRecites454">
        <enfoul>whilere</enfoul>
      </gdsBammingMussing>
      <amidone soilageSnufferElated="41">
        <glarilyFoventSomitic>matilda</glarilyFoventSomitic>
      </amidone>
      <cerilloVarmint shruffZetas="wracks9287" docentBanyoroGarbill="572031592">
        <nonbookZincic>yerbaAles</nonbookZincic>
      </cerilloVarmint>
    </ceilersJoeyesGoyle>
    <rosetyAnoiaAstrut macacaMediety="3938872">
      <shechem>1824</shechem>
    </rosetyAnoiaAstrut>
  </diffund>
</gro>