<?xml version="1.0"?>
<dookBushy>
  <bablahWheelieHano sabaloAbiegh="hunt" abbeyPleased="3549" siganusIntnl="66" />
  <chiselArzava>
    <boko>
      <kurukhUntraceDemoded>moiderSpinneyEndysis</kurukhUntraceDemoded>
      <azotineJackedGluten pratsImpartsUteri="2">
        <develinFaginMoulten>5</develinFaginMoulten>
      </azotineJackedGluten>
      <barwood rethankArrect="inpoursSeptoleRandem" outswam="tettix">
        <chadriOutrage>artfulUnladen3699</chadriOutrage>
      </barwood>
      <pollageBamming>
        <outsertTytCavalry>bantuMarek</outsertTytCavalry>
      </pollageBamming>
      <gwineAterian alosa="cowlike">
        <virallyAdoniaSires>rockierScourerSeora</virallyAdoniaSires>
      </gwineAterian>
    </boko>
    <yarlMyzont manlier="cageFilicalSaumur" borucaVappa="testonsDilleskSighing">
      <hale>oomancy8928</hale>
      <sepiae rewires="retree">
        <carsesBatlike>taggle</carsesBatlike>
      </sepiae>
      <riskful inmatesJerid="goodly512">
        <naso>hirsel</naso>
      </riskful>
    </yarlMyzont>
    <scarfsFusile>
      <peliom>cleverDebug</peliom>
      <jarredNegatePadding>
        <evert>humistSteem</evert>
      </jarredNegatePadding>
      <punierSaphead keachLampionBurrs="madhuca" snecked="harridResewnPokan">
        <beatiSpilth>filibeg</beatiSpilth>
      </punierSaphead>
      <soloingSidestRecheat>
        <cutlas>eggmentDespumeRiding</cutlas>
      </soloingSidestRecheat>
      <soleaInlard>
        <camara>202</camara>
      </soleaInlard>
      <tarlikeQuokka>
        <spinachAgatha>babicheJumpier</spinachAgatha>
      </tarlikeQuokka>
    </scarfsFusile>
    <darTwining>
      <edsPolite>houdah</edsPolite>
      <julietConoyAmbary papernKiddier="ancoralEndemic" autocar="bearedFictiveHooven">
        <amazia>harsherWaly</amazia>
      </julietConoyAmbary>
      <unsun>
        <diskingFringyBard>creator</diskingFringyBard>
      </unsun>
    </darTwining>
  </chiselArzava>
  <rasp hornets="tierceTyphoonProve">
    <dictyHisserRestep>
      <casquedInkleIndult>sardar</casquedInkleIndult>
    </dictyHisserRestep>
    <tzontleBimorph unowed="larrupStatureBeeway">
      <tanyaDragonsSikra>73</tanyaDragonsSikra>
    </tzontleBimorph>
    <dugongAeonsPanicle>
      <downier>57161</downier>
    </dugongAeonsPanicle>
    <staller>
      <annal>nizamatBedeen</annal>
      <frousy milched="6783843">
        <amidols>concrewSwonken</amidols>
      </frousy>
      <mescals>
        <oilfishLavacre>acreTunlikeIngan</oilfishLavacre>
      </mescals>
      <pedicle astrolBurgoosDolph="addeem" calmlyTacan="elvetPrebadeLata3582">
        <yukiOurEmblaze>clearToques</yukiOurEmblaze>
      </pedicle>
      <cruller vauRutting="daryl">
        <behavesAzraelBrunt>ejectumSkieur</behavesAzraelBrunt>
      </cruller>
      <yont>
        <stooden>lamprelSuranceShotter</stooden>
      </yont>
      <azurine zabermaNeeder="5653406" gaybineWent="glisDuets">
        <harks>strakeTinman</harks>
      </azurine>
      <mangleSlottenShunts>
        <hearse>parelleFarcesLetten</hearse>
      </mangleSlottenShunts>
    </staller>
    <systyleMashmen enserf="secular" tumidlyKebarsDreggy="7" misters="flange">
      <kidlikeAscian>970775389</kidlikeAscian>
      <outworkFezzes tortays="aloddia">
        <wringsRecageSulkily>kingcupSeamedKhila</wringsRecageSulkily>
      </outworkFezzes>
    </systyleMashmen>
    <kojimaBerlina>
      <jaseyed>90194209</jaseyed>
      <idlyTippersStoa>
        <spottle>poise3</spottle>
      </idlyTippersStoa>
      <tawsesModredOhoy justinaShimmerVinter="1071054">
        <tapajo>pardhanAmarityNamatio</tapajo>
      </tawsesModredOhoy>
      <bito>
        <beden>yuhBerimes</beden>
      </bito>
      <iago heloninGentler="3" minimi="firkingBaddyWithed">
        <becross>3</becross>
      </iago>
      <sabbathClavate>
        <dipsasPremMeets>fertileNanaimoGanoine</dipsasPremMeets>
      </sabbathClavate>
      <bedress streiteRemiss="braggerSopiteStickit">
        <moonwayMelled>penfold</moonwayMelled>
      </bedress>
      <vannicWewenoc jeffie="vaivodePharaoh19" hanapBattersDowery="bioliteJudging">
        <luffas>dilemmaChandooExalter</luffas>
      </vannicWewenoc>
      <wapCangleJustest ipseityBeadeye="demal">
        <haspsZwitterConuzee>rescousTwittyMunchee</haspsZwitterConuzee>
      </wapCangleJustest>
    </kojimaBerlina>
    <kiddush>
      <hag>cecropsSpungeBroker</hag>
      <whatchy whens="boxfishCrizzle" orthose="3837">
        <brolgaEnnuyeWinnows>verbifyAirview</brolgaEnnuyeWinnows>
      </whatchy>
    </kiddush>
    <aminoidCoarctBernie>
      <shilh>timeousCortexNeutron3832</shilh>
      <jaguarOleoChiurm>
        <eparchsStre>gains</eparchsStre>
      </jaguarOleoChiurm>
      <totoraAlberge ligaseSprangZoogeny="starve" crombecDoriesApposer="deitate">
        <destiny>unlade</destiny>
      </totoraAlberge>
    </aminoidCoarctBernie>
    <behalfResignDisgout>
      <yeuk>ducoKneadsBrutter</yeuk>
      <vexedSeckelDeplant earringVikingDamnous="agorasForkman">
        <blattiCubes>sagapenAttntrpMapped</blattiCubes>
      </vexedSeckelDeplant>
      <sullen>
        <crestedMeatalSpent>rowthSeekingBromes279</crestedMeatalSpent>
      </sullen>
      <buchuBicep>
        <porkpen>mercatFabler</porkpen>
      </buchuBicep>
      <waivesGrydePawkery>
        <algAced>mammaryVug</algAced>
      </waivesGrydePawkery>
    </behalfResignDisgout>
    <rewarmsShylockAmahs fartReester="7711" uppluckMeak="701779285">
      <bodingTituliCiceros>unidlyRedaubMerge</bodingTituliCiceros>
      <canapeInwove hurrock="autumnsMetatesMarg">
        <guhayna>sloatImvia</guhayna>
      </canapeInwove>
      <enraptsBorzois alcumyFiancee="817635">
        <ramiroSiskinsBonism>cozener1</ramiroSiskinsBonism>
      </enraptsBorzois>
    </rewarmsShylockAmahs>
    <cunitNovices>
      <cadyingDemihagLowy>salfernNoreLicitly</cadyingDemihagLowy>
    </cunitNovices>
    <aryansMinxesUpprick swelp="fifthlyAntings">
      <stumsBleezyRutiles>bohunkLoeMorones8</stumsBleezyRutiles>
      <rehoopBravishSlugger aeger="biasedDodger">
        <fraunch>83117</fraunch>
      </rehoopBravishSlugger>
      <whyness>
        <strode>hydrae</strode>
      </whyness>
      <nonylPrecipeComment>
        <heads>firersPopover</heads>
      </nonylPrecipeComment>
      <yallaKekchiPayolas khis="waybillGruttenOutmans613">
        <moltsUnshoedBoleros>triaxalGlimmer</moltsUnshoedBoleros>
      </yallaKekchiPayolas>
      <cabbalaBul talksGazing="oncetta">
        <unclotTunicin>teazle</unclotTunicin>
      </cabbalaBul>
      <rakeScapoidSturoch>
        <inermesTarasco>pusztaEmbusTocsin8</inermesTarasco>
      </rakeScapoidSturoch>
      <gavage>
        <gayishFledgeAsellus>18</gayishFledgeAsellus>
      </gavage>
      <hegari>
        <schemedPaints>joky</schemedPaints>
      </hegari>
      <belloMinusAthelia nawle="laithly" opposit="sedgedVowed">
        <aventreCorbetCebil>despose</aventreCorbetCebil>
      </belloMinusAthelia>
    </aryansMinxesUpprick>
    <hanksMetagesPhoned>
      <stradBemoltCoccule>surlily</stradBemoltCoccule>
    </hanksMetagesPhoned>
  </rasp>
  <bagfulsCrownalBacony sottageToeaHoes="tautlyWaspenEyebrow" apargia="pulldoo107" whorl="maizerRingers" frothiBangyMistily="diluent75" />
  <wisher myrick="bandidoMansesNeutral" />
</dookBushy>