<?xml version="1.0"?>
<pribble>
  <eyelidsGagger fluked="jeromeDuneRaze741" misteukPudency="smutter" lend="45940">
    <hushabyExpire unbentToward="67680396">
      <laibachNepeta>reducerSandiesAnalyt</laibachNepeta>
      <amusgo mezquitEuvrou="rowyWhitin">
        <emagramRimuIlama>2153304</emagramRimuIlama>
      </amusgo>
      <sturbleCrap>
        <skitterFumets>86429478</skitterFumets>
      </sturbleCrap>
      <loiter>
        <strenth>murrahCattieIpomea</strenth>
      </loiter>
      <omnistSolely>
        <brecciaPitylusGrozet>941402280</brecciaPitylusGrozet>
      </omnistSolely>
    </hushabyExpire>
    <skeins>
      <paveLatvianStubboy>paver</paveLatvianStubboy>
    </skeins>
    <paceCeruse jived="carvedExpelsJuliane" ribbonyCarvelQuantum="mdseBigged">
      <bardelMolgula>583307384</bardelMolgula>
      <rely sou="pured" fiantsIgn="spicant">
        <hoisesCharsCleg>98078</hoisesCharsCleg>
      </rely>
      <fotchedPius naivetyCoruco="arn" synuraeStupefy="woodman">
        <tiremenFrosted>merulaOlpe</tiremenFrosted>
      </fotchedPius>
      <dietted>
        <frenatePud>sharing</frenatePud>
      </dietted>
      <papelonNulled>
        <picking>spunkieGigues</picking>
      </papelonNulled>
      <yowt homeoid="phellumUskokZoogeog1964">
        <waiveGlanderCuish>frangerAmninia</waiveGlanderCuish>
      </yowt>
    </paceCeruse>
    <compWareggaArgo>
      <bilaloMortice>picarasRadiate7</bilaloMortice>
    </compWareggaArgo>
    <weetsHammy>
      <hoaxersCooker>jews439</hoaxersCooker>
      <amis sspGlorias="blousonTursioUsation8859" chattyPhased="woolsEquerry">
        <dockizeFruitBlague>oozingYuckerOubliet</dockizeFruitBlague>
      </amis>
      <attiredRowtyPloat micracoDebaser="cupreneHashiyaTirrlie">
        <jiggit>jellsForever</jiggit>
      </attiredRowtyPloat>
      <timetrpLacetElutes outredeHodge="907431628">
        <shram>retainFgrid</shram>
      </timetrpLacetElutes>
      <sautyOmenSaute splicer="infandDotardyLituate">
        <ndodermPoods>gullageWarworkWinful</ndodermPoods>
      </sautyOmenSaute>
      <wheatyLidoMarble minnowsTempts="rockmanUnrived8">
        <ussr>condo</ussr>
      </wheatyLidoMarble>
      <soccerEstheteWaget apyrene="jobsiteFriseur">
        <robinetExpiree>sistingTraiky</robinetExpiree>
      </soccerEstheteWaget>
      <opiane asquareBads="grandma">
        <impsGuemal>carabidEsparto1</impsGuemal>
      </opiane>
      <jonglemTeskereConrad alginBlunted="adapidDasyaBedirt">
        <yaray>points79</yaray>
      </jonglemTeskereConrad>
    </weetsHammy>
  </eyelidsGagger>
  <vivantsWaukitTophous peda="50006763" snightPatrico="perfin" reboant="morgen" intilMeece="troolyLathesTenacy" />
  <rouilleGoemot rodgeLauan="pawnerWampusBijasal64" relents="molderChirr" nosu="grottosUnlisty" copesSidlersDistain="5119" />
  <sangriaIrbisCowled waesShrineNibby="78090835" hakdar="peise" />
  <exilingWhoot outsins="77" creaker="cuttoosHealderLurky" />
  <opaloid pattleMoeck="cawquawBepuffBombard" rcvrNaveta="scrabPyins" caveyShunted="2384231">
    <malonylMosgu>
      <kirmewYork>baskBeratedCapulet</kirmewYork>
      <skidpanTonletsTubfish scoffer="77511366" cookersKammeuFike="padlock">
        <shaderBoyausSnoke>8555611</shaderBoyausSnoke>
      </skidpanTonletsTubfish>
      <goliath paladinHatpinEuryon="muckleSocage1450" siper="hebenonPotters920">
        <dhoorasPorkery>orlet</dhoorasPorkery>
      </goliath>
      <foldedOcelotMermnad hardieMunster="8704">
        <certhiaConcion>succiMetiersPippin</certhiaConcion>
      </foldedOcelotMermnad>
      <tetrous barraceAcoria="unitedCrusets7137" handle="parasol">
        <scapose>cellarHeadendOaves</scapose>
      </tetrous>
      <retinaePoldersCajuput philolSouterCamises="oxy">
        <momzerAgadicUpsets>subgod</momzerAgadicUpsets>
      </retinaePoldersCajuput>
    </malonylMosgu>
    <scold>
      <desyl>enshawlSorcer</desyl>
      <ameboidToffeeMutules>
        <outkingAmaist>stooterPyrites</outkingAmaist>
      </ameboidToffeeMutules>
      <yusSteridSumos>
        <yarer>tripod</yarer>
      </yusSteridSumos>
      <frenchCorries jauncePentace="dulcidNickpotBonus">
        <raughtApedAscones>asses</raughtApedAscones>
      </frenchCorries>
      <cankeryImer>
        <rushyInfamed>mayaca</rushyInfamed>
      </cankeryImer>
      <easter kungCubitusCorneum="boof">
        <unwomanCrudes>knurry</unwomanCrudes>
      </easter>
    </scold>
  </opaloid>
</pribble>