<?xml version="1.0"?>
<keddahsGliffs>
  <hueful stuggyCashedStert="amineModeler" undrawnShapingWinesop="422463308" wosith="caite" fucoseUnarch="niguaVildlyJoints">
    <mispartCrated>
      <sambalRumbaed>cunea1631</sambalRumbaed>
    </mispartCrated>
    <catsup medicks="abiderEmigreePopples">
      <bights>chiamNanakoMorfrey</bights>
      <fripperDemoticTrabant faddistPricerIsling="seeping" faldfeeWitword="bouleWorn">
        <conantQuisby>cadgedDualist</conantQuisby>
      </fripperDemoticTrabant>
      <evince>
        <caverMorgen>swotsSanghsTeco</caverMorgen>
      </evince>
      <darking moonratSoothedDialin="4987">
        <skibobsPottos>monied</skibobsPottos>
      </darking>
      <pipiestMoravid nodded="liarsPiaffe" prudy="gutsierPreeditAsherah">
        <teacheHusksAzido>rabific</teacheHusksAzido>
      </pipiestMoravid>
      <widbinTwinly kytesEcoleNaggier="laithe358">
        <engloomYakamik>59731</engloomYakamik>
      </widbinTwinly>
      <feuars beagle="636058057" buranMainan="winkerYean711">
        <ribibe>brocht</ribibe>
      </feuars>
    </catsup>
  </hueful>
  <pam passkey="califExtortTroll">
    <refoundDivertNapless athenor="120411">
      <tuzla>threepSwoony</tuzla>
      <muklukAcheniaBallow exhaledUnspar="figgle" grippitVintnerDunal="looieLoePrefab">
        <aquinasArsacid>mineryRetal</aquinasArsacid>
      </muklukAcheniaBallow>
      <buffaloBedfootZink hunnicEuriposShrine="fatuateUsurpedPrecure" bloreHaddin="quotersAtapCacodyl">
        <oneOsmousDarings>lomentElicitsNut</oneOsmousDarings>
      </buffaloBedfootZink>
      <tennoScamlerPhratry agentry="handfulDuddySaws" essPotassaGyred="violentSeep">
        <silvasLucentRejig>diem</silvasLucentRejig>
      </tennoScamlerPhratry>
      <henwareArlene>
        <sodiumTalithaLantcha>alvinBowsedXystoi</sodiumTalithaLantcha>
      </henwareArlene>
    </refoundDivertNapless>
    <gambir>
      <bugganeClinesElide>bodkenMapland9466</bugganeClinesElide>
      <pasteup aeciumPedalsHangmen="bilandPilotedPapacy">
        <bachelTrest>detoursAuloiMolting</bachelTrest>
      </pasteup>
      <attyOwnselfPaty pullersHydridsPythian="auetoDrysterWorn" submenJaobPythiad="reemit80">
        <nettled>pelickHydrideAuburn</nettled>
      </attyOwnselfPaty>
    </gambir>
    <beblotDeiridCachina>
      <scoped>997234</scoped>
    </beblotDeiridCachina>
    <collow>
      <ebbsCoveterBedad>95</ebbsCoveterBedad>
      <hoovey uninert="95" pigyard="sphene3">
        <decantCanty>agroofVizor</decantCanty>
      </hoovey>
      <distaffIdolonLege festerPlotterGranza="spandyValeweCestus">
        <wainerMarkers>serumalZinniaTomboy</wainerMarkers>
      </distaffIdolonLege>
      <orfrays dinghyPlacageSandhis="arrameBhoots">
        <stokvisEburnaEnsued>alismalPotentShotter</stokvisEburnaEnsued>
      </orfrays>
      <flutyAloft buckoErbiums="58102807" pintosCoatis="lushy">
        <omikronRighted>74942</omikronRighted>
      </flutyAloft>
    </collow>
    <readily>
      <neilliaUsage>58671121</neilliaUsage>
    </readily>
    <cludderMollMachan>
      <phora>1101</phora>
    </cludderMollMachan>
  </pam>
  <kilan lorius="conicsArn4348">
    <kelekSquali>
      <alvina>chaetalGonitisGoajiro628</alvina>
    </kelekSquali>
    <flooey>
      <slobber>reree</slobber>
      <asarin outlotGloomPetrog="bradoonIviesBawneen">
        <buccalIxiasPelter>nattockPopesOpianic191</buccalIxiasPelter>
      </asarin>
      <jackdawVaguest siusiDaybed="pugetMolluskLoused">
        <motificDurantXvi>stugDogskinDuxes</motificDurantXvi>
      </jackdawVaguest>
      <zaniestCabiric moondogOutgaze="vinous" reurge="7013">
        <glyoxim>dynamoOntal</glyoxim>
      </zaniestCabiric>
      <asem bleakBummockDoeuvre="492">
        <globousRegius>benicDunne</globousRegius>
      </asem>
      <gaine stogies="713">
        <reqd>10661588</reqd>
      </gaine>
      <scroogeBlazonAjog oenoneDipetto="mauserZenanasDeposit" megrezUnlash="pilfreVocalic">
        <pathicKevilsPompons>arend</pathicKevilsPompons>
      </scroogeBlazonAjog>
      <chokeysSextans>
        <akeneSkymanAnxiety>githDeotaSyd</akeneSkymanAnxiety>
      </chokeysSextans>
    </flooey>
    <ambachFittage>
      <aspish>oldlandAlachaNibbler</aspish>
      <bichyCharon meinieLuciteOofbird="aberrGotraja" demiseAtaxies="aliquotContam">
        <hawkedRaphanyAlevins>tabooBatisMooting</hawkedRaphanyAlevins>
      </bichyCharon>
      <comakerPodsUnpanel>
        <brocht>527</brocht>
      </comakerPodsUnpanel>
      <begowk>
        <floraeCathroFatwood>19783</floraeCathroFatwood>
      </begowk>
      <mopani dramm="cirquesIdismAeried" girosolFatidicSmelled="39156">
        <threap>saithe</threap>
      </mopani>
      <jugerumRancho antwerpCyanizeSlant="demitNichevoUrinate53">
        <eyefulCedarsInswamp>ejidos</eyefulCedarsInswamp>
      </jugerumRancho>
      <aargh defects="408283531" coniteHiding="rovers">
        <mastmanGowpin>4665</mastmanGowpin>
      </aargh>
    </ambachFittage>
    <aliter fidleys="doat" blasterSpores="cutlipsMenthan" rabbishGunfire="kismetImamicBrulot">
      <audiosSlatifyTuns>kimchee</audiosSlatifyTuns>
    </aliter>
    <shellerAnorchiStorify>
      <exorateReicedGuilery>teliumHairnetApiol8</exorateReicedGuilery>
      <wapped>
        <ariidae>653834</ariidae>
      </wapped>
      <bats indabasBeatee="tapismAtaxies">
        <piggeryGleir>bonitaCrones4831</piggeryGleir>
      </bats>
      <confers>
        <quiinaLikes>wottedChocoan</quiinaLikes>
      </confers>
      <guidedIncited bonnock="panmug" gerundsComptie="6684621">
        <dwelt>tipitGillionVexable</dwelt>
      </guidedIncited>
      <beblessNauseam friesTeleranRaffman="kithsCong" whaupsFalsary="96562821">
        <bact>infuses</bact>
      </beblessNauseam>
      <debits sots="bateau" noncash="kultursDolvenJanes">
        <xylitol>scriber</xylitol>
      </debits>
      <georgicChirrBrisant tinwork="margosaMooneyeQeri" yackedHatfulsNomadic="oscinis">
        <reuben>deusZillion</reuben>
      </georgicChirrBrisant>
      <gothHuntersLucite ethalRiem="goldy" living="overestHumus">
        <boyosPithole>ridgelsSmuseWaylay</boyosPithole>
      </gothHuntersLucite>
      <anodize jamanScup="poteen" fatcake="buzukiArenasArrived">
        <scolexOtarineDiceman>cocainBeatae</scolexOtarineDiceman>
      </anodize>
    </shellerAnorchiStorify>
    <sirupy tummed="fraeCulti">
      <iconismChiao>menisci</iconismChiao>
      <kashasTallolsVintem harlockBaneBalldom="ollapodRelic" tugriksFoveolaMedlars="change">
        <testar>truddoHarshenCaecum</testar>
      </kashasTallolsVintem>
      <mickeys eskars="toolsiScarpaCleamer">
        <choreal>podgierRelists</choreal>
      </mickeys>
      <parleSinh>
        <corchatAffaite>182030150</corchatAffaite>
      </parleSinh>
      <madcaps shrovyBurgageDitas="sjaakAsiento" rarerSnood="sayidsYacca">
        <mopers>tumePrasineLithely</mopers>
      </madcaps>
      <extimaLassoes oxyuridKhuldaEvokes="reglet4" atour="coelineBooleys">
        <miragesChumpsSowf>cambialEnchafe</miragesChumpsSowf>
      </extimaLassoes>
    </sirupy>
    <abbey>
      <warred>86</warred>
      <crusilyMixes maws="yirredDowl936" hepaticDei="mesial">
        <piffles>3</piffles>
      </crusilyMixes>
      <dyadics boongMeatedLapling="383">
        <encraalBitumed>reestsYeth</encraalBitumed>
      </dyadics>
      <forsake lura="molucca89" maneh="daystarLisp">
        <magiEvadersDrant>cometsBegarieReflux</magiEvadersDrant>
      </forsake>
      <gauzesComanUpcrane volostsNutty="8078" quinton="jabules">
        <unawful>gauilyTriform</unawful>
      </gauzesComanUpcrane>
    </abbey>
    <habitus>
      <tokenCarsick>scug</tokenCarsick>
      <pleuraSkinkle weemPrizedFelines="ophis5191" telleeExpositUnsharp="fifing">
        <erbiumPharoAbaisse>classicMiami</erbiumPharoAbaisse>
      </pleuraSkinkle>
      <teinder losingsDomage="geezAfley">
        <kazak>toastyDipusCavina</kazak>
      </teinder>
      <parangNestled armedFosieYapa="golf" saulEyliad="bipedalAgatizeOutwall">
        <hoopersTarrack>traded16</hoopersTarrack>
      </parangNestled>
      <donnard beirutGoodmenBari="haply">
        <husksNasionsTiddler>hengest</husksNasionsTiddler>
      </donnard>
      <cannilyMarecaLorry unbrazeRestungLissome="859789" urchin="693129008">
        <balmonyWrigley>orewoodEarings</balmonyWrigley>
      </cannilyMarecaLorry>
      <catclaw>
        <idolise>777298</idolise>
      </catclaw>
      <alenuSucreOchrea>
        <recusedCidaris>loses</recusedCidaris>
      </alenuSucreOchrea>
      <vultureCentrum>
        <arcBlewits>hakoSicksBivalve</arcBlewits>
      </vultureCentrum>
      <fahamBeslowGoldurn shortySyphonsGyrant="62" fructus="papa">
        <burkha>songRennase</burkha>
      </fahamBeslowGoldurn>
    </habitus>
    <vacuousThinsBedless>
      <harlsAdenous>ectalWiniest6</harlsAdenous>
      <manfredNaneStride std="armorWarselEddying" ifrealSiros="soloingUrbanerMeasure">
        <soughedScorersUnified>3</soughedScorersUnified>
      </manfredNaneStride>
      <proreanHatefulAshrams>
        <squadMeng>pulvino</squadMeng>
      </proreanHatefulAshrams>
      <outyellSably>
        <fususIrkedKatrina>968626936</fususIrkedKatrina>
      </outyellSably>
      <textus linagesRacer="subpartDinero">
        <kerygma>8</kerygma>
      </textus>
    </vacuousThinsBedless>
    <tiltingSteelen>
      <lycosa>canters</lycosa>
    </tiltingSteelen>
  </kilan>
  <spayadPommelDamson unreadMahwa="noncomsMaistryKathryn29" dolliesAreally="breadenMiragy" fauseRibe="bohmiteLodePeas">
    <sarkit daviesMoussesBassi="invars" pholcidPishesShopman="cubicsMootingSoam">
      <sunniteShegetsMoistly>sniveyDiesFrenne72</sunniteShegetsMoistly>
    </sarkit>
    <porrigoQurtiWaddent>
      <cunaDevCivitan>aspires</cunaDevCivitan>
      <triplexEngaged adawlutSatemRaws="4393">
        <bajoireKelowna>exopod</bajoireKelowna>
      </triplexEngaged>
      <quarta>
        <darkiesSomeway>slickedSkeiner</darkiesSomeway>
      </quarta>
      <peatyWharrow thugdomUpgapeWaygate="eveckArtisanCitizen" ruinersSuaveCheek="rutylUptornCullays2669">
        <danize>flagonsStereumLippia</danize>
      </peatyWharrow>
      <hurtersGrannieEnroots>
        <evertFlaccidKharwa>476156</evertFlaccidKharwa>
      </hurtersGrannieEnroots>
      <coiledBruinsSmily turnupDermoid="puckleWraker" togoLinonMaillot="tethers">
        <crusileCaromedJamber>4</crusileCaromedJamber>
      </coiledBruinsSmily>
      <petBeleaf fonsRoofageBeswarm="duntleTinosaMopokes7">
        <clickZonular>evenestTrillo</clickZonular>
      </petBeleaf>
      <pygmoidOnymizeMastics recline="alexine" shedSnips="waremanBaconCracowe">
        <fessGerardColds>romanza</fessGerardColds>
      </pygmoidOnymizeMastics>
    </porrigoQurtiWaddent>
    <badlyClaspt>
      <oatlikeHoodie>clocher</oatlikeHoodie>
      <clotDupsBolomen takar="dimoutCamacey">
        <beigelPothersClayier>hathTractor9210</beigelPothersClayier>
      </clotDupsBolomen>
      <hezronFrancia terete="wagonryRedia">
        <urticalSkullyGingals>9</urticalSkullyGingals>
      </hezronFrancia>
      <cyclesFrenalDousing puddingSkatikuInkwood="oocytesHelibus">
        <widowed>713820</widowed>
      </cyclesFrenalDousing>
      <wishingUnspellJurist famingIndriPotbank="44" bergall="6333937">
        <biunityGnomons>thermit</biunityGnomons>
      </wishingUnspellJurist>
      <woubitPlunge engraveTaxers="316646616">
        <parkerScraighRestful>airsick</parkerScraighRestful>
      </woubitPlunge>
      <tobira>
        <sabbyShoreaAdrench>crabsHapuVerray</sabbyShoreaAdrench>
      </tobira>
      <besourSkieppe>
        <glutoid>buggess</glutoid>
      </besourSkieppe>
    </badlyClaspt>
    <coptineGrenierAdrian>
      <ciboriaCunnyMuesli>niggers</ciboriaCunnyMuesli>
    </coptineGrenierAdrian>
    <nargile>
      <swipyWhitenDolite>bourranSurtoutUnsteck</swipyWhitenDolite>
    </nargile>
    <munichFlytier thoral="flustra" curtestErecter="speiseNiffSambar">
      <fusoidAwebandFeus>daymentDopa</fusoidAwebandFeus>
    </munichFlytier>
    <ogdoad>
      <uretalStiveFlatmen>dephaseOllas</uretalStiveFlatmen>
    </ogdoad>
    <cheka paeonicSiluricDyvours="fabaYakut" glassen="diauliVergeryRoues">
      <coringBegeck>reffo</coringBegeck>
      <thereseFusil amidid="drawnet">
        <butylsTylocin>lambent</butylsTylocin>
      </thereseFusil>
      <vacuefyPlasmsRedeyes malambo="oathay" niaisAcushla="oxshoe">
        <manitos>cephala</manitos>
      </vacuefyPlasmsRedeyes>
      <friggedGuaka>
        <stoshCarlinBallota>627824490</stoshCarlinBallota>
      </friggedGuaka>
      <anhang stivyGargledHooters="cubbyuCuprenePotty">
        <novate>fatness</novate>
      </anhang>
      <atellanMariesLingoes furlessCowmen="appetIocs" gulaAflauntAnova="jinxedAlethea">
        <tablet>tapiser</tablet>
      </atellanMariesLingoes>
      <pillaryMuntz baritesNappedSurfers="honkingNonjuryRouthy">
        <anaheimAccueilMizzler>obeyingMad</anaheimAccueilMizzler>
      </pillaryMuntz>
      <forfearAnisol selvageEnolase="tawhaiPycheStylers">
        <disownsPilersSpout>diableHicksTollmen</disownsPilersSpout>
      </forfearAnisol>
    </cheka>
    <bitecheSanyasi>
      <henoticCrumbumVersal>4326</henoticCrumbumVersal>
    </bitecheSanyasi>
  </spayadPommelDamson>
</keddahsGliffs>