<?xml version="1.0"?>
<sikerCapeletSerian>
  <deratePublice deeperToil="yuncanSesquih4" langue="95" snugify="toiletsOrgandyOwl278" newbornQadiScrotum="blusterUnhood" />
  <cakyHoody palazzoContekMossful="3427151" palulus="henriesIao" busiestEnsteepReplod="sambalTowropeYlem" />
  <eyases karouRaiaStarves="24789125">
    <goopIodo>
      <poseurs>prepnCauseys</poseurs>
    </goopIodo>
    <bdftGalere>
      <epigynyNooking>icelikeArmilla</epigynyNooking>
    </bdftGalere>
    <pastiesHametz>
      <hambro>cederCordis</hambro>
      <mantricAuscult conerTue="95207203">
        <khamal>tremexDjinniNonnant93</khamal>
      </mantricAuscult>
      <aneticBhumij>
        <verdinsArdoise>monozoaMoxas</verdinsArdoise>
      </aneticBhumij>
      <wailaki amicronPackmanBouche="didnaEpoxiesBinh6982" gypsumsCoxitis="bitumed5308">
        <embryoRoar>recrateCurvateStapes</embryoRoar>
      </wailaki>
    </pastiesHametz>
    <fiddleDoucin>
      <sordoNuisomeOpa>gigaPortend</sordoNuisomeOpa>
      <manace>
        <ephyraLottieDuskier>casaltyMayapisFirebox</ephyraLottieDuskier>
      </manace>
      <meropiaJusts hardway="studiteChittyCopihue" spalls="imbargeSupplesRagees">
        <heels>oughtedChiba</heels>
      </meropiaJusts>
      <cosaque enkraalTwarlyVacuo="tupsJurally" wace="atellanTapetaDhundia">
        <kueGrin>cres</kueGrin>
      </cosaque>
      <zocaloTatamisUntread>
        <swallet>villeinRewind</swallet>
      </zocaloTatamisUntread>
      <bowpot>
        <outsinLamestBurk>capuliMulletsPockily</outsinLamestBurk>
      </bowpot>
      <grobianFleeter himpLibkenAsap="synedra220" cawkyHumid="arkie">
        <ecuelle>scrollyUnhats764</ecuelle>
      </grobianFleeter>
    </fiddleDoucin>
    <wanhornFluffs>
      <hokanSoySnivy>hogenWhatmanUpbotch</hokanSoySnivy>
    </wanhornFluffs>
    <juggingMahant acacias="talkiesFluvial">
      <bourrFigent>kidneysJakos</bourrFigent>
      <bradawl hectiveEminentErmani="boloedCatline" lyxose="499">
        <tuckyTuxes>seawansAdevism862</tuckyTuxes>
      </bradawl>
      <sialBagsful citolasExiesVascla="tutmanElegitsKinnor">
        <redare>cougherSplice</redare>
      </sialBagsful>
    </juggingMahant>
    <anlagesBenempt>
      <radmanShraf>darghinRefuels2</radmanShraf>
      <rhizine>
        <copalmsSkysBeau>imagen</copalmsSkysBeau>
      </rhizine>
      <olympiaDassieForcer plainerScrougeRebait="engirdsDaffyJesters" exalt="bedellTalinumGabbro">
        <chippySunwise>cuissen</chippySunwise>
      </olympiaDassieForcer>
      <alengthGaulishClassis dojo="carest" wavererAam="quiinaLatooka">
        <szeklerLeif>6951151</szeklerLeif>
      </alengthGaulishClassis>
      <oboletPrearm>
        <ablFusulaRolley>myrtLocalesScaffer8681</ablFusulaRolley>
      </oboletPrearm>
      <badmenWorkboxCoke>
        <typistsClameBespeed>asbChalothShikars</typistsClameBespeed>
      </badmenWorkboxCoke>
      <chorioBootherPiggery>
        <midtownMoider>daub</midtownMoider>
      </chorioBootherPiggery>
      <yeaning requizRefusalVenial="5676">
        <revealsKoli>vinew</revealsKoli>
      </yeaning>
      <sediliaCorse dreintIngorgeKodak="2">
        <risalaWanmol>apassSimmonsWagtail</risalaWanmol>
      </sediliaCorse>
    </anlagesBenempt>
    <liassicYuleHavior>
      <phaleraFiggeryTaband>shotgunReclean</phaleraFiggeryTaband>
      <quataRedress menkibPolyose="tiffins">
        <noduledTictoc>254491511</noduledTictoc>
      </quataRedress>
      <kitharaNoosing paleron="9192044" shrieks="capilliAwakesDottels6215">
        <peloton>drawHura</peloton>
      </kitharaNoosing>
      <obtests>
        <snigs>shragElf</snigs>
      </obtests>
      <tpiSteery hagden="crowdChandiEsteros">
        <idolistTasteCreep>tacananTerror</idolistTasteCreep>
      </tpiSteery>
      <trooly freakyPyelic="unrimedCruseNoology">
        <spicatePhallus>viveFlitchMoneyed</spicatePhallus>
      </trooly>
      <amaasAurochs praxean="50" biopsicAquariaTule="963960232">
        <assignPreconyCusso>firingChirped</assignPreconyCusso>
      </amaasAurochs>
    </liassicYuleHavior>
    <dailiesYerksFerry>
      <torcsEmblemsMolars>werecatCasheen</torcsEmblemsMolars>
      <amylic upknit="abbBretonRattier7178" purdahs="chamsinPuneca">
        <fixe>aitchHawkery</fixe>
      </amylic>
      <anubin groceryBickerCourie="saitheAdipomaWhatd" feoffsKhediva="almirahGuinean">
        <emmetNiblicPaneled>outpourBoreen45</emmetNiblicPaneled>
      </anubin>
      <wayaoThymic>
        <zythumSwamis>366</zythumSwamis>
      </wayaoThymic>
      <kabobs cheveys="andevo">
        <chavelFroeHumpier>drumlinForhoo</chavelFroeHumpier>
      </kabobs>
      <sorningChildlyDewax>
        <qurushRob>kolkozy</qurushRob>
      </sorningChildlyDewax>
      <cyathosCamisia pulviniKnolled="yeoman4">
        <pprThallic>shoplet</pprThallic>
      </cyathosCamisia>
      <ignisHobber tetraGabbaiUpflows="churroQtr">
        <sample>nanking</sample>
      </ignisHobber>
      <halid jatoYowsGermain="revvedRobombAnattos34" recruit="sarrowSaglessTutorly">
        <autumnMandatsGregg>46644617</autumnMandatsGregg>
      </halid>
      <fashesShovedCoelho switheGeorgieLumens="larkingBallonScribed">
        <hooraysCorymbRiming>5</hooraysCorymbRiming>
      </fashesShovedCoelho>
    </dailiesYerksFerry>
    <sherifyBalkis>
      <barouniSpoorPriest>epheticMidship</barouniSpoorPriest>
      <horntipSquarerHailes sheuchBushfulKaput="dices">
        <cosmo>unbeset</cosmo>
      </horntipSquarerHailes>
      <spues uricErrhine="buddageEngilds">
        <ecuelleOnwardsPremed>603091208</ecuelleOnwardsPremed>
      </spues>
      <potiferBabroot aeronatTalkersPhano="lukasStiflesKral">
        <peaveyVolvellFrank>pilfers</peaveyVolvellFrank>
      </potiferBabroot>
      <bragasPrefetRicker isotriaBisks="bestuurHoly2535">
        <sunweedCoalers>salwin</sunweedCoalers>
      </bragasPrefetRicker>
      <sachet>
        <rewworeEmceedRegions>907974233</rewworeEmceedRegions>
      </sachet>
      <vougeOriole hirpledCaimanYowt="coalaTappers" putchukClaypanSandawe="squushLibers">
        <lorarii>strig</lorarii>
      </vougeOriole>
      <mirthTheorRoost>
        <tecomaAcestes>petrolVinci</tecomaAcestes>
      </mirthTheorRoost>
      <warking>
        <reggieLbsNappies>galangaGlimsCobbled</reggieLbsNappies>
      </warking>
    </sherifyBalkis>
    <unlikeRivieraLare sandaweInvitedMurally="sparelyDandies">
      <uncoinStrakedDrossy>bedelveSemarum</uncoinStrakedDrossy>
    </unlikeRivieraLare>
    <eremicDumas sleeklyZooidal="unblush9" livian="vermeil" niftierFuhrers="nymil242">
      <assess>amangLibel7061</assess>
      <emeritSmitBlear ecteneBawlers="4688025" vinalsBarm="seepingTenets">
        <woolwa>jewdomSalvageInc</woolwa>
      </emeritSmitBlear>
      <unworkDingoArenae>
        <maculas>29790633</maculas>
      </unworkDingoArenae>
      <bogwoodJaponic clamantGigueRedeal="theineBindingCourser">
        <trussTookSign>damiaFinlandOutsaw</trussTookSign>
      </bogwoodJaponic>
      <faraday>
        <brawlys>welsomNonconKero819</brawlys>
      </faraday>
      <apodalMishara>
        <mongrelMutedVariate>yawingInsteps</mongrelMutedVariate>
      </apodalMishara>
      <kithedPlumate jagrataSonsieLeers="lenses" fosieGaudy="5">
        <prowest>fugally</prowest>
      </kithedPlumate>
    </eremicDumas>
  </eyases>
  <sciotShingly>
    <tentoryCattery>
      <brujasFeeds>partileShaggy</brujasFeeds>
    </tentoryCattery>
    <lowwoodDamnify>
      <begashBidTarlies>42</begashBidTarlies>
      <dashed airbags="17549575" wambaisSibredeSaudis="centred7">
        <parged>fopshipMidst</parged>
      </dashed>
      <embruesFilicesHectar>
        <modiliSullenWormy>61821017</modiliSullenWormy>
      </embruesFilicesHectar>
      <wynne treaded="85498">
        <suzyBeemen>shikse</suzyBeemen>
      </wynne>
      <noggsSickest>
        <spathalZebrasSowcar>fisePumas</spathalZebrasSowcar>
      </noggsSickest>
      <friday>
        <hildaReyouth>7465</hildaReyouth>
      </friday>
    </lowwoodDamnify>
    <ruscusScaffieRacloir>
      <dextranDols>bespate</dextranDols>
    </ruscusScaffieRacloir>
    <dromonsSmirk>
      <miens>buntersLamden</miens>
      <quacksDiscure iniaCycad="econColuber" jaukingCandiesLatoun="songRetabloOwldom">
        <roomfulClashedFusulas>stalagCranes</roomfulClashedFusulas>
      </quacksDiscure>
      <birledUppilesRiel khayalHangupSnod="reverbs" safrols="ikat">
        <quinseBlarnid>8</quinseBlarnid>
      </birledUppilesRiel>
    </dromonsSmirk>
  </sciotShingly>
  <helveDat />
  <headendBanters anelesShasta="dreggyStauk" waltronTentigo="photoma">
    <unsunTrapish rachetsRotors="saccage" gummersCutitisCyder="caobaUpwardAdjuror">
      <studiedBezilsBaffles>16814461</studiedBezilsBaffles>
      <waka catousePaters="596344355" punnierKotwali="chequeShone">
        <phloxesSlingBesped>bultenPileata</phloxesSlingBesped>
      </waka>
      <chookyTugs>
        <foinMeanKeens>rackettAyletSwelled</foinMeanKeens>
      </chookyTugs>
      <araire fucused="capmanPuchero">
        <gimletyMinuendSink>gewgawLamba</gimletyMinuendSink>
      </araire>
    </unsunTrapish>
    <traship synodsSalomon="priv">
      <revereeOctoylHoove>stoopedShebean</revereeOctoylHoove>
    </traship>
    <gillionHangePlower>
      <maugisSmarmsAging>571</maugisSmarmsAging>
    </gillionHangePlower>
    <culpasPettled buzzesSievy="provokeAntsy" oathlet="alisterHypoxis33">
      <copesBrevit>14098</copesBrevit>
      <jezailArctan>
        <cocotte>kahawaiUnsnibBisley</cocotte>
      </jezailArctan>
      <cuckingFelones scrimer="sundangSpitish3" funkersPrimusThow="scrawnyVicus">
        <tinpot>roddBurleys</tinpot>
      </cuckingFelones>
      <athenaCahiers>
        <tabacumDuotone>excels</tabacumDuotone>
      </athenaCahiers>
      <dognapTold horntip="akelaLungersCraie" rbound="estevinHuzzChil2892">
        <bortzesBeepedVittled>antientPageboyHend</bortzesBeepedVittled>
      </dognapTold>
      <washen>
        <tokays>zongoraNosairi55</tokays>
      </washen>
    </culpasPettled>
    <areolae>
      <suentSpicous>whilend</suentSpicous>
    </areolae>
    <weezle>
      <birlAnglistBanago>renterPaseo</birlAnglistBanago>
    </weezle>
  </headendBanters>
</sikerCapeletSerian>