<?xml version="1.0"?>
<hippest>
  <relot adduDeclive="59" partedKryptol="embulk" louting="621" sulaFronds="344">
    <romaicHealersZimocca>
      <bubalThulium>548402</bubalThulium>
      <outdateSalamis budgerWenlock="sulcal" scrideQuarred="baliUpayaAspired">
        <hallahsSottageHippies>5</hallahsSottageHippies>
      </outdateSalamis>
      <babusTilaiteOctonal armidaMissit="signalPeapodDiploma" baleare="puruEnurnyPinweed">
        <poundal>goddamRowlockFesses</poundal>
      </babusTilaiteOctonal>
      <trammonEgbert petlingOpener="gasman">
        <quaich>676765012</quaich>
      </trammonEgbert>
      <clokeNorah kerbayaMoneron="racksAfdGeyan" staidIgnawReefy="kismet">
        <goutteTumorsCongrio>cosec</goutteTumorsCongrio>
      </clokeNorah>
    </romaicHealersZimocca>
    <sorghum>
      <encoopFizzledTupiks>1</encoopFizzledTupiks>
      <swathsBearderMixup folksey="dogwoodCarboraAlisp" roastSatined="2590680">
        <swough>louie4605</swough>
      </swathsBearderMixup>
      <courcheViperid>
        <roaredGlazen>dittayGodownsCovisit915</roaredGlazen>
      </courcheViperid>
      <letups clubman="laggerStanine543">
        <siluridIdolaSmashed>chummedHalpace</siluridIdolaSmashed>
      </letups>
      <aziminUndrape geared="yinst6079">
        <nobInsunkDissave>duffed</nobInsunkDissave>
      </aziminUndrape>
      <farming dinar="wough9" fistulaGalling="imagerySuttee">
        <kvasCablish>arrouse</kvasCablish>
      </farming>
      <mixed bobetTubaStodge="enticedLaksa" zetas="stoled">
        <infightDiatom>budzartInceptsBott</infightDiatom>
      </mixed>
      <cirrous altin="55" engrace="53655">
        <omersDues>shilfJulid52</omersDues>
      </cirrous>
    </sorghum>
    <castHafganYungan>
      <jailorsUndukeAnzac>muralsImpasteBible8018</jailorsUndukeAnzac>
      <pingeAdoptee meatDasiSamarra="pursyUtriculLuncher904" tannestAzimide="83">
        <swampBuddles>voileKolobia</swampBuddles>
      </pingeAdoptee>
      <ricersBellyOddish lightenMislainNonane="dioramaBonging">
        <unwoundUdiBeggars>backupUnroutGadsbud</unwoundUdiBeggars>
      </ricersBellyOddish>
    </castHafganYungan>
    <abyes>
      <terrainDrooled>stotingMutism2</terrainDrooled>
      <disme gimpedSenopiaHoop="kinked" nonnyTrotolPanion="ebriousTamulPentrit">
        <unherd>sam</unherd>
      </disme>
      <gaol skartValesThruput="flumeKukupaOutward">
        <hanOgams>wranny</hanOgams>
      </gaol>
    </abyes>
    <kasbekeBrunoSloshes gittern="912890">
      <cobitisLoaden>academyAlyMonger8361</cobitisLoaden>
      <fiatsGalusha pietaNiseisPeladic="ureas">
        <xenurusBosherDirhams>grimingAmimia</xenurusBosherDirhams>
      </fiatsGalusha>
      <coronerDiscusHulky foalingLinneForcer="lasty">
        <legger>oncost</legger>
      </coronerDiscusHulky>
    </kasbekeBrunoSloshes>
    <abomaSylphy>
      <unpile>restakeMuskeg</unpile>
    </abomaSylphy>
    <formate outletWingmenDeflea="posticRollixWaxier" ineptProper="tanica">
      <bassetChontaKiyi>ariotVibixAmgarn</bassetChontaKiyi>
    </formate>
    <ocellar>
      <billman>72</billman>
      <cartistCicalas eclatedGapedWarsel="6">
        <nutmeatDictery>velaria94</nutmeatDictery>
      </cartistCicalas>
      <coaxesApplaud dhobie="tareRummiesFailure" coast="doo">
        <amomum>resizer752</amomum>
      </coaxesApplaud>
      <gratias>
        <gleg>2047606</gleg>
      </gratias>
      <founteEmovePreachy pukingTaulch="privetsKbarSevens" halpaceReddenAwakens="rallySieursLacunar33">
        <repile>69120442</repile>
      </founteEmovePreachy>
      <kialkeeEnmity hiplike="96">
        <duras>456333</duras>
      </kialkeeEnmity>
      <tonnersJellab>
        <umlandDagga>obelion339</umlandDagga>
      </tonnersJellab>
      <deaveChawersFettles>
        <deariesBeinlyLod>shamoyKorova</deariesBeinlyLod>
      </deaveChawersFettles>
    </ocellar>
    <milersBlaineSalinas>
      <taliageElixateRoger>boubousClubbedVerb</taliageElixateRoger>
      <misdeal>
        <tornit>suprLak416</tornit>
      </misdeal>
    </milersBlaineSalinas>
    <unbled>
      <pieless>hurtsBooliesAstasia</pieless>
      <myricasSpoach rebozos="mahiToled12">
        <wampleCelomsToll>609221682</wampleCelomsToll>
      </myricasSpoach>
      <unfiber boregat="coyoteObrazil" rundiKindles="apast">
        <alboin>slowsUnfitlyPoliter</alboin>
      </unfiber>
      <tinnockTined yaccaDickens="khaikiSkimpsVariety3754" ovarinChirm="morelSoavesPrills8577">
        <carpe>catur</carpe>
      </tinnockTined>
      <demerge buttedPuristPomo="6132276">
        <zarnecUpbarShoa>mastful</zarnecUpbarShoa>
      </demerge>
    </unbled>
    <corbanBandido bustyUnicedSawder="slinker" paloloPickelQuemado="dampers34" falernOhm="stoving7">
      <tycheWobblerSupt>porkies</tycheWobblerSupt>
    </corbanBandido>
    <boobishLobuliDeduced>
      <peascodBummer>dooring</peascodBummer>
    </boobishLobuliDeduced>
  </relot>
</hippest>