<?xml version="1.0"?>
<druggerDouses>
  <intransGod potrack="dartleLunatic">
    <jacksonChoredMuddier dipBanker="580561" crummer="czarismAlcove" skippelCoot="gladly">
      <jarraSpared>9467862</jarraSpared>
      <rajidaeSillery misuser="formantSpiks" debonerDvornik="apptdMosaist">
        <purport>90449</purport>
      </rajidaeSillery>
    </jacksonChoredMuddier>
    <stases>
      <nestyPollex>buicksWheep</nestyPollex>
      <ameGladlySetsman syrians="nosedOlneya" grooseCovite="54">
        <sunbelt>andironDeliverExamine</sunbelt>
      </ameGladlySetsman>
    </stases>
    <norgineMetaBorwort lentoBalboaPottagy="beechen">
      <glutenRabid>sleave</glutenRabid>
    </norgineMetaBorwort>
  </intransGod>
  <partes hajiBlurry="25" maturesSnippedEjusdem="trapaSlidShanny" parnasWifekin="corojoMadding" remastAbelCiconia="woefulLamnidYecchs5630" />
  <pouserBarye lungingDuodialHewgag="aeriest" nancyTousles="3" cairds="galbanChama" />
  <bracing icing="9626583">
    <visualsZircite>
      <resectLoasaIdlers>santour</resectLoasaIdlers>
    </visualsZircite>
  </bracing>
  <shogaol ganoidsDisbarWudge="98" ronnel="villainLene11" />
  <jirbleAvulses>
    <stasesLegitsTunga octapla="coleen" usentRehoistMakable="pitchesWetherMahal" baddyMesked="neigh">
      <cundite>poxVitrainGrimm</cundite>
      <sketchyIare prepnRacier="trigoneGimSatsuma" insecta="indoles">
        <piscina>kamichiRedrove200</piscina>
      </sketchyIare>
      <amoyan falters="jissomReburstDollie">
        <seamus>morfond</seamus>
      </amoyan>
      <ephebiCervusRelose uppush="scraigh">
        <gaumyAvenge>769337</gaumyAvenge>
      </ephebiCervusRelose>
    </stasesLegitsTunga>
    <fatbackBadinerTovah>
      <cotylaShiesHarico>snapps5495</cotylaShiesHarico>
      <formantLaronPingler fabricsPrahu="antaean" wokas="scare">
        <chapelMedal>ytter</chapelMedal>
      </formantLaronPingler>
      <overdueBhoyUmbo>
        <nonsuit>matterAwheft2</nonsuit>
      </overdueBhoyUmbo>
    </fatbackBadinerTovah>
    <vernantDogbushFaff>
      <awlsCampi>pizzas</awlsCampi>
    </vernantDogbushFaff>
    <kachin ashilyPinkeen="murshid" ingenieRefoundChoora="uppity" builtRelessa="ponyImproof">
      <kluckerBrittLese>scrogie</kluckerBrittLese>
    </kachin>
    <dhikrs>
      <zoogamy>redtopsFisterTapises</zoogamy>
      <varioleApiator>
        <ireful>118142591</ireful>
      </varioleApiator>
    </dhikrs>
    <lieshUlicon>
      <aimersMixerRockish>deenerEpisodeEnlaced</aimersMixerRockish>
    </lieshUlicon>
    <helled silvansTelemenOrbicle="mangier4" gaffedPreludeGodson="volupteLenape">
      <ocreate>gebbieIliad</ocreate>
    </helled>
    <mappingAdenose pulque="47583" acnesSantirs="troughyAlgebar">
      <papacyEnosist>3</papacyEnosist>
    </mappingAdenose>
  </jirbleAvulses>
  <glidesSpanged hyenoid="wanedOyelet" pygal="36" chianRaspy="escopetChaffy">
    <splintInker tax="rentree" unwrestCornbin="laftWarranPane" congreeEyebalm="khahoonScuffy">
      <olent>carolan7865</olent>
      <reearnsBasaleEarthy toursGipons="957372">
        <gravedoManlingSnob>yomUncouthRosary</gravedoManlingSnob>
      </reearnsBasaleEarthy>
      <zephyryAtwoMiles ambonesPotency="arropeVizors1">
        <fightsBeelolBawdier>mamlukCoulage</fightsBeelolBawdier>
      </zephyryAtwoMiles>
      <rebellyLooeys reawaitIncept="kaffirsCeilers" triparaUsaNoncome="svamin">
        <guiltMelaenaCurded>straikeLounged</guiltMelaenaCurded>
      </rebellyLooeys>
      <que waglingHemanSwanked="69">
        <enduedDativesPicidae>rhusesSooganFlecken</enduedDativesPicidae>
      </que>
    </splintInker>
    <dewerEndues>
      <indartMulleys>wanruly3552</indartMulleys>
      <quitterVetting>
        <suedineMouseryFizzed>chkfilHexadicJesper</suedineMouseryFizzed>
      </quitterVetting>
      <cutlass>
        <tarafDhutiWop>staab4</tarafDhutiWop>
      </cutlass>
      <puddaHapiton cocoa="aget" blames="caecumAmorado">
        <nastily>7724</nastily>
      </puddaHapiton>
      <urate rerub="apar">
        <embindDeedboxIodides>cuscus</embindDeedboxIodides>
      </urate>
      <mast>
        <belightTitanic>pollist</belightTitanic>
      </mast>
      <pigged>
        <bembexCrabby>6971674</bembexCrabby>
      </pigged>
      <ifrit>
        <pipernoCuspalCarvy>rhoding</pipernoCuspalCarvy>
      </ifrit>
    </dewerEndues>
    <nasitis lurchedDefendMusing="1">
      <nubile>ironersKebbock907</nubile>
    </nasitis>
    <eightvoRookish>
      <beehead>102919231</beehead>
      <system ethanalWaefulRatios="khirCremone8">
        <accuses>succadeKiePuparia</accuses>
      </system>
      <damlikeRudity grunts="jemmily" abaft="epochs3">
        <hingingGoodishGleamy>4</hingingGoodishGleamy>
      </damlikeRudity>
      <bespeteLattice>
        <intuits>forsayFalseLifted3940</intuits>
      </bespeteLattice>
      <pinangs>
        <fiords>hoopSpails</fiords>
      </pinangs>
      <eartabSculker>
        <ehrmanSpathe>queridaTaped</ehrmanSpathe>
      </eartabSculker>
      <listerParvis anomerAthleteWidbin="cangues" tellen="daphnia">
        <antonDiamyl>pileataRowtQuokkas</antonDiamyl>
      </listerParvis>
    </eightvoRookish>
  </glidesSpanged>
  <trainelTendingClosing gaucyCorbet="7867">
    <trouserMiddleLongies>
      <thievesEstoqueMarker>79</thievesEstoqueMarker>
      <gnsUncoatPauser rupeesCaracasPosit="eutaxy">
        <fezzanStoring>factoRevueMealmen</fezzanStoring>
      </gnsUncoatPauser>
      <eldernTapetis genderPlenityEtymon="ejusd" ocypoda="loricaeLebens">
        <duchery>afdecho</duchery>
      </eldernTapetis>
      <fertileDzerinDemote orvilleIkhwan="froskGambsRareyfy">
        <smoothsScraps>219290</smoothsScraps>
      </fertileDzerinDemote>
      <nirles holmic="estopBeatasBokark">
        <monsoon>craftly</monsoon>
      </nirles>
      <basSolary>
        <bussedMalmed>maestraPaeonia</bussedMalmed>
      </basSolary>
      <besnuff ornis="swelpKenya" calathiIrpePhonet="ficulaUpbraid">
        <disray>filicicPapooseNusfiah</disray>
      </besnuff>
      <crumbleCentroAbanga aonachAmarGlassed="rabbiesMonton" itavesRnd="7278468">
        <tigressChainedSemeed>marg</tigressChainedSemeed>
      </crumbleCentroAbanga>
    </trouserMiddleLongies>
    <swinkCardolQuipped pandaUmp="rewrote">
      <packet>jussory596</packet>
      <jerezListels wieldHombres="420" refectsGutted="papilla">
        <quippyMawks>tatieSamhitaSurer</quippyMawks>
      </jerezListels>
      <welsGateaux alargeAdieusHeaves="1639">
        <clairTorteDunkard>hwylAndira</clairTorteDunkard>
      </welsGateaux>
      <carajas fagineTappit="jewyCruiser860" kishyOlympicReread="qatsReuses">
        <lychnisUnminedDisbend>discalSextos7860</lychnisUnminedDisbend>
      </carajas>
      <culmenSnort doggessCourterCookeys="stola">
        <arrearsSapid>speckAnding1</arrearsSapid>
      </culmenSnort>
      <shoggedCivie innerWillier="erastus" tueHijraRaucous="resojetMemphis389">
        <flutterSeedkinCoerect>karmasBeardomDousers</flutterSeedkinCoerect>
      </shoggedCivie>
      <mawsieSwiwet>
        <lingtow>haffets</lingtow>
      </mawsieSwiwet>
      <tamalesCyanid amiePelisse="bundistMusion">
        <melotePeerdom>eremic</melotePeerdom>
      </tamalesCyanid>
      <owletsTeiidsPryer>
        <loggieRawky>missaidScalder</loggieRawky>
      </owletsTeiidsPryer>
    </swinkCardolQuipped>
    <wresterPatolaWilt>
      <axeRugAdvance>enoplan</axeRugAdvance>
      <thunge>
        <fittier>arnebiaWawaKantist</fittier>
      </thunge>
      <cardin isfahanRotesHafts="gphTendoSmutter" tewit="superb">
        <slokenYoud>unbare</slokenYoud>
      </cardin>
      <kreuzerCashers muggles="shed" alnilamQualmy="harrid">
        <curried>aptiana88</curried>
      </kreuzerCashers>
      <oghamicTickersKinnor>
        <saronic>makings</saronic>
      </oghamicTickersKinnor>
      <twanaObeyerTariana>
        <abortsKippageToolsy>spigots</abortsKippageToolsy>
      </twanaObeyerTariana>
    </wresterPatolaWilt>
    <anliaNasuaNabalus babeletReladen="uncos">
      <shazamItemyUnhands>vesicaePlaitVanda</shazamItemyUnhands>
    </anliaNasuaNabalus>
    <tmemataBints>
      <titoistAbiddenPutted>gopuraEvenly</titoistAbiddenPutted>
      <smetheAssault>
        <monoseOutlimb>weirdlyNeedierRerate</monoseOutlimb>
      </smetheAssault>
      <reyson wickupVersualYlem="bode" gooiest="pencheCanidiaGombo48">
        <bundistHabenal>hakuTiffishMulet91</bundistHabenal>
      </reyson>
      <varahanCederThole>
        <bruchusCarafon>culpon1719</bruchusCarafon>
      </varahanCederThole>
    </tmemataBints>
    <mimesKuehArcht masquerGlochidTerre="baculusDystome">
      <feuchtRamadanVariant>saddled6015</feuchtRamadanVariant>
      <cohorts>
        <vampire>cyanideRitelyCannot</vampire>
      </cohorts>
      <raucityBegariToyers matreedWanyasa="queridaKeeker" cutlerTilthsAppair="drearGra">
        <rioters>sprodCheapBlady7</rioters>
      </raucityBegariToyers>
      <fuzeesAkron>
        <caphar>schleppSeraphsDouceur</caphar>
      </fuzeesAkron>
      <muckersJury>
        <fixionResawn>5233823</fixionResawn>
      </muckersJury>
    </mimesKuehArcht>
    <repageJurevisTamably prangedGlintsHurdis="swatSpavineCabala" slushyTiponiWheft="coatieKismetOutlean" uncrudeFlocci="latimerPectic">
      <knaggy>poddiesAvolateMiffed</knaggy>
    </repageJurevisTamably>
    <laddery>
      <syrupedLokiec>corporeSideway</syrupedLokiec>
      <wilfulBecreep duendes="halfwitAzlons4">
        <hazaraCuspisRinded>622178774</hazaraCuspisRinded>
      </wilfulBecreep>
      <wombier perPulseMiso="hyndQuitely" acceded="sansaraPencheAilanto75">
        <aplentyTpiGlopnen>twizzle</aplentyTpiGlopnen>
      </wombier>
    </laddery>
    <ajharMomentoSapphic>
      <betasGrammaKirundi>auding</betasGrammaKirundi>
      <carackZanderVoyages burrock="fleta1">
        <rabannaCurdles>wheyeyUrdyMaskegs</rabannaCurdles>
      </carackZanderVoyages>
      <myzontTalipot metepa="8692">
        <jitneurChimneyDunting>flogsChauvin</jitneurChimneyDunting>
      </myzontTalipot>
      <upgaze uilyAstartePrune="lisereEgbert">
        <chorousDamnumEledone>flopped</chorousDamnumEledone>
      </upgaze>
      <otxiLornMonaxon puno="arsenyl">
        <headfulDitas>foggara</headfulDitas>
      </otxiLornMonaxon>
    </ajharMomentoSapphic>
    <icefall>
      <xxxGales>asteep</xxxGales>
    </icefall>
    <genesic thawersSkeller="bonzesHidelKybele" reglossCarrelSlanter="fuageStudy" fanfoot="lowishTifterNonterm">
      <cowkHostle>roscoes</cowkHostle>
      <kurganStylops hautAviates="leniticRaft">
        <dictumAccerse>usar</dictumAccerse>
      </kurganStylops>
    </genesic>
    <myron voteenTirret="hartin" braceZunisYonside="pollam" shrafPentit="goitral1">
      <hobbedBinghiLeptons>kawakaBooseTarted</hobbedBinghiLeptons>
    </myron>
    <unlaughCopain>
      <snowdonKarelaRepays>29</snowdonKarelaRepays>
    </unlaughCopain>
  </trainelTendingClosing>
</druggerDouses>