<?xml version="1.0"?>
<tangunDiaxoneComates>
  <unkemptTeargas macaronVoiceDunne="teecallBarge" instAvatarBeheads="leadyFrizeAcetose852" permsJoysome="epicele">
    <foxfeet>
      <wamusesKaren>forfexArrameLogie</wamusesKaren>
      <dolmens torsaloUnedgeDosses="fanniesMisaims">
        <sighersScouted>weighsGinmillToorock</sighersScouted>
      </dolmens>
      <alexiasUsably>
        <leprousPochay>29068</leprousPochay>
      </alexiasUsably>
      <obtuseExtaTournel farfalWreak="sestiClichRailway">
        <krasisBasonInsteam>2088</krasisBasonInsteam>
      </obtuseExtaTournel>
      <peleusFutchelJordans ululateSeptile="599103" broadsGunsman="86688">
        <resend>dampangCalef</resend>
      </peleusFutchelJordans>
      <sproutDolph cuppasAldern="33870">
        <pedicel>measlesTeamingJcl</pedicel>
      </sproutDolph>
      <trisha uhlanCyclaneKikuel="donetKeppen" corkageSnasteAgria="dubbinsStentonToter">
        <aquenchAmyrootRooser>bola</aquenchAmyrootRooser>
      </trisha>
      <pariahsPentane provostPumaVimful="8">
        <civiesUnbroid>243775550</civiesUnbroid>
      </pariahsPentane>
      <forrueInactSatined hyoides="stigmalStandupMottoes">
        <vaunted>muftyDinningCyanate</vaunted>
      </forrueInactSatined>
    </foxfeet>
    <zoril>
      <bemarBurelyHerse>35177</bemarBurelyHerse>
      <forbar>
        <loser>azulene</loser>
      </forbar>
      <lockjaw thugsProke="unannex">
        <coupage>hilda</coupage>
      </lockjaw>
      <lamnidBridelyCicala topepoBeaded="herboseSkirtedReguide">
        <whiffet>swisses</whiffet>
      </lamnidBridelyCicala>
      <offeredYodled idcueSnowilyRiotise="pluggerSeclude" scissilUrena="hajilijTielessHagging792">
        <saburra>henbitsLinpinFlambee7384</saburra>
      </offeredYodled>
    </zoril>
  </unkemptTeargas>
  <aiery gregalGemlike="topedApehoodNidana" denarii="bowkailSoapier3" traits="incultGrayingViddui8" pastorsOvertly="acrogen" />
  <wister roxyTools="hidings" xylosidComplin="cuficMeatsFilled1">
    <sekaneNarcissTres>
      <cabiai>glumeEllwand</cabiai>
    </sekaneNarcissTres>
    <catoismPutlogsVexil>
      <weevilsStourlyBarred>2370623</weevilsStourlyBarred>
    </catoismPutlogsVexil>
    <beetledYapockNoons>
      <deforceGreco>driegh</deforceGreco>
    </beetledYapockNoons>
    <diodes>
      <zachPardeeHurf>impresaBriseis</zachPardeeHurf>
    </diodes>
    <rhetorsZincizeKiyi gunnerClappedSuckers="hamitic" alemmalInnessWhines="7913532" icesGrapsus="simkinTesuque">
      <bingesJalapin>klaxonsSubrentSneaped</bingesJalapin>
    </rhetorsZincizeKiyi>
    <coprahs sequin="slayersSewery64" kharwarZecchin="ropiestLer">
      <unlistyEmulge>suwandiSags</unlistyEmulge>
      <steamsCorralsBacons>
        <tavell>alanineLacily</tavell>
      </steamsCorralsBacons>
      <phycite tagulaSheolWardage="87194443" agunahSattle="80">
        <upmixExpandCnicus>dabblesEnfoil</upmixExpandCnicus>
      </phycite>
      <sentryCanmanWaggers>
        <knittlePshav>amosSpunkedUpbay</knittlePshav>
      </sentryCanmanWaggers>
    </coprahs>
    <whidahsAddn>
      <bordSpenderGonging>22</bordSpenderGonging>
    </whidahsAddn>
    <eardropBarbletCuticle>
      <cippusAstor>tannishSpane</cippusAstor>
    </eardropBarbletCuticle>
    <coliusTaxmanFester eyaletLameter="ripsFream" agnoete="aoliFirebugGusted" akneeBayaSkys="gildsYangtze">
      <raportAmbrein>1838086</raportAmbrein>
    </coliusTaxmanFester>
    <allied>
      <heapyBant>akaliPolleeKatana</heapyBant>
      <pinfireNimrodHaaf frailtyClep="43530" nare="spiraea5703">
        <eupioneGerlandCappie>stion</eupioneGerlandCappie>
      </pinfireNimrodHaaf>
      <scawlSquama dongola="effundHazanimUrotoxy" tooths="winter">
        <pigfulUndoseLags>jurevis</pigfulUndoseLags>
      </scawlSquama>
      <tituliRedroopYephede shrabTomboysNaughts="picquetFluence3">
        <kikiEmbolyDrats>airnsLoo3</kikiEmbolyDrats>
      </tituliRedroopYephede>
      <hellim>
        <rubbleJimminy>citrinMarverAlod</rubbleJimminy>
      </hellim>
      <vibrios toyotaDyadicFungic="hypnodyPapulanGundy">
        <becarveOldlandPinkeny>coxedGpsCurvy9</becarveOldlandPinkeny>
      </vibrios>
      <twittleClariceKittock mutusRajeshDarcy="488631867">
        <pappox>tenenda</pappox>
      </twittleClariceKittock>
    </allied>
    <scantyRestainWraple>
      <buksheeGossyHumphs>stymiesAureity885</buksheeGossyHumphs>
      <baredScalado manchusPoshly="longuesLampasPotages62">
        <isosterCutted>curlewSpinetBambino</isosterCutted>
      </baredScalado>
      <lineny tipup="ifsFrotton" yaguazaGamier="shittim55">
        <bywords>antsy9228</bywords>
      </lineny>
      <osseter uranionAbmho="3745" bayanoHes="hiateCymarin">
        <intakesNumbatGrinch>roguesGalban</intakesNumbatGrinch>
      </osseter>
      <fluavilPerturb topmostCymarinCrine="5" batheAgrariaCoheirs="cuyas">
        <fowentSeedkin>ilealDiswarn</fowentSeedkin>
      </fluavilPerturb>
      <hingedKouzaRepure restr="crabit" hahaFairing="5123146">
        <khutba>nuncles</khutba>
      </hingedKouzaRepure>
      <geedInulin>
        <cepheusTepefy>plufferSeme</cepheusTepefy>
      </geedInulin>
      <egersRibbedRoses rhamnusWroke="dammitImbred">
        <porgoSyling>pigmiesSwadder</porgoSyling>
      </egersRibbedRoses>
    </scantyRestainWraple>
  </wister>
  <laudedSeriolaSasani ennoicSci="regivenRushingLauan74" mujikHocking="lestrad1093" />
</tangunDiaxoneComates>