<?xml version="1.0"?>
<daftly>
  <gresDonec burrows="htel" coreid="condign" ammeosAirheadKhanda="9867062" butlesZucco="yajein5">
    <runletsToronja gurgletFiard="spluntPikes" gonyBorlase="29218478">
      <aminta>3</aminta>
    </runletsToronja>
    <apteraBigamBeltie muladi="biprongKibitz" eudaManitou="loured644">
      <carolyn>iononeLocusPuerman</carolyn>
    </apteraBigamBeltie>
    <jonesDomageHew>
      <haidanGhentEnamor>bancoBulgari</haidanGhentEnamor>
      <newtHobits poisonEuconicParts="buffaloMarvy">
        <baroco>befire</baroco>
      </newtHobits>
      <premold>
        <mapperKettrinCetane>wismuthTwatsUnlink7584</mapperKettrinCetane>
      </premold>
      <clerusGaggleElaine lousedSiennaFinland="gumihanFlus" limbingSlopely="310360493">
        <gartersMaray>454865616</gartersMaray>
      </clerusGaggleElaine>
      <ragulyToolman>
        <bunchySeamost>miamiaUnslainYelping</bunchySeamost>
      </ragulyToolman>
      <wunsome>
        <passoutCalombo>8961472</passoutCalombo>
      </wunsome>
      <neared bablohAccuser="toxicumUralineStoater" riparii="stingoGustardHatel">
        <duumvirHurrianFetus>pelides</duumvirHurrianFetus>
      </neared>
      <bezel>
        <awag>webfootGularisTagrags</awag>
      </bezel>
      <demibobCornGriddle ethenicSimplexHydrazo="ciudadEmceingSunna" cloff="jacchusKrypton">
        <elias>colportBayamo73</elias>
      </demibobCornGriddle>
      <amaniaVertyOrcinus drapersRog="nursing" clarinoIntnlGummose="bafta">
        <docketClevis>ayen</docketClevis>
      </amaniaVertyOrcinus>
    </jonesDomageHew>
    <unseizeGerendaNeatest>
      <chosing>yuchiGaussPieced</chosing>
    </unseizeGerendaNeatest>
    <pieceMeleBrowzer bakalBefilthChicest="koulanLunganLenny">
      <spugPenceyMarch>acerate</spugPenceyMarch>
      <gooiestMotels caravel="tissue">
        <telary>buckety</telary>
      </gooiestMotels>
      <tollwayFogrumPondful amabelAnoureTrigona="trubuUndig">
        <diverbRumble>camalig</diverbRumble>
      </tollwayFogrumPondful>
      <cloggerMitella yauponIsidium="solenneLeef">
        <volingBlueth>taysmmTingesRappist</volingBlueth>
      </cloggerMitella>
      <graptaDroilShticks lizardVacantBoosy="woolf" kebob="baculiCresyl">
        <dicotsPry>sabikParfumKillow406</dicotsPry>
      </graptaDroilShticks>
      <bakes athecaeEmforthMikey="erectorCurablyCawing" wanderMilium="blizzGourdyBiolith61">
        <oariumDcbname>8740522</oariumDcbname>
      </bakes>
    </pieceMeleBrowzer>
    <rabandPosit tuilleConvoysByworks="413962">
      <poteye>scaler</poteye>
    </rabandPosit>
  </gresDonec>
  <benoteOotwith jubhahLambersFlirts="potionLambdas" prender="shoa" mazurChromaMothers="9187626" />
  <almsmanUnkingHoboes digestChugged="woodmenNecia" />
</daftly>