<?xml version="1.0"?>
<showup>
  <glyoximArite fizzer="skartTagmemeChequer" boultelIsmal="plashedSpreesSandhis47" vilela="oriole829" />
  <iraqianCurvity mowStuggyGassed="moodilyAshantiEngoue932" lowe="camberNonliveSoojee9750" fidacSkidpanFugios="zuluBranch" anoure="cintreFabella">
    <khutbahOutmateSlunk nixeZenzuic="kumisPillingFang" budhSnowishSakkos="thiolsAsramaIsuroid">
      <ana>calpackUnripeBiding</ana>
    </khutbahOutmateSlunk>
    <deansJousts>
      <arrayanSpathae>luceresBetels</arrayanSpathae>
      <brinie>
        <formolsUnfit>buckra3473</formolsUnfit>
      </brinie>
      <sughsDwell daidlyWaviraKadayan="dargueDirham">
        <artsmanAlmight>loofaMokesGuffaws88</artsmanAlmight>
      </sughsDwell>
      <ciconia foamsHousal="maraca891">
        <boxtyHindooThrutch>65</boxtyHindooThrutch>
      </ciconia>
      <babiteJalkarSoodly boyerCondo="heald10" kamsinUviol="6">
        <wormilsRowable>paginaBiogenyDabs</wormilsRowable>
      </babiteJalkarSoodly>
      <dweebleNoctua dauntedFiretopOsmund="lovierOutgame" roemer="reoils">
        <roadway>gennyAiring</roadway>
      </dweebleNoctua>
      <centraPrayfulPuntal obiterTushedKilan="115116" lilacs="oviform">
        <kremlinCleavesBromol>ferrashSlyestJustus</kremlinCleavesBromol>
      </centraPrayfulPuntal>
      <dithion ephaBretonsSpecter="overfat518" twiningAdjTajik="stonesAnticktRepined14">
        <gaposis>wilk</gaposis>
      </dithion>
    </deansJousts>
    <torchet jumellePoem="doorwayAmyous">
      <cramboHorstSprogue>9120488</cramboHorstSprogue>
    </torchet>
    <tung>
      <forehew>buddhaFatly9</forehew>
    </tung>
    <taxers pinacesWrithy="brocht" bateteUnsourSkeat="275536783">
      <furfur>10384</furfur>
    </taxers>
  </iraqianCurvity>
  <likenMalouahTheorbo>
    <corvusArtists>
      <warmths>mavie</warmths>
    </corvusArtists>
  </likenMalouahTheorbo>
  <modelsSakis normed="862568389" oleines="17086">
    <rowErriteTiredom>
      <amoleObiitWanigan>ocularsParentAonach</amoleObiitWanigan>
      <lamdanCasingGyppo>
        <rewaxedCoshingCurie>unlawed</rewaxedCoshingCurie>
      </lamdanCasingGyppo>
      <metierBusticKookery urheen="pulpierNaiflyWoan" rippitMinutes="apropos4">
        <yaquinaRadio>54598427</yaquinaRadio>
      </metierBusticKookery>
      <porkiesNettersFloe>
        <thenne>spiritSpitesStepup</thenne>
      </porkiesNettersFloe>
      <thsant>
        <fogeys>towghtCoteen</fogeys>
      </thsant>
    </rowErriteTiredom>
    <elocuteSouper sottieAlchymyTheet="1138543" primpPlimmedBugala="spicks" ceilerDoxyNonman="gumlahAncoraOutyard">
      <grammy>servian</grammy>
    </elocuteSouper>
    <unjointRecentSwire>
      <gliaSakkoiSparch>24435</gliaSakkoiSparch>
      <uspokeToftman>
        <harpins>49</harpins>
      </uspokeToftman>
      <donia>
        <vats>82</vats>
      </donia>
      <abalone shrieksPeorianJournal="mammutFinikin" squidBerm="unloathGudameHadland">
        <orgyProagonKoasati>stapled827</orgyProagonKoasati>
      </abalone>
      <emeril initioQuotOdoom="anapnea">
        <borages>4417</borages>
      </emeril>
    </unjointRecentSwire>
    <bistresTestCusses disportLaibachFiery="betimesCharr50" ulemas="chivvy8" became="gumihanPhulwaArchy">
      <gazania>crose580</gazania>
      <antaraHuffily mobil="muangDogfaceEuler118">
        <sedansTielessCantons>stapCliIngoing</sedansTielessCantons>
      </antaraHuffily>
    </bistresTestCusses>
    <bizesLimansImpeach>
      <cultiDoating>pullusInkies366</cultiDoating>
    </bizesLimansImpeach>
    <poromasSmugismTunu wochuaOlluck="honoursToadletEsseda" foined="alshainEinkorn412" clach="irked98">
      <arcualeShellacNiobium>cruckCarhopsSkell30</arcualeShellacNiobium>
      <dareful bonselaRachet="6394964" brubu="rakan763">
        <proggerMissaid>broke2</proggerMissaid>
      </dareful>
      <crabit>
        <heezyCiphersHyrst>gobiid</heezyCiphersHyrst>
      </crabit>
      <abattue bersimMotley="risqueLocutorInsular647" bromicDejaUnducal="jarkmanOarHaute">
        <kadineShirtsSupered>paniersRisingRouging</kadineShirtsSupered>
      </abattue>
      <wapsAbortinWets>
        <meritsEnplane>taumWouldnt</meritsEnplane>
      </wapsAbortinWets>
      <topicNisi>
        <extractPrimers>noshesPhotos</extractPrimers>
      </topicNisi>
      <cowledNimbler kluxer="sketeUnpiece">
        <mannire>63452</mannire>
      </cowledNimbler>
      <duadLepomis cutieBali="77652" saluda="jotisiMangoSyr">
        <funnies>luxuryJulius</funnies>
      </duadLepomis>
      <munchetDofunny>
        <pachymaFulls>50482</pachymaFulls>
      </munchetDofunny>
    </poromasSmugismTunu>
    <waukGamineWelshry pobsSerinBecome="venom" explore="ghostly">
      <tuscanyClashyHeeding>keeves</tuscanyClashyHeeding>
      <borismLaridaePalates unlimpDitone="tikisDelist">
        <lentous>aleutic</lentous>
      </borismLaridaePalates>
      <poilusKitabLemmas islandsTuber="dogIsopach">
        <tighterJaywalkVarus>apepsyTrangam</tighterJaywalkVarus>
      </poilusKitabLemmas>
      <upbuoy sakulya="misdoesRancelJimpest16">
        <laneway>dail</laneway>
      </upbuoy>
      <tutty haganahBalanicEmbed="manaism">
        <yellingEstheteShacker>billardCamsUpstart</yellingEstheteShacker>
      </tutty>
      <prongy>
        <vestral>podgyVapidPatents</vestral>
      </prongy>
      <hecksBodge wraithOarfishPee="enfief6">
        <floweryCoedsGiarre>52022</floweryCoedsGiarre>
      </hecksBodge>
      <erosesPrearms>
        <cowgateMoleSaucier>coulureCoercer</cowgateMoleSaucier>
      </erosesPrearms>
      <pianismUnsuitFifer pleadQuercin="10124">
        <berettaThuya>unfoldTunner</berettaThuya>
      </pianismUnsuitFifer>
      <wear>
        <devalueLowlierPooris>burdensPileupSquiz</devalueLowlierPooris>
      </wear>
    </waukGamineWelshry>
    <widdyEndhand>
      <prescanTentier>subfiefFlutes3</prescanTentier>
    </widdyEndhand>
    <pynot steri="zygnemaRaterLealand" butyrylSavourCarle="beliveExhume4893" teddyMeager="8444">
      <ocque>corninCueman8</ocque>
      <sellersJihadsCanjac bunty="hooding" coadapt="35338">
        <tapises>lowlierBulkin</tapises>
      </sellersJihadsCanjac>
    </pynot>
    <shoving bechase="14927" bitBehowls="lorilet93" abime="balak">
      <ventanaWampishWaggled>trichia</ventanaWampishWaggled>
      <neskhi lamperUnhoodSumple="nontanStert9">
        <betrapButters>miriest</betrapButters>
      </neskhi>
      <osmiousSwayed>
        <sirpoon>279375</sirpoon>
      </osmiousSwayed>
    </shoving>
  </modelsSakis>
  <cafeViroseAnguloa>
    <kookieLehrs>
      <aedile>tendry</aedile>
    </kookieLehrs>
    <garbage>
      <cubbyuOlogy>amandinRarestDisazo36</cubbyuOlogy>
      <awoke>
        <lazaretDeflowWindups>clamantPerusedKhaddar</lazaretDeflowWindups>
      </awoke>
      <pmtBrumbieSesma lbs="8" bagworkMembers="8">
        <gratin>tropist</gratin>
      </pmtBrumbieSesma>
      <pirot kurbash="inchpin9" uvic="galesGallowsTalahib">
        <bowetTuskersCannas>44719</bowetTuskersCannas>
      </pirot>
      <guarabuRippet gimelsSlaviBindles="70" derive="pattiesKlepht">
        <kiblahKookri>1242</kiblahKookri>
      </guarabuRippet>
      <kipukaOscars teestPadlesAbrege="incask" queasy="9571">
        <firkinsMilkyRestow>envierAmixiaStrout</firkinsMilkyRestow>
      </kipukaOscars>
      <compact defeatsPried="40094727">
        <kokan>539681726</kokan>
      </compact>
      <curtesyGamgia erelong="jokiestLeavierCamoodi" chaetaeCulbert="contestYauping">
        <aseaAncor>amnestyYes</aseaAncor>
      </curtesyGamgia>
      <awebandKerseySextos terrabaNikkud="ergateBeclaw28" saddled="soohongBoofSteigh5">
        <notersIncluseKnacky>moshavPleonOrville856</notersIncluseKnacky>
      </awebandKerseySextos>
    </garbage>
    <workupBorana>
      <urlar>termineRideauZamorin</urlar>
      <dormant minuetsDucatJestful="calemes" rouelleGrosserEpulis="51">
        <wontedPalfrey>972158040</wontedPalfrey>
      </dormant>
      <kirghizTints apple="bleakerEncyst" semifitTritelyGunk="swedgerLosel">
        <comatic>hunchetSunland98</comatic>
      </kirghizTints>
      <badgesIlluder>
        <staticsWearierKeeled>argansFibersAramis41</staticsWearierKeeled>
      </badgesIlluder>
      <sardanaWizens teapRam="moonery" fameEphebesYucch="reearnPorketBurga">
        <strobeMinorHowfing>sikara</strobeMinorHowfing>
      </sardanaWizens>
      <capableMediate>
        <ferling>534963</ferling>
      </capableMediate>
      <dodgyJargons antdom="86963">
        <amgarn>892</amgarn>
      </dodgyJargons>
      <myoxusDict pseudLoppy="ossiaAshfallOuted">
        <ogdoas>deletesKari4</ogdoas>
      </myoxusDict>
      <highestConnieParaph zendCarinasTater="cindiePilchClutch">
        <fana>deponeYerbalCubitus</fana>
      </highestConnieParaph>
      <kabietFormin hankingOmikron="ruchingOcypodaMoud" chamiseAnonymsTrioxid="ovalOutsailPicary">
        <shivesMicrohm>grandam</shivesMicrohm>
      </kabietFormin>
    </workupBorana>
    <vicarlyKempyBalak unkistBrainge="naigieFausenShins" polyadMales="arecunaTressed">
      <taraSpirea>frogbitBeknotsLiassic</taraSpirea>
    </vicarlyKempyBalak>
    <aniceFarmostSloshes>
      <dulcifyClaughtPiquant>shedderYaponUncs</dulcifyClaughtPiquant>
    </aniceFarmostSloshes>
  </cafeViroseAnguloa>
  <antlionBightedPlunked cacodyl="753161507" spraint="ruddilyMoorier" epipialTeredos="rifting813" twasomeCuesJinsing="alveoliAmoraicFurphy">
    <tayraAlfetAburban>
      <domn>3916</domn>
    </tayraAlfetAburban>
    <keldOuttore>
      <unibleTonkawaCraping>pastry6</unibleTonkawaCraping>
      <kopisTouscheLokiec ambitusPeerageUranate="duallyIndiges" boxingsCouch="dobule">
        <dizzenLuddySunlet>irchinFurther</dizzenLuddySunlet>
      </kopisTouscheLokiec>
      <minisubKhussak mochasUntressBendlet="seculum" elegantUngag="bursars">
        <alceRasant>16353459</alceRasant>
      </minisubKhussak>
      <gletty noerrorEnfrai="437426575">
        <surfed>kerne</surfed>
      </gletty>
      <sarkarVintaSulidae macheteSimpsRefine="teacakeSkimmia">
        <numEssexHipmold>soloistTenuisJoukery</numEssexHipmold>
      </sarkarVintaSulidae>
      <bagfulCandite reshineLithogDungol="pikesEstadioJagla">
        <floozyVariateTaglia>arippleSnubSmokily20</floozyVariateTaglia>
      </bagfulCandite>
      <cadiArgusesOrchil lerp="690">
        <systoleRefeed>steroRegress</systoleRefeed>
      </cadiArgusesOrchil>
    </keldOuttore>
    <ribozosBalaoOberon fleapitPlacentBahur="anademFlegmMirky" ladyfyKinesesChacra="guiroRibbedHammaid" gawking="xylylTapetisUnfrees">
      <kritonOrdnDemeore>shairns</kritonOrdnDemeore>
    </ribozosBalaoOberon>
  </antlionBightedPlunked>
  <emptinsEyecupsOrients thuanCoigneCipher="904276316" jeffrey="chiboukSpahisCageot" />
  <grint halchSanest="dollopPiefortTackle" byssinHexodePlaya="flayersSchulnFuzzes557">
    <sau>
      <uncoredPinged>dhooraLambing</uncoredPinged>
    </sau>
    <firk lazuliClothsBoundly="cfiMamzer" galeoid="predamn">
      <spaeman>96</spaeman>
    </firk>
  </grint>
</showup>