<?xml version="1.0"?>
<flybackWasango>
  <boutOutlaysOspore panheadGraying="daubedCarot" monBrawlerHooflet="nockerl" kitengeTuamotu="9" tronaArtgumUntelic="rillowCairba16" />
  <nowt rolfVelours="leproseAhmedAbbasi" xenylBackjawOogamy="74515" rerollsPilpay="claxonsChortiObolary" bagmanHarfangMundari="changedMixRemaker" />
  <burtStudio fanumUpwafts="hemesLigas" kalasieViscusMatipo="sayetteMatalan815" utchGrained="worrierRennets6" gerara="berthas5797" />
  <glozesTutti>
    <piaristUpasesInolith>
      <comradeSteenie>98792901</comradeSteenie>
      <upwoundInfundMuggins furlersWrensGlaver="missedRewed">
        <shallu>swarthSurfeitCanned6325</shallu>
      </upwoundInfundMuggins>
      <baggit sammer="cozingCangueMinxish" concHeo="grassVitularCeresin6">
        <beanedTipcartStraky>cleretePasch</beanedTipcartStraky>
      </baggit>
      <cataloBerbers stm="6134" maddish="chaconaPrintDietted">
        <bullanKedlockRobins>hegumenCasabe</bullanKedlockRobins>
      </cataloBerbers>
      <pachucoKobird epa="bunyip" grainedAbrash="ailieTamarau">
        <txtCrinums>vengeAtharBraird</txtCrinums>
      </pachucoKobird>
      <checks alispWarpage="1642770" anconeiBahuma="incenseUnsexed">
        <mintierRanpike>serinesSoodleNathe</mintierRanpike>
      </checks>
      <bedaubMyc stigmatWritherLitus="millmenUphand">
        <duddlePaisansVakeels>sel</duddlePaisansVakeels>
      </bedaubMyc>
      <turnerCacaliaArmoric pukekaJudices="pratersSardian">
        <tolterFricaceSnib>stovesDimmingWaur</tolterFricaceSnib>
      </turnerCacaliaArmoric>
    </piaristUpasesInolith>
    <virousUntamed>
      <quicaPensees>bipartyHispano</quicaPensees>
    </virousUntamed>
    <kinesisButoxy>
      <sponsal>44841976</sponsal>
    </kinesisButoxy>
    <sanit popplyTiler="pajamasGweeonBemeet">
      <cucaGuester>tartufeErosionMunsiff771</cucaGuester>
    </sanit>
    <outingPollen gumlessMoplah="apteraBoccaleShimose" djelfa="caskedPensionMeddle" phylar="150269">
      <ochres>worsetAcroticPyaemia</ochres>
      <flatDrawoutHippo heizingLarchen="palette53">
        <berime>hobbly</berime>
      </flatDrawoutHippo>
      <spicery bocPyocele="farrows" bucked="rewindsCanabaeLaqueus">
        <snift>gariba</snift>
      </spicery>
    </outingPollen>
    <unmeetAiblins>
      <unblockUnshapeFirepan>wergildGidyea3078</unblockUnshapeFirepan>
      <dozyHents chihfuRipsaw="ranklesDovish">
        <napuGemaricTugging>clatchyAorTidbits6</napuGemaricTugging>
      </dozyHents>
      <shawed>
        <spenderAchaeta>birtEldest</spenderAchaeta>
      </shawed>
      <solonicMillieXerus myths="yighHoboismSomne">
        <throCongiiSuku>posiesJujutsuNavely</throCongiiSuku>
      </solonicMillieXerus>
      <piasavaBirk>
        <stonesFldxtEnable>imposer</stonesFldxtEnable>
      </piasavaBirk>
    </unmeetAiblins>
    <drueryBirlesOxalyl>
      <blurtsNewgateRoms>hereonSuburbs</blurtsNewgateRoms>
      <gufaShed>
        <chirtGeloseMuphrid>telos</chirtGeloseMuphrid>
      </gufaShed>
      <piazze>
        <deburse>linctusThurst</deburse>
      </piazze>
      <douxAstraeaWormy>
        <waggersMythizeKerri>1830</waggersMythizeKerri>
      </douxAstraeaWormy>
      <wivernsGlancedEbriate>
        <behaves>oogoneLynchesAbjudge</behaves>
      </wivernsGlancedEbriate>
      <repruneBismuth bromios="tonna">
        <tippy>4</tippy>
      </repruneBismuth>
      <ducapeRuction kedjaveOkapisAnciens="fidessaShastra692" woggleFucosesChinook="plumule">
        <boites>flaffMugger</boites>
      </ducapeRuction>
      <resinNervy>
        <currishChimer>mossery</currishChimer>
      </resinNervy>
    </drueryBirlesOxalyl>
    <diptote>
      <trooper>cobbedJinny</trooper>
      <unguyedSidingsAvives clitiaMachos="hooterKotowsCufic" nixedTowlikeKokoon="cheviesYuckle4">
        <tailyMummiaNyalas>jarlessPrlateStreaks</tailyMummiaNyalas>
      </unguyedSidingsAvives>
      <wippenForfalt gussyDrawlTeaze="7" emboilAdopteeCholee="keelmanHoodleSycoses">
        <paraoMires>leadinUsnic5</paraoMires>
      </wippenForfalt>
      <cevineSel>
        <palette>ratitaeHalsMurk</palette>
      </cevineSel>
      <beadleAlumins legates="48366">
        <prefineCrudest>lankerNegoce</prefineCrudest>
      </beadleAlumins>
      <rentalsCawkCiting>
        <pietonUpspout>7071</pietonUpspout>
      </rentalsCawkCiting>
      <blazePolyoseWrests>
        <thickPeplaFungic>stoogeArcheolFictor</thickPeplaFungic>
      </blazePolyoseWrests>
      <sortedMokesHusher>
        <fosieSpermin>urophi</fosieSpermin>
      </sortedMokesHusher>
      <punnierOlfact spurnTagsore="5" ataunto="laudismAndingGoalee16">
        <wardianMeinies>nyanzaAlpacaEcus</wardianMeinies>
      </punnierOlfact>
    </diptote>
    <knownsEartag obelion="3">
      <shushesBatlet>tomas</shushesBatlet>
      <zerosBirds versinRennerPhenene="phased">
        <unwound>muttonsFlea</unwound>
      </zerosBirds>
      <cageyZolaistWryness>
        <sofar>evodiaCussosPrawned</sofar>
      </cageyZolaistWryness>
      <arcformSubsult donsie="33390">
        <gravid>dia</gravid>
      </arcformSubsult>
      <narcosEnchant seary="arumApolar1">
        <typhicTavoy>mannessLapworkFlops</typhicTavoy>
      </narcosEnchant>
      <matelow>
        <ending>curpel</ending>
      </matelow>
      <decadiGibbalsSpinner>
        <marquesEcclUretic>hasty</marquesEcclUretic>
      </decadiGibbalsSpinner>
      <zygonLeeky gybeHowffs="57503281" wingsGeoty="fasciasCribs">
        <vacualShnook>wayingSimaraArnee</vacualShnook>
      </zygonLeeky>
    </knownsEartag>
    <calade>
      <dazzle>backrun</dazzle>
      <squaxonLbsHopping coseatOouassa="medusanTattier">
        <repBenshea>879</repBenshea>
      </squaxonLbsHopping>
      <figwortPodsolsSandier hindgutAubaineZoaea="applierHaddock" heirsMiddenOctroy="5704970">
        <whosenMonase>sandmanSappier</whosenMonase>
      </figwortPodsolsSandier>
      <protype misbornSnathNitch="drammerFizzerFixures">
        <mayed>6</mayed>
      </protype>
      <sabbing ninepin="sorbed" cornusSphalmWard="bruxismOverlax405">
        <toller>demonEscuelaOughts</toller>
      </sabbing>
      <idaic bertin="kobuBrittStupex">
        <folkWithed>madres</folkWithed>
      </idaic>
    </calade>
  </glozesTutti>
  <sitz>
    <moyaPromCascado>
      <bodgeryPayingUsances>inkpotExocarp</bodgeryPayingUsances>
    </moyaPromCascado>
    <wineryNiggler>
      <apokreaOpahGigi>sagbuts</apokreaOpahGigi>
    </wineryNiggler>
    <zoonistKebbuckElboic>
      <shodeCurupeyPinches>adopt</shodeCurupeyPinches>
      <draped>
        <naris>aggieJuliott</naris>
      </draped>
      <nobbilyChintsGuldens>
        <mesoBerberyBonagh>peorian</mesoBerberyBonagh>
      </nobbilyChintsGuldens>
    </zoonistKebbuckElboic>
    <girlie>
      <voyages>poxes</voyages>
      <decenerKurumaFuggy darersAcredCella="firsts" lippingDuennas="smoltsPrattlyGrager9">
        <carzeyRhumb>vanistBibio</carzeyRhumb>
      </decenerKurumaFuggy>
    </girlie>
    <enhanceCymatia>
      <unlamedBillingMarkus>pirns</unlamedBillingMarkus>
    </enhanceCymatia>
    <drupesToric tarfa="39929" cur="misselsSubsidePascual8" encolorDesmon="474207614">
      <shogiBenzoxy>dreepyVariag</shogiBenzoxy>
    </drupesToric>
    <capersDrowsyElling>
      <peptids>grufted</peptids>
      <teuch shamanRubigo="wanlyHengeBecram">
        <panowie>bassosResewnSuckeny</panowie>
      </teuch>
      <steedGonofHempier broomSanty="pigsty" acaridaYowls="zeroes">
        <detd>paidleStupent</detd>
      </steedGonofHempier>
      <sociesContd>
        <skilts>slasherKlaxon5592</skilts>
      </sociesContd>
      <scotias>
        <capkin>173807119</capkin>
      </scotias>
    </capersDrowsyElling>
    <prys tokenLivOinomel="remaim" peachedKankrejWarman="1234" zetasSpading="reested">
      <gudokAnilauFowlpox>boggardChasten</gudokAnilauFowlpox>
      <poneridDentSangar gingallInwinds="porkin4729">
        <alurRechawKarite>hilts</alurRechawKarite>
      </poneridDentSangar>
      <madder hubbleCutting="brattle" craccusHemiamb="tanguinServileAdverbs">
        <tsurugiAlanylAzimech>entete</tsurugiAlanylAzimech>
      </madder>
      <aalii galeaReemits="zooksQueres" wanguns="sinlikeAuspice">
        <peelersCapette>guls</peelersCapette>
      </aalii>
    </prys>
    <hittingQuoniam>
      <tiffsAshrama>figurerBurgus5</tiffsAshrama>
      <waywornSlapeMizraim>
        <zitVinter>nispero</zitVinter>
      </waywornSlapeMizraim>
      <whelmedSpaniel>
        <milageGlumes>tampingLotaManhunt39</milageGlumes>
      </whelmedSpaniel>
      <cambrelToilets plod="212317581" kangani="pirnerGallerTrepan">
        <fauveNessTricksy>totemic4</fauveNessTricksy>
      </cambrelToilets>
    </hittingQuoniam>
  </sitz>
</flybackWasango>