<?xml version="1.0"?>
<cire>
  <trepangEphebea pottaroWhiptCarotin="cozilyPolaris" apelles="90322" />
  <shaikhiRucking umuDasheeTitule="632283461" gassedPanelerTupaiid="gageNaegait12" birdiedJetsamLuster="byresPsend" coysCosmoid="akazgaSeatheRoubouh52" />
  <betellRegianMasque bilkisInfold="stomack962" sistraSmokySucken="crying" />
  <ziraiRajiv unletBravishDowable="palmar" sikhismWhample="thave" minyaeGonged="8328831" lisaCivieWynn="quirksEndouteDirks756">
    <excitor nazirMerksMuggs="killjoyRenetBondar">
      <wieniesAlienor>virionsZoic</wieniesAlienor>
    </excitor>
    <oxer>
      <kite>garleFriesBrocked</kite>
    </oxer>
    <tumbledIlicic sandboyRantanPayoffs="needsly" drifts="rebegTawnies">
      <whangedSamolusBoy>988229</whangedSamolusBoy>
    </tumbledIlicic>
    <schizzo>
      <cloddy>centerDiallyl</cloddy>
      <ragedUnshale>
        <opahs>haemalIntrunk</opahs>
      </ragedUnshale>
      <sibnessTwaddly peppery="694290" outdareTogated="subeditEpinardTruster79">
        <cunnyAverish>151831</cunnyAverish>
      </sibnessTwaddly>
      <mobbyFreshed hattism="vassarMitrer" fibularDioxane="unhoodsBasilarCuspule37">
        <saggarGaylyCaste>lettedUnctExacted</saggarGaylyCaste>
      </mobbyFreshed>
      <losel guldenElemiHait="85" renomme="algasTradSla">
        <figgumBrassyModify>silages</figgumBrassyModify>
      </losel>
    </schizzo>
    <pappeaTssJackets>
      <wesFurzed>wandyDrusesFunorin</wesFurzed>
    </pappeaTssJackets>
    <jarry>
      <petfulEkes>puranasScrappyDisgig975</petfulEkes>
      <misacts>
        <coxyResends>remedeChurrsRein5</coxyResends>
      </misacts>
      <halperGermany>
        <long>30922817</long>
      </halperGermany>
      <fenksSullowElixir carver="87583" baculumNdoderm="68764">
        <aussiesSaughRissian>77</aussiesSaughRissian>
      </fenksSullowElixir>
      <russud rotorToyish="seba1530" sinaean="alienorDoppia">
        <amercedFollyTubelet>explodeSykerlyRimples</amercedFollyTubelet>
      </russud>
      <cleanly alogianUntewed="sulkedRigsmalCanaut5116">
        <insulinTrepan>pansAlogism</insulinTrepan>
      </cleanly>
    </jarry>
    <barbel>
      <afeared>tongues</afeared>
    </barbel>
    <celsianKalpak adinidaThratch="lohochSvan">
      <pricingTidleyCaesar>52138</pricingTidleyCaesar>
    </celsianKalpak>
    <hasterKidling outkingCestiBilati="nymss">
      <erosMirth>sheyle</erosMirth>
      <buteaFlaneur caryaParr="fencingSirs859">
        <latriaCarks>overdye</latriaCarks>
      </buteaFlaneur>
      <tightly fcpSeresSeekers="103599729">
        <resting>tela</resting>
      </tightly>
      <aureityQuerken whelmedDevises="dossesBuncherQuaffs" queasomEqualed="753914">
        <jokingRethrowCannery>lodes</jokingRethrowCannery>
      </aureityQuerken>
      <vulpic scantsCheveys="appTandoorSaddler" weekDorpIsogyre="tsuboInachid5">
        <impureBiancoWarworn>hunnian</impureBiancoWarworn>
      </vulpic>
      <choristOutblew tracedEylFinick="doitNocuous">
        <pasangRhedasReleivo>poisson</pasangRhedasReleivo>
      </choristOutblew>
      <suaedaCardingBrooch unspun="3631931">
        <eyesomeBedsick>korariCleanupAdossed</eyesomeBedsick>
      </suaedaCardingBrooch>
      <amnionToftmen apoikiaPintailSacring="wastersCheats" aplomeVirificTroilus="capricePlumply">
        <netsman>forz</netsman>
      </amnionToftmen>
      <dragTrtTorfle bluism="miaulsGeminis">
        <coxed>8433241</coxed>
      </dragTrtTorfle>
      <clocherBudgeroAcquent upcraneMnemeReglair="plonkHykeCurval" shoor="dickeyValvedCherish">
        <moggan>190966396</moggan>
      </clocherBudgeroAcquent>
    </hasterKidling>
    <seculumTanist>
      <poteyeSpickle>poreAiery</poteyeSpickle>
      <poulardCups>
        <dunningMurlainStroked>chares</dunningMurlainStroked>
      </poulardCups>
      <waddledFourer>
        <bestinkVineChaouia>finsJerkish</bestinkVineChaouia>
      </waddledFourer>
      <lycaenaSwyThralls casking="unplaitCheeperCline" toursBeadman="87">
        <blunterTofter>ancille</blunterTofter>
      </lycaenaSwyThralls>
    </seculumTanist>
    <conoidPelopidIshime>
      <nightJamokeCriolla>105895</nightJamokeCriolla>
      <prosePegtopsPitied>
        <lagStupex>cineastSasinImposts</lagStupex>
      </prosePegtopsPitied>
      <alwaysVidonia>
        <turacosLoveday>dandierVaalite</turacosLoveday>
      </alwaysVidonia>
      <yachted abodes="amylateRognonSangho">
        <retar>blok</retar>
      </yachted>
    </conoidPelopidIshime>
    <setnessGromia lifeCarouse="1171" hansard="slaws" maypopsRemoter="aquaferCuj">
      <invict>466</invict>
    </setnessGromia>
  </ziraiRajiv>
  <jink rammedMarilyn="1471164" braversMunify="stanjenChorea6377" segathyGyringWhidded="6" tubigButlers="unawed" />
  <cossetAziola />
  <catouseJarbleFerling canakinLogos="wooledBillionPauses235" numnahPausingClar="leonistRoaring" />
</cire>