<?xml version="1.0"?>
<gigsmenTriliumStaled>
  <abiesMopla>
    <major proetusJumpsRetros="rankest" baldy="flexityKarts" turkana="remailSquids">
      <miledhMavin>sharers</miledhMavin>
    </major>
    <swineyPeloric>
      <dicecupHonilySavior>bejaGowl</dicecupHonilySavior>
    </swineyPeloric>
    <outseaPallorsHued>
      <betreadSubbank>sprittyPailoo51</betreadSubbank>
    </outseaPallorsHued>
    <eureDulness>
      <whelmedOptime>9618279</whelmedOptime>
      <dendraVariant>
        <jubbe>fugued70</jubbe>
      </dendraVariant>
    </eureDulness>
    <micks>
      <zymic>bullety6533</zymic>
    </micks>
    <cotypes euaster="vermilLairdieCask" vaconaEnkiExquire="601099029" clongLeng="fassClinics">
      <humificMidyearPesade>diopterUnplantCrumby1</humificMidyearPesade>
      <vauntedOolithTaurini reknow="1">
        <biased>hoistedIsolate</biased>
      </vauntedOolithTaurini>
      <oompahEidolonDiapnoe thrangAdosPutlogs="premierMaltol">
        <maint>808</maint>
      </oompahEidolonDiapnoe>
      <jimmerVanglo psoitis="spiritySlotten" washinMusketBuglet="boartsJackey6">
        <younger>tapet</younger>
      </jimmerVanglo>
    </cotypes>
    <salad dowfart="flurrCraftly2693" findArrayanChack="deitySemieggMicky92">
      <perches>outformBeshineMondego</perches>
    </salad>
    <yurakPactaGiraffe parnelBrubru="curlersErgotic">
      <mashruRennins>seicheMyopia</mashruRennins>
    </yurakPactaGiraffe>
    <taupesCharco holdallUcayale="tokaysLurches" mecate="7175558">
      <rissle>unitiesTrefoil</rissle>
      <smaller>
        <lectureBawtieImpy>sacbutWendish</lectureBawtieImpy>
      </smaller>
      <hollandDhobieKariti solnAgameteAmmine="bezil">
        <hamhung>492</hamhung>
      </hollandDhobieKariti>
      <sysin abassinDuchies="refuelsTalonedPhenine" toiGallonCyclide="fretishDradGulo">
        <chuffyWritterAcosmic>vitriteSec</chuffyWritterAcosmic>
      </sysin>
      <merger>
        <stitheAirflowChunga>aimaraStem</stitheAirflowChunga>
      </merger>
      <pricks gardyTinkerMocmain="flywortTye">
        <alkAlen>kanukaHealedOchrea</alkAlen>
      </pricks>
      <potbankKenspac boastsEnateBanque="virusAlmuten">
        <trulliMarried>2727</trulliMarried>
      </potbankKenspac>
      <goose furanTruck="cocoonsTotymanDhundia" sumagePeriQuinin="471">
        <cyclopy>revueJunco</cyclopy>
      </goose>
    </taupesCharco>
  </abiesMopla>
</gigsmenTriliumStaled>