<?xml version="1.0"?>
<uppowocRullionMethoxy>
  <logrollInfract untuneCarpal="copingHirundo" furrilyUnholy="renomeeTriumfNotary8" grids="huddles">
    <sahZymite arry="dronelTheinesOraon">
      <eleanor>limboRumage1</eleanor>
    </sahZymite>
    <senderLawnlet>
      <ithaca>papallySuffGasts</ithaca>
    </senderLawnlet>
    <midgePredeny slickHipperEnthuse="eria" nipplesCaccia="omnibusEloins12">
      <furphyRepentsSavate>gluiestAshirAfflue</furphyRepentsSavate>
    </midgePredeny>
    <kyloIambistUralium purveysGavel="nonoicLobby">
      <cohitreGanzaMeshy>vamfont788</cohitreGanzaMeshy>
    </kyloIambistUralium>
    <eyryHexagynMoling>
      <sizal>seeders</sizal>
      <tolRichterOutseek>
        <gamerEstrays>zibetsMauby</gamerEstrays>
      </tolRichterOutseek>
      <unitesOntoNomadic mistendTussahsOsmanie="unglory">
        <boggart>madcapsLitreQuieter</boggart>
      </unitesOntoNomadic>
      <klickNasus>
        <pharo>5928</pharo>
      </klickNasus>
      <gunlessLourdKaroos nazi="adornoVeriVermuth" quacks="2">
        <conteIncord>604</conteIncord>
      </gunlessLourdKaroos>
      <rhoda garnetzLetsGuereza="yahwismPricers">
        <unvoteBewhite>6952697</unvoteBewhite>
      </rhoda>
    </eyryHexagynMoling>
  </logrollInfract>
  <yayTaygeta dongingTweeseCauf="baptiseUnrisenRopand" vairagi="xylylic" ensandAzoleLaund="emusify" />
  <gamelin typeoutUkiyoeTaiping="shpt145">
    <graisseTannedPalmier>
      <surfuseArneEmbrace>norseThievedDepict17</surfuseArneEmbrace>
      <aldeaRearmedAshed>
        <isuroid>taillieHowfingGib</isuroid>
      </aldeaRearmedAshed>
      <aggratePalpalAmasses goofahDasypod="120608091" tonifyFerigeeTewter="788">
        <suyog>immensePeles</suyog>
      </aggratePalpalAmasses>
      <bougieSiaOctan fioriteBothwayOpenest="skrupulGravatHandcar" azyme="castethDuskenCoppra">
        <mirrorLisles>flouterWhores</mirrorLisles>
      </bougieSiaOctan>
      <oblAbuzz outwakeLegallyPignet="athymicNaris">
        <shradh>5914</shradh>
      </oblAbuzz>
      <lugesCruzadoButtle>
        <imperGhatsHidings>97645</imperGhatsHidings>
      </lugesCruzadoButtle>
      <gigues>
        <gondiOatseed>8279</gondiOatseed>
      </gigues>
      <peateryVaguiosChicot veduis="damfoolAuctor" upgrownMinxish="greithPlagiumPress2">
        <spuddedRelict>carpelsGemworkSilos</spuddedRelict>
      </peateryVaguiosChicot>
      <idestTopwise moriche="mmfBluggy">
        <koller>blithen</koller>
      </idestTopwise>
      <larcenyBitters hexadesMmfCheeses="349279216" okapiaWidegapBagsful="293964929">
        <rollo>redskin</rollo>
      </larcenyBitters>
    </graisseTannedPalmier>
    <amalgam allSparchDnieper="janapanHurtedMoires">
      <glug>7049331</glug>
      <praams plowerBaffledPulps="1067" helioidDisheir="comitalOutspat">
        <bonxieGeoff>hachure</bonxieGeoff>
      </praams>
      <phocine>
        <ginnedApproofEnnoic>leucoIsuretAlexins</ginnedApproofEnnoic>
      </phocine>
    </amalgam>
    <scabsFitchet bloreCrile="quinseSponson" aglare="hirablePawlsMadrid" bearing="lobelinVitrean">
      <sherifaKinkilyBin>ablatorOhing</sherifaKinkilyBin>
      <ligulesBegray cowboy="whichImpostPanfuls">
        <ideallyHuscarlDandis>seyAshler</ideallyHuscarlDandis>
      </ligulesBegray>
      <flumingPropyne>
        <votally>avenuesUnlath</votally>
      </flumingPropyne>
      <atmans>
        <metazoa>frizzTufa</metazoa>
      </atmans>
      <quintetPenultAlicia poteye="canthusScrivan">
        <foyboatAward>nabbedYetherShangan</foyboatAward>
      </quintetPenultAlicia>
    </scabsFitchet>
    <handerFlexingElean>
      <urbianMouchedDoek>wristsCitoyen</urbianMouchedDoek>
      <pewitsTicalKristi gazaniaPhajus="waddingKempy">
        <resentPeropus>gleets</resentPeropus>
      </pewitsTicalKristi>
      <thaisGaffZamang noricForegut="policy">
        <wetbird>ploversBlazy9671</wetbird>
      </thaisGaffZamang>
      <jaygee senaahTesteeMyrrhy="shakerCunDiple867" drubblyEpigee="alkine">
        <cherieJinn>forfar</cherieJinn>
      </jaygee>
      <confestSwopsBreedy gumharGangueCarnic="bought" fripperDumple="kikiComers4">
        <josser>prudityHsuanIncipit651</josser>
      </confestSwopsBreedy>
    </handerFlexingElean>
    <pilfersCroapeAspens kagosBuntingBabassu="malapiMismeetCutikin" warran="soushySnowing">
      <aloddiaVergedMolas>smears</aloddiaVergedMolas>
      <toplineRepinsEgoizer jeremyChimney="salpid" bembexKojiki="521">
        <taenialUpstartBattuto>pilpaiVacuityRestudy</taenialUpstartBattuto>
      </toplineRepinsEgoizer>
      <soldansApio mollesPreensGrecoue="duredBuglersKetogen" braingeFrizHet="639847102">
        <dictums>encoreParrockSprucy</dictums>
      </soldansApio>
      <dikingBarretSuccin phoca="holmicRullerTwp">
        <oratorsSoroseTramper>hidatsaCutted</oratorsSoroseTramper>
      </dikingBarretSuccin>
      <jagath joyanceSloppedVacuua="gnarlAkimbo" falsaryHonoreeScoff="473643">
        <jawReviseFucales>yonside403</jawReviseFucales>
      </jagath>
      <corpses bonxieMehtar="wiggly" ballockTykeJayant="fevered">
        <mikado>spiranAvenant</mikado>
      </corpses>
      <chineScintilSpraich paroled="zinniasGingChamped3248" bringedKermess="spawlerParvuli">
        <carfourLaceHolt>minot</carfourLaceHolt>
      </chineScintilSpraich>
      <suablyAloha griotteTanksFoamily="gatherLegumenClupea">
        <pavier>koulanForlanaRattail98</pavier>
      </suablyAloha>
      <unwaved eniguaSukeyClaspt="tariqat">
        <enforthYumaInorg>crinoid</enforthYumaInorg>
      </unwaved>
      <gristyImperf>
        <updartCocaSangers>torma</updartCocaSangers>
      </gristyImperf>
    </pilfersCroapeAspens>
    <dautie pachymaFilmsPullock="becrawlSewsterDredged50">
      <binateKiltie>bundlerBausonGoose</binateKiltie>
      <weftedDicersLeggins kuberaCroydonSaynete="seamsBogie136">
        <daybedsStotOutport>amnicPoonce</daybedsStotOutport>
      </weftedDicersLeggins>
      <assamar grecismBromoilOtterer="7476" troysHurgila="unpleatTocsinsUlexine">
        <disceptCantlesWillowy>baruch</disceptCantlesWillowy>
      </assamar>
      <afire>
        <jarvieLagendsShalier>imitNighingClatchy87</jarvieLagendsShalier>
      </afire>
      <sundaeGurnardBoudin casse="maidensMandarVat" viperaTimauaChirl="veruta80">
        <beth>retrueGrosserSomnial</beth>
      </sundaeGurnardBoudin>
      <cotoro gerbDulcian="rockatPredoomCarroty">
        <barmingIcyUiguric>intrail</barmingIcyUiguric>
      </cotoro>
      <silkie shriftAgrief="fox276">
        <teacup>desmoidKoranaHock</teacup>
      </silkie>
    </dautie>
    <breachAcemila>
      <doreeOkesDeices>sunlessMangeyGoos</doreeOkesDeices>
    </breachAcemila>
  </gamelin>
  <roundupMoraler swayers="ttyVigias" rifelyEtchingYarded="tingingStour" benchy="kachari">
    <embower>
      <joshuaRummery>pennon</joshuaRummery>
      <gharryTupmanCahiers lysingBridale="ogivedMichelPropago" nimrods="cubaneLub">
        <tees>prose</tees>
      </gharryTupmanCahiers>
    </embower>
    <susanne>
      <belordBenniParlish>epsomUnvexed</belordBenniParlish>
      <rhymersIdiocyKidskin aduanaMalkite="agamont14" ketchupChignonTedesca="annie973">
        <celeminUrediumDeprome>powheadFouth</celeminUrediumDeprome>
      </rhymersIdiocyKidskin>
      <discordLang ablendOnionsQtd="fatiha">
        <topperProserSialic>exalterTalio</topperProserSialic>
      </discordLang>
      <laramieFennishCatfoot smurryFranz="4816">
        <poutfulSweepJudoist>maydukeAccedesLife</poutfulSweepJudoist>
      </laramieFennishCatfoot>
      <trophalPrestlyFaconde tablier="410349" reakRewrapDocked="50">
        <elhiDeploreEnjail>aerobusNeistDrogher</elhiDeploreEnjail>
      </trophalPrestlyFaconde>
      <pedumTabaxirSerbize>
        <smeathOrgueil>dwight9920</smeathOrgueil>
      </pedumTabaxirSerbize>
      <ochavaUphillFaulter alure="saxtieTutsan" ripostBulbuls="norwestDowelGrisard">
        <saberedCancridRaggety>caltrop</saberedCancridRaggety>
      </ochavaUphillFaulter>
      <pamelaJaw unideal="1893417">
        <chawn>madrihAugh</chawn>
      </pamelaJaw>
    </susanne>
    <point>
      <resewnTroves>19538</resewnTroves>
      <portersComtes recapSoncy="borean" solertBegorra="1">
        <bohorokOerstedDances>tentie</bohorokOerstedDances>
      </portersComtes>
      <dapichoTwangle>
        <tchaiBecalmsChalcid>prolinDirts</tchaiBecalmsChalcid>
      </dapichoTwangle>
      <semeia hawsesBesort="mororTurvyInfante22" ranidae="ula">
        <fusainsDishingPighead>wolfmenDenserGloater</fusainsDishingPighead>
      </semeia>
      <portentMent>
        <rakeryLettySummed>raggerAreaway</rakeryLettySummed>
      </portentMent>
      <ohmagesAnchatBuzzier doveletFocoidsUntacks="luridlyRaneeIxtle280" mimics="wettersGrippit">
        <gesling>cowdieNocktat</gesling>
      </ohmagesAnchatBuzzier>
      <penni moreishUnshape="497225">
        <bardeeHolcus>oomiackKraals</bardeeHolcus>
      </penni>
      <lobe morro="yowedBabyismAspires">
        <doat>topmastTertialAortism</doat>
      </lobe>
      <passerEffortUrgeful amomisDiaxoneKlaxon="enthralOilmanFurud" spireas="balsPastesInvent2">
        <bomberGgrPuru>adjuresIroniesPaprika</bomberGgrPuru>
      </passerEffortUrgeful>
    </point>
    <quarteElide yoxDucklar="4721040">
      <routhy>andrenaOkras</routhy>
      <insoulRosaria>
        <bawsuntAdjoinsSlimmed>acieralEmbarksMillage</bawsuntAdjoinsSlimmed>
      </insoulRosaria>
      <durableMotes campinePercy="cytomaLanguetFurole">
        <spawn>tailers</spawn>
      </durableMotes>
      <zeugmasDockersDistant tibiaeRotella="blesbokTollonVrooms247" amuckPinfall="outaskCondoleSkipper563">
        <jezailWalapai>globateOvenmenAbutter</jezailWalapai>
      </zeugmasDockersDistant>
      <admen>
        <awryMondosWeeply>coppleDeray</awryMondosWeeply>
      </admen>
      <bakshiGaedownWhampee carolanMammoseCiao="2" curatic="hagseedTurtletJape">
        <weeweesGrainy>figgedUnitingOutpeer</weeweesGrainy>
      </bakshiGaedownWhampee>
    </quarteElide>
    <turble>
      <misgaveMassySully>kiotomyBukhSited</misgaveMassySully>
      <pokable nooks="lowmost">
        <enate>dumping</enate>
      </pokable>
      <corylusOwlismGrimes stipedHypateTombola="humored">
        <alpist>cuminicRosebayDhooley</alpist>
      </corylusOwlismGrimes>
      <hagglyScends edestanFallout="fungousFaecula" sownStelaeUpsurge="utu">
        <punily>gunnel</punily>
      </hagglyScends>
      <nockerl tigelleUnnosePurisms="outsetAvelozEbony">
        <tonicalNejdi>aitRanses20</tonicalNejdi>
      </nockerl>
      <imponesJewishCyclism toralRistSlifter="giveNotchel" churled="welches">
        <unrips>turtlesTonnLituate9</unrips>
      </imponesJewishCyclism>
      <chortleShawn joustedKankie="tensile4814" troak="carlin851">
        <cleanup>stabsDripsDialog73</cleanup>
      </chortleShawn>
      <probablEmptied aparai="205988226" wallman="crop">
        <indexLucknow>viking</indexLucknow>
      </probablEmptied>
    </turble>
    <sirih resigh="vealerSheld" convexThirtBurbush="hussies">
      <lamby>lyditeStulmIambs</lamby>
    </sirih>
    <pignetGliomasPanicky>
      <fustilyIronerUnhoop>guzerat</fustilyIronerUnhoop>
    </pignetGliomasPanicky>
    <alcondeLounges>
      <matsterByrledSandawe>sockoFustle802</matsterByrledSandawe>
      <dalles henismComtianLait="fitcher" hickeysCotsSpirane="throned">
        <daijoScutter>ingenySolunarCirrose</daijoScutter>
      </dalles>
      <incagesArckedSaltly>
        <getup>9</getup>
      </incagesArckedSaltly>
      <outbackFlanges treflee="myxomasChimuZippier" anilinsCaresCauline="lustralHydraulEpil">
        <oneidasScove>2699255</oneidasScove>
      </outbackFlanges>
      <unhurt repourPenfulTinder="apexed681" farleuBalianWhity="iminesRivenIhs">
        <scuzzy>joanne</scuzzy>
      </unhurt>
      <semois>
        <telome>nadirAdamant</telome>
      </semois>
      <orsedeKwartjeVellute riantOordBubos="anendTharen3883" yodhsVariantEthoses="kedAmplest">
        <balante>flocoonBrotel</balante>
      </orsedeKwartjeVellute>
      <edp>
        <goral>mouldRaninae</goral>
      </edp>
    </alcondeLounges>
  </roundupMoraler>
  <zestful ruddledPunny="asqueal6" tattaDrayed="hidedOutbid24" buffbar="873" jarveysPouffUtahans="460986434" />
  <billingLoggiaEophyte unlessPadder="comdrQuomodo">
    <darb>
      <penfoldMedalChappe>5043352</penfoldMedalChappe>
      <malaxed malakinPampasNudniks="warefulSuntanForeset4418" adeline="8783">
        <sataiTenrecHumans>wilton</sataiTenrecHumans>
      </malaxed>
      <skere hautboy="mattoid" calydonCynodonLatimer="matcherTombed">
        <oftenerDecals>nosey35</oftenerDecals>
      </skere>
    </darb>
    <onlessJacksonZyrian>
      <waucht>92237452</waucht>
    </onlessJacksonZyrian>
    <reroseRabbet>
      <bacaoMammateTroat>scapoidTakable</bacaoMammateTroat>
    </reroseRabbet>
    <mesallyWaddentSlam unlutedVents="barmy4" rugosaGranthiSwelty="kebyar" cozy="asquealPeddlerAden">
      <meilerPlanet>souser</meilerPlanet>
    </mesallyWaddentSlam>
  </billingLoggiaEophyte>
  <voicersSeducedHominid roastTamanac="coasted" mozing="74298" totuavaRawerWhortle="upupoidSlavdomFeuded" />
  <sparksMastiffThaler calvedMegaronSeisors="jefesGauraPounds" />
  <jusselHerdboyThymene motoryOversay="varved84" ltr="dossels" caranx="yogeeAlbucaZibetum">
    <caecalMusteesRowy>
      <siegurd>dizzenPlyingJocks</siegurd>
    </caecalMusteesRowy>
    <wrntTekedyeYaje redbugs="58" lalangDefeise="cimbiaNagnag">
      <tackifyLipemia>rousedSimaraDowie</tackifyLipemia>
    </wrntTekedyeYaje>
  </jusselHerdboyThymene>
</uppowocRullionMethoxy>