<?xml version="1.0"?>
<prizesEurytus>
  <corralApprendGulas pliskyChevauxTwier="dyeing" munandiSteemArgonne="dittiedKenmpy5" />
  <gishVatic emptory="bisetInsteamVariant8" shrine="316944339" viewsDivisi="984">
    <cymric>
      <yetaFrisky>talkierSergio</yetaFrisky>
    </cymric>
    <danskJettons>
      <bailTabloid>neckarMigransBisme4739</bailTabloid>
      <peascod rioLorateWatched="tincPhecdaSchmoe">
        <rykingOmnific>restudy</rykingOmnific>
      </peascod>
      <besnare cendre="sevens">
        <softish>obsYautiaTorpor9</softish>
      </besnare>
      <kleagleMersionPintano>
        <feebly>flappetGinnetCancrid</feebly>
      </kleagleMersionPintano>
      <triaxonRivoDinitro hard="9109">
        <nerverPorogam>wheensAdient</nerverPorogam>
      </triaxonRivoDinitro>
      <wallopsInterjPomps gymnite="date" tichelOnuses="cavelLeucomaBirched4">
        <adauntWrath>garretsDia</adauntWrath>
      </wallopsInterjPomps>
      <saluteFerulas pinson="fissleLupaninMarline366">
        <unfeelCreakerHogcote>clines7633</unfeelCreakerHogcote>
      </saluteFerulas>
      <saggarsBedroom justinaFlangesMulse="tasselsUpwaysCarf9314" porge="adelite">
        <begallsNickeyNostoc>unionid13</begallsNickeyNostoc>
      </saggarsBedroom>
      <cosyBedemanSneb>
        <sukeyStrutsBibio>gemara</sukeyStrutsBibio>
      </cosyBedemanSneb>
    </danskJettons>
    <shinnedUpglideOrlops>
      <cypBranMudpack>restHoboesStoops</cypBranMudpack>
    </shinnedUpglideOrlops>
    <battlesGroggy>
      <duelloUnfurlKings>fessely</duelloUnfurlKings>
    </battlesGroggy>
    <echoCaseateTubelet gaminsPhon="upttoreRisorse">
      <amphoraStuffRho>barbs</amphoraStuffRho>
    </echoCaseateTubelet>
    <unisoil sissoneKnarPicard="3" goosesKirstenPonos="7">
      <reeditBusbars>manul93</reeditBusbars>
    </unisoil>
    <pogo>
      <crunkSchute>amylomeDuffyYapa</crunkSchute>
    </pogo>
    <reifyDelaw televoxDatives="mincierProofsLaud" wuzzleDeis="torpify">
      <jobbing>820</jobbing>
      <catwoodGenius thuliasCanel="aspect">
        <pentrit>herons</pentrit>
      </catwoodGenius>
      <usurporMarrowTetania outcry="bundled39">
        <silvern>churnsCacaxteSei</silvern>
      </usurporMarrowTetania>
      <unletJaspisTorpify roemersOutbuy="dunkirkBiotaTripple" remintBalletsGayly="buxomer">
        <unvestRetypes>dekko2</unvestRetypes>
      </unletJaspisTorpify>
      <unshadeCasterBenames>
        <eskimoHaggishInface>panicsBoreadEtymic</eskimoHaggishInface>
      </unshadeCasterBenames>
      <tartedHallelsEviting unhewed="astore">
        <uzarinSinaic>keymoveEndgateAmoke754</uzarinSinaic>
      </tartedHallelsEviting>
      <stereidSundogs trochePalalaToys="tengRequite686" rectums="stashie">
        <cheererHugged>rinsing9</cheererHugged>
      </stereidSundogs>
      <moleGonged>
        <ungyveCajanus>29520</ungyveCajanus>
      </moleGonged>
      <bimbos matacoDette="legong">
        <jaraAugTerbias>873</jaraAugTerbias>
      </bimbos>
      <rielsGungeCloak nonbaseLucumoDogate="sticket5961">
        <milvagoLawnletAcca>pargetsIndiansHairup</milvagoLawnletAcca>
      </rielsGungeCloak>
    </reifyDelaw>
    <papayaYillAmylene>
      <sasteanNewts>tohomeToken</sasteanNewts>
      <nannieWishy>
        <kylikes>arnWrochtAvick</kylikes>
      </nannieWishy>
      <buskerMurices>
        <ventose>neuromaSinopis6695</ventose>
      </buskerMurices>
      <bet therese="ajangleLivBinding">
        <korahIdylist>sniffleSmokersZoysias2</korahIdylist>
      </bet>
      <semicupCucujusDeewans honking="spyAlcheraYferre" estiveCindery="vialledAlgazelFldxt">
        <graben>adzooksOstracaLavanga</graben>
      </semicupCucujusDeewans>
      <ilokanoHaggy oars="dorselWrigleyEvict" finnipOxygen="bewaredWoolseyPhytome">
        <meatier>yapsLammock</meatier>
      </ilokanoHaggy>
      <cascaraIlima>
        <porgoButtals>uncoif</porgoButtals>
      </cascaraIlima>
      <orbing nodulesCymars="8">
        <animismPomponOukia>514</animismPomponOukia>
      </orbing>
      <unshookGharrisProwess escuageChanduVins="tektos6" waygangWidened="16">
        <seagullCarcan>expels</seagullCarcan>
      </unshookGharrisProwess>
    </papayaYillAmylene>
    <relinePalayan>
      <wansithWoreCasa>attrySavelha</wansithWoreCasa>
      <lovelyHoarded oyesSoaps="squegDicyan" becrushKnick="wraitheTyromaTostado8">
        <antipotBefame>whimsic</antipotBefame>
      </lovelyHoarded>
      <outcameMicrifyYabble twarly="sowanRueful182" ochringInnage="fidgingGeodMogote">
        <dendral>mulierUngull</dendral>
      </outcameMicrifyYabble>
      <naughtyHotrodsHottish>
        <jackmenPluvian>8891</jackmenPluvian>
      </naughtyHotrodsHottish>
      <nee coosYecchyUncouch="sarodSneeryPuncher76">
        <skimsButters>bedriftRadiansQuor</skimsButters>
      </nee>
      <achiraAgogZillion aminsPreshipBemba="57670372" bundh="wadeSoclesDruery224">
        <mishitRerunNeese>teadDrilvis</mishitRerunNeese>
      </achiraAgogZillion>
    </relinePalayan>
    <rebush>
      <readoutVitreal>97035</readoutVitreal>
    </rebush>
    <mureins gansey="pedatedGirleryAyin" rithe="stoach" babishWarntNetlike="perdueLifenPharos">
      <routier>daubry</routier>
    </mureins>
  </gishVatic>
  <wowOrchilsRearmed>
    <meanderShiksas>
      <shrupsGulpinSputter>ratters</shrupsGulpinSputter>
    </meanderShiksas>
    <load>
      <bldg>broilerPatt</bldg>
      <talaDharana>
        <musnudClaggyIns>turnkeyAshir</musnudClaggyIns>
      </talaDharana>
    </load>
    <neuk>
      <decatyl>hesternEaved</decatyl>
      <bahmaniSowarBaining>
        <jettedMobsCrche>objectsAswash440</jettedMobsCrche>
      </bahmaniSowarBaining>
      <haleBestay scorns="sapphicArrobasTrotted5770" sucklesReloadsEnneads="swept">
        <rabblerCingula>31796307</rabblerCingula>
      </haleBestay>
      <celtishNiched auncelNevo="almuceDakhma" nishiki="8">
        <cystedAcylLimbic>logierScug</cystedAcylLimbic>
      </celtishNiched>
      <squawks curuleNamersDele="impede51">
        <corbansMottledRoscian>beetyAstoopIntra</corbansMottledRoscian>
      </squawks>
      <celure louisaGanevs="relata" muzarabGorhens="abseil">
        <atomicsIntrunkSuppone>59</atomicsIntrunkSuppone>
      </celure>
      <croreRamoon>
        <voicesPonhaws>kauchHumerus</voicesPonhaws>
      </croreRamoon>
      <abampsWithinsSemee truismsAgami="spatterAplysiaUpla">
        <unbowWhaups>auxilEnticedBelucki</unbowWhaups>
      </abampsWithinsSemee>
    </neuk>
    <breatheAntaraCarlin appreveWaver="nighs" reseamLeucoWamus="pewterReawardSacaton">
      <pataka>seam</pataka>
      <agonium birky="hastateCorrodyEncoder">
        <moaningGolMiasmic>finnCassiriSecures</moaningGolMiasmic>
      </agonium>
      <fitcher skraighMenus="propoxyPythias9" frondedSeafowl="crewmenChackHasard">
        <parti>plurelGuffawsShogged</parti>
      </fitcher>
      <camenesLoment>
        <rougeClaesAttid>unsnowPotsy</rougeClaesAttid>
      </camenesLoment>
      <selflySacre tollers="million7" untrothNgapi="enduraChalla">
        <yecchsVersaUnnewly>decayerOphrysEldest</yecchsVersaUnnewly>
      </selflySacre>
    </breatheAntaraCarlin>
    <chitsScalene>
      <meneBouser>apout</meneBouser>
      <exstill patriotIcotype="massier9620">
        <overby>shovesBryony</overby>
      </exstill>
      <siphonsCooptSludges>
        <canneleHarman>ebonies</canneleHarman>
      </siphonsCooptSludges>
      <poresSantols dwayneFittyShinny="3" atonic="penance">
        <oecoidCathayCelebe>523</oecoidCathayCelebe>
      </poresSantols>
      <nancy reisterLehrmen="gleglyArchai">
        <subduerRelongChopa>637726</subduerRelongChopa>
      </nancy>
      <devolveDales>
        <faeSheasAvale>bonnesWriedBragas</faeSheasAvale>
      </devolveDales>
      <algatesBlurt>
        <droyl>polemicSerutBengals</droyl>
      </algatesBlurt>
      <pashtoArgolidBelial>
        <empasma>niddleThese</empasma>
      </pashtoArgolidBelial>
      <dronageFardo serrulaBarberaFolios="intern">
        <aguadaJoyous>tankah</aguadaJoyous>
      </dronageFardo>
    </chitsScalene>
    <facadedWhipsLewises pointel="pasteur" gid="cevine">
      <aeonialBawtie>scotchRoer</aeonialBawtie>
    </facadedWhipsLewises>
  </wowOrchilsRearmed>
  <chebeck steveVolosts="quaichs" densherThicks="numpQuotPiccata6" blite="colicsUninnSonnet4" />
</prizesEurytus>