<?xml version="1.0"?>
<journCocash>
  <unsweptMillersBaggara anosmicLurrierSuimate="tabinetHurler5365">
    <jumpilyForfearGlucase snuckCenScalz="wairdVax" chaganInital="curyingSarges">
      <regushProetid>825135</regushProetid>
      <commos subtile="147922743">
        <karosCockup>atwirlSixthWoomer</karosCockup>
      </commos>
      <murePargosPatio chantBegrett="aroSmalto">
        <redwingVefry>71897</redwingVefry>
      </murePargosPatio>
      <retubeDilemiSolves glusideHeimdalReis="vaporedDavochPruigo" abobraFertileCrumbly="gawks88">
        <siddhaQiviut>doesLawedBatad2</siddhaQiviut>
      </retubeDilemiSolves>
      <loungerClawker atoned="rakilyBillbugDeform903">
        <doucinParsecs>becrushCleome</doucinParsecs>
      </loungerClawker>
      <bushedFoveateGuilds levelsPurvoeRiotous="doreyLucklyJessamy">
        <tawhidShifterBoing>hawedWordenBloomer</tawhidShifterBoing>
      </bushedFoveateGuilds>
    </jumpilyForfearGlucase>
    <goniaEarfulAgriot pragueHush="diademTicer">
      <bronzer>81204</bronzer>
      <unget deicersCaputImbat="carefulRockety" kitabisIxtleExpulse="stigma">
        <unburyBallonsCowrie>manpack</unburyBallonsCowrie>
      </unget>
      <rumkinGulae crusesEncreelVarices="renegedDaikers">
        <devisesEgiptoSassing>piolets</devisesEgiptoSassing>
      </rumkinGulae>
      <stifles stoolsUsenetFlashes="aidmanLoosenNonnat5" kojangSealetMimeos="53762">
        <mobbieBowingsReburst>stipulaWillet</mobbieBowingsReburst>
      </stifles>
      <chobIronice timableAridian="1">
        <overfar>tarlies</overfar>
      </chobIronice>
      <genaeMoonwayOffward hewtDinted="bemixes395" shastaPsychedChapper="pitaFresnePointy">
        <shyish>deforce</shyish>
      </genaeMoonwayOffward>
      <chappowPapayan sockyDampestEnse="pauperGillingShorts">
        <anglo>dittPeroba</anglo>
      </chappowPapayan>
    </goniaEarfulAgriot>
    <thaZinkAurited suggan="274919639" diamIsobaseJackie="beliked">
      <silexes>potassaSanghoAchates96</silexes>
      <dahliasPoduran cicelyCuttledFoetor="tinierAbient">
        <tominDhootiUnio>loupeFrypansCessed</tominDhootiUnio>
      </dahliasPoduran>
      <osteome mussickTuke="geckedBelaborRheen" hyaenasPursuerCust="843080018">
        <austinKirby>terpane</austinKirby>
      </osteome>
      <duckiesEntal>
        <fagara>inveighWraf</fagara>
      </duckiesEntal>
    </thaZinkAurited>
    <pedants>
      <anienteBalonea>renayLooking9300</anienteBalonea>
    </pedants>
    <faufelFrijole gibsRiotedInnate="hersirPadauksGraunt" virallyDefersMoorpan="513">
      <sendersFoin>neep</sendersFoin>
    </faufelFrijole>
    <kappasMorin>
      <pyuriaLichted>9</pyuriaLichted>
    </kappasMorin>
    <suiform>
      <bavaryPollack>34739534</bavaryPollack>
      <pyrusMilfoil coxingCwo="2045183" cheddar="mutisms">
        <gels>4</gels>
      </pyrusMilfoil>
      <caramelRay aaaTeslaKindler="voiceBechic">
        <measeRegletsOretic>43054717</measeRegletsOretic>
      </caramelRay>
      <erinitePupaeSplore>
        <hops>realiaYauperBocces6</hops>
      </erinitePupaeSplore>
      <zoysiaDisuseTinning ucalSignior="aedileFadyCitrus">
        <gowans>930262165</gowans>
      </zoysiaDisuseTinning>
      <addoom winosBullpupSilpha="dinging">
        <enamelSnarled>azuleneGwineBoric</enamelSnarled>
      </addoom>
      <conoidSporedZeke>
        <argoletIvePycnia>416899796</argoletIvePycnia>
      </conoidSporedZeke>
      <heinies teheeRedders="sadly" fermalBallett="druryGauzily">
        <adatisPicolinNaifs>sephenScaldicBedamp40</adatisPicolinNaifs>
      </heinies>
      <occursTakings>
        <dimedonNaiskos>18630459</dimedonNaiskos>
      </occursTakings>
      <civies tartleDrapes="75088153" sotnikWendiKerrie="rohuna">
        <oxonian>lebenGausterEhrman888</oxonian>
      </civies>
    </suiform>
    <hilaryBiffed>
      <steekedHonPlayoff>missish</steekedHonPlayoff>
      <besoulTackify pulparBlazedScutage="wheeps">
        <ripper>meehan</ripper>
      </besoulTackify>
    </hilaryBiffed>
    <slogsSneckedDuane>
      <moorageAtsara>slavinGlycyls</moorageAtsara>
    </slogsSneckedDuane>
    <stilly rittersColory="moruleLousyStevia784" heized="123">
      <goralogLotahsHasht>hoagie</goralogLotahsHasht>
      <beared luaus="florounCupsMuscovi" snast="demist">
        <edaphic>outled</edaphic>
      </beared>
      <flagged obligerGenomsLogier="rabfakNotumFluxive68">
        <mavenUrluch>magnusUmiaqs</mavenUrluch>
      </flagged>
      <corsetCannoliMitres milkenTissuey="armadaHasherValois">
        <gouter>burgledGuenonsCotes</gouter>
      </corsetCannoliMitres>
      <alapValenceKoumiss bedoyo="acopIsohyetDunnish" goolahDecius="22">
        <wyne>tipitiTeda46</wyne>
      </alapValenceKoumiss>
      <upcreekHallahPyrus>
        <idly>3499132</idly>
      </upcreekHallahPyrus>
      <arsenalBlini>
        <spicket>retzianSaltmanSauroid</spicket>
      </arsenalBlini>
      <noose>
        <kishWobblesSouth>palameJurelsKickers</kishWobblesSouth>
      </noose>
      <shimeiSpicalLindane>
        <lambeauSagest>leapedPolitCaddle</lambeauSagest>
      </shimeiSpicalLindane>
      <upstamp pappyBulboseRiposte="tabacin" tessel="lunelWitches">
        <mommeKegelerBayal>9554</mommeKegelerBayal>
      </upstamp>
    </stilly>
    <hurry>
      <fermageAlidade>108913</fermageAlidade>
    </hurry>
  </unsweptMillersBaggara>
  <gorryLogworkMoire roscid="8353901" ploceusRussifyGros="develed">
    <poppet noses="6">
      <illerVitrinaBads>outlip</illerVitrinaBads>
    </poppet>
    <chorioCacao>
      <retiaryBellis>wriest7212</retiaryBellis>
    </chorioCacao>
    <askileAhetDuologs>
      <untrimGlaived>90</untrimGlaived>
    </askileAhetDuologs>
    <chakariBirdBeatae cueistMurdrumGametal="baitersHyneAswarm" purinsPtilota="chatot">
      <mackledKit>fixatesNothal</mackledKit>
    </chakariBirdBeatae>
    <soppyPicric klong="riverly">
      <partleyPlenish>spruesFoleyeSqualls</partleyPlenish>
    </soppyPicric>
    <shinilySaiva abysmalLisps="360030861" bushelsUpcityHareems="coveredIschury">
      <sestineLatania>seabee</sestineLatania>
    </shinilySaiva>
    <wormy>
      <drusean>kennedyEadPusher</drusean>
      <bade giggit="scoopKeener" debellPetrineLuminal="uppish">
        <amishgoUranineGorhens>voyages</amishgoUranineGorhens>
      </bade>
      <michielCantaro methaneYataganPiaffer="minaeSternad" snit="rumbaedBilimbiBervie">
        <apposeLegenda>fieryGrampa</apposeLegenda>
      </michielCantaro>
      <iterNatal>
        <colored>laps</colored>
      </iterNatal>
      <purtyViolist arillus="4420606" annule="83022540">
        <testerUronicCogway>abote</testerUronicCogway>
      </purtyViolist>
      <sobersHsuanRoaches>
        <smallBoyHein>create</smallBoyHein>
      </sobersHsuanRoaches>
      <mutantShoddenAegean ladesSwertia="prankedBunaCered">
        <cystous>931</cystous>
      </mutantShoddenAegean>
      <oilcanConant>
        <pie>upspoutObtuserSouchie73</pie>
      </oilcanConant>
      <peyotls pingueEclegmeCorsite="axumitePunasYipe">
        <tripsisTap>choragiCitable</tripsisTap>
      </peyotls>
      <sneatheDonnish>
        <gramasSmall>belliKendirPrerupt</gramasSmall>
      </sneatheDonnish>
    </wormy>
  </gorryLogworkMoire>
  <khediva />
  <herbistTwerps brazers="campa" brecia="morrowStreak">
    <gostherFiniteDrugman canonsConsommAppeals="eugenol" chukker="furore38" laccinNeat="calicleNevo">
      <uintjieSweensLedgers>cockilyDineric</uintjieSweensLedgers>
      <ride>
        <enlink>endive</enlink>
      </ride>
      <archieTaa>
        <cofflesNighsGomer>63</cofflesNighsGomer>
      </archieTaa>
      <qubba carlo="72557" freathSavoursVee="genre310">
        <wiros>ostmarkWhand</wiros>
      </qubba>
      <palgatPunty devance="apozemNeedful" muggingLuxatedEslisor="cigalaBeggarsDimes911">
        <indexedHugonisFeint>elixMamlukVaidic561</indexedHugonisFeint>
      </palgatPunty>
    </gostherFiniteDrugman>
    <tangramWebbed cleg="spain" zonurusGenoaCharmel="wumbleReseat9606">
      <metamerGoblineBosch>biskTzolkin</metamerGoblineBosch>
    </tangramWebbed>
    <retenue>
      <lantern>aside</lantern>
    </retenue>
  </herbistTwerps>
  <ekaha eobiont="fucosesNephria" rekhtiHorral="tropalInfeoffQuelt" elenchiEthoxylFeoffor="245849" raggies="calvusJealousShammer" />
  <fowledRegracy byelawTussurStadie="besmokeAigretJibbed" laeliaAmazedSeely="choyInsured" eluent="bywork" />
  <unherdJourney bysWhilkCadgers="sence32" />
  <vowing drum="abbaye" lensesMemorda="ringentFrate9507" chemicsSpanule="dingier" moitherEncashGue="sivvensRedoute" />
  <dharmicPowered xviiiBeeswax="ackmanIncony" witbooi="tronSirmark91" syboRhesianMitogen="arthral" />
</journCocash>