<?xml version="1.0"?>
<thingumPiosityAddend>
  <kiosksTyumGanosis redansKapokCipaye="5935" blawed="robedBuriat">
    <piefortSabrinaHallo>
      <winfredWeep>corbiesBemixed261</winfredWeep>
      <zitter>
        <thiefly>poplin3</thiefly>
      </zitter>
      <upflashTwainsWares gumwood="snowsAlhagiBroads89">
        <galapeeEnrace>kangCalotinDistrix</galapeeEnrace>
      </upflashTwainsWares>
      <doven ormers="yautiasCattail">
        <premie>36516</premie>
      </doven>
      <jatos>
        <siketSpeaveWush>accusUckersListy</siketSpeaveWush>
      </jatos>
      <xxvTroys plotxComous="147" rathVoulge="97">
        <spirlieAutosynHucho>3833</spirlieAutosynHucho>
      </xxvTroys>
    </piefortSabrinaHallo>
    <juticRecide>
      <ovigerRewordTriers>tingleWattleSundown7</ovigerRewordTriers>
      <drieghPlumperTocher>
        <angelinStylar>90229820</angelinStylar>
      </drieghPlumperTocher>
      <lentosDruggetMerises recants="discinaQuipuDynast">
        <orbedLemeGalanga>mezairRebuff</orbedLemeGalanga>
      </lentosDruggetMerises>
    </juticRecide>
    <cashibo>
      <ethinylMandrilSuss>skiddedPhallicNanako</ethinylMandrilSuss>
    </cashibo>
    <hygrinSwimbelBantam rinnerScapose="jovyPristav301" zabtiChuter="evicke" porcineShardFargood="6">
      <naunt>snifter</naunt>
      <mellowySahliteSetting elix="obligorRiffian866" scotinoSilagesPeeler="dubioMiradorVinier">
        <noteletSmurtle>sprat</noteletSmurtle>
      </mellowySahliteSetting>
    </hygrinSwimbelBantam>
    <heptaneStories>
      <lambyHikedFaquirs>clewRaioidSers</lambyHikedFaquirs>
      <cypress achangoBetisePenlite="canelleOmentaBezazz">
        <billageTils>iredArmpit</billageTils>
      </cypress>
      <farcerGhats>
        <brewageAkvavit>kisses</brewageAkvavit>
      </farcerGhats>
      <globinsCondemnFikey>
        <batties>gainsetBlowfly</batties>
      </globinsCondemnFikey>
      <demidog timbernConoid="lobby">
        <somma>5329837</somma>
      </demidog>
      <ouvrierPightleAbeles kotowed="caffoyRumored" mingeBatiksSkouth="pandle">
        <penlite>refling</penlite>
      </ouvrierPightleAbeles>
      <rissianBurrockPistole>
        <brahmanShelyakTheroid>bleak</brahmanShelyakTheroid>
      </rissianBurrockPistole>
      <newsman guacoVeilers="cavingsAutomaHrdwre" choleraObeyed="bruntsAtokous">
        <hooka>3</hooka>
      </newsman>
      <forbodeBroguedUngrow ungrow="skipped" unwelth="avataraLeven">
        <koodooIcelessEmbush>9405737</koodooIcelessEmbush>
      </forbodeBroguedUngrow>
    </heptaneStories>
    <fledEider saperdaFoliose="hangar">
      <billyTurtur>indear4</billyTurtur>
    </fledEider>
    <falcer>
      <skiddySpicketHaiduk>benneFugally</skiddySpicketHaiduk>
      <lorealDammaraRutile touHavenedSoulish="8675">
        <piddockApses>scoopedAnaboBlabbed</piddockApses>
      </lorealDammaraRutile>
      <empties slurredSwingsPks="658971" flabYippingLigas="secchioWilliesHoning">
        <sorrenLigator>yaupingFloretaCafard</sorrenLigator>
      </empties>
      <slasher whitelyAbvoltsScraigh="outredeStorks68" fabricCondoleLlamas="99">
        <ajugas>arioianDiscousArbtrn</ajugas>
      </slasher>
      <hitter>
        <ephoiWiggedNomine>inertiaFoeti</ephoiWiggedNomine>
      </hitter>
      <kbarThymene>
        <mulley>halflyHorace</mulley>
      </kbarThymene>
      <localesGibedSennas>
        <kilnman>screenyKoulanScrieve4</kilnman>
      </localesGibedSennas>
      <phoebes>
        <monkey>blurter</monkey>
      </phoebes>
      <petitOutburnByroad jeuxKoklass="mahuTodidae96" beflap="1550">
        <clitchDurnVoltes>smritiLvovColdish</clitchDurnVoltes>
      </petitOutburnByroad>
    </falcer>
    <unvextSkelperBdl>
      <baseLimner>1</baseLimner>
    </unvextSkelperBdl>
    <snowlUnglossHotdog>
      <thymenePomonicDition>stabDowfartRotella7625</thymenePomonicDition>
      <gregalHowishActinal abbasGulper="19961008">
        <riveted>bulrushAwiwiGatter</riveted>
      </gregalHowishActinal>
      <bayong packman="smush" mantraRotundoDornick="58203062">
        <bohorokSteeredCarcer>trabal</bohorokSteeredCarcer>
      </bayong>
    </snowlUnglossHotdog>
    <ilkaneGaffingMyna>
      <saults>quakes</saults>
    </ilkaneGaffingMyna>
    <grudgeHumblyFarded>
      <weevily>geranyl</weevily>
    </grudgeHumblyFarded>
  </kiosksTyumGanosis>
  <dicerShayed gelilah="23">
    <pelioma>
      <currack>cereous</currack>
    </pelioma>
    <langateConvexEvolves>
      <swipperMasques>cause</swipperMasques>
      <parkway lazary="begird">
        <finched>spootFrush</finched>
      </parkway>
      <untoGledeIsled neyandaNullingWell="50925568" sium="recklaParafle">
        <durablyHerbman>mortice</durablyHerbman>
      </untoGledeIsled>
      <wended ozonesErasureFlashy="digitsDotarieSouush" drownerYomerHouses="jeerersBicesHeaf">
        <nuancesMulmull>syrusFundal</nuancesMulmull>
      </wended>
      <swalloLingasRoupit>
        <gawked>cadisBugbear</gawked>
      </swalloLingasRoupit>
      <paceway>
        <smithyAzuline>75</smithyAzuline>
      </paceway>
    </langateConvexEvolves>
    <newnessMillrun>
      <syconidModder>galapeeClacket</syconidModder>
    </newnessMillrun>
    <colmarWonnersEmbryol>
      <cerousVialed>520</cerousVialed>
    </colmarWonnersEmbryol>
    <hotcha>
      <pothookOvenedWhooped>gamete</pothookOvenedWhooped>
      <alopiasJawfish ruddily="gateau520" paytPapeMomuses="chirinoTepid">
        <circueInfund>yippingOffedDsects</circueInfund>
      </alopiasJawfish>
      <mina uckersDrawOrdn="salmiac8587">
        <jolts>nama</jolts>
      </mina>
      <hagletInflex kanoneWattestLoners="pasquilCalmedAttain34">
        <persaltMorbleuExhort>dillue</persaltMorbleuExhort>
      </hagletInflex>
      <tunnelsCheareYamen>
        <hassing>votistPinic318</hassing>
      </tunnelsCheareYamen>
      <inbitsPawkierHoofing russify="4520672" misturnInsueBoscage="libidoOblastiAglypha">
        <gherkinCutch>sabal</gherkinCutch>
      </inbitsPawkierHoofing>
    </hotcha>
    <oozoidCartistDauts intra="yatters7" implode="yabbieNotates95">
      <camassProstoaHowks>474173</camassProstoaHowks>
      <carnifyCebidae mar="6482746">
        <appayTakeout>leewardRudeResawed</appayTakeout>
      </carnifyCebidae>
      <cie forestOxalate="muffle" rebbe="sleyed">
        <bemocksNarwals>haybox</bemocksNarwals>
      </cie>
      <accusHalalSplashy hamularNangkaGurly="phymaCardonaArab">
        <aiblins>4</aiblins>
      </accusHalalSplashy>
      <unbornMends>
        <lollop>redwareSooty</lollop>
      </unbornMends>
      <torchesOnanismTweag rowletClosishHack="wontsPuggerQuiting">
        <trig>68</trig>
      </torchesOnanismTweag>
      <iraqLifer pablum="reesty" atopDhobeyUmland="laccolKeenly">
        <awes>atheistPlenary</awes>
      </iraqLifer>
    </oozoidCartistDauts>
    <thightGibbals>
      <charkha>459</charkha>
      <beeveAlaria varvedSpret="156817781">
        <beanoYazata>ageisms</beanoYazata>
      </beeveAlaria>
      <dimeraOeuvresPaucity>
        <cullenSpalled>12491</cullenSpalled>
      </dimeraOeuvresPaucity>
      <alightOrtman wallasChajaCircuit="downerWhitensCalesin" sluesBiabo="8338128">
        <outrush>hostingStrent</outrush>
      </alightOrtman>
      <waxman>
        <darcyLuny>ortrudMaad</darcyLuny>
      </waxman>
      <anodos>
        <gaggles>isotereRespell</gaggles>
      </anodos>
    </thightGibbals>
    <scrivedSherdsAraire>
      <crig>17</crig>
      <duncishMetasMohican>
        <segue>guitarAnilideRedbait</segue>
      </duncishMetasMohican>
      <enquere yobsFotive="criollo" snuckNappier="dkm">
        <caninesCould>342944</caninesCould>
      </enquere>
      <manacleSharrag>
        <recoct>nehru</recoct>
      </manacleSharrag>
    </scrivedSherdsAraire>
    <urger>
      <toggled>outrateTuberinBenzal</toggled>
      <urbian pinaAsramasCarvel="teraphOxbrakePenmen" vastityHalser="65620">
        <stodgerPubble>aubreyLythe</stodgerPubble>
      </urbian>
    </urger>
    <rathHunchetDionym>
      <jetAurated>74</jetAurated>
      <slayed>
        <composCatwort>caususCoopts267</composCatwort>
      </slayed>
      <coolest>
        <soshedJennieXicak>2</soshedJennieXicak>
      </coolest>
    </rathHunchetDionym>
    <astareShrankYukata>
      <piansPocking>purplerShagCottar</piansPocking>
      <arsonicEnzymsItsy beeherd="metusEmailed856" sagiestAmtrackSaithe="briza">
        <almiceLeach>6764157</almiceLeach>
      </arsonicEnzymsItsy>
      <sattarTallols layfolkHerma="blanksRousersHocuses" terpWarrand="789061178">
        <scag>sparrowLaddockNimbose</scag>
      </sattarTallols>
      <upbarOculars untillViron="minifyBodgerCatcall2596" scalx="8182">
        <reutterCulInanest>7</reutterCulInanest>
      </upbarOculars>
      <flasker>
        <kesar>legroom</kesar>
      </flasker>
      <tantra jadish="tuanTrintleHomonid986">
        <acaridsOutmate>oathsPooh</acaridsOutmate>
      </tantra>
    </astareShrankYukata>
    <augetUnwild>
      <hoolyDormers>scult7</hoolyDormers>
    </augetUnwild>
  </dicerShayed>
</thingumPiosityAddend>