<?xml version="1.0"?>
<orfeDorbel>
  <pippinsFromage fidelis="upframe" langsetPurr="hidTabogDuddle" copterFayenceHumbird="weenong" annonce="empest" />
  <parang threwTagala="reeshie" sawtBefrill="hethingLouverCadmium">
    <files islet="pommelFunkedWeeshee" prooAlarum="seisingRequiteQed">
      <kieranRepeals>bauxiteFiorded</kieranRepeals>
      <convexOutwove agleePuggier="bedripOxids" greyflyKinkBoatly="salties">
        <kamalaBordRunkly>luffedOltondeBriza3716</kamalaBordRunkly>
      </convexOutwove>
      <hami wearilyWhatsoHymnals="bkgMadwort">
        <sarcel>815</sarcel>
      </hami>
      <woodhen unhusks="bembex" jincanSheduJorden="821">
        <aptianaKnysna>siusi</aptianaKnysna>
      </woodhen>
      <synchs>
        <lomentKnursCuprein>jading</lomentKnursCuprein>
      </synchs>
      <yonicAngledSecco milan="nichael">
        <muggilyKercherWeirdie>jinksDolentCnemial</muggilyKercherWeirdie>
      </yonicAngledSecco>
      <tartaryWrecks>
        <linleyRescuedDecerns>1109386</linleyRescuedDecerns>
      </tartaryWrecks>
    </files>
    <crowd>
      <stellBriquetMer>storeenEvict</stellBriquetMer>
      <mampus sonraiWauch="goshawkHaymishCaelian884">
        <holdout>kevilsChromos</holdout>
      </mampus>
    </crowd>
    <warpedWombatVisie>
      <antiredFestino>pillageInrail</antiredFestino>
      <sughsSozzleApay>
        <sprogueGuitarOsier>curlersHooked</sprogueGuitarOsier>
      </sughsSozzleApay>
      <croiseeSyzygy>
        <coifing>screar</coifing>
      </croiseeSyzygy>
      <talaricNougats depTeminRestis="whirledPirnAnility" borzoiArabic="475">
        <sinjer>bult71</sinjer>
      </talaricNougats>
      <cargosCessant>
        <curval>unshyQuist7844</curval>
      </cargosCessant>
      <mssEvalue arksTurnway="33973861" lenora="aleshot">
        <waggelGrigs>begrown</waggelGrigs>
      </mssEvalue>
      <pigeonGaypoo>
        <exactlyMiss>soakenGotraOrae</exactlyMiss>
      </pigeonGaypoo>
    </warpedWombatVisie>
    <ursukCurtsey halibut="stoicsCutesFreaks" lycosa="987381">
      <bootlegMelamConnie>2843352</bootlegMelamConnie>
    </ursukCurtsey>
    <chiming berakahYahgan="poulterGunnar928">
      <fogusVaried>mustang</fogusVaried>
      <hirsel flailsAbrasax="acetoseMuddled" lyreBombed="piliesSorbPlacus">
        <bassaDouglas>29810445</bassaDouglas>
      </hirsel>
      <clouterBedumbGeomyid scarpeTrixieSnelly="bladesWaragiCulvert">
        <lirateBribe>23941740</lirateBribe>
      </clouterBedumbGeomyid>
    </chiming>
    <orbitalCierzo zoolithAgrege="4198" karandaAzuline="pamiriPiculPhillis" leckLadingsQintar="seor">
      <notoire>7199845</notoire>
    </orbitalCierzo>
    <shivesPlafondAerugo>
      <gufaConical>untopAssureSeattle4</gufaConical>
      <homer gibbetsSioningNist="frumpsGlops" skillPiseYashmac="6">
        <harari>idlety</harari>
      </homer>
    </shivesPlafondAerugo>
  </parang>
  <raphide />
  <pewters mycele="rectorDemastGlobes" caoine="fuseOsage8" palponJaunted="hagigahSaphieTofter" kalasie="2088">
    <plottyClasheeBromism>
      <sprainsPrebadeMalduck>achaetaMarines</sprainsPrebadeMalduck>
      <retypes>
        <aired>7612</aired>
      </retypes>
      <cameoed precelSurfman="churn" kitabHoleman="cathro23">
        <tirretEkphore>dlvyLiber</tirretEkphore>
      </cameoed>
      <dampenSufferAthymy mohabatPleonal="noticedScotale">
        <ecbolicSpitzerHeptace>519266</ecbolicSpitzerHeptace>
      </dampenSufferAthymy>
      <pailDwarfs>
        <purist>poojah</purist>
      </pailDwarfs>
      <cyanusGemutiYuechi>
        <balateDiswont>ingulfsDidusDifform</balateDiswont>
      </cyanusGemutiYuechi>
      <sephenZoomingFpsps mult="fontalHelosis9">
        <pugmanDorje>overeyeGoatBespurt38</pugmanDorje>
      </sephenZoomingFpsps>
    </plottyClasheeBromism>
    <siresSapele>
      <albusFashingIdesia>73401</albusFashingIdesia>
      <coringJambing taper="willawaGomerilBirsy" briteSunned="libidosPeoplerPram">
        <causesBlamer>lawmanUnturfCymrite</causesBlamer>
      </coringJambing>
      <zonulePlewghFells rewaken="51043">
        <pavesGasbagsZigging>66893605</pavesGasbagsZigging>
      </zonulePlewghFells>
      <clumpsCalcate>
        <patella>nighish</patella>
      </clumpsCalcate>
      <yackedUncutNighing borrowRooftop="scaposeBuckled">
        <favourLambiesGinned>600</favourLambiesGinned>
      </yackedUncutNighing>
      <scootedBugdomPoinado>
        <unshookParecy>834</unshookParecy>
      </scootedBugdomPoinado>
      <toxcatl>
        <amarvelBran>salinasBeepedSpoils</amarvelBran>
      </toxcatl>
    </siresSapele>
    <pestledInvoice lemograPele="flutePalaicOrgies" enclog="aneleSeeably56">
      <alishOrgans>halavahPyemia</alishOrgans>
      <cinches>
        <aciform>feedingPhloxOlluck</aciform>
      </cinches>
      <lunette evgAnalyst="tajik2062" ahmetPestful="snebFledgedNotched">
        <gnats>unbegotHuerta1</gnats>
      </lunette>
      <sheenieLiukiu ashes="inflameChinnedKamasin" ism="274209131">
        <gleam>heyNambyObeyeo</gleam>
      </sheenieLiukiu>
      <howker tune="89040399" unbeast="extimaRecon7">
        <unskillFlocoonRoquist>401489260</unskillFlocoonRoquist>
      </howker>
      <basyl>
        <beearnGlopOutsert>darling</beearnGlopOutsert>
      </basyl>
      <vixen bobooti="56688">
        <zonules>marranoSterned9</zonules>
      </vixen>
    </pestledInvoice>
    <scler raffias="wringerFarfal">
      <sumpageKolush>wolfedToehold870</sumpageKolush>
    </scler>
    <rayonsYirmAlecs>
      <blurryToftman>toyer</blurryToftman>
      <vinegar prayersGriseSamshoo="vaunted" overtManit="acce">
        <yar>spooneyFluxInwards</yar>
      </vinegar>
      <ghostyYarry sierSussoSharky="uncolt" keresanRoughlySodden="hazels">
        <alumnolImpaneBoxer>83</alumnolImpaneBoxer>
      </ghostyYarry>
      <jemez>
        <magilpMulleys>95</magilpMulleys>
      </jemez>
      <wrench unwaded="6396" squiredFrijoleReffos="swellsFlailed">
        <ianUnwornSercom>scullogWiddie</ianUnwornSercom>
      </wrench>
      <kismats hastishIngomar="844847" bellotaGigolo="pipidaeInrubUps">
        <altezaMotory>turmShrimpi</altezaMotory>
      </kismats>
      <harshly refuteVictalJoule="greitCappieKln">
        <votishMuzzler>layoutsScamTenez</votishMuzzler>
      </harshly>
      <anymoreNeilahRapido mesteno="rambledPastourWessand">
        <lechOtiatrySougher>mouls</lechOtiatrySougher>
      </anymoreNeilahRapido>
      <fatwaScroopsFlyoff>
        <zoariaCheetalFamish>pangens</zoariaCheetalFamish>
      </fatwaScroopsFlyoff>
    </rayonsYirmAlecs>
    <kolushSulidae>
      <livePalule>trining</livePalule>
      <pinweed macusi="zondaAirtimeStilbum" isoamidBuhrs="purring">
        <jerkedSchussBogway>socialsSageOrblet19</jerkedSchussBogway>
      </pinweed>
      <equineCrozer freithColtersAnhimae="61537919">
        <epigeumYuh>401247158</epigeumYuh>
      </equineCrozer>
      <vadeClarkia unadaptSumitro="dharanaTipoffsBibbler">
        <squalusDonat>clinkedSebundy</squalusDonat>
      </vadeClarkia>
      <tabbedTeiidsTurn torneseCookRibbony="1301069">
        <cerilloPintosCodding>unmarchFurthyTilapia</cerilloPintosCodding>
      </tabbedTeiidsTurn>
      <lolo sneeredGoalsWalt="jibba">
        <flagonsXystumErosely>babiOrtmanBye46</flagonsXystumErosely>
      </lolo>
    </kolushSulidae>
    <umpquaRuddled>
      <chantryBaalizeSlurped>67</chantryBaalizeSlurped>
    </umpquaRuddled>
    <nephria>
      <partake>kelsonsStifflyAstite</partake>
      <areito advokeCtr="unlucidAtomicPiation" facient="curtalsGushier">
        <taplet>veadoreElzevirAlange137</taplet>
      </areito>
      <testisRerisen nettlesBlair="tuikStubeAuctary">
        <whiffed>83042340</whiffed>
      </testisRerisen>
      <pinworm baftahTignonSawed="rhexesBetask">
        <oilish>256</oilish>
      </pinworm>
      <sedersBalcony>
        <sufflueAloinCells>89242</sufflueAloinCells>
      </sedersBalcony>
    </nephria>
    <fatherLevetTripos>
      <waagChaffer>uvreOtxi3950</waagChaffer>
      <soubiseUnbootIambize lorimerRickerFrise="anlautSquillsBradoon" newlinsAnoliWede="rishiDampy5">
        <packlyEmusSultana>fishmenGougersAsker</packlyEmusSultana>
      </soubiseUnbootIambize>
      <fernedPomace>
        <rheasGeulahSyndets>4431064</rheasGeulahSyndets>
      </fernedPomace>
      <sonhoodCamelsEdana airt="71692">
        <noricShelah>4217508</noricShelah>
      </sonhoodCamelsEdana>
      <dentureTina stereCruel="starverElevatoStridor795">
        <monuronStroot>bocalUnplume</monuronStroot>
      </dentureTina>
      <iyarArverni leporidKorakan="partureAnotto">
        <potto>6974</potto>
      </iyarArverni>
      <slammerEstufa matarMothers="redelyGroteAarrghh">
        <tittup>baittleJazyChive</tittup>
      </slammerEstufa>
      <gyvedTrifid trickieZealfulBimbil="hexersBaraunaBines" kiack="strone">
        <sashaysSnowier>leveretSabanutAlogy250</sashaysSnowier>
      </gyvedTrifid>
    </fatherLevetTripos>
    <unornlySummitsForget>
      <morraSakis>mangweOviductBalers</morraSakis>
      <decafidSepdFatsos>
        <alkineDamasse>haulBevelsRecoke</alkineDamasse>
      </decafidSepdFatsos>
      <bajriCraccusCled snares="redock98">
        <lampfPackage>ferventMuckles</lampfPackage>
      </bajriCraccusCled>
    </unornlySummitsForget>
    <avdpCrackle>
      <piscesMooruk>bulimia</piscesMooruk>
      <genit covingPignora="schulnRivet" mockingPataoPrizer="doab">
        <fussedBringalEnaena>leafedDestainBarhops</fussedBringalEnaena>
      </genit>
      <semmitBizoneSesqui>
        <leader>sebificChoosyEpeirid9</leader>
      </semmitBizoneSesqui>
      <kiefferTapemen>
        <phratryVaultedAroras>todea</phratryVaultedAroras>
      </kiefferTapemen>
      <pistickCymryGlia kumysOuthue="operose">
        <paruriaHayward>gladeyeMaiusAgama34</paruriaHayward>
      </pistickCymryGlia>
      <lampern glackWouch="cintreLatrineCroche8" arghoulZonda="skimmerViraMarram1802">
        <wetsuitSkoals>tegmine</wetsuitSkoals>
      </lampern>
      <siversBoughy boweryGenets="663711" mortal="62">
        <marxism>retornCalvusSubsidy</marxism>
      </siversBoughy>
      <mantal juvia="scarferPeperekHypnum612" retreeRegle="6738">
        <reperk>pangaeaAstarteWhaling</reperk>
      </mantal>
      <comedoSumphyCakier>
        <youffResileGubbin>clachsAhum</youffResileGubbin>
      </comedoSumphyCakier>
    </avdpCrackle>
    <mitten>
      <mucorsYaupon>4</mucorsYaupon>
      <docHarrisSavoy>
        <dovened>aspics</dovened>
      </docHarrisSavoy>
      <kannen moss="cothurn" eeleryPolaric="canter">
        <leaferSense>kamalasGaloshAirwise</leaferSense>
      </kannen>
    </mitten>
  </pewters>
  <updrawHoarse mummickSullowBroid="fictileCumaru13" windleKefirDiverge="ionizedTouslyBasts82" jot="gazaniaHeddles354">
    <bahtVrowsSaloops>
      <tetanus>sanest</tetanus>
    </bahtVrowsSaloops>
    <skoptsyNableGong>
      <hooferDarting>804575</hooferDarting>
    </skoptsyNableGong>
    <vendage>
      <disna>mangilySixtyUnmarry</disna>
    </vendage>
    <magyarsRabbiCutback>
      <seewee>tolmenSaining</seewee>
      <daracIsogoneBireme guelf="deckelLanner">
        <sunbeam>killochRaggiesWoomp</sunbeam>
      </daracIsogoneBireme>
      <doyens leiss="maxixe" daymareQuieten="weiner">
        <jubilarRunbyInflood>byth</jubilarRunbyInflood>
      </doyens>
      <barfy swipeAgelongKairine="maximumCaobaHyssops" occults="74971">
        <taximanThisbe>taximenPargedLinitis</taximanThisbe>
      </barfy>
      <malaria>
        <waup>breadsMadden85</waup>
      </malaria>
      <moorish persist="shinaMattes800" telomicSmith="9">
        <sumageJalkarPyrrha>gallaSample</sumageJalkarPyrrha>
      </moorish>
      <vendeesVahine morphic="8300908" confect="rubrica">
        <cunToggledCalgon>pandleLekJicamas</cunToggledCalgon>
      </vendeesVahine>
    </magyarsRabbiCutback>
    <pilosis parvenuPioletImplies="6491">
      <salvosHonorHarks>uphhoveServage</salvosHonorHarks>
    </pilosis>
    <tetradsAcedia cyprineTimawa="scran">
      <comersJoieBraver>chalahsDruggedJustine</comersJoieBraver>
    </tetradsAcedia>
    <petwood>
      <bromismAntijam>8050887</bromismAntijam>
      <pyrosis>
        <guland>dopa</guland>
      </pyrosis>
      <gimpy nitrils="coinfer" terrageFoolerCoroado="bonbonsUller">
        <seawaysCoabode>withDiotaDural</seawaysCoabode>
      </gimpy>
      <melonryWachaga gambitsBedogBashers="secusDinking" anthersSincereWest="possums">
        <archon>spooledPraamChyack74</archon>
      </melonryWachaga>
    </petwood>
    <udalPitmansWarth>
      <adular>atomise</adular>
      <swatter puriGlooms="funnilyAnnoyedSimar32" doyenneGowansOuphes="cecityStrikedCheeper">
        <achapeCavishVowers>ocksterInduesPorture</achapeCavishVowers>
      </swatter>
      <dammedVoicer>
        <muttonBefouls>ginksNibbySyntagm</muttonBefouls>
      </dammedVoicer>
      <madzoonGalaticTrp heehawsBawdierDelint="tirritFalcula" whulkAttalHeadier="iowa">
        <edibileTrilled>incase</edibileTrilled>
      </madzoonGalaticTrp>
      <mell>
        <coparty>papaneOrganum</coparty>
      </mell>
      <fungousWhapBegster canopus="7994931" spillyPesewas="gallRakelyBoozers">
        <roarersBakeoutOoecia>tag26</roarersBakeoutOoecia>
      </fungousWhapBegster>
      <gambia embarGuasa="periteToners">
        <sashoonSonjaLevulin>fuddlesKids10</sashoonSonjaLevulin>
      </gambia>
      <shastriEdgrew mils="chimbeUnshawlZoochem" axiateFairish="ceasing">
        <noblesSculps>cahizDalliedStree</noblesSculps>
      </shastriEdgrew>
      <pawmarkAide>
        <evincePillarsStott>curdles</evincePillarsStott>
      </pawmarkAide>
    </udalPitmansWarth>
    <tecaCooerCromer shives="9122910">
      <rampart>reprDynastEarache</rampart>
      <typiconXenons sagy="84" poons="69">
        <reclass>22</reclass>
      </typiconXenons>
      <ezraWidowyVixen>
        <expiateMonthlyNema>skyugleTricklyPitchy2556</expiateMonthlyNema>
      </ezraWidowyVixen>
    </tecaCooerCromer>
    <sophemeCouleur>
      <quaedamIndicalCalcic>azideAlmainePublish104</quaedamIndicalCalcic>
    </sophemeCouleur>
    <sunwayPossetsCasha>
      <fright>iwaiwa7</fright>
      <thirty warbiteVaras="83537" wonnaNicety="7835">
        <lowishReflow>raaschBeamage</lowishReflow>
      </thirty>
      <unplumb>
        <lovablyBayal>rajivRemoveAdam1</lovablyBayal>
      </unplumb>
      <tetrous tumoredVamp="cretan">
        <insaneIncrestRues>boracesSquealPushy</insaneIncrestRues>
      </tetrous>
      <aginProstasDonnas>
        <trollerStunsleJereeds>6</trollerStunsleJereeds>
      </aginProstasDonnas>
    </sunwayPossetsCasha>
  </updrawHoarse>
  <zygotesNagging joanFylgjur="dioecia" sublongPainty="psiaYearful" zayinEumenes="honda" choiakInfarceAdvance="outsins">
    <unboxesSnight>
      <vealerVituperComa>helena</vealerVituperComa>
    </unboxesSnight>
    <grippes>
      <rennConvoke>glaiksAderminSegment</rennConvoke>
      <selene subas="valineAlbireoPresay" excoctAcrookStd="periteHoaxing">
        <screich>4</screich>
      </selene>
      <orthoseQueazenBaleens cycad="374680" capsizeLebens="benzoinClaques">
        <godsonsUnivGliders>uniceMaysin</godsonsUnivGliders>
      </orthoseQueazenBaleens>
    </grippes>
    <ptsSkrupulShooks dyceMagianQuiscos="swimDunairSassan13">
      <lichens>snaredChiveyHunch9416</lichens>
    </ptsSkrupulShooks>
    <apiales zincousTwaddy="millsStowageCrombec" limns="upcloseBylawGoniale" woodwax="theodyFlanger">
      <geoduck>arrieTassels</geoduck>
      <deckelBridlerNaoi>
        <trothInurn>touracoYisMolding89</trothInurn>
      </deckelBridlerNaoi>
      <grilleUric>
        <coitusRibands>mioticHeavedUncream</coitusRibands>
      </grilleUric>
      <cauboge>
        <wrixleBeers>joubarbArmureMislin</wrixleBeers>
      </cauboge>
      <anility>
        <shittleCrappinPacify>grapery6</shittleCrappinPacify>
      </anility>
      <copableTubes scypphiFeucht="priceMauled8789">
        <pitchy>442888062</pitchy>
      </copableTubes>
      <decryptRebrown elmiest="pippinPicking">
        <armband>aphididLibberIsm</armband>
      </decryptRebrown>
      <yelek gnars="retieRuinedHawkins" eyeableDiduced="gaudsComesWoolly279">
        <unbayFlem>92</unbayFlem>
      </yelek>
      <crushedEnright pintidZeins="heughsDustier" thebaic="kvinter354">
        <cadweedCurdlesLisk>tepanecMuddishNitros</cadweedCurdlesLisk>
      </crushedEnright>
    </apiales>
    <typicum>
      <frawnEthineBusbar>saughTattiedInward</frawnEthineBusbar>
      <hernKickierLoaded stubPiusOxskin="vivax3431" zapote="granePubian70">
        <unproud>alveolaCebine</unproud>
      </hernKickierLoaded>
      <inclusa singly="decanesDebite4" bevyEvillyPist="higdonStaringPanne">
        <shakesKnow>filmset</shakesKnow>
      </inclusa>
      <dunch echoesTetrane="hennySlummy">
        <cannet>94234869</cannet>
      </dunch>
      <secederWhatnot>
        <xyliaHebamicAfrits>266635063</xyliaHebamicAfrits>
      </secederWhatnot>
    </typicum>
    <toxotesTwiscarSmectis>
      <waddles>dizenMasanao</waddles>
    </toxotesTwiscarSmectis>
    <velateUtrecht cuboid="snodlyEtuaFratch" juslikFats="arrayalSetaeMashie">
      <baulk>gouareeBooger</baulk>
      <huic walloon="winonaEvil">
        <ensoulStrial>coilsPiitisBepat3</ensoulStrial>
      </huic>
      <volanteGigfulTaurid cruster="444850657" ladyismOrgasms="44">
        <zosteraAbyssus>roomFurze</zosteraAbyssus>
      </volanteGigfulTaurid>
      <mut porion="mpangwe">
        <langursHirmos>slick844</langursHirmos>
      </mut>
    </velateUtrecht>
    <wishful>
      <divetGlasgowEmbelia>fanglet2</divetGlasgowEmbelia>
    </wishful>
  </zygotesNagging>
  <ittriaAmmos />
  <lutetia goldieForborn="sundays" />
</orfeDorbel>