<?xml version="1.0"?>
<zoners>
  <wych>
    <gawkiesJobeBovey>
      <trussesHydrion>xystsIvy5</trussesHydrion>
    </gawkiesJobeBovey>
    <yowieGlimes>
      <unbeget>rilieviSesquihGuaiac801</unbeget>
    </yowieGlimes>
    <twillDisrankTownist agiel="tinchelMedevacSokeman">
      <restiadViolousDooring>6860303</restiadViolousDooring>
    </twillDisrankTownist>
    <bldrChiasm unsavorMagnale="hoovenGantonEimer" theclanAdditum="981" silviaLilac="renoneSackfulCopr">
      <endivesBetting>forbite</endivesBetting>
      <usaronAngelic bullpenGuerezaBroom="831977635" entierJangarGowdy="mako">
        <beveledCourlanEyebath>nutcase</beveledCourlanEyebath>
      </usaronAngelic>
    </bldrChiasm>
    <hickey>
      <lushesClunker>8</lushesClunker>
      <ranales mold="vulgateGuffawsTannest" uncampWaicuri="edacity">
        <docibleAtrial>mormonsUnrind404</docibleAtrial>
      </ranales>
    </hickey>
    <wagandaCronetCoteau>
      <loligoUnswear>manhead</loligoUnswear>
    </wagandaCronetCoteau>
    <ibis>
      <inhameMemoireEnoint>volumedMashedGowaned</inhameMemoireEnoint>
      <louiqaBusiedKynurin>
        <sundang>inhameDitted</sundang>
      </louiqaBusiedKynurin>
      <zonesBilkUnspar>
        <withsayBkptSissier>hoggerBooklet</withsayBkptSissier>
      </zonesBilkUnspar>
      <calvishInboardUnwares abduce="partlyStelar">
        <haltingTurkey>98</haltingTurkey>
      </calvishInboardUnwares>
      <decrownPalesGrimp>
        <dimberAmyeliaBeseems>maill</dimberAmyeliaBeseems>
      </decrownPalesGrimp>
      <demulce wetchedWallon="stethalJarls">
        <arrimby>curfServing</arrimby>
      </demulce>
      <moors serfageWiring="wendiUsed">
        <mikronsShabRisp>estop1343</mikronsShabRisp>
      </moors>
    </ibis>
    <radiosLamedhs>
      <frondeWeakSangha>leeseCutletKapa</frondeWeakSangha>
    </radiosLamedhs>
    <smickerTropein>
      <spokanDefault>twierKhmer</spokanDefault>
      <bedfastReperks orleanForwear="offhandGobi">
        <farrantBubbly>lumpensMarara</farrantBubbly>
      </bedfastReperks>
      <cassock cinctIgnoredYgapo="brinesSabanutScour" iotizeOvamboClaro="sauteedBemeteUnsated">
        <turdoidFazed>60</turdoidFazed>
      </cassock>
      <fantomYuruna>
        <angerlyBids>lintsGodwitMamelon</angerlyBids>
      </fantomYuruna>
      <salviol trinelyOtyak="canneryDoorway" camisasCarcerDerri="22549142">
        <geezSpanishDecene>bering6498</geezSpanishDecene>
      </salviol>
      <cockiesAzuryPotong>
        <rabalShaikhiQuash>mitres</rabalShaikhiQuash>
      </cockiesAzuryPotong>
      <seit alibiTomato="coholKanyawChigger">
        <runteeFeturePorrima>heaverSifters</runteeFeturePorrima>
      </seit>
    </smickerTropein>
  </wych>
  <nonfactSkiapod laurus="smeekMysid" torchKhisTetrix="serbMoieter" weewee="buffer74" gambirMaddleWince="regian">
    <isobarEtalonMinoize>
      <rackleSecrecy>bracaeNucleonWoman5532</rackleSecrecy>
    </isobarEtalonMinoize>
    <unroastXanthic rawlyTewsomeCimline="swardyGrallic" siering="desands" rillow="toroidsCephid86">
      <wildern>scorify</wildern>
      <swalingJakunDiva avosetNevell="98771" pacuDybbuk="nuanceRottleCoupee">
        <baitersHemesIkat>65947</baitersHemesIkat>
      </swalingJakunDiva>
    </unroastXanthic>
    <ginseng mamaAmutter="craieLoquatChurred" bolesPsidIgniter="401688">
      <gunship>georamaVersers</gunship>
      <judahHugestDespert wile="parpen7716">
        <helingOverseaUnci>occluseAbateSerenes</helingOverseaUnci>
      </judahHugestDespert>
      <blazersMozettePropoxy>
        <justinBream>506369706</justinBream>
      </blazersMozettePropoxy>
      <upwaysSangaJackpot>
        <gaeaTrollerSmush>cube</gaeaTrollerSmush>
      </upwaysSangaJackpot>
      <mauvineDotalAlerta pigherdCitolas="filingsShun7587" ceileSanghs="lingySyrphus">
        <arroyoDamar>euhagesJonque</arroyoDamar>
      </mauvineDotalAlerta>
      <axonsRehaulIpr>
        <mel>exhance</mel>
      </axonsRehaulIpr>
      <covadoDebitor rindIncestStanes="ocelot" curaghBoccis="bourranBiasWooers7">
        <adagiosTruckie>clickedAvaram</adagiosTruckie>
      </covadoDebitor>
      <quantFateful>
        <vineletSpoom>copulasGlommedAmus</vineletSpoom>
      </quantFateful>
      <mundDiluteeEssex barrage="brawnsQuiaHubbies" raspis="492306365">
        <glosses>copolarFavus</glosses>
      </mundDiluteeEssex>
    </ginseng>
    <sanhitaSylphicSekar>
      <djinnyToylikeVacuity>34733</djinnyToylikeVacuity>
    </sanhitaSylphicSekar>
    <pursletScum>
      <outnessUninked>capsule</outnessUninked>
      <gjetostBraisesGranza dwining="57" savFatuoidCajeput="weededChigoeCentrer">
        <oxphonyCalled>apneic</oxphonyCalled>
      </gjetostBraisesGranza>
      <ginsengYeel>
        <gastrea>roshiClumpst</gastrea>
      </ginsengYeel>
      <abettor sparageNibbled="osmiumSicsac" cyclaneVert="lardsMyrtus">
        <deposalCologne>alburn</deposalCologne>
      </abettor>
      <haughsLacquey strewedHumanlyScampi="bios3425">
        <sarafWisemanLangca>docLineProctor</sarafWisemanLangca>
      </haughsLacquey>
      <viper>
        <picolinYarnersRerate>721898820</picolinYarnersRerate>
      </viper>
      <sirpoonLyancePize siclikeTonguesInequal="shikseSacry">
        <grumpedAndreasWese>burdock</grumpedAndreasWese>
      </sirpoonLyancePize>
      <tovTetraoUdo commasIdleby="alibis">
        <underAcluScans>sledded</underAcluScans>
      </tovTetraoUdo>
      <dishelm>
        <hogfishExship>13052043</hogfishExship>
      </dishelm>
    </pursletScum>
    <intire>
      <addressZonule>3</addressZonule>
    </intire>
    <macumbaAdhara>
      <topfulEmergesSlutted>papyralAbaft53</topfulEmergesSlutted>
    </macumbaAdhara>
  </nonfactSkiapod>
  <inurnDebell swidge="sinceMarquis" hammalsSen="266">
    <nukesGeegaws recaneShastra="inverseChekiHatbrim" askoiAcemilaHooly="wickiupUntired">
      <toplineDomyFittier>4027</toplineDomyFittier>
    </nukesGeegaws>
    <tipburnTimbern>
      <tiniest>beest</tiniest>
    </tipburnTimbern>
    <taps>
      <hopyardWaefuMamzer>carderAjowanSinged</hopyardWaefuMamzer>
      <maggedUncomptJumpy defile="reusedCoutetEnsures84">
        <agogicTented>nurhagProwled</agogicTented>
      </maggedUncomptJumpy>
      <malitia>
        <junkyJonahs>miscallGrossedPalmate24</junkyJonahs>
      </malitia>
      <sclereTarras manchusOchryLadyfy="cobnutsQuagga">
        <bergyMenfraPashm>nipperPopsyOnium</bergyMenfraPashm>
      </sclereTarras>
      <nozzleJaponicMinny moodishHerve="coccus59" bickernIleal="serolin">
        <guttur>mervTrumpet</guttur>
      </nozzleJaponicMinny>
      <dismask russia="jacare">
        <bobootiDioxane>cating</bobootiDioxane>
      </dismask>
      <goldangRugaReopen>
        <paikerUnsped>maybird</paikerUnsped>
      </goldangRugaReopen>
      <vinlandRebecks empales="navis">
        <bodockBingesFelon>tekiahStoats</bodockBingesFelon>
      </vinlandRebecks>
      <sebacicAttests rowboatGrozerZap="imperfWildish">
        <despeedHapticPompa>beddedSleet465</despeedHapticPompa>
      </sebacicAttests>
    </taps>
    <tussorsHookupsEfph>
      <scupful>6</scupful>
    </tussorsHookupsEfph>
    <ketupaOutffed reachesFodder="tarresLigge">
      <studsCravats>39233103</studsCravats>
      <duffsEndemicCompter apeakEmpaled="meerCappie76" lords="drewite">
        <typingLegerMayors>15</typingLegerMayors>
      </duffsEndemicCompter>
      <foemen>
        <putain>yellingUnau</putain>
      </foemen>
      <eructsDugout upgirdRakitBeshout="alogismAnimism">
        <jigglesQuaitsoOssian>loquatsGlaze</jigglesQuaitsoOssian>
      </eructsDugout>
      <drippedClonismPorose dehair="allyingJetsamHackees58" splatsDraftee="pilapilHeuk">
        <denote>payrollDurns</denote>
      </drippedClonismPorose>
      <sokotri demiowlMoulage="waistedBailliSpignut">
        <inkwellTimon>pickier68</inkwellTimon>
      </sokotri>
      <thuliumAstronBatman crueler="dancerDelfts">
        <eyrenPostedBaggala>69593</eyrenPostedBaggala>
      </thuliumAstronBatman>
    </ketupaOutffed>
    <boundlyUnwillStoter>
      <serinesKuffiehGlaired>psych</serinesKuffiehGlaired>
    </boundlyUnwillStoter>
    <wasangoTermal>
      <mooryClearTrigo>842</mooryClearTrigo>
      <carryke mooressSmritiSoothe="prancerValues">
        <alginsDotier>5489764</alginsDotier>
      </carryke>
      <thenalRankish>
        <calmyMiltos>robber</calmyMiltos>
      </thenalRankish>
    </wasangoTermal>
    <burmeseCoevals>
      <ankeeImperil>sullens</ankeeImperil>
      <itys trasy="57">
        <muonium>125732534</muonium>
      </itys>
      <acylaseTrigamy>
        <gyralAliyaSleathy>2988270</gyralAliyaSleathy>
      </acylaseTrigamy>
    </burmeseCoevals>
    <widowsPaplessQuinoas bellingMashona="indentsCarneyRuther" winches="aquakeFeed" starterJabbersOvertoe="far">
      <steamedAnthus>75</steamedAnthus>
      <pintlesTats koansTorvity="9124887" tigonsExtacie="tulwarOnsweep">
        <chaoushPlomb>abrimCur</chaoushPlomb>
      </pintlesTats>
      <jemimaDiaulicBloke felonIguanas="404006">
        <sheshaTaiver>13</sheshaTaiver>
      </jemimaDiaulicBloke>
    </widowsPaplessQuinoas>
    <sunckeCeorlsAncilia>
      <ditingAscelliCaveats>ghettosFlasque</ditingAscelliCaveats>
      <chrisms mockups="87251041">
        <chrysinHamzahKantar>yarkee</chrysinHamzahKantar>
      </chrisms>
      <uncialSubherdEmbrail schinus="meach">
        <biggieGlycins>iwearthRegimeOthers</biggieGlycins>
      </uncialSubherdEmbrail>
      <gaddingDazyMislest>
        <bogglesCocoCoolant>18</bogglesCocoCoolant>
      </gaddingDazyMislest>
      <trystesTorfel alpacas="cogs" hotcha="514587">
        <alamortDengueCoronet>gteau</alamortDengueCoronet>
      </trystesTorfel>
      <jumpy offersOrlageKnoxian="kasbekePepsinsRegrasp">
        <bronzyFilariaSchuh>pollersBrimmerDesex</bronzyFilariaSchuh>
      </jumpy>
    </sunckeCeorlsAncilia>
    <torsiAiglets hooveAudionStibine="711872712" birred="faroCementaTemples">
      <preshowBoshbok>biter</preshowBoshbok>
    </torsiAiglets>
  </inurnDebell>
</zoners>