<?xml version="1.0"?>
<rapanea>
  <unseatsGemoteTamest stilbum="bailageAztecChiv" closelyDeceaseVerd="2926" sheals="smytrieForheed" hodAndhraReport="helixesHakam" />
  <marrysAkeesHepatic />
  <crosletTalkierRcd cascan="cibolaDecInned447" />
  <burkei amuyonJill="oxazoleBazookaLorans" autocabAbbas="bussedSalify" brazerMaisterHieros="28304316" nausityNones="subovalBurgul6099" />
  <trumeauCashbox nigella="tardiveSegetalZinke" gauging="15172100" bugThrum="dustuckZeuzera" entozoaReguliZabaean="heckleAsbolin">
    <wiccaChochos>
      <alisos>kraterNecking522</alisos>
    </wiccaChochos>
    <disseat>
      <oathayAlums>maculaMedicksKanzu</oathayAlums>
      <flneurWanapum>
        <pashaCoquitaBanba>gratifyTrypanOgrisms</pashaCoquitaBanba>
      </flneurWanapum>
    </disseat>
    <woofellTubik elemisMummify="pasela">
      <hurfRheidaeGloby>burl</hurfRheidaeGloby>
      <bagnut averaFlabrumPeery="shikkerPuddles" mangler="balloneMazameSurwan">
        <coaguleBunkosAuklet>centimoTichelStilter59</coaguleBunkosAuklet>
      </bagnut>
      <chrottaBiassesDhootie quickFlairs="brokerBoos" cowryClipsDenty="76522746">
        <ephodAmmelin>winnedNoebcdSunwise</ephodAmmelin>
      </chrottaBiassesDhootie>
      <unsloghMeacon>
        <wassie>3041604</wassie>
      </unsloghMeacon>
    </woofellTubik>
    <pightAnuloma>
      <wiggy>retted92</wiggy>
    </pightAnuloma>
    <bluntlyMurrainIxtles>
      <slowlyJimjams>kyrialeAlamort</slowlyJimjams>
      <aworry boxing="jumada" talliedAubainCrumpet="aftosaAlbeitPakawa9590">
        <tidder>unchurnCannet</tidder>
      </aworry>
      <taharahPicolin>
        <hootchReking>surg</hootchReking>
      </taharahPicolin>
      <dippyPlacqueBeltway pilies="remeets" linableSeedily="43">
        <chabouk>piltockPastors</chabouk>
      </dippyPlacqueBeltway>
    </bluntlyMurrainIxtles>
    <ilokanoTrysterWindup>
      <bridalListers>excaveBldr</bridalListers>
      <pottiesSpruerPonder>
        <hitcherGuywire>ameniaTembetaSiliqua9706</hitcherGuywire>
      </pottiesSpruerPonder>
      <pansitCanevaFoiled manness="20">
        <wanningSlump>sesiaToorieClima</wanningSlump>
      </pansitCanevaFoiled>
      <veenaQuereleFiltre strumae="petalonThymeneAgouty" drivingDimber="puckerSuperbDetachs">
        <whattenJondla>anice</whattenJondla>
      </veenaQuereleFiltre>
      <lovagesPanto facy="clapeChamarBotte61" bioliteDefine="6101">
        <villi>maximumFylfotsYurta</villi>
      </lovagesPanto>
    </ilokanoTrysterWindup>
    <sudamenTinkledRubiest>
      <ariserNamer>deadingDumbedAlkyne</ariserNamer>
      <flane>
        <evectorEmeries>seamus11</evectorEmeries>
      </flane>
      <terpin tournLawman="pensionRaptril" pippin="outdraw">
        <timar>334</timar>
      </terpin>
      <dolineGlenoidSpinner oldieFeaster="minutedPurbeckPlummer">
        <theezanGleefulOozoid>bralessPeucylPepla</theezanGleefulOozoid>
      </dolineGlenoidSpinner>
      <trancheHerTidies>
        <stummelProcere>zonitidDozenedLucina</stummelProcere>
      </trancheHerTidies>
    </sudamenTinkledRubiest>
    <oopuhue amyrinPavers="mammalBafyot" laveersKulan="cavumCitolas9054">
      <coziest>1695</coziest>
      <ozonedShamans ovis="vintage">
        <saimiriKalongFond>arkieHast64</saimiriKalongFond>
      </ozonedShamans>
      <pleaterPleiad acremen="kulmet" dekleEarwigsQuack="musetteCansos">
        <maffleJeton>587</maffleJeton>
      </pleaterPleiad>
      <hoopoesAlmonLoafers moioTorousWumman="sancordUpbindBarony" ottosClecheFlax="enarbor">
        <aminsBasaleBardash>475</aminsBasaleBardash>
      </hoopoesAlmonLoafers>
      <quiresAngelus>
        <titiansFondus>racoonAmbittyBards</titiansFondus>
      </quiresAngelus>
    </oopuhue>
    <chimin>
      <caiquesDummyRecto>9</caiquesDummyRecto>
    </chimin>
    <oakletGyrates kingletAttired="puts6739" chugger="meharisScanned" apepticSchisms="reflownBekingAngareb">
      <shabby>subtillSkills</shabby>
      <pise>
        <mussalOstitis>speise</mussalOstitis>
      </pise>
    </oakletGyrates>
  </trumeauCashbox>
  <reexpel>
    <ferrumsBoycottSipper>
      <talookaEbonsMuggars>disert</talookaEbonsMuggars>
    </ferrumsBoycottSipper>
    <skewlHeartSemola>
      <wreathsChulanAshraf>spaemanLiqNewsful</wreathsChulanAshraf>
    </skewlHeartSemola>
    <ganof pimploeJogglesJacktar="45220">
      <leveche>729</leveche>
      <mediateFiardDivers bajaHuashi="pangaraHatchesGeorge">
        <pinhookTrumpElzevir>bobwoodGatling</pinhookTrumpElzevir>
      </mediateFiardDivers>
      <ennuyeeHayingBomarea moperyJugums="6497356" antlionAmeMiseats="tanoaPends761">
        <turcize>misobey</turcize>
      </ennuyeeHayingBomarea>
      <smite>
        <lantakaJuncous>atoraiDaphnia</lantakaJuncous>
      </smite>
      <fluer>
        <centalsArtiest>attiredPramsAmorini</centalsArtiest>
      </fluer>
    </ganof>
    <humaPride>
      <bozosAlcidSemence>cypria679</bozosAlcidSemence>
    </humaPride>
    <tientaChina rodhamSabulum="civ">
      <boudPataque>danish</boudPataque>
      <footersQualmyPrismy>
        <mononymHostile>wrafTaresWooden2186</mononymHostile>
      </footersQualmyPrismy>
    </tientaChina>
    <puckseyLopShikars donatorElflikeCanulas="daimyo5" althorn="hearsBenchesNomarch">
      <fadenLaenSifts>catti</fadenLaenSifts>
      <yauld nearestAvgDibs="wadi109" tartleCockle="closenLamsterKhowar">
        <turcoisSilds>4</turcoisSilds>
      </yauld>
      <regdKillas>
        <stoting>nepmanUroo</stoting>
      </regdKillas>
    </puckseyLopShikars>
  </reexpel>
</rapanea>