<?xml version="1.0"?>
<hayseedHoralLychnic>
  <tirr acetousApocyteDlvy="accidia" autosynErin="slimsFlockyMahseer2" toxine="medusanKerrie" greeseUnboxes="macacus" />
  <montantOculistSquawk arcula="dibbersJobbery2804" chiefly="euonymYeahYirk" mopsy="ligasGlia" fixatif="plicateVicomteKotowed">
    <dangerAblatorPosey>
      <apedomSmeuthLoupen>cashier</apedomSmeuthLoupen>
    </dangerAblatorPosey>
    <ribwort infin="outhitYoud">
      <trouts>885</trouts>
    </ribwort>
    <satinay>
      <yearth>privy9809</yearth>
    </satinay>
  </montantOculistSquawk>
  <aubainLathie unroven="reetleFadme" coprasSpyCesser="behap" mansionTootersAumail="rigor49" />
  <arvo>
    <toledanEgghot>
      <spirts>flammedTewedCerites</spirts>
      <covaryDinesIllegal pishuRathaColonic="224757" laugherAlex="seginus">
        <dentyPrepaveStinko>mene</dentyPrepaveStinko>
      </covaryDinesIllegal>
      <kevinDimmyAmyrin hugelyBaham="falashaWonder571">
        <disburyPrefabProxy>extraRaob</disburyPrefabProxy>
      </kevinDimmyAmyrin>
      <mullid tmemaHeeltap="horBedtime" cunnerLineupBarbary="camisaClitchVoces">
        <triplumIslands>frwyCrumbumChubby</triplumIslands>
      </mullid>
      <swoonsPericuPappyri skywaysAnisoyl="tanagraBoser" rapidly="ianusBaldedAlco">
        <drysChesty>saga</drysChesty>
      </swoonsPericuPappyri>
      <vengedJumpoff ainhumMarwer="miserly" narkyAbluent="33">
        <bobadil>667</bobadil>
      </vengedJumpoff>
      <iodismCalkerLandler>
        <ctfFarlsWaried>daftest</ctfFarlsWaried>
      </iodismCalkerLandler>
      <uproadPreloanStrag combureOnly="reduit">
        <shechemWhammle>44885952</shechemWhammle>
      </uproadPreloanStrag>
      <tombacCapaxPlayas oathfulMelloneKiddoes="peises">
        <cultistMerce>kokako</cultistMerce>
      </tombacCapaxPlayas>
    </toledanEgghot>
    <coalyDisloadRespace>
      <peewitsTugless>shachly</peewitsTugless>
    </coalyDisloadRespace>
    <proviso>
      <anademNipplesAnack>8034</anademNipplesAnack>
      <unwrest>
        <pighead>recook</pighead>
      </unwrest>
    </proviso>
    <gemmary>
      <lentnerWhulk>untunesRedowas</lentnerWhulk>
      <capriMincersMesian hockedEnspell="cowskin9">
        <whizzedHakdar>grunCogmen</whizzedHakdar>
      </capriMincersMesian>
      <brawlerSemeseBaby>
        <marillaEngreenAubades>pitangaOffalPlowing</marillaEngreenAubades>
      </brawlerSemeseBaby>
      <priestDrear foot="1">
        <limits>legoaUnlinkMeese</limits>
      </priestDrear>
      <definerDorms mesoreAlinit="proximo" deodarsDuadsRugose="39079754">
        <faucre>oyapock</faucre>
      </definerDorms>
    </gemmary>
    <amtrackTonedDuessa>
      <bifaraFriableUnary>guzzlePrakritFirk141</bifaraFriableUnary>
      <fungusyTeazerCaille ulnaKugelShoe="erect" leisten="93193455">
        <spuddyThoom>21</spuddyThoom>
      </fungusyTeazerCaille>
      <qurushProplexNonsine>
        <anent>962</anent>
      </qurushProplexNonsine>
      <neatensGramaGrowth zaniah="cestode43">
        <stiffed>pithos</stiffed>
      </neatensGramaGrowth>
      <trollolVaguely basined="orrisesTafiasCarnal8920">
        <kaliTeopansYeather>84481</kaliTeopansYeather>
      </trollolVaguely>
      <bewpersPiligan camwood="vexer">
        <bungaOutwickTroke>touaregDeckersBewest</bungaOutwickTroke>
      </bewpersPiligan>
      <globed>
        <headier>sonicNyssa</headier>
      </globed>
      <mewls caballEnisles="rebusyKnawGuttula">
        <rancheKwelaHaugh>4195</rancheKwelaHaugh>
      </mewls>
    </amtrackTonedDuessa>
    <impetus flawsKenchCurdled="disburyLaetiColder34" jukeboxJelledShunted="scabrinHusband" jockerDwight="parquetLowyDoctor">
      <echitesWaitingPunica>wawlsGraffSutta209</echitesWaitingPunica>
    </impetus>
    <dampneEreptic suitlyHuscarlLutrin="recipesBramiaSupai" rudderWoks="placusAbject">
      <atomism>176124</atomism>
      <agyrateGorflyComtist>
        <diluteeAmbitDiker>traitAbatua</diluteeAmbitDiker>
      </agyrateGorflyComtist>
      <cevineGluteiFriskin lumensBimodalVols="paletsTelpath" smirked="bobo">
        <quaichs>sparCogueSynocha</quaichs>
      </cevineGluteiFriskin>
      <sopheme delly="fanweCagers" algodon="airbus">
        <flotsamUsuriesMiami>bubos5</flotsamUsuriesMiami>
      </sopheme>
    </dampneEreptic>
    <eikonsDoses>
      <crareBrulee>yuruna</crareBrulee>
      <shottsPerca scrivanMarorEnbrave="agathaBrands">
        <nugatorUsuallySoueak>watererVolcae</nugatorUsuallySoueak>
      </shottsPerca>
      <aggrosWodgeWoundly papularRiginalProlong="abesse" etchesBemaSirop="abvoltUnempt">
        <reddyVoilier>2506</reddyVoilier>
      </aggrosWodgeWoundly>
      <glutterStagBaulea captanHilaPriding="pcfCloque">
        <inclaspVedangaBirses>abuses</inclaspVedangaBirses>
      </glutterStagBaulea>
      <ocasVilelaUnpure>
        <fernier>godetia</fernier>
      </ocasVilelaUnpure>
      <tombsZoningVade fisheyeStrowdSculled="chookyCliftsGaliot" degluteMuggishBondage="servist85">
        <siteBaggage>233491</siteBaggage>
      </tombsZoningVade>
      <gargles>
        <prosit>carpsWishing</prosit>
      </gargles>
    </eikonsDoses>
    <beard eelbobAnnot="musarCourted1973" soaveBogging="57262">
      <metisse>20</metisse>
    </beard>
    <unfattyNafSudes>
      <sergipeIntends>nitratePinning</sergipeIntends>
      <doandPomel>
        <suasiveClosetsKurgans>empallHoodooTapalo</suasiveClosetsKurgans>
      </doandPomel>
      <toter makesHatted="aumrieMalayHexanes">
        <corneal>56852</corneal>
      </toter>
      <harsherParvenu>
        <wearersGamahe>easelsChoired</wearersGamahe>
      </harsherParvenu>
      <undosedHipmoldUnspilt skrikeDashelEyn="peeveFoody">
        <diglotsDoryWinger>tuxUnlight</diglotsDoryWinger>
      </undosedHipmoldUnspilt>
      <pignus inkfishTrimmedQung="817290" annexRopy="enfree">
        <ebonies>unlead</ebonies>
      </pignus>
      <elboic prahmCissusUntrig="alevins" gombay="greyishNoisySalva">
        <kaons>pouchedPhasealCranker</kaons>
      </elboic>
      <boikoChinsePiu vicunaBedelsFrizzes="centrerNoilerTippy" moanfulMermanNasua="dindle">
        <priapusWahabitZonulas>15</priapusWahabitZonulas>
      </boikoChinsePiu>
    </unfattyNafSudes>
    <cirrose>
      <wobbled>2749326</wobbled>
    </cirrose>
    <ambulia>
      <laputan>10746322</laputan>
      <outbarAburban chizzWychesTooroo="domingWiyotPhageda">
        <streyMillardYallock>85331</streyMillardYallock>
      </outbarAburban>
      <lentiscCovidIgniter knezi="jokersSlugPinsons">
        <misstopArcubos>gotchy</misstopArcubos>
      </lentiscCovidIgniter>
      <odin lardy="spiedRoaded393" atokeFeminalKludges="712629828">
        <confPied>328022428</confPied>
      </odin>
      <kalasie frokinTerri="rarityLeslie2" psorousVacuous="captainGunner">
        <glecomaPhrasy>tikiQuizzeeExclaim</glecomaPhrasy>
      </kalasie>
    </ambulia>
    <toffies>
      <scends>uplead</scends>
    </toffies>
    <mannanDeicer>
      <jardonCatclaw>magmata11</jardonCatclaw>
    </mannanDeicer>
  </arvo>
  <rathedFrabbit wheepFilthy="blessesFarinasPaeony" neeps="halverAigret" chorai="glycose" sieringAntonym="7265042" />
  <rantockFuroic />
  <kedlockTitles nektons="timaeusAnterinBoom363" stiria="fasten" dobroes="samucuBaleen5350" geolCoolen="hokerChinolShelved">
    <miscoin shamesHamiticCodbank="23173" madweed="thester">
      <nodder>coremaMalmsPalaver</nodder>
    </miscoin>
    <ductedTook>
      <sprentBroadly>95109999</sprentBroadly>
      <rogerIdolist>
        <aneurinFormTopples>634597</aneurinFormTopples>
      </rogerIdolist>
      <taryba>
        <schnoz>snokeBroiden</schnoz>
      </taryba>
      <uintaUpcoils>
        <stirks>meadowOrchardNoy83</stirks>
      </uintaUpcoils>
      <warslerKennels moniasSoppingHoult="onwards" crenelBeckBummer="663680">
        <peeries>toph1</peeries>
      </warslerKennels>
      <ripraps itzaCopiedDirndls="panyarReanvil">
        <obit>3</obit>
      </ripraps>
      <boopic>
        <somaloEyebathTiffin>weasonsPossumAltho</somaloEyebathTiffin>
      </boopic>
      <doitPentBionics bleats="27741440">
        <jabbed>juriesCodons</jabbed>
      </doitPentBionics>
      <rotula riyals="obovoidAerateBong">
        <scalpedStilbumDouter>gizmoOutplanOutvote9</scalpedStilbumDouter>
      </rotula>
      <goofierYblent itersGassyHuly="6" podeonSatisOutpeep="466">
        <lifeHazansBrot>huts</lifeHazansBrot>
      </goofierYblent>
    </ductedTook>
    <toplikeMyronicShowy>
      <swegoLarigoBurlaps>6376010</swegoLarigoBurlaps>
      <dowsingBucky entera="bolsterNuncle" culgee="shtcheeFnese">
        <nitonsAural>adyttaAdamRobin</nitonsAural>
      </dowsingBucky>
      <pupilsAcilius briggsManbotTerpen="unslateCubtiExiled3433">
        <hattingResteal>gemmyDegusts</hattingResteal>
      </pupilsAcilius>
      <wordmenCelliGadids remudas="911" bitty="sunroomFluor">
        <skiingCroppa>rehairVoluta</skiingCroppa>
      </wordmenCelliGadids>
      <gatherEgrettaTriodes>
        <menura>tassooSterveBebar</menura>
      </gatherEgrettaTriodes>
      <dishedLusters>
        <yawpersSilvasWissed>zagDisomicHadron</yawpersSilvasWissed>
      </dishedLusters>
      <waistSapsGriecep lours="daven" sevener="wareAbetVirgula">
        <inradiiLamely>364214</inradiiLamely>
      </waistSapsGriecep>
      <salsodaDukkha cuesPanisca="paseoNadiral8">
        <killingRackersSpite>thebaicPunk</killingRackersSpite>
      </salsodaDukkha>
      <seamus netsman="volvent5013" properLardedUsucapt="harpa">
        <arshinUsaron>clintySkeelyKoilon</arshinUsaron>
      </seamus>
      <wrenlet smaMushes="koreaNaiviteSextet" penrack="snipeAdreamFitcher">
        <guansTwyverGalet>169907557</guansTwyverGalet>
      </wrenlet>
    </toplikeMyronicShowy>
    <examMowsDale helvellPuddockWonner="ianus" duplyStereTictac="litiopaGavelet5">
      <bersimKurukh>remaim7</bersimKurukh>
    </examMowsDale>
    <mustang>
      <koosinAcloudCanabae>begulfTrinode</koosinAcloudCanabae>
      <maniu>
        <glonoinOutgainTonemes>strawedCalchasSuslik</glonoinOutgainTonemes>
      </maniu>
    </mustang>
    <ambles>
      <airplotConsuteSummut>resiftsWows</airplotConsuteSummut>
      <saeimaLabiose>
        <oeninBunderMolls>trashedAscon</oeninBunderMolls>
      </saeimaLabiose>
      <cymeCloths>
        <mopeierHubbite>crusher</mopeierHubbite>
      </cymeCloths>
      <promiseNempneSlakier nimboseWappet="collardKink" kippinTolowaGayment="sedateLasty">
        <cornishOblatioJigman>latrobeConule</cornishOblatioJigman>
      </promiseNempneSlakier>
      <fircaDewingFistic>
        <plans>skewed</plans>
      </fircaDewingFistic>
      <weigherLichted kouroiAirlikeOven="flasherPleaser" outjump="kifsAvidin">
        <eadiosAxstone>7</eadiosAxstone>
      </weigherLichted>
      <plunks enfonce="measureRelivesGawk">
        <bedikahSeizor>mammutHafnium9511</bedikahSeizor>
      </plunks>
      <creasyBiuret gesithWringsFlotsen="graphPurposeOsmina" ravers="eggmentPyjamas">
        <chatterCinctDispark>appenseYellingTaluhet</chatterCinctDispark>
      </creasyBiuret>
      <gaolsTaboursQuoiter>
        <deboiteGriffin>braveryVerdinsMalarky5194</deboiteGriffin>
      </gaolsTaboursQuoiter>
      <chokierWoidrePathway>
        <coneAldm>skiableAtmas</coneAldm>
      </chokierWoidrePathway>
    </ambles>
    <outroad>
      <pursingHyssops>512719692</pursingHyssops>
      <phellem lydian="heehaws" inspireVegaInitial="arabiteBongs4184">
        <townmanCarafon>puntoutTrope514</townmanCarafon>
      </phellem>
      <huffilyStaxis safes="5393443" cheetal="dumble">
        <commodeDotterAltun>purlinsSynuraePonzite</commodeDotterAltun>
      </huffilyStaxis>
    </outroad>
    <lapperCirca>
      <inkwellRemelt>163408597</inkwellRemelt>
      <sassiesOstiole ferial="226447740">
        <minorcaBoeingRapids>dishySpratty6</minorcaBoeingRapids>
      </sassiesOstiole>
      <propman>
        <tearerAnal>418384656</tearerAnal>
      </propman>
    </lapperCirca>
    <curiosi>
      <cittern>dewedGritsSyssita320</cittern>
    </curiosi>
    <eddiesSerow>
      <gratten>chords</gratten>
    </eddiesSerow>
    <tossilyMaxisByp>
      <unfreedBecram>cityPointelIatric</unfreedBecram>
      <eaverAdance>
        <shalderRevered>43</shalderRevered>
      </eaverAdance>
      <hoopoo>
        <noam>elijahMarxismSpeckly</noam>
      </hoopoo>
      <cmdg bifocalPatroon="predraw">
        <emptinsSpelter>makuta</emptinsSpelter>
      </cmdg>
      <viscoid frank="scalops">
        <horrahDangs>327</horrahDangs>
      </viscoid>
      <beflumCorbed fiscs="oxidsJuvenalMemorda" setouts="8386">
        <maturerMaximed>boatRayahRettory</maturerMaximed>
      </beflumCorbed>
      <anticusHollows kerbsGnawsLurdane="8015" bahutuSapoSalinas="gaufferGobbingXyst">
        <sumpit>afflict</sumpit>
      </anticusHollows>
      <synaxisMerida>
        <gloved>60</gloved>
      </synaxisMerida>
      <girleenDoe pealerAdipoidAnoine="tolzeyMalellaGeck438">
        <dagaba>sauceWailing6</dagaba>
      </girleenDoe>
      <erasmusBoastDrupel bolliesYukkel="651616163" imerDerails="bacciesTarrowMart96">
        <reffeltClar>sextus</reffeltClar>
      </erasmusBoastDrupel>
    </tossilyMaxisByp>
    <puxyPicador toolingGroanerAnglify="outffedUnstrap" mignonInfree="43026968" tutuVeinyLivers="throddyPrimeur">
      <conder>226305</conder>
      <trabuchAuris codlins="halkahsDonateNookies" groofAntisGrouted="carersRaggil">
        <socmanNawob>9471</socmanNawob>
      </trabuchAuris>
      <puting pasilloBeating="hater">
        <bifoilExegeteMilt>633454</bifoilExegeteMilt>
      </puting>
      <ashlarsOscellaWeedage tartarsMahiCacicus="narkyStypticAsh">
        <meebosPariesHert>28</meebosPariesHert>
      </ashlarsOscellaWeedage>
      <unlentWagtailVayu codeinsPrimmer="limesYerks" croaky="seeled">
        <jugfuls>bakenTaxiedGrief15</jugfuls>
      </unlentWagtailVayu>
      <vssBumwoodTorula whitsun="thawPhotom">
        <lauwine>epizoalMerida</lauwine>
      </vssBumwoodTorula>
      <ranchos remount="terselyMamryGarava" kremsDrake="insistSpirole">
        <whaledLoopersCharras>photalEmydea</whaledLoopersCharras>
      </ranchos>
      <extraBouts kitties="8">
        <parellaTolan>enwiden</parellaTolan>
      </extraBouts>
      <mestenoBoral garnersDunesCogger="spinule4">
        <olfactMyotomyLosser>tackles8</olfactMyotomyLosser>
      </mestenoBoral>
    </puxyPicador>
    <disa dugoutInmatesHaraya="harped">
      <chakraCham>929926</chakraCham>
    </disa>
    <exalteSuasory variolaMoversSemois="bayamoEats" cammasSicc="alembicFighter3" lechosaSlowishBring="2789007">
      <hattieLosser>aheap</hattieLosser>
      <ownShirtyVioline>
        <withingOppone>694941164</withingOppone>
      </ownShirtyVioline>
      <khatMerestEkaha satraeFritt="laneyRaucous">
        <gupLoamingLettern>renegueVamoses</gupLoamingLettern>
      </khatMerestEkaha>
      <craningSirkeer overfatSoftas="doorba">
        <enerveFlusher>472</enerveFlusher>
      </craningSirkeer>
    </exalteSuasory>
  </kedlockTitles>
  <theta dolphus="624259" umsetPalmaryResides="girdled" maypopsEvejarPiuri="bimboesCaveTunicae" />
</hayseedHoralLychnic>