<?xml version="1.0"?>
<spored>
  <peltaWeatherNritta coritaRabatoStoep="72" pumped="5752" peban="aphonySooreynAslaver" cuarta="680099" />
  <beachedZunyite />
  <climbsAcepots tramperMalm="mousePargedShanna">
    <plaid>
      <ctge>maza8</ctge>
      <parura>
        <fryFilicic>unbell</fryFilicic>
      </parura>
      <ingenioDampWaggle shachle="tarsals">
        <duelledCurrant>azoDisbarCowpony</duelledCurrant>
      </ingenioDampWaggle>
      <mfd hushelOutpopHeeled="piscis">
        <flensedHalflinCamelot>glauberMonad</flensedHalflinCamelot>
      </mfd>
      <accreteLegeWields bermsTemptRuction="stitchDuply">
        <fattily>illamonInvarsJudoist</fattily>
      </accreteLegeWields>
      <unemptyLociAnnoyer>
        <begrown>docious</begrown>
      </unemptyLociAnnoyer>
    </plaid>
    <unclean lockramBashes="haikuBachesAtafter" vermixImsonic="jerl">
      <swipper>menials</swipper>
    </unclean>
    <asarumRigoleClapnet>
      <graversGilles>ferfetDiary</graversGilles>
      <stomas>
        <pinnersDuffels>digsBurned</pinnersDuffels>
      </stomas>
      <maghrib elegantSpudboy="ensuerLeesAulu" deturMoneth="sinusesRecrateStevan">
        <hasheryGitksanNad>48666381</hasheryGitksanNad>
      </maghrib>
      <prefArboral eggnog="aquafer7">
        <pixyLeftishCadus>burstedAmenageHagenia</pixyLeftishCadus>
      </prefArboral>
      <titule coes="arearEndrinTisanes">
        <bobbieKibsey>yuanVomicaeSkunks4</bobbieKibsey>
      </titule>
    </asarumRigoleClapnet>
    <locknutMuscat>
      <cascara>nicarao</cascara>
      <furalPayor anisicBored="honImbanSieger" groovy="26">
        <unlustyCrinate>toadier</unlustyCrinate>
      </furalPayor>
      <indultBraccia eluviumHasherSulkers="2490" ife="507281235">
        <forfexKaruna>inoDunnessPilcrow</forfexKaruna>
      </indultBraccia>
      <pam>
        <retter>larches</retter>
      </pam>
      <tyloticSpirane nevel="forgerClambPersian" dropletDaysReaward="boxiestRemiges">
        <massigVoidersTajik>cskCanis</massigVoidersTajik>
      </tyloticSpirane>
      <grueled>
        <restakeBobsledSains>cabrieNazeRagusye10</restakeBobsledSains>
      </grueled>
      <dodgilyOlivinePici>
        <hulk>georgeSwabber</hulk>
      </dodgilyOlivinePici>
    </locknutMuscat>
    <nukeEntwiteStictis>
      <enalidEpoxiedCuffin>pepsinsUnseeGagger</enalidEpoxiedCuffin>
      <vortexMissangPenible ethAzygosGuyots="sandman" ragboltUnheedy="skailBrushesDiobols">
        <potsMarryerAsocial>971</potsMarryerAsocial>
      </vortexMissangPenible>
      <mckay>
        <warlingLiquet>zonite832</warlingLiquet>
      </mckay>
      <toyoPeroxidEgba bootes="scuttyMagpieLenten">
        <abusiveRenewsPandore>ramuleSubdit</abusiveRenewsPandore>
      </toyoPeroxidEgba>
      <eighthsYachterSetbolt proudlyIsmaili="6530214">
        <diademsUntacksRavery>volante5855</diademsUntacksRavery>
      </eighthsYachterSetbolt>
      <pekin limoTupikUnbent="apodousNacarat6596" ecbatic="glaucicChelideWairs">
        <upstoodFleece>uncinalExitionDucky</upstoodFleece>
      </pekin>
      <slatishKwaznku>
        <thunnusInlacedDrownds>wiggery</thunnusInlacedDrownds>
      </slatishKwaznku>
      <servantDrupaIntuito>
        <copensBannackCarices>scrooge</copensBannackCarices>
      </servantDrupaIntuito>
      <zyga regradeWarmth="outboreSinlike" coheredBrewis="dreidls">
        <wiper>kadis</wiper>
      </zyga>
      <cytinus>
        <chewRyepeck>swinged</chewRyepeck>
      </cytinus>
    </nukeEntwiteStictis>
    <resizedSialoid chobCaveats="spireaAlyssonVaquero65">
      <gelongSpoffy>syncomsBarret3</gelongSpoffy>
      <forzatoDiamantChorus recolor="revealsSawbill">
        <midstSodless>bloodedHonkers</midstSodless>
      </forzatoDiamantChorus>
      <baited>
        <soorkee>tatther</soorkee>
      </baited>
      <sotieLeuco royalThereup="darzeeTiang" algin="wychOakFrutex">
        <harming>paunchPoleaxRotters</harming>
      </sotieLeuco>
      <harshlyHapper>
        <lynched>juraraFasten</lynched>
      </harshlyHapper>
      <taurus doomage="16" cotonia="munifyRecessPassay">
        <conusTekiahSpooky>figeterGironAfreets</conusTekiahSpooky>
      </taurus>
      <parboilCandida pah="cayugan98" sfmSaiidSwarmy="tedsMallamNovene">
        <septum>bowfins</septum>
      </parboilCandida>
      <adonis relendsDalaponPadnags="infers" voluspaRotaryRaveled="63750736">
        <kisan>faq5883</kisan>
      </adonis>
      <saddens daymanSaxtuba="feting" failedSonsie="4">
        <wipesMallsGlegly>ledolDeciles6</wipesMallsGlegly>
      </saddens>
    </resizedSialoid>
    <whauve thingy="mutesMino">
      <doucely>quercinTornTokened</doucely>
    </whauve>
    <afoul>
      <hanifJubus>hotFlyleafFleches</hanifJubus>
    </afoul>
    <forgrowBaumeConium>
      <buretRuttingNatant>retinalLabibia9574</buretRuttingNatant>
    </forgrowBaumeConium>
    <jaggSynoecySarzan>
      <katik>jambee</katik>
      <scooterHigglesCueist milseyHunches="feudingMinifyWindrow6" almuces="nimrodsInspireTaghlik">
        <queeryDurousReplate>peenge</queeryDurousReplate>
      </scooterHigglesCueist>
      <dockenReclasp weheeKarenCastana="abvolt99">
        <napier>ceibas287</napier>
      </dockenReclasp>
      <boldlyEarwigs bolesSancho="masdeu11" hutchieIndenes="sparkerHardpanShamir">
        <dieticKronur>becketDestrerPearten</dieticKronur>
      </boldlyEarwigs>
      <agonicJam>
        <ramuleAshkey>236126831</ramuleAshkey>
      </agonicJam>
      <rinconBarhal>
        <skippedGruisRhetors>237795</skippedGruisRhetors>
      </rinconBarhal>
    </jaggSynoecySarzan>
  </climbsAcepots>
  <jclRaisiny sceptryChimley="ancolyBowlingVolar">
    <amdahl shapersInvent="juckiesJams" juv="piitisRances">
      <confixAahHilts>arkabLetting</confixAahHilts>
      <shipper>
        <cordel>parsed</cordel>
      </shipper>
      <chakaCitrine>
        <gyriOrewoodLinga>stogiePanhas962</gyriOrewoodLinga>
      </chakaCitrine>
      <yahunaAxogamy>
        <drepaneLautuSponge>756</drepaneLautuSponge>
      </yahunaAxogamy>
      <bahoeViolous>
        <muslinHastulaBuskins>dhurnaRumple70</muslinHastulaBuskins>
      </bahoeViolous>
    </amdahl>
    <clubsTawhaiSwidden>
      <profsParitor>parole</profsParitor>
    </clubsTawhaiSwidden>
    <piercel wambubaGodhead="liasonSighful" crappie="disbarkCloque" hustlerYeanAlienor="3835920">
      <bewit>fanny</bewit>
    </piercel>
    <bietle jaroolBramahChests="giaourFakeryHorsing" claxon="80538" taxDunkled="6876561">
      <bolting>grinchBeanierExition</bolting>
    </bietle>
    <comtistSputa>
      <noseYengees>925</noseYengees>
    </comtistSputa>
  </jclRaisiny>
  <jowlop pinaces="compels4" />
  <bauxiteGanodusPekes>
    <puttierBatete>
      <towmondKedjaveLiangs>celesteFurfur</towmondKedjaveLiangs>
      <urology>
        <tete>shivoosMartesCypria4769</tete>
      </urology>
      <altaianRiskers agerMammies="furlessClivia">
        <relade>9387562</relade>
      </altaianRiskers>
      <maliki lolledPoppeanHumeri="asswageLuiginiJointed">
        <sopiteUnwedge>jutsBasquedSess</sopiteUnwedge>
      </maliki>
    </puttierBatete>
    <celiacRafting twankyVip="58770" turnway="socager" tollersShimmey="5">
      <cruntColorinFireboy>potch6</cruntColorinFireboy>
      <storksCrypt>
        <haredAlias>yidFlorinUnfrill</haredAlias>
      </storksCrypt>
      <blunks hipeCrimpyEnode="246259905">
        <piragua>tautlyCorno</piragua>
      </blunks>
      <jundieJehadLegwork>
        <larigot>martha54</larigot>
      </jundieJehadLegwork>
    </celiacRafting>
    <indaba>
      <leaveChaoAxes>224301</leaveChaoAxes>
      <paar mustntVocatIncense="tawnie" melt="271292">
        <agalenaDegass>puchero</agalenaDegass>
      </paar>
      <oroanalInking caesarRecage="296144412">
        <swamiesDalea>8</swamiesDalea>
      </oroanalInking>
      <formuleDeansThokish lousedPhytaseAges="hereto" stripedPorite="daltNickie">
        <esquireCoation>861</esquireCoation>
      </formuleDeansThokish>
    </indaba>
    <twistsBenemeSpicous>
      <reloans>imparksTightlyGouts</reloans>
      <urbanMokum rewadeWeeperWeary="mozarabErrYaffing" pechedBelike="31278184">
        <inrun>sensory</inrun>
      </urbanMokum>
      <quoins arrondiRespue="tahina" guerebaEvomit="maytenMitosesKeid67">
        <tewel>misbede</tewel>
      </quoins>
    </twistsBenemeSpicous>
  </bauxiteGanodusPekes>
  <luauTuffingOrbits palmic="68" koppie="89649843" lepus="totals" succothSirenForced="rodneySynched" />
  <hotcakeIncite gutteeCalais="sabaeanExition" />
  <cancersMattyDevant punditaGombeenNoisily="842476" ambersGarous="helenaLotritePetits" unplaidDostGoldtit="outrodeBlaine" viteEducingSuevian="robbersBenzoinSoohong">
    <flatletThuggeeMonton>
      <bravish>sheat</bravish>
    </flatletThuggeeMonton>
    <sima>
      <catwortJefferyVehicle>scolbChoppedPiing276</catwortJefferyVehicle>
      <beguessPivalic rhizina="augustiCoblesBec">
        <doucker>727</doucker>
      </beguessPivalic>
      <ravels>
        <iraqisBespend>cornyPlowmanNant177</iraqisBespend>
      </ravels>
    </sima>
    <theists unbuilt="salchowQuillsSaying" cobbinOreman="9766" wiikiteFiduciaFibbing="nyoro">
      <jitneurBorides>pithierHontishGilds5</jitneurBorides>
    </theists>
    <cloursIsogen>
      <stram>8016601</stram>
      <caseyRadeaux>
        <types>536775125</types>
      </caseyRadeaux>
      <sayidsDib>
        <veniresPhobicZulinde>moochaFarding</veniresPhobicZulinde>
      </sayidsDib>
      <petites ericiusAscitbAlascan="guyanaPuddle" leakier="milieuxCentas92">
        <asqueal>unsmartHellyTretis</asqueal>
      </petites>
      <rheebok doodadsAmmo="5794289">
        <clumse>alumicRetryPurine</clumse>
      </rheebok>
    </cloursIsogen>
    <cousinsWlatfulNataka>
      <teentyPeltry>upgradeAbatedBleachs</teentyPeltry>
    </cousinsWlatfulNataka>
    <ekedParleyNegates washakiSodoku="bahamEurosOffings" foody="1559719">
      <cavSialsBrooky>sweetieSeizureDart</cavSialsBrooky>
    </ekedParleyNegates>
    <ricecarUrocele>
      <pumpageGilbertBatt>islet50</pumpageGilbertBatt>
      <replod risselAmsel="cotte9642" parenLatomy="haloed">
        <fixers>envaporFezes673</fixers>
      </replod>
      <xyloylBokos safiPocksTony="pratersRadars" yeguitaShalesStrych="jad">
        <yemen>tripyDhoorasBacchae</yemen>
      </xyloylBokos>
      <capes sylphs="origanLonglegWhims">
        <playact>63283948</playact>
      </capes>
      <butatOption piecenParkeeBlier="52779">
        <hauntsExuvium>boyang7</hauntsExuvium>
      </butatOption>
      <ceilManjakShyest chinker="25032">
        <hootsThakurExedrae>474250</hootsThakurExedrae>
      </ceilManjakShyest>
      <yallowMusicalBufo schmoeChild="premEnleenNexus" smidginFoliumDoblon="snyedBibiBeechen3902">
        <madreSpeeds>6653432</madreSpeeds>
      </yallowMusicalBufo>
    </ricecarUrocele>
    <hithePholidoWappato zooecia="fichePranktFeeler">
      <hetairaGeum>593</hetairaGeum>
      <ullingCristySolder>
        <subsea>sproseRabandLumpy</subsea>
      </ullingCristySolder>
      <porkpen>
        <theria>outdone</theria>
      </porkpen>
      <hunkyCorchat>
        <gongmanAnitosWorkpan>nestyGoops</gongmanAnitosWorkpan>
      </hunkyCorchat>
      <engined plucker="isizeMorionDewanny">
        <idiots>acuityBionics</idiots>
      </engined>
      <abbySpiteLoro veenasAmianth="tannish">
        <gnatsProwess>stoning</gnatsProwess>
      </abbySpiteLoro>
      <treacleMobbistReskin kantarCapiasRichter="konak">
        <snooked>lecythi</snooked>
      </treacleMobbistReskin>
      <cartsOpalBaubo heathJunctor="hosedKumharAdullam" piningZinober="50">
        <cacei>427</cacei>
      </cartsOpalBaubo>
      <grubsWarierArank>
        <droukanMujiksGrantee>34</droukanMujiksGrantee>
      </grubsWarierArank>
      <ibolium jeromeOutrank="ordersKrillPoutier">
        <vennel>mummiaAeolist</vennel>
      </ibolium>
    </hithePholidoWappato>
    <olneyaPommelo yotHookahs="ritzWereass" vixenlyOidiaAlidad="roscoeKingletKagura" actives="winly">
      <billage>scufterTerming</billage>
    </olneyaPommelo>
  </cancersMattyDevant>
</spored>