<?xml version="1.0"?>
<quaiPimps>
  <damineReswore alfione="hommock">
    <oscinisMacedon>
      <gorkunReekingAralie>mouthsEvelinaPoetics</gorkunReekingAralie>
    </oscinisMacedon>
    <gaen>
      <toelikeFrig>75</toelikeFrig>
    </gaen>
  </damineReswore>
  <reestle cabaanVettureExflect="64001554" bemeans="mundify" cuntClaucht="97078572">
    <matzotBanghy>
      <neotenyBifteck>veinalFlitingUnheal</neotenyBifteck>
    </matzotBanghy>
    <brominsHilsahBullae>
      <godlike>diggersMidward</godlike>
      <rekeyHulyOlefin auxotoxOutplot="721799" baldrib="berend">
        <dossersHaulms>hurrierAdauntBoldin</dossersHaulms>
      </rekeyHulyOlefin>
      <hexosePsalmicParergy>
        <gaysomeSnack>94910568</gaysomeSnack>
      </hexosePsalmicParergy>
      <forayedHaddieCantil>
        <ituriteAndyMisura>10039</ituriteAndyMisura>
      </forayedHaddieCantil>
      <cullionAedile>
        <kains>lucific</kains>
      </cullionAedile>
      <hartallGooralsCarline>
        <vesigiaWontingGunate>soja</vesigiaWontingGunate>
      </hartallGooralsCarline>
    </brominsHilsahBullae>
    <currane>
      <insanerDiverts>26634</insanerDiverts>
      <franz agaliteHoggerHerdic="smockerTagger">
        <fearerAsarin>hulloosDiabloGds</fearerAsarin>
      </franz>
      <mowrahPisky rotanevEluateAccurst="564" unshellTead="confirmSawpit">
        <shris>atherisUdders3</shris>
      </mowrahPisky>
      <tolanGrapingSpyer>
        <forbadSquib>snapout</forbadSquib>
      </tolanGrapingSpyer>
      <ascusBluey fidged="38371">
        <persico>abosSmichNudate</persico>
      </ascusBluey>
      <saraf>
        <garrooPavansScena>meshedPlonkChases</garrooPavansScena>
      </saraf>
      <ponyBobbing nuggetyBoatels="bridaleWair" dharmasPadles="snaredHaydnProto">
        <betoyaAnguidDocents>optsJimminySifting</betoyaAnguidDocents>
      </ponyBobbing>
      <batteauGalabia cloudedTestaeYogas="identClote" upsey="9343561">
        <ovicell>gabback3253</ovicell>
      </batteauGalabia>
      <pongeeDichtGyral>
        <limey>mawseedHattie</limey>
      </pongeeDichtGyral>
    </currane>
    <sexticLegenda guntubSpaying="cailleDewoolsDyspnea" eleveCosted="hemselfFlorate7935" minaean="creak">
      <chaplin>gremmyGreyflyDiazo663</chaplin>
      <cloven unzoned="unsheafMuleysLifting8136">
        <duscle>fanionKumni</duscle>
      </cloven>
      <lettersDrawler holardsBerakesNauseam="reimageKrooSiganid" smuistyLoweFolksey="346967447">
        <nitriryGlowerToyish>9929633</nitriryGlowerToyish>
      </lettersDrawler>
    </sexticLegenda>
    <besoulDiorism patency="9363" bardeReforce="labibiaArmpit2">
      <botanicNonlive>harder</botanicNonlive>
    </besoulDiorism>
    <sepaledSittineBower brephic="10650418" pechysDaker="gliaStonied">
      <jargoon>outwove</jargoon>
      <idolet forgedKuba="braves">
        <gaius>shikEmploys</gaius>
      </idolet>
      <tannic spareParksStrenth="galvoPines" soupsNubian="zaniesAntonPurrah">
        <mountieMoquiSego>703235317</mountieMoquiSego>
      </tannic>
      <dotate eoanHornfulWhittaw="heretic" usuriesDarker="coseier">
        <florulaEndue>myomasBailli8</florulaEndue>
      </dotate>
    </sepaledSittineBower>
    <buckets veddoid="unlineRhesusGibed">
      <copper>velatedKaid821</copper>
      <sudamenTextlet reachGadslid="meow">
        <bromiusUnladedRti>cocoonsScorza</bromiusUnladedRti>
      </sudamenTextlet>
      <chebogClosing>
        <detinueHep>65</detinueHep>
      </chebogClosing>
    </buckets>
  </reestle>
  <lunules />
  <garrotSnowily>
    <omikronRewave tsadis="mattoid" mayaca="toupeedAfghan" bumpScandal="phonerFreathSnoods">
      <corbetBuckleBorne>zamias</corbetBuckleBorne>
    </omikronRewave>
    <fisheyeRatine>
      <hematicGrosetDivast>stablerAmid</hematicGrosetDivast>
    </fisheyeRatine>
    <amiralPinkies>
      <flakageLesteEelworm>1029500</flakageLesteEelworm>
      <selfsCayapoHavent panoplyNocksIrish="trevisObscure">
        <solvesHummum>pictaviCurneys</solvesHummum>
      </selfsCayapoHavent>
      <insteep>
        <blobbed>swarthCornada</blobbed>
      </insteep>
      <penlikeSmellGladys antickt="spunky" anoxic="allodKvas">
        <falserAxoniaSolon>61859</falserAxoniaSolon>
      </penlikeSmellGladys>
      <kerry eddo="coguePards">
        <gygesWinesap>poinadoFishpot</gygesWinesap>
      </kerry>
      <piaffe fuzeeMantidAbaiser="octoateCommixCatface68" astylar="hakeems1261">
        <quethe>gigsterScaeanTrabuco</quethe>
      </piaffe>
      <hoi tortor="gippoLavangaManjak" eulytinMazing="limySafely">
        <mockishLackers>8</mockishLackers>
      </hoi>
      <cygnetsMettles haveralScrimpyVivid="jesseanWonting" koodoo="digynia">
        <xylateAgaz>eggy</xylateAgaz>
      </cygnetsMettles>
      <mythistCholineSizygia boshasZapsChurl="synodal" unstore="befit">
        <simars>rereadLunary613</simars>
      </mythistCholineSizygia>
      <corkishVinylLumpmen regimen="stoolieRoodsSlabby">
        <chozarFirebedFiacres>tulwaurHoover</chozarFirebedFiacres>
      </corkishVinylLumpmen>
    </amiralPinkies>
    <knappe>
      <musky>gutteTuitionBimahs</musky>
    </knappe>
    <edith>
      <cheet>verpa</cheet>
      <splintsNighing amadousOneNhan="sercom">
        <fillersQuinte>encaveLupinusDiptyca</fillersQuinte>
      </splintsNighing>
      <southsRentalsChanger anconyEyeless="705">
        <gruelsEuclase>somataStylion</gruelsEuclase>
      </southsRentalsChanger>
      <weaversPlectrePrized fluxesMillesMaitres="pechysIwa" luggerGybedFesels="asylaHakdar">
        <yojanaNardineOutsung>julusVitricsStupes360</yojanaNardineOutsung>
      </weaversPlectrePrized>
      <miladyCholtryGular dwinedNandina="cteniiCeilsUtch" epimerePadreBurred="starsEssayWashy8013">
        <chintzePyal>dishmopSwung5279</chintzePyal>
      </miladyCholtryGular>
      <oxyurid ardebRikshaGhaffir="proles" toozoo="codeTroughyScrolar7898">
        <schellyUnartedWarless>okuari</schellyUnartedWarless>
      </oxyurid>
    </edith>
    <rundelPlainyQtd>
      <martinOverman>chubbed</martinOverman>
      <oxonic>
        <mullarHoover>loris</mullarHoover>
      </oxonic>
      <titlikeCouxioAviate poweredBelsOoh="casbahs39" surgentOrgiasm="leasePodogyn">
        <canoingBegster>exactusSccleraTaplet</canoingBegster>
      </titlikeCouxioAviate>
      <mis denyGlutenStirrer="myopePlaided" ollavGrieved="misturn">
        <ragiTenpins>beganPreruptChemick</ragiTenpins>
      </mis>
      <alnager elasticLoweite="lamboyPatcherLevel">
        <upside>offalsFrozeWellies671</upside>
      </alnager>
    </rundelPlainyQtd>
    <samarraPowwow>
      <chore>unadded22</chore>
    </samarraPowwow>
    <nonjuryBocking>
      <lowness>trochidKarossFascet9202</lowness>
    </nonjuryBocking>
    <sitsPertHives>
      <tubbierVenged>bremelyLampronClarina</tubbierVenged>
      <riem seederBesomer="worldsPartonsWhincow">
        <toymen>104410</toymen>
      </riem>
      <dptRulersUnicell>
        <voiderEstoileShachly>rassleClonal</voiderEstoileShachly>
      </dptRulersUnicell>
      <saynayWavesonHackie>
        <cofoundGiddier>rugateCausaeInthrow</cofoundGiddier>
      </saynayWavesonHackie>
      <whirledAguajiAlumnae draftsCopist="71253043" cyathosCopals="filmset">
        <issuersSmogRog>ethionsTut</issuersSmogRog>
      </whirledAguajiAlumnae>
      <trunk ciliataHogwort="ramalDiluent">
        <casa>7105428</casa>
      </trunk>
      <veilActory dineCovisitBowfins="evgLowball744" fanosFrostyBaluch="97">
        <akala>estrone</akala>
      </veilActory>
      <beggingLaos timbeFoundedHend="luneMosks4718" lacrym="cadeauAtactic5">
        <illiticMelodyWessand>sonoresTinguyBluecap</illiticMelodyWessand>
      </beggingLaos>
      <aymaraRenninLutist>
        <mimosasYentaClevis>teamedVirasonMerop</mimosasYentaClevis>
      </aymaraRenninLutist>
    </sitsPertHives>
    <legesScrollsPalmate>
      <advisedSquawks>dessil</advisedSquawks>
      <donorsToeholdCairn hardyBungo="doddery" kyackUndeByelaws="dautedPishes8">
        <newingsSeskin>garbel</newingsSeskin>
      </donorsToeholdCairn>
      <lachsaSurging>
        <aculeiEvaluePhenene>lamdan</aculeiEvaluePhenene>
      </lachsaSurging>
      <fling>
        <peridotSmugism>weightyDickHandgun</peridotSmugism>
      </fling>
    </legesScrollsPalmate>
    <pugs>
      <kithing>vipIlleck84</kithing>
    </pugs>
  </garrotSnowily>
  <xenurusWowwows dialkylBashesFideism="emrodeAbraumUpdater2891" arghoulBegallFresh="902" veepUhlloThump="roguery">
    <numbing hoysNatalPigskin="misteryHolemanYareta">
      <rubbishYardfulLiver>blatantGlueingSlidage</rubbishYardfulLiver>
      <bathedAldrin>
        <arecheUnriperAdeste>losser</arecheUnriperAdeste>
      </bathedAldrin>
      <befilch>
        <koel>glacify</koel>
      </befilch>
      <teaveKernerBookmen wegaElanetMuseums="kodroAldim">
        <mewing>630576596</mewing>
      </teaveKernerBookmen>
      <bassistEstated outsoleSpanDogmen="inflowsZippierRucker185">
        <rapefulFlooded>palayBoutsIsotone3</rapefulFlooded>
      </bassistEstated>
      <murkily xericFlacks="rewhelpRecusf">
        <regrLorarii>colyumWolfed</regrLorarii>
      </murkily>
      <taxusKassu>
        <caprone>six</caprone>
      </taxusKassu>
      <alastorFoziestRetails hocScride="squiffy">
        <proband>khmerDextro</proband>
      </alastorFoziestRetails>
    </numbing>
    <acidizeUnitize>
      <setboltTrefle>lecythiKettingAlmonds</setboltTrefle>
      <upcast obligedAmandin="51620487" clinia="parredCrambo">
        <cavalEstrumChuffed>typeFisnogaGinn</cavalEstrumChuffed>
      </upcast>
      <knasterVenging gaynessCukeEpichil="rotaliaJowser" thuluthAriste="96">
        <kees>notionsAbaciRic55</kees>
      </knasterVenging>
    </acidizeUnitize>
    <trochiAestureSht>
      <uncouchTolidinMax>2831490</uncouchTolidinMax>
    </trochiAestureSht>
  </xenurusWowwows>
  <kipuka nonpaidArusha="3" fumariaMiteredGravely="867" />
</quaiPimps>