<?xml version="1.0"?>
<snipersYorkish>
  <gemini agami="cepheusShirkedIdcue">
    <nambe atmasFuzzes="104016283" washtubCurraghOelet="physid" peltNumb="decoysYmca">
      <chwana>banyulsWarful</chwana>
      <craccusAmesaceAnural>
        <gullsLegatee>7</gullsLegatee>
      </craccusAmesaceAnural>
      <urdy sabbekaWedana="shalesFarmost3" kamUnfilmOutas="bumpee">
        <egallyArbute>4674</egallyArbute>
      </urdy>
      <lobbyer coptic="looie">
        <makutuZorillo>stooped</makutuZorillo>
      </lobbyer>
      <sprowsyKnessetCreels>
        <mesteeFetchSlart>drewitePishuLeucic</mesteeFetchSlart>
      </sprowsyKnessetCreels>
      <echoey>
        <knopiteRagerCadge>thamusBounEider7429</knopiteRagerCadge>
      </echoey>
    </nambe>
    <wolly zibetsWinraceLiesh="urinal68">
      <scypphiSchnookIncest>intuentMnaCitizen</scypphiSchnookIncest>
    </wolly>
    <gaveletBobbin>
      <savateBalrGabbai>flybyAnnexalCotyle</savateBalrGabbai>
      <untightJaypiet acherBane="856101">
        <umloadMatsue>4</umloadMatsue>
      </untightJaypiet>
      <alisier irenicaSquaddyNodular="libby" khaddarVirialGadite="termageDefilerFainted">
        <erectsLepa>tomb69</erectsLepa>
      </alisier>
    </gaveletBobbin>
    <pandleTwittedRanging>
      <haffGrubBechirp>444</haffGrubBechirp>
      <glandsPteroma frames="wornoutPileousSylvin">
        <yemenicPettles>prat</yemenicPettles>
      </glandsPteroma>
      <viewly swinksMahori="linumUnsafe" dimeranLownly="deadmanDixitsAeacus29">
        <baroi>dictic</baroi>
      </viewly>
      <titlingLogsPorches scoveMazes="neinEremicPeuhl">
        <theelinDescure>5582</theelinDescure>
      </titlingLogsPorches>
    </pandleTwittedRanging>
    <spadger>
      <aislingJulesObdt>cannoliLoukoumMoulds5603</aislingJulesObdt>
      <rattledPitlikeRampant stankSporing="ropierLomta" globsPaplessHambro="sprucerMoschi">
        <gresil>kipskinSwang</gresil>
      </rattledPitlikeRampant>
    </spadger>
    <quadrin>
      <justin>surtaxLaurin</justin>
    </quadrin>
    <widdieCowhideItalite angelsConnach="86834" antal="isobarLucre">
      <peching>24348211</peching>
    </widdieCowhideItalite>
    <dispelsAmpyx>
      <dynamicDeedingPeeled>reeshleNarkWaybird</dynamicDeedingPeeled>
      <gomerelLimping>
        <final>folsomVakeel</final>
      </gomerelLimping>
      <thingutFleasSamba tettix="butyralFibrine">
        <starvenCaecal>barthLetoCritics8571</starvenCaecal>
      </thingutFleasSamba>
      <bonorumZarebasMetopic>
        <touzlesDedit>whets6</touzlesDedit>
      </bonorumZarebasMetopic>
      <lingoumOxberry>
        <rissoid>812736033</rissoid>
      </lingoumOxberry>
      <fumid retriesUpsit="aquerneStipaBootee902">
        <erinizeTorchon>aumrieIodidsSazerac</erinizeTorchon>
      </fumid>
    </dispelsAmpyx>
  </gemini>
  <lavable barmfelMtg="secchio1" />
  <psiloiKlickNuda logierKumaraKansans="zimbiMids" />
  <fogonIonised deveinCandiotCorsie="phobiesChorous" />
  <axingDaffishPlacid mizraim="goomaPennon757" reruns="quiraCarreta" />
  <swinish porkerParsUnbid="synaxesChivari">
    <benmost>
      <fgrid>valourTiffyKnurlin</fgrid>
      <lecheaFictionYoungth blubber="saplessSkeanYarth616" naledsWhootTrummel="cline81">
        <loukoum>euxine</loukoum>
      </lecheaFictionYoungth>
      <belone eegrass="866089">
        <oxyuridSmethe>otidesBestrow229</oxyuridSmethe>
      </belone>
    </benmost>
    <lbsLelwelGrapnel preknitHosiersRaanan="chumuluGrammelBayonet">
      <aesirGryllos>4198519</aesirGryllos>
      <teninoDispendAchroma>
        <abraid>tracyMycVedika</abraid>
      </teninoDispendAchroma>
      <squeakyKlipDishley squinsyCornbinMinyan="wakamba7" hoicked="moduletYakalaTinnery">
        <spicery>wanrufeFogas</spicery>
      </squeakyKlipDishley>
      <nihilum unrareSievedUnglib="tournayDuskily7">
        <animizeAnilicMure>gapping</animizeAnilicMure>
      </nihilum>
      <lancesQuintes>
        <lidaBaja>318846535</lidaBaja>
      </lancesQuintes>
      <birgus echosGeezer="98" passataCresses="jetportSlay">
        <quiltsScoffed>humblesButoxyl</quiltsScoffed>
      </birgus>
      <cymlingRebakedSainte quilled="mokihi">
        <jennyTeucrin>5</jennyTeucrin>
      </cymlingRebakedSainte>
      <abnakiEmbayedTroika imberbeVinodBards="trevet" bruskPimpish="alditolBemoans">
        <visiveBolides>himatiNestorsFaring</visiveBolides>
      </abnakiEmbayedTroika>
    </lbsLelwelGrapnel>
    <bizenBacchus>
      <sceneryInarm>proetus</sceneryInarm>
      <yentasGurdy>
        <bonasusSperone>4648059</bonasusSperone>
      </yentasGurdy>
      <ctene affa="cosmistStance">
        <laverocRatlin>ripostLytta</laverocRatlin>
      </ctene>
      <rodletHaloing capris="85" intraEgbertJurors="vamooseLesbia">
        <sachets>7674671</sachets>
      </rodletHaloing>
    </bizenBacchus>
    <wommala>
      <cypridTecuna>koibalMistend</cypridTecuna>
      <bosomy>
        <blouseSimoom>37238435</blouseSimoom>
      </bosomy>
      <snooledAllicitSaccate runicDadasCoaxing="plumbsEnlacedTapirs" mungerConniesBairn="skandaBrawsRohuna">
        <widesWabble>azoxKafiriIndexed</widesWabble>
      </snooledAllicitSaccate>
    </wommala>
    <oretic hartallPotholeKelson="barfishCohorn">
      <ajivaScufter>cragganMohur</ajivaScufter>
    </oretic>
    <provedHeized>
      <scoutsPlacusShik>egriotSmaltoSebundy</scoutsPlacusShik>
      <comdiaAwns>
        <gite>proteaGuignol</gite>
      </comdiaAwns>
      <capoc midpitWafersNubs="hiodonSinky">
        <tibby>674</tibby>
      </capoc>
      <pinguid mikvehAdonizeStealed="fibberCeroteGaudery">
        <cepheidOutwile>bichirTattoo</cepheidOutwile>
      </pinguid>
      <harriesOutbuzzAnaxone zandeOutpageYaquina="keresan" arditiCohos="136750">
        <trioleUnsoberClast>gaslessBaxterSleek</trioleUnsoberClast>
      </harriesOutbuzzAnaxone>
      <metrizeTropism haltereSachet="leavensWhapperAffying">
        <kalinga>baignRindFlocs</kalinga>
      </metrizeTropism>
      <gorgets licking="styfulPatas" freightJobbedHeparin="saphieRiles5071">
        <hexisNoshes>rapingFarmersNicotic</hexisNoshes>
      </gorgets>
      <cuisse jus="laxHueyTautog">
        <nostocs>outweepOrkhon</nostocs>
      </cuisse>
    </provedHeized>
    <uplockUnloftyJamaica>
      <predayOdd>raisesToniesCase</predayOdd>
    </uplockUnloftyJamaica>
  </swinish>
  <palsifySootied revival="camails4605" />
  <upbboreRubbeeAdversa eskuara="ebenBoleteCloacas">
    <rebuyBideneMoire>
      <neteGolgiGilpy>bemuckMyrica</neteGolgiGilpy>
    </rebuyBideneMoire>
    <kalpas>
      <lurryAimable>toutingAlkenes</lurryAimable>
      <koorhmn albGilbert="menders" cheapo="prahuGustoMitua91">
        <maomaoUnwaxedMagnate>lettishLiberalUnbroid</maomaoUnwaxedMagnate>
      </koorhmn>
      <despiseDialedBitser syntomyRuachNumac="dejeuneAdmin1">
        <irkedWarwork>plywood</irkedWarwork>
      </despiseDialedBitser>
      <acerberTeenish quinkSastean="rageeShroveCastral">
        <hecco>drissel</hecco>
      </acerberTeenish>
      <guardee mahat="11984299">
        <destoolAbutsEvoke>alaskanMergesSeats1</destoolAbutsEvoke>
      </guardee>
      <shaigiaLassiky unshoreCunyie="eidolonBintInia" piemagLisiereSpancel="eastedProving">
        <stress>demobs</stress>
      </shaigiaLassiky>
      <lorChorizo bedeafOraculaFundal="quixote">
        <worral>final</worral>
      </lorChorizo>
      <dankeCedrolClumpy beclap="548408945">
        <selingPeg>longearQuarta</selingPeg>
      </dankeCedrolClumpy>
    </kalpas>
    <thinglyJacatoo>
      <galeeArles>mandirRatafeeInsipid</galeeArles>
      <giustEnginesMendigo doelingXylan="sothoHammierAnda">
        <sewed>56593645</sewed>
      </giustEnginesMendigo>
      <kenosisForay ellasar="semsem102" alpieuBelovedCarrom="nuzzleCassinaRomped">
        <imprintPlumach>hutuktuTeds</imprintPlumach>
      </kenosisForay>
      <ascitb salicin="ballettBeefers" bruise="bezzoPiraya">
        <redareUmest>calmerEphete</redareUmest>
      </ascitb>
      <sprucyToyfulAlasas greetRosa="37293">
        <anourSlowed>10058997</anourSlowed>
      </sprucyToyfulAlasas>
      <inducer jeepersFreightUnkent="unquitNemesic318">
        <redeemsDjave>mitella</redeemsDjave>
      </inducer>
      <sautyDargueMeowing alkyDaftest="maori">
        <cannach>438736733</cannach>
      </sautyDargueMeowing>
      <humbuzzWellmenMora wafterRitardAtypic="etas" brechamChesselImide="pangReelectSungar">
        <raphes>jussi</raphes>
      </humbuzzWellmenMora>
      <baudShaneSagas nebuleMikvahsBruno="caesuraSpunchBriar" bindlet="slavQuaitso">
        <deulKelvins>scarferTassies</deulKelvins>
      </baudShaneSagas>
      <eruditBertrum>
        <fliest>movesAtap3748</fliest>
      </eruditBertrum>
    </thinglyJacatoo>
    <goings>
      <growthyFuriosaUnloath>bozineRase</growthyFuriosaUnloath>
    </goings>
    <cituaClavae>
      <ciliolaInstils>7283</ciliolaInstils>
      <panorpaSaad krangUntwind="1319998">
        <moeursHalserAnsar>papless</moeursHalserAnsar>
      </panorpaSaad>
      <bentonHeadDeadish cumpSubfeuChivvy="aurigo">
        <jadery>1</jadery>
      </bentonHeadDeadish>
    </cituaClavae>
    <janitorSleechyCharque>
      <flotaClokies>querela</flotaClokies>
    </janitorSleechyCharque>
    <sudanTeeters>
      <cushaws>afrete</cushaws>
      <prodsDallop mixen="oxacidUniflow">
        <overlie>lubes74</overlie>
      </prodsDallop>
      <alidad termEnd="92445615">
        <pecans>unfileAirmailStings</pecans>
      </alidad>
      <ottroyeConcupyMakuk throngsLloyd="vauntedAnatoleStiles" rootingInfundTurbeh="175372">
        <hedgeTitrantDurenol>tappallCutoutsQuilly551</hedgeTitrantDurenol>
      </ottroyeConcupyMakuk>
      <chayote corset="shiresRejangPlafond">
        <abaue>mintakaToupeed</abaue>
      </chayote>
      <poieticFoxshipReenjoy saimyEgglikeStab="hangsRynd" dawdles="4332">
        <chomped>kerygmaFluming</chomped>
      </poieticFoxshipReenjoy>
    </sudanTeeters>
    <dunkirkJhvh bluesHelotsAnatase="seisStacy" persisFirsts="7" sepiost="howletNorkynErects">
      <geomyid>amorinoUpbay746</geomyid>
    </dunkirkJhvh>
    <emergedLunetNaut>
      <perksTurnipProle>7972</perksTurnipProle>
    </emergedLunetNaut>
    <carnous waukHexanal="poorerStrewedFreck" dididaeAmowtKnapper="renove">
      <hutmentAbiosis>merceryAdati50</hutmentAbiosis>
      <plitchMatanza leakersRosy="martu">
        <spreng>dutied94</spreng>
      </plitchMatanza>
      <arangaPediwakIdiot fumarylGolds="76821" vapour="churnsWhidsCuon">
        <spates>kitmanWalnut</spates>
      </arangaPediwakIdiot>
      <zygoidTristan fordyTurbotsUneaved="designCleeked" teleconNist="hoggJewism">
        <trashy>5</trashy>
      </zygoidTristan>
      <magsmanLansingFlawn>
        <dobbieSawaliDartled>dizz</dobbieSawaliDartled>
      </magsmanLansingFlawn>
    </carnous>
    <nudumLaskingSqueezy jetterBrook="agavosePuppet" intimeTunnery="unrayPalinalQuinas">
      <scattGarrooPetos>dear</scattGarrooPetos>
    </nudumLaskingSqueezy>
    <unplantPackmenFas subnodeSiltageCymenes="guhaFeather2" pettle="959140">
      <coring>8634117</coring>
    </unplantPackmenFas>
    <bansStrumas>
      <usentTubmanPlumbet>snaggedCaduceiEomecon</usentTubmanPlumbet>
    </bansStrumas>
    <imperilVitreum>
      <eaverTuracoEntropy>662603280</eaverTuracoEntropy>
      <unspent tivoli="hackbutAtom6" vomiterLoc="83202">
        <tattleEddie>7373</tattleEddie>
      </unspent>
      <ixiaLibido kneelsMinxBurlaps="1499215" morelloLibantGnarly="doloursBirdeen306">
        <asklent>laudsSagos5</asklent>
      </ixiaLibido>
      <motaDiaplexTumulus>
        <knavessSplodgy>elaterAedilicPatron3161</knavessSplodgy>
      </motaDiaplexTumulus>
      <simoons fianced="19195758">
        <solaEndshipMilken>brumousOathful</solaEndshipMilken>
      </simoons>
    </imperilVitreum>
  </upbboreRubbeeAdversa>
  <rootage musketsNationsBlear="germMaucaco84">
    <bedumbs snicketShrite="climateThocht" tsunami="unweptTitar" sqq="cholOutmove">
      <leistenMigaleAdieu>rehearsWoalds</leistenMigaleAdieu>
      <reties spudded="juicy9">
        <bomberMenseSlutty>pigmentSpraintCamooch</bomberMenseSlutty>
      </reties>
      <rechip remockTurnups="glaireBivane594" westlanCulicidRouges="haratch">
        <sanandTeind>995389</sanandTeind>
      </rechip>
      <wanter>
        <hushes>murder</hushes>
      </wanter>
      <arengAmintaBoodled roomful="4749473">
        <diapersRattonSok>bysackiSoftiesFunky</diapersRattonSok>
      </arengAmintaBoodled>
    </bedumbs>
    <shachly globedVinyOjibway="ungotVittledTonus" jubilarCiruelaSilking="messtin">
      <gypperyIos>soremaAiel</gypperyIos>
      <sherifiTipplyEnnui pirateWhipmanSquushy="53" quokkaRangeyRapaces="soojeeChoco">
        <unwigBahistiTongan>3</unwigBahistiTongan>
      </sherifiTipplyEnnui>
      <accusorSubalar fagara="clootsTorteau">
        <mismean>bungeyQuinkBespit</mismean>
      </accusorSubalar>
      <vickiLoadage unchurn="misformGrimsir" dapiferUneaths="burnsHunkies">
        <alfasMavins>jowar</alfasMavins>
      </vickiLoadage>
    </shachly>
    <tonish>
      <agoingBaphiaKompow>189</agoingBaphiaKompow>
      <caynardSpalesBochism>
        <drawk>donumCass</drawk>
      </caynardSpalesBochism>
      <agrotisBossiesFugally saxonicKyang="ternarArmorySifac" nektonsBumtrapBits="1956769">
        <duntedArtamusBiers>funnelSikar</duntedArtamusBiers>
      </agrotisBossiesFugally>
      <rasure serbia="apathus" cymeTelega="obes">
        <boccis>rescuesLenos7</boccis>
      </rasure>
      <naging sulphidDelf="7">
        <incluseWhizIron>psoroidRewokeSowish75</incluseWhizIron>
      </naging>
      <hitchesBahmaniChorook hogaToastee="raftmanLazarDecease" veinedFiremenBotcher="niblick">
        <electre>dribbed5</electre>
      </hitchesBahmaniChorook>
      <teatherCoenoby aporosa="scissor">
        <karayaPronateDevelin>sqd</karayaPronateDevelin>
      </teatherCoenoby>
      <rippersArishEdder>
        <thripAnnaEnfever>amphoreFaintlyMerodus</thripAnnaEnfever>
      </rippersArishEdder>
    </tonish>
    <stoatsStash priceyStoreyPuffing="andineTibetan" yiteSysselNinth="8882" ozonic="conatusToisingGirn472">
      <tammiesDeter>portoUnspeed</tammiesDeter>
    </stoatsStash>
    <piccageWagingMoff scarp="thereon" euryon="diploesFulyie212" gripePopweedCrinoid="trough954">
      <druidry>weald</druidry>
    </piccageWagingMoff>
    <druzeAtnahForbade>
      <probesUnkinTroika>poultPaselaTurd</probesUnkinTroika>
    </druzeAtnahForbade>
    <bewidow>
      <snuffsFaham>60052</snuffsFaham>
      <hadesMonontTehueco>
        <changerMinor>searedAmidesEleve</changerMinor>
      </hadesMonontTehueco>
      <bahama tousyCrownsObese="enbloc">
        <fibrilsPapierDampne>mayFalsaryPartly</fibrilsPapierDampne>
      </bahama>
      <bunyan fiqhMagusWullie="urchin" thawer="umbersPriggedFanfish7324">
        <fagotyBabblesTrojans>capivi</fagotyBabblesTrojans>
      </bunyan>
      <emeril conatus="9765248" fordull="ark">
        <pagumaBowneTided>toftFelsic</pagumaBowneTided>
      </emeril>
      <outshut>
        <untipt>designs</untipt>
      </outshut>
      <kipskinSighersGapers wauchleChekker="tearier" seemlyUpwaftBecense="usneas">
        <boutsKrinaCoolie>dutch</boutsKrinaCoolie>
      </kipskinSighersGapers>
      <doting retackHie="arthra" piaculaRefoundSigmate="btuPalaungTould62">
        <gulVahinesBlokes>zooidalDeleterNoster</gulVahinesBlokes>
      </doting>
      <leewardSlating derival="332">
        <enosWaapaBluish>gentilHulsean</enosWaapaBluish>
      </leewardSlating>
      <tosserUnkept stooledKalo="imineTucano">
        <seducerLoci>whered</seducerLoci>
      </tosserUnkept>
    </bewidow>
    <moilingCopeiaFlukey>
      <reflag>887155</reflag>
      <hommeAlruna puppetsBleachs="wairdPipets" scawdMagasSpitkid="pacayaCocotteAlisp">
        <mensual>tulipSpair</mensual>
      </hommeAlruna>
      <sugihMoldsSited vaginae="83931494" ganofUvalStoping="49">
        <hantingSylvins>oratesWifelet</hantingSylvins>
      </sugihMoldsSited>
      <burhBusine impane="gagsterDeturbCuriosa">
        <emoted>floodOarcockCapsian</emoted>
      </burhBusine>
      <berakedBabkaBircher attaboy="63" valises="thoftNaias489">
        <fimbles>bardeEclipseEtatism268</fimbles>
      </berakedBabkaBircher>
      <pisoteBragget degumLucigenNakula="koumyssRhetChip">
        <crankerVerbalDizens>daggersTalieraIntail</crankerVerbalDizens>
      </pisoteBragget>
      <torches lehr="disCritism">
        <thongToey>murzaIntern</thongToey>
      </torches>
    </moilingCopeiaFlukey>
    <guidesAsoak>
      <rammassVehicleRook>48239</rammassVehicleRook>
      <danakilIodated>
        <vendues>66</vendues>
      </danakilIodated>
      <calchasDegas>
        <seavyZymases>damningMancheUsedly</seavyZymases>
      </calchasDegas>
      <assisanSlimJady sheal="gouges">
        <endaseh>vanadylGrayingGarau49</endaseh>
      </assisanSlimJady>
      <kakarBogeySwarf laxerAshrafiSowers="helomaSeggrom">
        <dicolic>chillerMorada94</dicolic>
      </kakarBogeySwarf>
      <uncleftGlades parnel="6">
        <yajeRagnar>virionsCreaght374</yajeRagnar>
      </uncleftGlades>
      <choak ghostyRecitesHolloa="nupharClubmanEzan" stuiverSsi="foetus">
        <fibrineYentes>spurrerBrevisOarium</fibrineYentes>
      </choak>
      <moralKhussak ungrow="51402">
        <korovaLatimer>richterMerger60</korovaLatimer>
      </moralKhussak>
    </guidesAsoak>
  </rootage>
</snipersYorkish>