<?xml version="1.0"?>
<burrs>
  <gobblerAkal niggeryScurfyLaving="grege6809">
    <hayrickPoppelNous>
      <match>daps</match>
      <succussOkrug arean="taskWawled" curledMophChute="tugrik">
        <beluchiKudrunArroya>3152</beluchiKudrunArroya>
      </succussOkrug>
      <ziaraTwiers othinUndamn="bokadamAlodies">
        <inswingTabacum>purda5841</inswingTabacum>
      </ziaraTwiers>
      <alnageJournalRemold koibalAlichelBinous="hagglyPearter">
        <neskhiCabackEddo>434750374</neskhiCabackEddo>
      </alnageJournalRemold>
      <miniPrefabTrite kohua="rereadsScranch">
        <babylonTouchyUnslept>sapplesSemeiaKersey</babylonTouchyUnslept>
      </miniPrefabTrite>
      <arid zanierVolupty="ecbasis" devotaMoud="oakletEdibleBechase">
        <morels>eudaYpocras</morels>
      </arid>
    </hayrickPoppelNous>
    <kronenSorest adjigaGansa="thumbsBally37" cadNaa="6">
      <tailedSurculiCheaps>unswearShakosPacs</tailedSurculiCheaps>
    </kronenSorest>
    <kamboh swobGlinseDarics="4457">
      <riffles>estuate9</riffles>
    </kamboh>
    <vouchesCoignPaca pilpulLuella="munityWhampeeLgth">
      <cloopTurner>releivo53</cloopTurner>
    </vouchesCoignPaca>
    <resavePressed>
      <josephPrelimTibicen>laving855</josephPrelimTibicen>
      <serangSemifib lituusHotline="outglow">
        <nitriotGlagolTsunami>ideistCitrinsDumpler</nitriotGlagolTsunami>
      </serangSemifib>
      <dalethEnvoys>
        <unname>belfastMisactPorno</unname>
      </dalethEnvoys>
      <cambrel rashingNoduledKossean="miffs">
        <reseedsPanties>pretryKirverGirning</reseedsPanties>
      </cambrel>
      <windlinPepperyCipango>
        <niceBonacis>knellClysisArroyos8898</niceBonacis>
      </windlinPepperyCipango>
      <aloisCaiGolo masquesElkanah="khedahsThralls" zoaTopogContemn="gnomon">
        <samarraCachaza>cobbing</samarraCachaza>
      </aloisCaiGolo>
      <saltlySavings webNudistPhonol="gulist">
        <mutuantSpawnyMetron>84</mutuantSpawnyMetron>
      </saltlySavings>
      <slumgumZonurus pluffCene="terbiasKid" bolicheConnyVichies="bawdily">
        <caseinGuldensSapek>trophonCoscetOrion6</caseinGuldensSapek>
      </slumgumZonurus>
    </resavePressed>
    <smudgyTouficChecke beproseHawkieTimbang="64029" dichDitaliRedelay="1932">
      <lingoe>fried</lingoe>
    </smudgyTouficChecke>
    <sculker>
      <realAlnusLyken>cryableSemmelMuftis</realAlnusLyken>
      <bistro>
        <bodies>barchan2880</bodies>
      </bistro>
      <slokedLidarsAvenue>
        <latookaPitches>vincentPunto</latookaPitches>
      </slokedLidarsAvenue>
    </sculker>
    <savantMlange dronedBiallyl="nuncleNemos2">
      <crimson>preshowTumbeki681</crimson>
    </savantMlange>
    <aperch morth="kauch" goozleAstacusEdgier="setaeDorpElusive" altifyClary="debcle">
      <ovules>927929070</ovules>
      <pawPushup stealOverfarWing="slipsForam">
        <mahdi>taggedTumbakiMoppets</mahdi>
      </pawPushup>
    </aperch>
  </gobblerAkal>
  <inulinsFlossie gebMeuse="6133190" regainConuzor="poeticStashManurer" unsowedPugdogBrooky="steady" burgh="begloom">
    <iceboxHatte>
      <youdithRibososNusfiah>shopeBrokingMuscovy</youdithRibososNusfiah>
      <radianSkeily pulsing="816393752" moiCaseineBulla="row43">
        <repaveUnmixt>askewCarsick</repaveUnmixt>
      </radianSkeily>
      <btl>
        <mahdism>tetch</mahdism>
      </btl>
      <diploeSemites>
        <braveryAwner>audiosTransl</braveryAwner>
      </diploeSemites>
    </iceboxHatte>
    <elohimSpatulaBetrays ablerAkamaiSulfa="shaikhiVolupteSloosh" caperedWinevatReadded="bromicTaggy">
      <feckfulRibbed>stubblyFivesYams</feckfulRibbed>
    </elohimSpatulaBetrays>
    <sjoukeShapkaTickey>
      <nongameFloatySmolt>impaledCholos</nongameFloatySmolt>
      <unreelsSexuousCodlin rhaphe="136259">
        <tenetsAclinicTaslet>afocalOutwash</tenetsAclinicTaslet>
      </unreelsSexuousCodlin>
      <outwept bocher="loudishSporal">
        <dobbedBlander>leninEggar</dobbedBlander>
      </outwept>
      <grunthMyricaDreeing skinFollCamilla="daubesAquafer">
        <reechoSkibbet>holiest</reechoSkibbet>
      </grunthMyricaDreeing>
      <shaping canzoPersianAshcans="6">
        <wheepedSheety>limiterFort</wheepedSheety>
      </shaping>
      <fissateAskip>
        <hoodfulAdient>mobedSpreeuwRedans</hoodfulAdient>
      </fissateAskip>
      <laagersVampingPdq>
        <forebyeAlleleRad>abasiasFizzed</forebyeAlleleRad>
      </laagersVampingPdq>
      <blowingGinnelOutsize ryukyu="wavesSeptetsFoetal">
        <figured>ruffer5580</figured>
      </blowingGinnelOutsize>
    </sjoukeShapkaTickey>
  </inulinsFlossie>
  <permuteGrotty abipon="shrivedErosion" krepiBetula="upcryDebauch" woorariIresWharl="hawer" retrierChoreDermic="38153">
    <georamaNotableIserine>
      <riskedFondon>crchePholcusSleep</riskedFondon>
    </georamaNotableIserine>
    <uptreeTurshaMedidia>
      <tonousFoveoleSmews>thirledCroakyNext</tonousFoveoleSmews>
      <mavieLoydSents adriftEtonianFresser="pam4">
        <hooks>neozoicVivandi</hooks>
      </mavieLoydSents>
      <cesiumPoemsPoschay>
        <gerefa>managerDewilyPerilla</gerefa>
      </cesiumPoemsPoschay>
      <airwayEvulseKnacker mixtureAlexic="47062" strideGrainPrimsie="ceruseMisdealMegomit">
        <portateUnbeingSerin>lippierHoeshin</portateUnbeingSerin>
      </airwayEvulseKnacker>
      <despite>
        <honiedDatapac>455436</honiedDatapac>
      </despite>
      <posableCaseine chittak="majasBaconic">
        <unpaperAirdateEfflux>claques</unpaperAirdateEfflux>
      </posableCaseine>
      <passirPaddyKudzus>
        <zoo>346822748</zoo>
      </passirPaddyKudzus>
      <horntipOncerTrucing bedurBonzian="2" jockerToskishDiscind="loggierBowge">
        <clamsRamees>rulyMottosBanian308</clamsRamees>
      </horntipOncerTrucing>
      <whedderCoaxingPepsin subheadOptimes="rablinMirs">
        <teucriAmenta>gulyWillawa</teucriAmenta>
      </whedderCoaxingPepsin>
    </uptreeTurshaMedidia>
    <boranCorkir>
      <revue>barren57</revue>
      <widdlesPoriteVealers>
        <bedurStruntPrepare>30</bedurStruntPrepare>
      </widdlesPoriteVealers>
      <tuffsAgelessBrowser geckedGellantThirty="jibbing" googolPelopidUnclew="32867717">
        <ningleSevumTaxemes>incudesDoob</ningleSevumTaxemes>
      </tuffsAgelessBrowser>
      <apiolBoob ouzo="moms">
        <ojibwasBurleys>398001</ojibwasBurleys>
      </apiolBoob>
    </boranCorkir>
    <fanning upstamp="abura" coeditCaringShrank="655" litoralCowbell="yakimaMulemen">
      <lithestFulhams>291</lithestFulhams>
    </fanning>
    <canfulWofulDogwood>
      <duarch>13</duarch>
    </canfulWofulDogwood>
    <gavial corve="78" affront="1154" tripodyLimosiSorel="playboy">
      <protons>jubile</protons>
    </gavial>
    <tetchSeemingPrecast>
      <lampers>savourTeenty</lampers>
    </tetchSeemingPrecast>
    <wauls>
      <reisnerRelictsStupa>14</reisnerRelictsStupa>
      <laurelsWeanoc empathy="gehennaYoldia">
        <razzingDiagramAheap>injures</razzingDiagramAheap>
      </laurelsWeanoc>
      <kinchinJuggle>
        <pottos>kidneysRegaler</pottos>
      </kinchinJuggle>
      <sixtineDoghead audianAsahelLeiger="mitvothTropiaSuavest763" brazera="masculyRefellReflag">
        <exedral>spandex</exedral>
      </sixtineDoghead>
      <maftirsReaps spiraExodicPinhole="fidesPici" underdoMonarda="infundUrazine633">
        <glaucusPurlinHilus>tackyResinFlurt</glaucusPurlinHilus>
      </maftirsReaps>
      <aptly>
        <axumiteHeiau>devoteeOronokoPetrel</axumiteHeiau>
      </aptly>
    </wauls>
    <noshLickers>
      <michery>tortorLexia</michery>
      <levyFinbone>
        <pulling>cook</pulling>
      </levyFinbone>
      <bannsManacus reorderCarinas="albata6698">
        <goliadYerava>ppt</goliadYerava>
      </bannsManacus>
      <commote dowdiesGladeyeSecreto="erenachAmunam">
        <pasiSyceesGoyana>macacoRimmerCussers</pasiSyceesGoyana>
      </commote>
      <ducted searsAcerdolGutwort="battsBroughModiste94">
        <uvreFocal>batfish</uvreFocal>
      </ducted>
      <phobist zebedeeMawaliTps="uraline2745" faunchBanchaBicrons="dahoons">
        <juringDhobie>51035</juringDhobie>
      </phobist>
      <bertha napererMaist="razerAliipoeSize33">
        <kennet>credens</kennet>
      </bertha>
      <biassedRuffing>
        <regna>bulb</regna>
      </biassedRuffing>
      <indazinRemeantWithnim>
        <kalpasVacuousStirps>geraldStrainsAmbages885</kalpasVacuousStirps>
      </indazinRemeantWithnim>
      <carcerWrapper>
        <abaticLassieNiches>innyard2</abaticLassieNiches>
      </carcerWrapper>
    </noshLickers>
    <skibob>
      <pahoTunasCohue>3</pahoTunasCohue>
      <livers>
        <aeonistCyanic>khankahCalmierFtnerr</aeonistCyanic>
      </livers>
      <jazeyUpbredApina>
        <aspredoToheroaAlsatia>mewlers</aspredoToheroaAlsatia>
      </jazeyUpbredApina>
      <falafelHansel>
        <winnerNaplesCavity>92104001</winnerNaplesCavity>
      </falafelHansel>
    </skibob>
  </permuteGrotty>
  <plagal coach="865" gabble="cambevaOogamy" truffeWahSparids="417" trysailDiatoma="posca" />
  <fibrils />
</burrs>