<?xml version="1.0"?>
<nucleusGrittyAum>
  <olivedBrinjalChallie fordeal="5" ignIrksPonent="haughRemaimAmniota" sloganPansied="sittenBeatles" />
  <mambosKeyless neolithCuberReadier="tpiDawdled97" hattismMacawsUpcrop="savilePibal45" />
  <intoneThor laster="davensInkishStample" hulloedAltered="cattail" />
  <soviet languetFlobby="moggio" lictor="rinconWelting" gonads="76394429" />
  <dirhamsBrodNetful smurUrian="99" clinid="becomes" skedKittingOubliet="stutter">
    <ervilTollingCedent>
      <payedPshaDonzels>utum</payedPshaDonzels>
      <rootierUnicity enclave="1">
        <ningpo>842</ningpo>
      </rootierUnicity>
      <reenjoyZoarcesJacob nonsineTeinderKeens="pontilPilfers314">
        <stycaSlojdsNexal>tifterHearseJural84</stycaSlojdsNexal>
      </reenjoyZoarcesJacob>
    </ervilTollingCedent>
    <homam copolar="fogieTpi" thomasBylawEthyne="760492210">
      <deodateRevuesCosine>lepadidVardySumming</deodateRevuesCosine>
    </homam>
    <masserKellegLoris tsadeTaters="argulus" kintraWang="vauntyOctyls">
      <seqedCoccoid>233062</seqedCoccoid>
      <purgingUnfaith metalCamped="15658" essexSaxtieIsdn="sumachsDellyPatwari">
        <bact>710572</bact>
      </purgingUnfaith>
      <televoxEpioticAdipsia airierPangen="heteVagileOffends">
        <lactaryDybbuksMuseful>2</lactaryDybbuksMuseful>
      </televoxEpioticAdipsia>
      <claspAdalid venulae="streitJustles" inagileOughts="sojaColumnBecalms">
        <forpassKythe>942365934</forpassKythe>
      </claspAdalid>
      <dependsAuloiBallon>
        <toriiDicers>2662885</toriiDicers>
      </dependsAuloiBallon>
      <menial askingNilgausTrop="91968" alurLogs="dyked">
        <cottiseJennetAgoho>amoruaEcca</cottiseJennetAgoho>
      </menial>
      <tobiahGraderVeiner>
        <geldedAiawongSluit>819</geldedAiawongSluit>
      </tobiahGraderVeiner>
      <aliceSmitchKamass gyarungMuonicDucked="djersa86">
        <recoke>udalman551</recoke>
      </aliceSmitchKamass>
      <grandamPadsawGoburra cassoni="oryxesFedn" klippenLepiota="bedene">
        <hoodoesScabby>raid9358</hoodoesScabby>
      </grandamPadsawGoburra>
    </masserKellegLoris>
    <bywardHuffcapCrucian>
      <rinses>enseatTroperSwerver</rinses>
      <genitor posses="waryPumpet" whase="sooreynSorbus5">
        <peyotlsMattersRemade>412081</peyotlsMattersRemade>
      </genitor>
      <enhalos carlingZoarialPrediet="wang">
        <delude>67876588</delude>
      </enhalos>
      <brashly licitPythius="miasmas">
        <passusBigotedHistoid>froths</passusBigotedHistoid>
      </brashly>
      <befleas vogueyHassarDebouch="canneleVarEvent" illamonBasset="derive">
        <obaGraphicMaud>272145072</obaGraphicMaud>
      </befleas>
      <iocs>
        <mananas>rongeurRecusesCupeled1271</mananas>
      </iocs>
      <wantful tradingClong="5580" pearter="forbode">
        <nauticaPorture>325568</nauticaPorture>
      </wantful>
      <rapist dadoesThwart="ppmKelpie" especQuaffed="56736187">
        <vahinesUnwaxAmniac>unfondUnshook</vahinesUnwaxAmniac>
      </rapist>
    </bywardHuffcapCrucian>
    <coppet affeerRedialHors="exemptsAbongoThob">
      <jagathEnamourLaved>panak</jagathEnamourLaved>
      <herds lor="tower">
        <brownyLotusin>author</brownyLotusin>
      </herds>
      <galerumYampa herryBuildUnslate="whang" anademsMajaggaNon="lushaiHatful">
        <boodlesOuches>humectCadesTitre</boodlesOuches>
      </galerumYampa>
      <courge>
        <picotsTopical>boldest</picotsTopical>
      </courge>
      <plumps>
        <bubalisMammut>boffLwmAbele6986</bubalisMammut>
      </plumps>
      <zoeaMyalgicFeest>
        <woald>4841</woald>
      </zoeaMyalgicFeest>
      <meropeBulky>
        <tabisPotluck>brephicGritsBrows</tabisPotluck>
      </meropeBulky>
      <cyclose rambledChaneOltunna="soysSouushyPongid" welders="elia">
        <birlTootleWereass>4933161</birlTootleWereass>
      </cyclose>
      <baunoExhaledSaccate>
        <faffleTactoidHwa>fixup</faffleTactoidHwa>
      </baunoExhaledSaccate>
    </coppet>
    <ichibu>
      <panakaSapsuck>raggleAudaceFleta</panakaSapsuck>
    </ichibu>
    <phialae sergingBeeve="lashing">
      <cepa>calorInnetUntipsy</cepa>
    </phialae>
    <sitarsSpeedoRehead>
      <swabBariCoburg>warori</swabBariCoburg>
    </sitarsSpeedoRehead>
    <ceriumCroise>
      <encrispNimrods>antennaYanaGuddler</encrispNimrods>
      <margaySonglet kilneyeArabWhirtle="snotterStripedMuesli4">
        <dihelyBudgy>4</dihelyBudgy>
      </margaySonglet>
      <atnah>
        <sanerSkewedGimmals>balanteFarceLargos</sanerSkewedGimmals>
      </atnah>
      <jettyPantos comet="abtrusePyrexia" nubilumPinrail="pilon">
        <marshsRaptestLapwork>dassyNevoid355</marshsRaptestLapwork>
      </jettyPantos>
      <razee offerAmilCativo="frundelAlopeke" medlarsHammock="cojudge">
        <asaph>dinarsFaonNuts</asaph>
      </razee>
      <labialsLaddersWort>
        <shoughWorm>moocherWindupsOxazine</shoughWorm>
      </labialsLaddersWort>
      <kashubeKip jawansBoating="xylene" huchoGuarri="castano">
        <balaena>fiascosChoreus</balaena>
      </kashubeKip>
      <pizzazz>
        <unbudOthmany>234</unbudOthmany>
      </pizzazz>
      <garuaTurbeh putchukAssyriaTanging="elevenFeign">
        <arcubosTigerPanel>grampusSecondsDagaba</arcubosTigerPanel>
      </garuaTurbeh>
      <corrupt resellsPlaneWeaves="dished9917">
        <flyblowMellsLocos>7712462</flyblowMellsLocos>
      </corrupt>
    </ceriumCroise>
    <whizzedSuentRuttier>
      <horstes>montuGivensZolle3</horstes>
    </whizzedSuentRuttier>
    <florTriduoKilims orphansSubvolaChimere="isidoreRainbow502" datoSkoptsy="chimin" makersTrined="mowhaTiredomStone">
      <storier>2388</storier>
    </florTriduoKilims>
    <bestink terciaEntheos="584119">
      <petfulSorelRepays>agatoidTembeTristan</petfulSorelRepays>
      <antennaCelticReimage>
        <lucrumCentrexAvenin>708182</lucrumCentrexAvenin>
      </antennaCelticReimage>
      <agnel sulfidLawingSagwire="remaskOpossumBuick">
        <deluge>thigTying</deluge>
      </agnel>
      <barih etatismJazzmenBliny="64606">
        <attachNimshi>foresBovver</attachNimshi>
      </barih>
    </bestink>
  </dirhamsBrodNetful>
  <ingine clasper="palsSparred">
    <beliefSatieno>
      <bashaw>epinineEreptSaliant</bashaw>
      <dialkylYearful civvyIdolAbrus="allowEelingDardani">
        <tinnetBelteneGarrafa>araucanUnalert</tinnetBelteneGarrafa>
      </dialkylYearful>
      <cindyArguingIle stying="caseboxUnhappyNike">
        <carvene>5</carvene>
      </cindyArguingIle>
      <valuersCaribouKibei pobComonte="1">
        <tinne>apogeeRamlineNeroli</tinne>
      </valuersCaribouKibei>
    </beliefSatieno>
    <guayaboTittlinHorded>
      <munga>cassFaba5444</munga>
      <euphroePlatly cerillaDiccon="bleoReify52" kakan="molies">
        <petite>sleighsLautuManicon</petite>
      </euphroePlatly>
      <doless>
        <cattabuGconvChiders>doubBobootiCarnary9</cattabuGconvChiders>
      </doless>
      <abstort albin="foobarTypeout">
        <caneCoalingGentium>lockyCouped77</caneCoalingGentium>
      </abstort>
      <mulcher breeks="896601492">
        <thebaisAstern>hancedWeestBunn537</thebaisAstern>
      </mulcher>
      <enjoysZonite roebuckDireclyEmpty="exuding" frillyAjivasScented="papayan">
        <likedTariqat>manitos</likedTariqat>
      </enjoysZonite>
      <ochtFubsy rebiasBeechyCaplet="patartCorbansDoyens" tamanacTaxwaxIwaiwa="telegaCoeUpswung">
        <javelotHacht>740791</javelotHacht>
      </ochtFubsy>
    </guayaboTittlinHorded>
    <bagger>
      <kodroViolone>lochy</kodroViolone>
    </bagger>
    <doriesDeporte>
      <dowersSeptan>uranusNocake</dowersSeptan>
      <malate lyceaDromed="cabsPacUmbos">
        <gorger>clourPissingArcos</gorger>
      </malate>
      <heavingGoops>
        <rouperBillsWirra>vetoerTumbak</rouperBillsWirra>
      </heavingGoops>
      <loudestRagsQuotity kayaks="810">
        <elidedSpent>calfs</elidedSpent>
      </loudestRagsQuotity>
      <arginBecause>
        <micasCosetsUnsteek>45761869</micasCosetsUnsteek>
      </arginBecause>
      <specterMethene>
        <mammerFlutey>snakesTylosesScivvy</mammerFlutey>
      </specterMethene>
      <quegh numnahKadayanImpetre="scincid">
        <injunGummierUpttore>sanghs</injunGummierUpttore>
      </quegh>
    </doriesDeporte>
    <squiresThooid>
      <aruiBlist>1766</aruiBlist>
      <fluxion wap="406787932">
        <dionym>brayer</dionym>
      </fluxion>
      <coupSoritesBeshake>
        <bespinGetspa>alruneJazeys</bespinGetspa>
      </coupSoritesBeshake>
      <andironWont ophioidAlenBoracic="cadetAboxFoxfish" pressor="doffing17">
        <sowish>tympansClipeiVoiture</sowish>
      </andironWont>
      <walkupsSondes broughtOdorize="7426243">
        <tanagerBilic>uptossMoans</tanagerBilic>
      </walkupsSondes>
    </squiresThooid>
    <jelibAyapana>
      <inyoite>canalUnsteek</inyoite>
    </jelibAyapana>
    <izleRoguery>
      <wutherDuodene>druggyDowns</wutherDuodene>
      <dustingRoomsCamphor buildLimbieBeveled="triviumOutfoxFurial">
        <myrtalPmt>388</myrtalPmt>
      </dustingRoomsCamphor>
      <avolateMudeeShophar flansSereinOrgany="engageDomainCaprid">
        <chilina>74</chilina>
      </avolateMudeeShophar>
      <helenn lacunas="882358754" cogniseDuplex="376962560">
        <brannedLepageBalawu>nearest</brannedLepageBalawu>
      </helenn>
      <daviely halachaLegit="feofforBabysit" fittageCarneau="6386642">
        <dabbleCorylClawker>aimerPublica</dabbleCorylClawker>
      </daviely>
      <nonform>
        <leavedCluffObispo>enmesh</leavedCluffObispo>
      </nonform>
      <pirates>
        <cadilloMilwell>furzeryRux3692</cadilloMilwell>
      </pirates>
    </izleRoguery>
    <mucorsPellaea nymphet="arablesCox" stying="audingsLemmata" paltaKoranic="twofers">
      <browsedChuck>steeryFructed</browsedChuck>
    </mucorsPellaea>
  </ingine>
</nucleusGrittyAum>