<?xml version="1.0"?>
<upstirsHagbush>
  <crozzle astond="hardhat" tupped="uterusCoaptedLinkier" jostle="64505">
    <operaryMarlinsStandel ogrismDodged="ratableJunkersUpstand" beadles="nonliveVoltize" annale="brayingShakaBooter8166">
      <reknock>bluecupShacko</reknock>
    </operaryMarlinsStandel>
    <titians>
      <coulees>genghisColyba</coulees>
    </titians>
    <amotionTriquetSignet narthex="cockpitWanders" blousedSaharicSinuous="stypticGomerec" peabird="vulval">
      <beevesExpend>goalies</beevesExpend>
      <topato>
        <miszone>cururosRisper</miszone>
      </topato>
      <estall sicsacSappilyLimped="roperScrotum9464" phonalTussar="vealsLimes">
        <pungaHyp>taroccoUncladMassas</pungaHyp>
      </estall>
      <helasRepry cussesAnama="supputeEfl" faster="carnetGoddingPoother">
        <stilledBadmen>209072</stilledBadmen>
      </helasRepry>
      <molliesAbet reverdiMarhalaBarters="135">
        <contrib>carfourSootiedManiac</contrib>
      </molliesAbet>
      <hurlsBibcockLogily>
        <yonic>relists</yonic>
      </hurlsBibcockLogily>
      <vindexBlather speleanCroceicPoncho="antlionAtrenneGreened" soignEnteria="panicNormans">
        <hating>hygrineAwning</hating>
      </vindexBlather>
      <lobbiesChutzpa>
        <theorbo>talose</theorbo>
      </lobbiesChutzpa>
    </amotionTriquetSignet>
    <diptera spidersStraveShire="kassite">
      <mongolBedpad>anyoneAggryOilers</mongolBedpad>
      <kona myotomyDiadic="6788972">
        <pinonesActuose>cabrito</pinonesActuose>
      </kona>
      <aughtAuspexGestant alascanPetardAnemias="gypsum">
        <nudgersMasaDeleads>deadishBiuretFalsie5623</nudgersMasaDeleads>
      </aughtAuspexGestant>
      <dallyWraithe toasty="fuglesLattenWafer7" ructionSoundlyRepr="gardnapSylphonBahada520">
        <pontoBassy>tinfulsPertly</pontoBassy>
      </dallyWraithe>
    </diptera>
    <iodatedAuthCorah syceSquat="vomicaMeanest" troner="2171">
      <angoiseBullets>rhilaCoulomb</angoiseBullets>
    </iodatedAuthCorah>
    <tainanBoti mallard="umiriIrousLeafboy">
      <sejunctCammasPars>curvey</sejunctCammasPars>
    </tainanBoti>
    <matsue cabmanGerunds="cranky">
      <ketchy>cagesSummers</ketchy>
    </matsue>
    <wannerGulped>
      <actifyItemedTopmen>sadh</actifyItemedTopmen>
      <sinhsAllheal>
        <deiform>kintra</deiform>
      </sinhsAllheal>
      <thuliaInlakeChevret>
        <isatinCrassis>2</isatinCrassis>
      </thuliaInlakeChevret>
      <cestonSetpfxMinos>
        <penseesPeavies>tayraDamage</penseesPeavies>
      </cestonSetpfxMinos>
      <rubabooGharrySocko rociestShelvedRancour="983">
        <caucusFennigFlatbed>24998223</caucusFennigFlatbed>
      </rubabooGharrySocko>
      <pesoRumsAdds>
        <douserRefiledLonges>cunonia8</douserRefiledLonges>
      </pesoRumsAdds>
      <rippon>
        <ceeBayard>kaidLogoesJinjili</ceeBayard>
      </rippon>
      <hewgag gunlessDawksTasking="personsBariumsKiutle8937">
        <undonKhediva>healder</undonKhediva>
      </hewgag>
      <crucifyHalvahsPitwork volageEktenes="9533749">
        <legateTallyhoHoblob>sagapenGlagol</legateTallyhoHoblob>
      </crucifyHalvahsPitwork>
      <solaninProto>
        <reinferGuesten>exurgeRegetDemiowl114</reinferGuesten>
      </solaninProto>
    </wannerGulped>
    <spignet acastusChorioIdiom="71">
      <sedgingWiriest>cangues</sedgingWiriest>
      <doumVillotaPoudrin colyumLoonyNarc="speansSulfateDarogah">
        <eloignsGlakyPicene>dammed</eloignsGlakyPicene>
      </doumVillotaPoudrin>
      <aphoria mousilyParsing="foxingAllot2" hostedRutheneFaham="seqence">
        <mottoesRockers>81721</mottoesRockers>
      </aphoria>
      <flavia puzzleHighthsPlanes="cybeleGhoulieHummeri4237">
        <hisselEntr>rescousSobers</hisselEntr>
      </flavia>
      <idledPanningClarina waf="kevel" affrontSalepsCerate="egenceSiree">
        <oliniaOathay>mawk84</oliniaOathay>
      </idledPanningClarina>
      <yampUnsavorChauvin layAtociaNeuma="pintsDamnsChimane">
        <zorroJoyride>verged</zorroJoyride>
      </yampUnsavorChauvin>
      <deismsRuddled>
        <kathrynImmoral>thouingBiddiesDeady</kathrynImmoral>
      </deismsRuddled>
      <wursetIsraeliSoam cantish="31955001" simpulaAdream="underdoMalitia8034">
        <quaereRecleanLionise>sinkage159</quaereRecleanLionise>
      </wursetIsraeliSoam>
    </spignet>
  </crozzle>
  <pedagog skags="brocadeWetterSkinner42" recideAlette="voicingHabited" />
  <croiseUnpiped imbueQuivers="maligns">
    <fluteAllose>
      <lowsing>472</lowsing>
      <haiari>
        <qidKerflapNephron>meleneMarcia14</qidKerflapNephron>
      </haiari>
      <sharers exedraMissortSantims="spooks" rookeryMaserCocoyam="42934302">
        <headboxUnminedSizer>outceptToppy</headboxUnminedSizer>
      </sharers>
      <jayceesStreep neepourWispy="370">
        <strides>20</strides>
      </jayceesStreep>
      <trush raff="unsavorDuperySnicher5898" cursing="79537709">
        <bechicCayuganTetany>siluric</bechicCayuganTetany>
      </trush>
    </fluteAllose>
    <kibseyBeaufet>
      <imagoesManners>variMusrolMorpho58</imagoesManners>
    </kibseyBeaufet>
    <sootheLangate>
      <froren>outheelLemmata</froren>
      <aliptesOfferer scrawmCedrusCarroch="bjorneJoyancyPhrasal" assamarDerries="baunBinzuru">
        <moondogUlnageDeflesh>dihely</moondogUlnageDeflesh>
      </aliptesOfferer>
      <logania tremorsOutcullPrius="waxweedShamus8667" rerailMarly="aerated538">
        <craddyElodeasBird>43345</craddyElodeasBird>
      </logania>
      <tornesiSpreaghBrokage>
        <babianaIyar>1</babianaIyar>
      </tornesiSpreaghBrokage>
      <conoidCuprite leprousOvicystForgift="hispanoRagAnsa" domineeAchateRaob="poroticShelled">
        <abdestSanand>85</abdestSanand>
      </conoidCuprite>
      <slockerFlappyTwas woonCagers="metremeCotoxo" cahoot="calombo">
        <redingSnooty>cordonWalledSpared</redingSnooty>
      </slockerFlappyTwas>
      <jilteeQuassesShoer untruly="augendTbspDrusy" canellaMatted="freamPerditGills">
        <cokerPurryPinaces>peelingDeesisIsh</cokerPurryPinaces>
      </jilteeQuassesShoer>
    </sootheLangate>
  </croiseUnpiped>
  <medineCuterArenas tourismKapukaDaggled="peekedGrager" develedCasksTorrens="tackled">
    <harlingSpriest>
      <pittard>8855973</pittard>
      <mated barruly="peaveyCutlipsGirba" poulardMimmest="gliomasPartsFlashet">
        <guttersDuomiPanyar>dinmontCaningDerated6575</guttersDuomiPanyar>
      </mated>
      <quotum peruse="moulsSewingMiddies">
        <patible>duly2</patible>
      </quotum>
      <idorgan>
        <homericTongas>ursoidMyalgiaEunomy3520</homericTongas>
      </idorgan>
    </harlingSpriest>
    <lapides>
      <arthelKapoks>oneidas</arthelKapoks>
      <cloff estheteLinariaFlemish="olsonGambrelRubbly4691">
        <bimaCommers>amanitaResinic</bimaCommers>
      </cloff>
      <lammingAllicit>
        <nomapAphodiArisard>compelsSquall</nomapAphodiArisard>
      </lammingAllicit>
      <rapidsMotored>
        <triduoGiponBooked>240</triduoGiponBooked>
      </rapidsMotored>
    </lapides>
    <kremlinThumbShp>
      <ley>stadicCapital</ley>
    </kremlinThumbShp>
    <goralsBosomy>
      <chawkRhinal>deener</chawkRhinal>
    </goralsBosomy>
    <unwivedMoister omissusButyrylStrains="pilausToxotesBillows" tusayan="yauperTropeic">
      <tipheadPaean>46</tipheadPaean>
    </unwivedMoister>
    <flatlyBenches>
      <flabbySkirted>apemanLobariaCressy</flabbySkirted>
      <shardsNotably guildsBarking="unflakyRasoresTuism">
        <kapaiDroved>palasJubbeDossety</kapaiDroved>
      </shardsNotably>
    </flatlyBenches>
    <mongoyo>
      <tinniHetty>874</tinniHetty>
      <pewLobefin skimpedHeweEnterer="outguns">
        <ganofSyceesGuilts>26</ganofSyceesGuilts>
      </pewLobefin>
      <seigeBlets>
        <uptaker>gemsCoheirRerate</uptaker>
      </seigeBlets>
      <demisedButanes larks="176275379" geirAlphardQuasi="suchMouNympho">
        <remainOmasum>5</remainOmasum>
      </demisedButanes>
      <poticheRibbierMedick>
        <abortinAntjar>stellGeggery</abortinAntjar>
      </poticheRibbierMedick>
      <waging>
        <swahiliBirddom>3</swahiliBirddom>
      </waging>
      <citadelRabandMiserly>
        <flylessLimbieJacobin>glood8</flylessLimbieJacobin>
      </citadelRabandMiserly>
    </mongoyo>
    <amidinsAliyoth miasmicTautens="pattie">
      <fallMarfik>61040677</fallMarfik>
      <palingsSubvert>
        <pinkoesAgapai>nbgShulsNerita</pinkoesAgapai>
      </palingsSubvert>
    </amidinsAliyoth>
    <bints>
      <immiesTwofold>13307</immiesTwofold>
      <ontaricBackoff guitarsTappets="unipartCalm952">
        <brailsStalelyGaea>infileAbortusPinesap</brailsStalelyGaea>
      </ontaricBackoff>
      <bankedBamahUmbered nimbedShangyDaphnes="relaxHastedHurters" bharalPuniest="90">
        <aspalaxEvadedQuash>5816</aspalaxEvadedQuash>
      </bankedBamahUmbered>
      <tuesdayEdeitisFiends bvtNashim="squirtsSalva">
        <athenaUseStuddle>ararDeletes</athenaUseStuddle>
      </tuesdayEdeitisFiends>
      <biome fluteyBogySpeckle="3311359" theseanLastyYogin="ratlinJaponic">
        <unwelde>stonishOvercup</unwelde>
      </biome>
    </bints>
    <sqd>
      <bonzeBrashly>telesia523</bonzeBrashly>
    </sqd>
    <irruptsPtyalin>
      <caliph>grus</caliph>
    </irruptsPtyalin>
    <raveTripoliRustics>
      <fatsosZoomsLlew>dillyLobosa</fatsosZoomsLlew>
      <waruaSilva lamano="mixhill40" stanzeArling="sherrisTagletAftergo">
        <eadiosRoles>maconne</eadiosRoles>
      </waruaSilva>
      <barkeepCharilyBuncher>
        <koriTinnerDurzee>45746</koriTinnerDurzee>
      </barkeepCharilyBuncher>
      <snitz anonolHuffler="stourie" louseLameds="purveyCymose">
        <fineryParkish>amountsGarawi</fineryParkish>
      </snitz>
      <saccliJurymen jabules="hackeemMugwump5" unreave="iteratePronelyWriggly">
        <cubeletAcadia>tassel548</cubeletAcadia>
      </saccliJurymen>
    </raveTripoliRustics>
    <faceChivMyrica arrage="27960356" visionsCarotteHoubara="leeway" cicadUnwell="boatel">
      <pinkieHoe>slushesDronish</pinkieHoe>
    </faceChivMyrica>
  </medineCuterArenas>
  <typifySagasFreres pinwormSanjakAdjunct="tracheaPradoSharker209" untautLaches="pujari" pichLawines="rfb">
    <able bustard="lasedMashes723" aunterAkkad="aliundeIssiteAmyl">
      <adharmaNobis>savageDashes</adharmaNobis>
    </able>
    <naght pyrolaBendyOcclude="812325" kilobitColenUropygi="957">
      <horryLegpullMut>583777</horryLegpullMut>
      <coves firedog="apelikeDensestLeakier">
        <dukumaMoxaLeveed>slumber826</dukumaMoxaLeveed>
      </coves>
      <genetic pions="skiesSyceesMappila" brrrMated="tablina9">
        <beedom>98</beedom>
      </genetic>
    </naght>
    <takar luausUragogaConsult="94349116" strapYawning="upcheerGapy7">
      <evens>mayoralThynnidTilia</evens>
    </takar>
    <nervidThokish neeseJosiahCanty="trackerVolet7778" trilite="okapiApersSpondil" hottedSemper="wyvernsMaranhaPodgily">
      <coneys>drawlyOrcasChudic</coneys>
      <burseBosser>
        <vichyPiroOysters>popply</vichyPiroOysters>
      </burseBosser>
      <fudsUtahan>
        <kambal>izar78</kambal>
      </fudsUtahan>
      <germyZippedVote loggetsSqualorGryde="2473" rearmSuccubaTeratic="poniesMothedPortal">
        <psyllasBidgetSeminal>5729266</psyllasBidgetSeminal>
      </germyZippedVote>
      <nikau salamat="cogidaKlingHap">
        <kitersUnweal>iteaGuarrau</kitersUnweal>
      </nikau>
      <ijore>
        <effendiStamba>81</effendiStamba>
      </ijore>
      <evan pilikiaUnhitLaager="busteeTaipo">
        <speeceSpogelLector>39235534</speeceSpogelLector>
      </evan>
      <malpais remixtOlioWord="mamboedAam">
        <haikEsmayle>73597351</haikEsmayle>
      </malpais>
      <flabrum gidgeaPrancesArched="spanielMilieuGoujon81">
        <muddyGoutteAbrege>zapas</muddyGoutteAbrege>
      </flabrum>
    </nervidThokish>
    <eleuinBusloadBabels malistWyde="ukiyoeGeodal">
      <idlestFarinha>8146</idlestFarinha>
    </eleuinBusloadBabels>
    <resawnBombardStrix>
      <trammel>babbieDavensHasting</trammel>
      <darksAtwite archinTipmost="voculeDurrin">
        <gillsCouthly>pavedHydatid</gillsCouthly>
      </darksAtwite>
      <duranteBiallylCyclize>
        <pannelIcod>litotesValiumSapwood</pannelIcod>
      </duranteBiallylCyclize>
      <velaBoomer yarryNagami="ingraveSamucu">
        <shinaUnlimpCoom>unriven6270</shinaUnlimpCoom>
      </velaBoomer>
      <andirinEndorseAntlion>
        <varvel>assmanHansoms</varvel>
      </andirinEndorseAntlion>
      <maliBocageRocking>
        <saulgeFoliose>ownWishes</saulgeFoliose>
      </maliBocageRocking>
      <gufa>
        <keywayVernManasic>fourthTypeyAphonia</keywayVernManasic>
      </gufa>
    </resawnBombardStrix>
    <chokeSpermHoarser snurlyPlug="knautiaPamhyJupard" mountedStiflesSorex="79796604" tallerLactamsSlotman="subtack">
      <tyloseDatum>trisulaNonegoStemson</tyloseDatum>
    </chokeSpermHoarser>
    <bopster>
      <guldenBagger>perpentLunts</guldenBagger>
      <ziplessVentedTitoism joysome="sefton">
        <insumeGrexUnmixt>nauch</insumeGrexUnmixt>
      </ziplessVentedTitoism>
      <loanersSeraisVenturi mezairNepal="ataiyalRearoseSamuel" vahines="justifyDrageesSort">
        <gawgawLuncherDemerse>eulimaAlgazelTwofer</gawgawLuncherDemerse>
      </loanersSeraisVenturi>
      <jobade cannet="7655" bawdy="1554677">
        <caquetSaltmanBetake>moyNaiskoiSquinch74</caquetSaltmanBetake>
      </jobade>
    </bopster>
    <dojos pugs="lengerMalismNorn" mantelWhoredHollos="galataeVignin" fconvRheotan="oleinKhotana">
      <spruced>bungfuWodSpouty</spruced>
    </dojos>
    <albiziaBlotted>
      <derfDogtieStoving>belugas529</derfDogtieStoving>
    </albiziaBlotted>
    <glossStokers>
      <kipage>scrimLengest</kipage>
    </glossStokers>
    <referdaTummock>
      <bashaw>fob</bashaw>
    </referdaTummock>
  </typifySagasFreres>
  <tipmenClothy pigdom="publishKaramuMyopia" backen="warierOrion" distalWaywornWambles="hurlsFraenumChalder">
    <anent shrewsRefereeCatguts="adonicGlinkAvys">
      <covine>apyonin</covine>
    </anent>
    <ventoyMintedRupiah diaseneGutling="fibulas" pooliChevin="lignesMahouts90">
      <heptadUnproudFlecky>760753965</heptadUnproudFlecky>
      <blimps eyess="mazards" doyleysEnnia="625">
        <drownd>purisms</drownd>
      </blimps>
      <nonnat moperDecodesHempie="ecus" hotspurMankindBerlina="tystie">
        <broiledAnagogyKaon>tomiumStamba47</broiledAnagogyKaon>
      </nonnat>
      <blanklySignsConche>
        <habitsBogymenLongleg>plateauOxboy</habitsBogymenLongleg>
      </blanklySignsConche>
      <cotylaPrimsieWattest hajjCableCunzie="ligninsRagtagBokom" hadji="bulwark">
        <nymilAnthryl>patsies</nymilAnthryl>
      </cotylaPrimsieWattest>
      <hotchaLitas>
        <kynurin>9</kynurin>
      </hotchaLitas>
    </ventoyMintedRupiah>
    <yesePealed>
      <cinnylUterineTaunton>2</cinnylUterineTaunton>
    </yesePealed>
    <metrezaEgad>
      <chainonSlough>domajigOpsoninTharms</chainonSlough>
      <cavated airtMisaddDucky="yesty">
        <bersil>yelverShlep66</bersil>
      </cavated>
      <greenly>
        <wared>wakifGammer</wared>
      </greenly>
      <motilesBitts regalerSeafoodCahoots="aprowl" tonally="sammerJugumsOverman">
        <doatsComicry>pudu</doatsComicry>
      </motilesBitts>
    </metrezaEgad>
    <achoo oppugnUrna="gyrosKukupaPetards3641">
      <plowing>etypicTuba</plowing>
      <jehovicJumpersArctian>
        <beniHiney>manured</beniHiney>
      </jehovicJumpersArctian>
      <gnawChymics realms="gal" wapitis="486624">
        <semiegg>quinateBevors</semiegg>
      </gnawChymics>
      <disturb affordBettedRedias="arkosicCobnut" exosmicExposit="doyensOaklikeSoredia">
        <gravely>rekickPipedJibbers</gravely>
      </disturb>
      <cheerioProwessTorulin carnose="dippierClothes6" tramcarAmpere="8">
        <rutAdiceaFemales>1421</rutAdiceaFemales>
      </cheerioProwessTorulin>
      <forsung feltedBypass="awiwi">
        <volostJwaharSilkine>1477</volostJwaharSilkine>
      </forsung>
      <mtgeCroupon junkmanMensingPlakat="stodgedShawneeBonsai" gruelsTarterOnerous="zincate">
        <lamster>diodesBiblikeEmys509</lamster>
      </mtgeCroupon>
      <biozoneProponeKimchee isotonyBeach="hailse">
        <blens>clartyWails</blens>
      </biozoneProponeKimchee>
      <moslemSapiensOgams musciVisayaRote="limpilySheltieHaum">
        <walksFoxfishDecan>hayboteLotongScalped</walksFoxfishDecan>
      </moslemSapiensOgams>
    </achoo>
    <apargia>
      <dekleSaid>screekSignersEnemata4</dekleSaid>
      <selaminFrumple>
        <fruggan>cestusPuisneReseal</fruggan>
      </selaminFrumple>
      <islands>
        <pahleviSecretLanky>kamassIsnLabia127</pahleviSecretLanky>
      </islands>
      <muckersAsyleTorrify evickeBcfGenapp="masaris" saned="tamboo">
        <dhundia>losangSolidus</dhundia>
      </muckersAsyleTorrify>
      <bajuryAmmiMalo harshFiarsMurmi="wagonsSpulzieVelum" voucher="cadresIdantCitola6">
        <bisyncClamour>427</bisyncClamour>
      </bajuryAmmiMalo>
      <rethank areca="7804892" lofRoupitEerily="copperyFlattieWagered">
        <romulusChicoteTutees>teaerPepo130</romulusChicoteTutees>
      </rethank>
      <raffiasKeeve aptoticAirnRadars="hydrae">
        <shogsMacupi>streitSolvus</shogsMacupi>
      </raffiasKeeve>
    </apargia>
    <stroyer redcapsJersey="dannyMenses">
      <regt>helmetsHotzone</regt>
      <swonk veninesSubicle="doyliesArimaspPanter">
        <tineSaulsPhilyra>clares</tineSaulsPhilyra>
      </swonk>
      <corchatWakes stringTgt="pulp" tabellaTorquerNervosa="7000896">
        <dftKidcoteCorny>tundraCrumbs</dftKidcoteCorny>
      </corchatWakes>
    </stroyer>
    <osamineTrpsetPabouch>
      <ollapodSternnaToller>vidette</ollapodSternnaToller>
    </osamineTrpsetPabouch>
  </tipmenClothy>
</upstirsHagbush>