<?xml version="1.0"?>
<molochsAposia>
  <gybing washoffAtterEduct="7004" wrongsPipey="9486483" />
  <begroanVeiny peltaeBolerosGeir="remicaYaguas">
    <muringFallway>
      <raninePurgedEgotism>unmatedPublici</raninePurgedEgotism>
    </muringFallway>
    <wheezyQuetMisact>
      <genius>sorbed</genius>
      <revenuePackwaxOvertly oicksMesicDebtee="acorn" importsJussiPilose="frocksMomentsAmhar">
        <zincs>361007</zincs>
      </revenuePackwaxOvertly>
      <eniac dildoe="warmerMoreenDivulge" fess="gestedSartage">
        <embarksRole>avigateHexosanThalia64</embarksRole>
      </eniac>
      <almurySeveralTreads thwacks="isopodaOutspit" yugasSerer="slatUnfitly">
        <deavesMonnionStyrian>leukons</deavesMonnionStyrian>
      </almurySeveralTreads>
      <rikshawDashikiPterion primateLoaden="fjord" snooty="axwortRentalsKyanize">
        <tyro>mesteesOvalize</tyro>
      </rikshawDashikiPterion>
      <flyteClearer>
        <reparkAssify>stootLecher</reparkAssify>
      </flyteClearer>
      <sloot hurter="26476">
        <yogeeLubber>serapis4</yogeeLubber>
      </sloot>
    </wheezyQuetMisact>
    <hilch>
      <csmpOctadic>7564882</csmpOctadic>
    </hilch>
    <studder joypop="hemmelRiddlePurfle">
      <seora>hemolUraseManzana462</seora>
      <enemyDyedDiodon>
        <letupOxbiterBaluga>tbsXxv</letupOxbiterBaluga>
      </enemyDyedDiodon>
      <sterile puppiesCitril="bororoAccoy91">
        <imbriumEnwiden>extrasTat</imbriumEnwiden>
      </sterile>
      <xicaqueSambaAlkyne unbindJennet="neederMoySpieled" solandFerter="gastrinIrenicsJagless">
        <perau>kipfelFoglessWished</perau>
      </xicaqueSambaAlkyne>
      <estuateLobatedTrionyx uraeus="outsawFdubCouldn" siafu="afara">
        <unpity>bironKipageGrowers</unpity>
      </estuateLobatedTrionyx>
      <rejerkTehuecoHour>
        <uptossEndemicPilous>63618</uptossEndemicPilous>
      </rejerkTehuecoHour>
      <chancey corahUnwordy="blocsSnowingDaring72">
        <strongCharlie>hulwortSeringaDons</strongCharlie>
      </chancey>
      <bewitUnsunnySnorts vealsHedgersBrasser="2">
        <olderOdzooks>reffingCracca257</olderOdzooks>
      </bewitUnsunnySnorts>
    </studder>
    <araireKoorhmnSagier>
      <leavierBanker>smearer33</leavierBanker>
    </araireKoorhmnSagier>
    <habiru>
      <ungulaePraetorForaged>438</ungulaePraetorForaged>
      <rolesPeachPagus ophioidShoaLustier="mantalBestrew">
        <cingula>sklateTasian</cingula>
      </rolesPeachPagus>
      <vespineNonpar>
        <jarliteTholingTriene>68618656</jarliteTholingTriene>
      </vespineNonpar>
      <bogachFilmic>
        <wedgerTweagFruiter>cancanSeggedSipple</wedgerTweagFruiter>
      </bogachFilmic>
      <viduageCursors rimrock="hame" adderRefleeSeptet="distortForums">
        <scrapyFlobby>striked</scrapyFlobby>
      </viduageCursors>
      <snurp slainTrompe="unrakedRepackAselli">
        <octopod>unbroidLyrated3</octopod>
      </snurp>
      <roughieRuffingRovet>
        <mushaaDopas>borley</mushaaDopas>
      </roughieRuffingRovet>
      <oxynticLakhsAtule>
        <carious>pewdomProoBee</carious>
      </oxynticLakhsAtule>
    </habiru>
    <rattersVanlayAbjured>
      <puttersSicDistr>unstone</puttersSicDistr>
    </rattersVanlayAbjured>
    <plushesSegosSpeise luniest="900801267" urarticBlairHantle="inlike" bebang="mozetta">
      <inlardBallas>feasterKhir</inlardBallas>
    </plushesSegosSpeise>
    <brandi musks="mingeSlightyKetmie" emptilyTrochusMike="moterMeritsAnserin" sourerMystCaestus="wizzenCoparty">
      <flouredEnvies>burying</flouredEnvies>
    </brandi>
    <citharaLatris>
      <peage>expeded</peage>
      <kerneHinney crumbumBurdie="koussin">
        <acoolThaness>intsvDolleyLack</acoolThaness>
      </kerneHinney>
      <kuduGrene coreRawer="mythify" hecticFylfots="outturn">
        <tyighMorula>maculae</tyighMorula>
      </kuduGrene>
      <diporpaLeptiteTalcher reemit="wamefou7434">
        <gallonsDutyBirri>98957705</gallonsDutyBirri>
      </diporpaLeptiteTalcher>
      <plumb bonnnesIliacClang="echingEarlishFilacer">
        <flashySmackedLycopin>spaeman25</flashySmackedLycopin>
      </plumb>
      <cobiasStaffedLingual>
        <recked>croceusUnisons</recked>
      </cobiasStaffedLingual>
      <salpidFlype>
        <birlinnRurally>windierStrauss</birlinnRurally>
      </salpidFlype>
    </citharaLatris>
    <amatory>
      <acme>outbark</acme>
      <lija outlierUppiles="vidiconToorie">
        <nth>mmfTamersVairagi</nth>
      </lija>
      <jochBawnEtched>
        <slued>361</slued>
      </jochBawnEtched>
      <pocheOuttop byp="septalClergyMoats">
        <laudMatelotOvarian>mordv</laudMatelotOvarian>
      </pocheOuttop>
      <speckedZestTalk>
        <estoile>69</estoile>
      </speckedZestTalk>
      <hanch oliniaBravure="sartainStankie" meccanoKintra="1297338">
        <slightPlagues>chambulSoggedTollway</slightPlagues>
      </hanch>
    </amatory>
    <zoileanJimpy tarseIbycter="2" aurifexTinnock="adj501">
      <pokyLathyOgmic>stacyIdioticAureous436</pokyLathyOgmic>
    </zoileanJimpy>
  </begroanVeiny>
  <aeronefLickerCajaput>
    <sizzlesMuddlesRecta falsie="treblyJoineryAmyous" obeyedVenule="peelZolaize" motesMediiSwadder="unfiend">
      <playpenJackeen>dumpoke</playpenJackeen>
      <hoselRearmsRodsman lampletJesuitMithra="donor" chilkat="stirraAciform">
        <dislimb>moating</dislimb>
      </hoselRearmsRodsman>
      <muleySwathes>
        <gargetyElohism>bittock75</gargetyElohism>
      </muleySwathes>
      <aob copymanLobbies="songoiFrom">
        <kapoksOrcin>fondles874</kapoksOrcin>
      </aob>
    </sizzlesMuddlesRecta>
    <leaningKofta tussorsZitSemeia="glucine" dogdoms="encasesTch">
      <phraserStink>chamalMoulinsBiverb</phraserStink>
    </leaningKofta>
    <nuclideYakutatCousins>
      <hyaloid>shethQuiresScraily</hyaloid>
    </nuclideYakutatCousins>
    <scatula>
      <pmt>correspEirene</pmt>
      <grecismMatzo bibliog="tapemanYogins7305" soree="788">
        <tuingaMoorishClovery>flotasLambie</tuingaMoorishClovery>
      </grecismMatzo>
      <pollageContekeRosary unwindsYearthDeperms="smrgsTrucedWummel">
        <shared>skins</shared>
      </pollageContekeRosary>
      <gallant>
        <tinguyTangiVast>negress</tinguyTangiVast>
      </gallant>
    </scatula>
    <agamaeCooing>
      <deepens>anthemyLotusin82</deepens>
    </agamaeCooing>
    <sewableEvery>
      <pinotRandomRoues>habSplat</pinotRandomRoues>
      <decius godownEvitingChooser="26400194" cidaridApiculiPotter="gobbleSlourMerodus6877">
        <koreanLambaleSubatom>slayingCedrol13</koreanLambaleSubatom>
      </decius>
      <tarrifyGolpPedes vaunts="groundy">
        <lovatForgoOxyaena>despectCheaterOrgueil</lovatForgoOxyaena>
      </tarrifyGolpPedes>
      <guajira>
        <wounded>riping</wounded>
      </guajira>
      <ducheryCahows rerentCite="paseosIsogenNihils">
        <stere>skiversSalable</stere>
      </ducheryCahows>
      <balterPrankyReswarm nodoseTriparaGules="bennyYeelin">
        <bertatSarcodeTablita>kinkleVodka3618</bertatSarcodeTablita>
      </balterPrankyReswarm>
      <catsoBanally>
        <pstThoreCooping>shirtsNegressEmbryol</pstThoreCooping>
      </catsoBanally>
      <swissAbuKilims dabblesSignedUntaste="vented5">
        <radiumsSatsuma>tietick</radiumsSatsuma>
      </swissAbuKilims>
      <kingsPunnet ignYauponDeters="ergoismReis">
        <coalite>revetSteric</coalite>
      </kingsPunnet>
      <huffler>
        <haikhBarakaWenched>ardoursAlborak</haikhBarakaWenched>
      </huffler>
    </sewableEvery>
    <fucateKassite vougeot="tyighTarishEvenoo" cantusByrnies="23467659">
      <solothDecrialNamely>okimono19</solothDecrialNamely>
    </fucateKassite>
  </aeronefLickerCajaput>
  <reh sextetRots="tmesesPerilPoinado">
    <mortsAnelesBluing looverDiscosGibbet="isolexLallyPleion">
      <hexosanWebby>maklukSinkers471</hexosanWebby>
    </mortsAnelesBluing>
    <ess>
      <realiveOrakzaiDevil>league</realiveOrakzaiDevil>
      <odinicWishy>
        <qatsSaiga>herrIrrite1457</qatsSaiga>
      </odinicWishy>
      <chagul mistMerises="feastsSinopisCuorin">
        <pizzaFaxingZloty>circsGaizeAgrah</pizzaFaxingZloty>
      </chagul>
      <sepd pyroNielsLionism="coryzaRimple" hatpins="diterCoons">
        <vibrios>ankhsZooglea</vibrios>
      </sepd>
      <fault>
        <slapperSwamNauger>stuartZacatecThrives</slapperSwamNauger>
      </fault>
      <linsSubdueRabin>
        <after>hauntFlites</after>
      </linsSubdueRabin>
      <bogled>
        <podunkVerminy>loover</podunkVerminy>
      </bogled>
      <brosot>
        <unspikeParkinSledge>sonores</unspikeParkinSledge>
      </brosot>
      <adapa snowier="147750005" benzoleAutecy="12650">
        <scrimp>surviewGardnapAnility</scrimp>
      </adapa>
    </ess>
    <pangaraDorbug>
      <urania>coffeaBedunce</urania>
    </pangaraDorbug>
    <boxhaul>
      <molimenSpurn>47452</molimenSpurn>
    </boxhaul>
    <dhaiAlgist>
      <purringPinyon>warmish</purringPinyon>
      <zitherMistery>
        <ulamas>ghiziteDeboist</ulamas>
      </zitherMistery>
    </dhaiAlgist>
    <carboxyGudrunBakatan slipupBaetylConvexo="ibidemHoastFeatish" anlacesBleep="oronoco8141" numbers="adeems2">
      <gurleFiryJudah>piggieFrotAlley</gurleFiryJudah>
      <jeering surfacyRoolBabbled="ellBreesBedral">
        <rosiest>ursolicAtopyFugacy</rosiest>
      </jeering>
      <chuffAimsWoodish mixenGromiaFlutier="quarGrotty">
        <colleriIsologyPapists>boyau281</colleriIsologyPapists>
      </chuffAimsWoodish>
      <teals whammleScrubby="kything">
        <riflingSclere>spitzPlatterHexsub</riflingSclere>
      </teals>
      <bladyLataxAlipata inositeMaquisNiellos="credereEmblazeSulfid">
        <penialEmbalmChon>yawningChonta454</penialEmbalmChon>
      </bladyLataxAlipata>
      <xenicusDinitroRewaxes acacianGunny="somaliSummistStreaky">
        <cachedAmitate>lawAmiralBaccate</cachedAmitate>
      </xenicusDinitroRewaxes>
    </carboxyGudrunBakatan>
    <jussionLadifyImbower>
      <jingles>cantelForgoerAbjure</jingles>
      <mournsOuthue writheMeldAgalena="polewigDrabs635" halifax="chasterLampicAsarota">
        <buckingMirex>clumsy</buckingMirex>
      </mournsOuthue>
      <moulinsCobbs iguanasMiner="purerThrillJalaps" demulceUnraced="cavilerAbangaPeyton">
        <kintryUnlace>volenti</kintryUnlace>
      </moulinsCobbs>
      <oxanic heavesHushful="polJambeeResnub" prolegCaravel="crayCoggerHusker106">
        <closely>201868</closely>
      </oxanic>
    </jussionLadifyImbower>
    <batheBanedOxgall>
      <neurualMusciOrwell>kit</neurualMusciOrwell>
    </batheBanedOxgall>
    <shanganYoginsOddly>
      <sepiost>nomismaRuttishMeddle</sepiost>
      <snocat>
        <southed>775126127</southed>
      </snocat>
      <premium>
        <disgoutBronkQuirl>3246</disgoutBronkQuirl>
      </premium>
      <aluletAmenta hoppoWun="drivelsNabbyFicins76" rancorFitment="68846">
        <talcoseBaladaMins>wallochCredaCobalts</talcoseBaladaMins>
      </aluletAmenta>
      <dubbyWhapped>
        <burgessSitka>masty</burgessSitka>
      </dubbyWhapped>
      <maficTyring>
        <turakoo>backletEnfacesVentana</turakoo>
      </maficTyring>
    </shanganYoginsOddly>
  </reh>
  <jackalsCushawMetier eyebeamAgnosiaPennon="eadiQuizzyHetter" criolloHastingJanghey="291808" paussidInport="mariaAzotic" deplump="tikeCroakerAlick" />
  <dintingIlamaPuture youveDipettoSwayed="daalderCurySags" />
  <phora flathat="aftergo404">
    <crown>
      <askarisReaveWorst>blouses</askarisReaveWorst>
    </crown>
    <cajuputKendosIsotopy>
      <squeezyBoughtEdda>pastoseQuarts544</squeezyBoughtEdda>
      <shortlyHumaner>
        <tugrikKinguTige>heptalGiggled</tugrikKinguTige>
      </shortlyHumaner>
      <yenderThonder cowardyDisformNunquam="shinierSpanishInboard">
        <mummiedAmomalGauger>7</mummiedAmomalGauger>
      </yenderThonder>
      <woofellGoiter votalEpitaphLatirus="scrawk">
        <crepeAgalena>betelAvertinCruds</crepeAgalena>
      </woofellGoiter>
      <tarbush pschentSkieppe="smilerAidePoisure">
        <beheadPuntiBallard>bls</beheadPuntiBallard>
      </tarbush>
      <czechicTeasle>
        <metredHitchy>gracyHarijanPorkpen</metredHitchy>
      </czechicTeasle>
    </cajuputKendosIsotopy>
    <girdedGadsPrune>
      <isoln>cswElfinPinny</isoln>
      <fallow caiquesStuck="undinedSayst">
        <boceThoght>osmetic8907</boceThoght>
      </fallow>
      <hoopedMouflonFlits thenPluckyAccrued="nonepic">
        <poopedGurgly>kilp</poopedGurgly>
      </hoopedMouflonFlits>
    </girdedGadsPrune>
    <embloom>
      <booted>2</booted>
    </embloom>
    <illy>
      <lipemicSuedingEzan>cygnid</lipemicSuedingEzan>
      <escharaTaximenVier swamper="peltish" bingoChiasma="axolotlRombleRollbar">
        <outedgeAbraidAcrasy>stifleLanguesPlugmen</outedgeAbraidAcrasy>
      </escharaTaximenVier>
      <paretta madcapCommieChows="bedadKareeta61" dishedMorga="kivuWanhorn">
        <terrace>epoxyMacheerForte</terrace>
      </paretta>
      <deiseal>
        <rapeyeGarniceSusian>haspGreaveScreeno454</rapeyeGarniceSusian>
      </deiseal>
      <schmeerYeggman>
        <dabbTowed>sprongCrisProlans</dabbTowed>
      </schmeerYeggman>
      <dennedOmbersLoanin waasiUntellOngoing="loisEmden">
        <piculeWoodman>49442</piculeWoodman>
      </dennedOmbersLoanin>
      <inknotPlebian>
        <farinasThrail>folkmotEnchafe</farinasThrail>
      </inknotPlebian>
      <zurliteRetrampDefence>
        <mastiff>inulaGipsireToenail</mastiff>
      </zurliteRetrampDefence>
    </illy>
    <knurled>
      <sander>finalsClops4803</sander>
    </knurled>
    <radiaryMeowGorgio>
      <robbins>cocusConurus</robbins>
    </radiaryMeowGorgio>
  </phora>
  <parlors maizerZeugmaFilaree="aphthaKusan" detroitChottHeredia="zooticAbseilsGrank" waikUnslogh="cooeysDiremptJailer" tokyoMatka="37801">
    <loofs>
      <excernTroatHansels>40</excernTroatHansels>
    </loofs>
    <tenterPoietic noance="untenty">
      <wichSugann>gropers</wichSugann>
      <hulasWooed>
        <rerope>tribletShemiteTacking2811</rerope>
      </hulasWooed>
      <afenil teopan="959">
        <maranao>canneleFraisedNonfarm32</maranao>
      </afenil>
      <aarrghhVolumesProal recumbFrizer="pomadaFem">
        <amarvelTyphula>maniaMacaws</amarvelTyphula>
      </aarrghhVolumesProal>
      <masts mortalsSkitAldus="3298">
        <brewageNinos>apheses</brewageNinos>
      </masts>
    </tenterPoietic>
    <exceedCappersSodless>
      <vaquero>652635938</vaquero>
      <nudnik optingLatkeZaffres="puererSiren68" trinodeKittle="guitarsPochote1">
        <tepehuaHotly>1897</tepehuaHotly>
      </nudnik>
      <abioticGlassyFumeuse lustly="exaunHauyneFinicky">
        <coehornAeriedCotery>outbake</coehornAeriedCotery>
      </abioticGlassyFumeuse>
    </exceedCappersSodless>
    <jelib ratanIsthmusStrial="barbletKeyageSeven" loculusCookishLewder="miguel">
      <pinnule>deducer</pinnule>
      <filterTrope loverPillboxChamoix="steeledStagy">
        <thuoc>wleccheSlothsAssisa</thuoc>
      </filterTrope>
      <amulets corollaAurallySiskins="293" resaysIsatinsUpskip="planchColumnaMoarian">
        <scyphiCrimmerRamass>lightedChumpAdaxial</scyphiCrimmerRamass>
      </amulets>
    </jelib>
    <alwayDamasse>
      <upflingPothosGalapee>doughy947</upflingPothosGalapee>
    </alwayDamasse>
    <chauiPhrasedRotonda>
      <linhay>60108</linhay>
      <dazedlyZizzCavia upbyeHaetAzilian="munshiFlaughtButut" cedrate="spirous">
        <chelone>masoraBurma</chelone>
      </dazedlyZizzCavia>
      <foxfireSkanda>
        <imphee>amula</imphee>
      </foxfireSkanda>
      <vermianAblush pkt="aixBesnarePretor">
        <lechweApertlyUnthaw>zebuDaincha491</lechweApertlyUnthaw>
      </vermianAblush>
    </chauiPhrasedRotonda>
    <chamfer>
      <xylylic>stevanWatchedSaddhus</xylylic>
      <boreiad caudaMacbethTriads="lowly">
        <catlins>spayed</catlins>
      </boreiad>
      <thenarHilling cothePunk="cambricAnabongHest" knightCoolant="446">
        <furoicKammina>rabicHakoAmoret</furoicKammina>
      </thenarHilling>
      <tinnersIncasDewdamp upwithAnglersAmbers="phycicBerthsLiqueur">
        <kannadaSarawanRedare>fedarie</kannadaSarawanRedare>
      </tinnersIncasDewdamp>
      <bleeped>
        <colloqSaids>abacaxiStilbumPreaver</colloqSaids>
      </bleeped>
      <jimpyHulas kreilYogist="decimaHindCompoer">
        <braidPeixere>refuted972</braidPeixere>
      </jimpyHulas>
      <vestas>
        <heaviesGrivet>pegless</heaviesGrivet>
      </vestas>
      <nignay>
        <teddyPincase>cymolsFelter</teddyPincase>
      </nignay>
      <hantScambleCol>
        <lyttae>gladeyeMonofil</lyttae>
      </hantScambleCol>
      <cunetteScrunch>
        <pelicanVedangaPpd>scopedLockingPanicum</pelicanVedangaPpd>
      </cunetteScrunch>
    </chamfer>
  </parlors>
</molochsAposia>