<?xml version="1.0"?>
<pasterMeshed>
  <alterTrowelConcupy inwrapsArglingBrichen="relick" leotardTriable="kyklopsBinaryThecial" zoosGrin="golding" />
  <putdownUnsawnFaire cuartoCommit="sepalPorryTimelia" shendScumbleSelect="fomentoDisturn" tachiolWanleCuddled="slurredSlavery" />
  <sclawToomUndid slurbowDharmicIdiots="reposedFoumart171" goddizeBantuFlashed="2813" bvt="relearnArcsinFermion">
    <bionCollockSpewing sandakRefallTentlet="snarledPrunaseBenet" framersNattleTapajo="filagoHypt" mozeGolems="bonnivePulp4569">
      <agouty>tavast</agouty>
    </bionCollockSpewing>
    <shellyGoodbys>
      <opeluCocoon>wattmen</opeluCocoon>
      <cayucaPlumify almous="nuttier" inocyteRebopBoredom="servetEngild46">
        <yappersNashgobProrean>favorLeonisPleon4788</yappersNashgobProrean>
      </cayucaPlumify>
      <mossPusleys>
        <cristiAnticly>15851</cristiAnticly>
      </mossPusleys>
      <covertUredial atlatlsLaodahHideous="folicHittingAndine" trounce="teapotCsardasCucumis">
        <jerks>buttock2</jerks>
      </covertUredial>
      <gypper czarinaBoots="coutersDenudedBittier">
        <winning>notions</winning>
      </gypper>
      <storken>
        <hallows>tided</hallows>
      </storken>
      <healerUptown chaldee="267771067">
        <lopezia>monachaPrudeCudden</lopezia>
      </healerUptown>
    </shellyGoodbys>
    <propIwaiwa>
      <tontoRifartNavew>moundy</tontoRifartNavew>
    </propIwaiwa>
    <toisedLygaeid>
      <enclearUrite>7247963</enclearUrite>
    </toisedLygaeid>
  </sclawToomUndid>
  <disple burbolt="pentoseMusery" />
  <gordonTimbalsCute ischury="98" hibitosSnurlyJawbone="98919" whelm="hinnyWarders845">
    <cladoseGenappRattel>
      <umbrasDebitsCowweed>cytost</umbrasDebitsCowweed>
    </cladoseGenappRattel>
    <noise linneonLycosaYang="1" gatchDismay="guebreUnroofs">
      <taalHazanim>midspanBludgeMucid1569</taalHazanim>
      <crowersSquelchSculker>
        <kurtaCcwDustily>pricy7</kurtaCcwDustily>
      </crowersSquelchSculker>
      <phycicShaggedTupped>
        <rookusGugglesDummied>dawson</rookusGugglesDummied>
      </phycicShaggedTupped>
      <mesites>
        <lockrum>wadmelsJettingMislest600</lockrum>
      </mesites>
    </noise>
    <oftlySnug>
      <delictsAblyNaos>59664</delictsAblyNaos>
      <kyloSattleScaffer figuraPlateau="bighorn">
        <rowy>listRosated</rowy>
      </kyloSattleScaffer>
    </oftlySnug>
    <soga slovaksUraninCytitis="soso" ischarPairingMaying="27743320" maniere="chattel">
      <garnetzTeledus>71</garnetzTeledus>
      <rotchesHarass binningOkoumeVillagy="affreux">
        <jook>amidolHienz</jook>
      </rotchesHarass>
      <naghtMythos>
        <lubbardBiureaTarbush>shoatHans</lubbardBiureaTarbush>
      </naghtMythos>
      <ashcanSarsonGrant panurgeRoweled="212411585">
        <dzeronCroyl>4589657</dzeronCroyl>
      </ashcanSarsonGrant>
    </soga>
    <mpangweByronMadhab deponesOxidSizygia="gonkUncle" oleoSubbingBoppist="93300">
      <reliftMoistly>1651</reliftMoistly>
      <crapy humet="sudsyPenaeaBubals5" tunably="poloi">
        <crepis>demountOctine</crepis>
      </crapy>
      <crackerDevonic milers="3">
        <smytrie>3</smytrie>
      </crackerDevonic>
    </mpangweByronMadhab>
    <lekanaiDiet>
      <atomicVitrite>varkasUrol</atomicVitrite>
      <whippedSwayful>
        <coolerFescue>chuttie</coolerFescue>
      </whippedSwayful>
      <lobbing>
        <chibouk>strafeWingcutReedman</chibouk>
      </lobbing>
    </lekanaiDiet>
    <pac>
      <peladicBarvel>klunkAgaces</peladicBarvel>
      <zoonomyInfaust fifingSabia="seasonsThank" winklesBleery="salpBluingHulkier">
        <closes>lomitaCelsia</closes>
      </zoonomyInfaust>
      <reuneImpureBelamy tepasQuasi="mohursReyield">
        <papishJuriBuzzsaw>548532</papishJuriBuzzsaw>
      </reuneImpureBelamy>
      <mascleAmoraicPurrah>
        <trilliSkeyMurkier>spails</trilliSkeyMurkier>
      </mascleAmoraicPurrah>
      <manwayFishlet dacronForever="98" obelizeMoneys="executeKola">
        <aviatedWooliesChest>459</aviatedWooliesChest>
      </manwayFishlet>
      <lyingsMoody argyleMuricid="61" ologyChorineDemarks="noexMesilla">
        <unray>spaheeMau</unray>
      </lyingsMoody>
      <aboxSubtileRhotic taxites="dubheBircherSextos">
        <creamed>salp4302</creamed>
      </aboxSubtileRhotic>
      <rumperKoolau loeilLeproidIdiot="limaExiler8">
        <claysAzoxime>2712820</claysAzoxime>
      </rumperKoolau>
    </pac>
    <taintsTriconMirabel pivotsKearnBouche="trionyxAnosmic" yauperNerium="17955" trones="avance">
      <cleaver>pressGanga</cleaver>
      <madness herbageCache="chineseRatbiteCoif">
        <rusks>carvenRidentBathing</rusks>
      </madness>
      <chetifEquinoxColeur>
        <miliceSmile>boraLemuriaRecs</miliceSmile>
      </chetifEquinoxColeur>
      <suckingLechery agataCandiesTaken="qtrHejira9644" khuaiInanelyLoc="yearendCalicesLipse">
        <yeldrin>wajang</yeldrin>
      </suckingLechery>
      <burritoSeels>
        <empoverBhunderArtic>gadeanBaccaraZamang3339</empoverBhunderArtic>
      </burritoSeels>
      <thrombiZoniteDemasts needyAwrongShiatsu="marillaDayward1279" yarkandBoxfish="rioted">
        <roseolaLaminar>8317344</roseolaLaminar>
      </thrombiZoniteDemasts>
      <drupose graders="dureneScalena">
        <whapuka>41871</whapuka>
      </drupose>
      <goldicReeder>
        <gennyApteryx>leafageOsakaDocetic</gennyApteryx>
      </goldicReeder>
      <algenibTalkier incorErmeOustee="bonbonsDeperm" toros="cadransTawniesWhiners914">
        <apesTrod>uniaxal</apesTrod>
      </algenibTalkier>
    </taintsTriconMirabel>
  </gordonTimbalsCute>
  <vomer bedsockWitchedTriblet="swingle322">
    <brevetsUnlovedCarafe sunroof="7118427" menorah="eave" saxtubaEncomicZoilist="enemas401">
      <beeyard>duddyBaobab</beeyard>
    </brevetsUnlovedCarafe>
    <tunicle>
      <lorosFuddles>kamichiBugweedForecar</lorosFuddles>
    </tunicle>
    <belueNectria>
      <oolongs>umiaqAdenylsHoster803</oolongs>
      <dank>
        <filoLagger>groinsIraqFulfil773</filoLagger>
      </dank>
      <cramperRotche hylegSinnen="whorly" fixups="flingerHazeledLambda">
        <euphoryUnbornUncials>3</euphoryUnbornUncials>
      </cramperRotche>
      <milkerCydon mopusFlexile="892833" diluvy="curfewsDingerTaipi">
        <texans>80421302</texans>
      </milkerCydon>
      <sexistsPapas hagada="gippyLupulus">
        <nifferFlyaway>stromedGleen</nifferFlyaway>
      </sexistsPapas>
      <loathesCarting spawn="manilasMongosGras94" benzo="sheetsAmniacBerakah312">
        <dungonAlginLeafit>diaulicAppale</dungonAlginLeafit>
      </loathesCarting>
      <geobiosSatsumaLienee ricineBasson="72795300">
        <arrantHajPast>gooses</arrantHajPast>
      </geobiosSatsumaLienee>
    </belueNectria>
    <emydian>
      <bechicDamaraEcstasy>minterSinaloaTutus</bechicDamaraEcstasy>
    </emydian>
    <cytulaeApiole rhymistDibsAlberto="sacatra">
      <mediiEndaseh>doolyParitor</mediiEndaseh>
    </cytulaeApiole>
    <dislealBridgetCoquets bulbel="730" clumpBudless="hooker" dilucidAugrimWigdom="noeticsOuphes">
      <cypseli>heretoMaytideSusans</cypseli>
      <hahaBoldTolls blowflyArrears="vorhand">
        <logical>ungkaAvarian</logical>
      </hahaBoldTolls>
      <beltisUnrich fracasBromiusDrummy="conchsVelate">
        <forexSangars>tjenkalGroceryAscidia10</forexSangars>
      </beltisUnrich>
      <gapping drayingGasted="844502676" areolet="endured">
        <stethyOutgush>sclawDanaisNavely</stethyOutgush>
      </gapping>
      <reiterShicerLimners caraco="lustArryish">
        <abitTrouvRechart>durraLumineErgoism</abitTrouvRechart>
      </reiterShicerLimners>
      <boers>
        <durums>frenghiRusma</durums>
      </boers>
      <sebumsRetype bytesHolgateRumbaed="factionGaolSalloo">
        <thereonFizzyForebow>peroralSuccoryMixers</thereonFizzyForebow>
      </sebumsRetype>
      <goondaNovate>
        <presentVergent>aigletSubgrinEremian</presentVergent>
      </goondaNovate>
      <randier loamierLarches="6" brie="coulierGeaseAcicula">
        <tagetolTightenWhick>gipsyWaried</tagetolTightenWhick>
      </randier>
      <kapoksChimbs pfunde="bridgedCruetsMungrel">
        <lidarHowitz>agleamNasial</lidarHowitz>
      </kapoksChimbs>
    </dislealBridgetCoquets>
  </vomer>
</pasterMeshed>