<?xml version="1.0"?>
<goopyHimne>
  <millmenRewaxesYeply bepray="alencon" jumbyDesired="allowRelet62">
    <diaryDmarcheIdgah cesuraChubsProbits="tameinsGroovesSeskin5" abvDelimesGurr="734537" sykesTammuz="barbets93">
      <liney>marketsCicero</liney>
      <veerOstrich>
        <traziaMuriel>mussilyRosinyBuhrs</traziaMuriel>
      </veerOstrich>
      <basemenDiviseInerts>
        <faconneHockeys>denyingMoneySeminal</faconneHockeys>
      </basemenDiviseInerts>
      <canerAlcorCretify loedRoistTilters="gelee3" blateSmectis="diarchMandyai">
        <vaumureForcesOxalic>strong866</vaumureForcesOxalic>
      </canerAlcorCretify>
      <exitAhint>
        <mudhookEgo>lamish</mudhookEgo>
      </exitAhint>
      <wiremen>
        <mammutHistsDvigu>nuchalePastelPawners</mammutHistsDvigu>
      </wiremen>
      <cudweedSemimatBrags>
        <splinty>itllVomicaeByon</splinty>
      </cudweedSemimatBrags>
      <pyrolas dissait="rarer">
        <witbooiRetainUngaged>icework</witbooiRetainUngaged>
      </pyrolas>
    </diaryDmarcheIdgah>
    <sericonChiruFlops>
      <huron>52625012</huron>
    </sericonChiruFlops>
    <playlet>
      <screelJellsLibs>tannest</screelJellsLibs>
      <curriedShapingCornrow>
        <payroll>43579</payroll>
      </curriedShapingCornrow>
      <sabinesStruv sleided="4780">
        <isohyetAngliae>7287719</isohyetAngliae>
      </sabinesStruv>
      <torsade tilthDeprDefers="amphoraOpenedTuchit" venustyFanlikeSporid="ectiris">
        <lukeAnaemicCamels>1701</lukeAnaemicCamels>
      </torsade>
      <enseemElveArtgum>
        <hasan>untoneFaceoff448</hasan>
      </enseemElveArtgum>
      <unsiegeRebend sleeksCozener="carriesFlayerUnsinew26" iraniExposal="muddle">
        <penibleGalv>draftedLabefyCutoffs</penibleGalv>
      </unsiegeRebend>
      <faun punnyCaw="engrailPlaya">
        <indicEntrustKilty>corkingQuinoaBedman</indicEntrustKilty>
      </faun>
      <plaitedLaang>
        <vernageDirgler>sooperScryingSatyric</vernageDirgler>
      </plaitedLaang>
    </playlet>
  </millmenRewaxesYeply>
  <tailpinPrestlyRattler sta="22775026">
    <tactitePhytate>
      <humic>stomionCuraras</humic>
      <punctumTempery borrow="grey">
        <furisonNymphidRags>nevomeApersLoveful</furisonNymphidRags>
      </punctumTempery>
      <tunnerUptableUnsolve netterUsed="serversThoom6" scared="qasidasAmugisRether">
        <vivres>teached</vivres>
      </tunnerUptableUnsolve>
      <osteal>
        <trouterSaludVerbile>hilusPsalmyDispulp</trouterSaludVerbile>
      </osteal>
    </tactitePhytate>
    <gonimicVowel>
      <vidduiBaalimSambul>4503</vidduiBaalimSambul>
    </gonimicVowel>
    <scalingPrologiNauseum noxial="7886">
      <dunkleSledgesYederly>vulvaSexistsShimmy361</dunkleSledgesYederly>
      <dolled>
        <gunshop>flangTitusTouses</gunshop>
      </dolled>
      <mamboedEctadNavar>
        <nisseDuncish>dalIceboat</nisseDuncish>
      </mamboedEctadNavar>
      <carrion rightedHenninWittols="34">
        <ridgilsUnreel>loudenOrgiesStating93</ridgilsUnreel>
      </carrion>
    </scalingPrologiNauseum>
    <throwstMinosTubmen crotylGaysomeIgnaro="260953654" rheumsCuckold="pippin">
      <abiuret>3090</abiuret>
      <scrotaLitten sherifyRiches="51793" expanseMullock="holderWindle">
        <guiro>contort</guiro>
      </scrotaLitten>
      <pelletyThrap sammier="vidian" bibb="sealerySingey">
        <pelanos>kedgyAsquintCaution</pelanos>
      </pelletyThrap>
      <deridedAngoPeatman unlist="unsnareVerdins" exodus="tellsCauloteLamb1">
        <aventreSlummy>unframeAbattisPulka</aventreSlummy>
      </deridedAngoPeatman>
    </throwstMinosTubmen>
    <llautuScherzi>
      <quadded>305</quadded>
      <osseMorisco>
        <pepinos>gnomideSpecialObvious9695</pepinos>
      </osseMorisco>
      <aarrghDues>
        <tiersJurymanThereas>pondageTheclan</tiersJurymanThereas>
      </aarrghDues>
      <peaveyVideos>
        <cushy>tradesNursle</cushy>
      </peaveyVideos>
      <jisheng pebrineStirrup="golder" claps="boyceUnzips">
        <manjeetRouteSelah>jagger</manjeetRouteSelah>
      </jisheng>
    </llautuScherzi>
    <arnold fagoter="agos757" untoYodsSpikily="3713763" helleltApteran="scauperObitGeront8">
      <owlingWessand>278</owlingWessand>
    </arnold>
    <omrah>
      <guttaePured>82979680</guttaePured>
    </omrah>
    <rewin>
      <badass>atingaHdlcSerule</badass>
      <trystedNatlBidding femur="6" criance="33">
        <dewworm>9</dewworm>
      </trystedNatlBidding>
      <shamePipeage cerealThrillyEntice="pensile" piperno="71394">
        <aquaRammier>remiPareses3263</aquaRammier>
      </shamePipeage>
      <surd stritSaligot="videJutted65">
        <sorbish>tutelo</sorbish>
      </surd>
      <forcedVillote sliveBodierOblate="newelty340" coiffesCoral="7714729">
        <baals>385</baals>
      </forcedVillote>
      <agility brazenExplatMelange="broolEvanish" grudgeChieftyEntheos="atociaReddleNan">
        <charrsYummyDonated>5940</charrsYummyDonated>
      </agility>
      <connoteKnappy>
        <grimace>ronnelsGambit4029</grimace>
      </connoteKnappy>
    </rewin>
    <oki menorah="gustardFlaskerChateau8133" comely="1">
      <gozellOutlast>9755</gozellOutlast>
    </oki>
    <fuseeAkhyanaSitio>
      <shouterKukupaCodify>walledRavener</shouterKukupaCodify>
    </fuseeAkhyanaSitio>
    <pygopodNeat>
      <bagpipeClachanTinwald>peiseAttaccoDeltas</bagpipeClachanTinwald>
    </pygopodNeat>
    <phacoid>
      <bilbiesJagat>first</bilbiesJagat>
    </phacoid>
    <abollaLagerPeddles>
      <doings>40983</doings>
    </abollaLagerPeddles>
  </tailpinPrestlyRattler>
  <anding bartToufic="gins" />
  <schulPiney>
    <await ganserCia="fila" queaseGeldedStefan="amountHillarySwound" cullage="planterWingsSticks">
      <cribbedCaldron>gismo</cribbedCaldron>
    </await>
    <yabbi chounce="fleas" dipsSconesXat="myopiasPrefer" nickyMisway="saumGrovers">
      <delictsBatlanProsy>4431</delictsBatlanProsy>
    </yabbi>
    <wilkRemands>
      <venally>432834</venally>
    </wilkRemands>
    <tundRutchChindi>
      <crocusLaunchLippia>6411128</crocusLaunchLippia>
      <surgedRoaders ruggy="appiusExogamy" outwalkUnifier="osperm">
        <voulge>hillersRastusTuum</voulge>
      </surgedRoaders>
      <auletaiWoefareTokened sallyTapirus="tupmanHagbolt4866" clupeinNoded="51413">
        <yeses>billotShanny35</yeses>
      </auletaiWoefareTokened>
      <kombu>
        <mercalStorer>hern</mercalStorer>
      </kombu>
    </tundRutchChindi>
    <hati>
      <feeliesAtoke>groovy41</feeliesAtoke>
    </hati>
    <yaffsRoemers>
      <liplikeVarier>vinataHorridCoying4</liplikeVarier>
    </yaffsRoemers>
    <pricedPoky varangiPincers="265309983">
      <adoulie>thynnid</adoulie>
      <insofarRemeant auditsThooid="urianRheidae" lambentQuesPageful="wrasseGangwa">
        <vardy>8943350</vardy>
      </insofarRemeant>
    </pricedPoky>
    <tapasSheepy causalEnghle="wholismMetayerGlecoma">
      <zigzagKerning>713</zigzagKerning>
    </tapasSheepy>
    <marlenaGelant>
      <dightDackers>pipySuperbGazet374</dightDackers>
    </marlenaGelant>
    <ficeAcroter>
      <scutchCuplessSweden>anesisSerial</scutchCuplessSweden>
      <macaw>
        <sigillFretten>jactant</sigillFretten>
      </macaw>
      <calpul dared="cscNitryl">
        <annexerExcuserTheses>caciPittiteLutayo1</annexerExcuserTheses>
      </calpul>
      <brantleWhiteyAlvan howfingBoxWynns="4">
        <inflate>hypoidLadenKosos</inflate>
      </brantleWhiteyAlvan>
      <taiwanFrereFetials pettedBeader="volute">
        <sizz>laich718</sizz>
      </taiwanFrereFetials>
      <fullingAlcaydeIllume>
        <iberiteDarnex>topazyWraggle</iberiteDarnex>
      </fullingAlcaydeIllume>
    </ficeAcroter>
  </schulPiney>
  <readiesTruism viertelCampagiDiscos="villageJollyer6" doterPummel="thripid" aureneDylan="linwood" dawed="wottestHarvestAgrest" />
  <menskKph diabase="49699295" specifyHarpBumboat="76" quells="wingierBes" isatin="359">
    <lictorMru>
      <chenarDesiltGrabbed>47749</chenarDesiltGrabbed>
      <tunca alexSeorUnteem="boozifyEidolaKinging" whample="forelay">
        <dartmanOstioleYearned>954</dartmanOstioleYearned>
      </tunca>
      <kalendSixfoilEmpover schuheArauaSaim="338" recrossMootingRawbone="bisters">
        <alebushAugustaGranita>itchierKeeking</alebushAugustaGranita>
      </kalendSixfoilEmpover>
      <sestetsChizzelPanman>
        <adduProsify>siestasNigeria</adduProsify>
      </sestetsChizzelPanman>
      <locates vialingHauteJunk="codeinsPeludoSwotter" alonso="3125478">
        <chenierMutatisSubcell>tafiaMaes</chenierMutatisSubcell>
      </locates>
      <yelpersPourerPlack>
        <tobymanKorec>wershTarsi</tobymanKorec>
      </yelpersPourerPlack>
      <repaperPostman ownhoodFlanesWhuz="442377186" wainerBolls="2">
        <stripe>stokvisCaserRattail</stripe>
      </repaperPostman>
    </lictorMru>
    <snorersSemic>
      <defacesThyselfEuphone>drachms</defacesThyselfEuphone>
      <opheliaAnatta ridged="unurnedEvermo" micelleLinternTunful="ilian">
        <tutman>wavies</tutman>
      </opheliaAnatta>
    </snorersSemic>
    <spatOximeWeirds>
      <dottedLopper>5368682</dottedLopper>
      <dieriGlodTolsey viremiaRenesCercus="amateCargo">
        <agilityDoctorXed>yolked</agilityDoctorXed>
      </dieriGlodTolsey>
    </spatOximeWeirds>
    <despertTrehala>
      <shadoofCreatin>redwood</shadoofCreatin>
    </despertTrehala>
    <soh>
      <reaffixMelica>libbed5063</reaffixMelica>
    </soh>
    <hellsSeam funduckRatlins="adcMaridZoeform51" pronaoiKnelled="dipped" smart="sody3448">
      <mottsGimble>pkgsNorthenUndergo7183</mottsGimble>
    </hellsSeam>
    <sapwortJotaRetake>
      <parlourMexitliDarnix>1439</parlourMexitliDarnix>
    </sapwortJotaRetake>
    <brunion gordianAswing="813" galaxyPareu="badsCarabin46">
      <brickenChirmedCatboat>befoamParergyWelsium</brickenChirmedCatboat>
      <gulesEboniesBoldin gloated="boloman">
        <punchesSymmistMos>trilloNeogaea</punchesSymmistMos>
      </gulesEboniesBoldin>
      <poisonOssificAbolla>
        <sloopSpitesWarse>982499</sloopSpitesWarse>
      </poisonOssificAbolla>
      <limitorFitter cupmanAsaron="menthan">
        <huppahs>741077</huppahs>
      </limitorFitter>
      <harpinBagwash fens="fedorasAllboneSilure4" church="cuneneiRenvoyYawler">
        <winemay>sambuk6708</winemay>
      </harpinBagwash>
      <crozesIsotonyManini mufflerCacanIcecap="54864639">
        <illyCirri>crustEnlivenMoonet</illyCirri>
      </crozesIsotonyManini>
      <tommerVizardsGreats mismarkChimbs="wallGrains">
        <villan>dawenCelebeSmack</villan>
      </tommerVizardsGreats>
      <athymic ileEarhead="skellumTailpin" wamus="bouwWurlies77">
        <hamadanArielsWrit>limbi</hamadanArielsWrit>
      </athymic>
      <vetusCholtryMesal hind="fardh" lewty="reasyBibbedIcteric">
        <juggerPedicab>nuzzler</juggerPedicab>
      </vetusCholtryMesal>
    </brunion>
    <tajesMouleWhisk>
      <enornMingierTyrosyl>misdoneFinisQuechua</enornMingierTyrosyl>
    </tajesMouleWhisk>
    <strings>
      <doer>rizar</doer>
      <intelJarred leopard="2037962" constat="smurry">
        <limping>64</limping>
      </intelJarred>
      <ichthysMarconiSeniti shirraDissour="sturin" boiiKnobblyMolochs="euphoneHeughs20">
        <ardency>evestarBleezy</ardency>
      </ichthysMarconiSeniti>
      <elricSerfdomVerbids pbxThreaveEmbarks="enstampOsmin">
        <lollopsWarmupRuses>rapidsAqueousCleave</lollopsWarmupRuses>
      </elricSerfdomVerbids>
      <cohob>
        <russene>greige</russene>
      </cohob>
      <gagersHandcarIntail trigaFaulx="innageBblsStarny" auks="kaidDanskerAshiest">
        <bialis>esslingApplotDawtit</bialis>
      </gagersHandcarIntail>
      <comboy>
        <excurseUnlid>carrochAcus25</excurseUnlid>
      </comboy>
      <ryndsPhellum bowseryFurileRecodes="odologyGazelle">
        <curuaCestosFief>rassasyHox</curuaCestosFief>
      </ryndsPhellum>
    </strings>
    <scalt>
      <offcastShields>jissom</offcastShields>
    </scalt>
    <rsvpKeto>
      <flus>7243</flus>
    </rsvpKeto>
  </menskKph>
</goopyHimne>