<?xml version="1.0"?>
<spewyBegluc>
  <perriesMiladis />
  <zelkovaVoitureLaquei scowlsCedreneDulses="412" ottawaRoubleEsthete="aruncusUlmousManless67" />
  <ladner safarisCouplesPodarge="beakful2" commix="caplins" marmotsMoraineLowell="9614240" byrniesMorenaTombac="brimSuddle" />
  <cainAridlyIrma>
    <peliteArilled>
      <resellTeague>bariaViperidDesands</resellTeague>
      <dimmishUplongNeback sokulk="lasaBooties">
        <accurstDogdoms>37</accurstDogdoms>
      </dimmishUplongNeback>
      <keryxVodunSabbed ruddierSwings="jinchaoEllaApparel">
        <turpethSwarry>gentileRetsina</turpethSwarry>
      </keryxVodunSabbed>
      <vowessNatt>
        <cryptaPoditesRedeny>aspicsSting</cryptaPoditesRedeny>
      </vowessNatt>
      <spurlet tronkHatrail="hadderClubber" bourree="zel">
        <whelve>rewokenWhiling</whelve>
      </spurlet>
    </peliteArilled>
    <perjink corses="couthlyHire" bemeetPraiseHeadmen="21" gnomistAlp="derahPlushy">
      <noneDunair>28452507</noneDunair>
    </perjink>
    <lollopsGrunthSloe>
      <jarvieNetchaAflame>reddlesGlibRetled</jarvieNetchaAflame>
    </lollopsGrunthSloe>
    <shripTurbeth>
      <apomict>galyacsVioler</apomict>
    </shripTurbeth>
    <carromsFroryRamenta gerefaSteponyHey="peeped">
      <enfreeSylvinsNylon>clipse</enfreeSylvinsNylon>
      <paughty cassabaAisChorda="pedder">
        <sautedVajra>archonsCrackupCoulter</sautedVajra>
      </paughty>
      <babuinaInlake>
        <casqued>tongmenCornsVirger</casqued>
      </babuinaInlake>
      <grouperTweestWording>
        <infarceTarairiAnthill>zikuratStarklyKue</infarceTarairiAnthill>
      </grouperTweestWording>
      <basionEnderonTilty>
        <hedericNovity>descureMobula</hedericNovity>
      </basionEnderonTilty>
      <jugs upflash="nonoral">
        <reckedFogdogVetust>ridingWields</reckedFogdogVetust>
      </jugs>
      <preened nerving="squirts48">
        <rummily>68720533</rummily>
      </preened>
    </carromsFroryRamenta>
    <totoroSedgyAlange dizaineBigfootInial="aurataBtry97" repents="bumelia">
      <atomicVarve>carrel</atomicVarve>
      <uncurse hebrews="firmaPled">
        <hussiesFloralDorsi>bice</hussiesFloralDorsi>
      </uncurse>
      <tafwizShippy lashingMatarUval="crowtoeOdalUnneat">
        <retreadMutablyFistula>ardeaeHiationCymbal</retreadMutablyFistula>
      </tafwizShippy>
      <aromalKitabis bullateDues="populin">
        <lewd>1</lewd>
      </aromalKitabis>
      <tubfulsPlot votedBiprong="rewaxesNitriteGayals" annivEpigean="sigh">
        <cavishSnoop>eidersMalichoMitises</cavishSnoop>
      </tubfulsPlot>
      <scarthAbider sexesAissorSmiter="ashyOffbeatVarkas" tipheadAshtray="qqvRocking">
        <skuaWaregga>probityRejerk</skuaWaregga>
      </scarthAbider>
      <rojak atrypaGaeldomFute="updos">
        <fugacyFrixionMinnie>lauansBasutoDottels</fugacyFrixionMinnie>
      </rojak>
      <fusulae isoster="62078083" gaulterStuffer="cafe">
        <gawn>hattyKeened</gawn>
      </fusulae>
      <aruNapGermier>
        <tongues>shantyIntrine</tongues>
      </aruNapGermier>
    </totoroSedgyAlange>
    <sexlessModif crustyHeriotsCrisic="domicilMaidieMaffia287" renteJulesRodsmen="webworm2" reflowUnscentDenim="wervel">
      <cateyeSignersInvokes>71578113</cateyeSignersInvokes>
      <unslogh ballamCozeOcelli="giveyGoodishTugger" uncream="soccersCurdooDentile">
        <earshot>63182</earshot>
      </unslogh>
      <exedrae cryptoEsseTaper="jibmen" shambleJianyunCanzo="mahicanCircMaestri875">
        <gentianEgeranScintil>sollerCareful825</gentianEgeranScintil>
      </exedrae>
    </sexlessModif>
    <goldinExogenBonace>
      <beloneBois>trawledDogheadTackler</beloneBois>
    </goldinExogenBonace>
    <goss>
      <detinueLouderRathed>toller</detinueLouderRathed>
      <yferre>
        <glikeSubmaidGrin>trustorFreet</glikeSubmaidGrin>
      </yferre>
      <lunary jakeyBurps="nonselfThere" lask="fidgetyTummock">
        <waliReadorn>craaledLaurasOwenia</waliReadorn>
      </lunary>
      <sememe abaculiBharti="unrealAidmenSurya" perpendNippily="marica">
        <raffledCussing>reachesStings</raffledCussing>
      </sememe>
      <icelike>
        <attaleh>endouteWritingLoppier</attaleh>
      </icelike>
    </goss>
    <vodums exitTiptoe="calicos">
      <wristyFifteen>populumBharal9465</wristyFifteen>
    </vodums>
    <shugSoaksStounds aik="bayamo" warping="pawkyMafeyJumbled">
      <durettoDevicesMuggers>skart</durettoDevicesMuggers>
      <catfishDeweyBearhug>
        <sheolicRevertLavolta>laxatorExpwySnying1381</sheolicRevertLavolta>
      </catfishDeweyBearhug>
      <bursaLoxic>
        <diacidsBirianiJawan>slutchy</diacidsBirianiJawan>
      </bursaLoxic>
      <esselenPedants cheetalShwa="uptubeZedWooding" laymenDukesClach="sonshipKaleFaeroe">
        <mistide>amplyVintem</mistide>
      </esselenPedants>
      <roven telae="6169" reuse="trush3">
        <neuma>duddyDenial</neuma>
      </roven>
      <instars dalesNaveta="sweatyMannerXylaria" hydnoid="hajji">
        <selenic>7</selenic>
      </instars>
      <calomboDudderAnattos mystComal="pashto8259" saecula="itacistHovenia">
        <limoid>tuskersMutage</limoid>
      </calomboDudderAnattos>
    </shugSoaksStounds>
    <therms>
      <khanjar>benzine</khanjar>
    </therms>
    <knoutsTsamba>
      <aspernPolitPelham>unsnakySmalto</aspernPolitPelham>
      <fireboy overden="darkfulTortays" xincaDrolls="goatees">
        <maneiMomishVinew>boffos</maneiMomishVinew>
      </fireboy>
      <inanityVerbous>
        <ilama>15</ilama>
      </inanityVerbous>
      <unital pitiesExoticsViolon="laggedBullnutWaregga" guckAlehoofRounce="119038154">
        <larkingUnwiserLesson>begob</larkingUnwiserLesson>
      </unital>
      <taglet zimarraPtosesMawworm="andirinEnlifeUnseen">
        <spitsAlfuroShadufs>tchickOcellarScarfed</spitsAlfuroShadufs>
      </taglet>
      <leavier>
        <sayyids>shelfy</sayyids>
      </leavier>
      <bushfulMaharajScreed pipette="1">
        <dismast>talisClypeiStately</dismast>
      </bushfulMaharajScreed>
      <kumyk>
        <sphecidAlypine>unitsCml</sphecidAlypine>
      </kumyk>
      <asaphusWontedRecocks>
        <soupyJed>11</soupyJed>
      </asaphusWontedRecocks>
      <warbleGutium maxis="avantCalcium">
        <liqAviated>salesPint</liqAviated>
      </warbleGutium>
    </knoutsTsamba>
    <effluveGurgleMako>
      <pagod>flawnFistulaGoitres4</pagod>
      <eyepit>
        <cotype>toffeesStaabParts</cotype>
      </eyepit>
      <subgetOophore sizeineDallop="tollery" densen="gorgetUnexact">
        <louversRerailUnkin>675621933</louversRerailUnkin>
      </subgetOophore>
      <jetsXerotes bemoanSpill="140" inuredSlapper="admixtRejectSpiels8220">
        <trimmerInermiaUpspeak>morris</trimmerInermiaUpspeak>
      </jetsXerotes>
      <tinilyOuttakeVeddoid>
        <cava>cudgels</cava>
      </tinilyOuttakeVeddoid>
      <globing>
        <affy>78345</affy>
      </globing>
      <foulardRedbugs pansiedKinkEmbrues="artic70">
        <jivingDual>oxbrakeGuetarIpil</jivingDual>
      </foulardRedbugs>
    </effluveGurgleMako>
  </cainAridlyIrma>
  <unclear earringFilling="pagan" madril="lepchaLeapful" baublesFoetusSeggio="5699654">
    <bodword naikCitesInknit="ambasGogoCalaber" maimonCukesClamors="kendnaJeans" unfaithDishyCiboria="topcast">
      <encowl>silking</encowl>
      <flyless omahaHobnail="leafery">
        <sultone>oreodon</sultone>
      </flyless>
    </bodword>
    <rubbyUnaflowZizzles>
      <koosinHexonicUsurped>cawk</koosinHexonicUsurped>
      <indies armlike="biogenyKohempTnt2862">
        <unfeltTattingWools>hughRortyFatsoes</unfeltTattingWools>
      </indies>
    </rubbyUnaflowZizzles>
    <kokoonaMonsAlbinal ashmenCzarian="reurgeKebab" stabbedTaikihPampean="ductor" fungianPropelsMussed="billing">
      <glistenEtudes>tetchyMumping</glistenEtudes>
    </kokoonaMonsAlbinal>
    <ottomanSnivey vowedScott="drawbar" montaneBabbool="guildsShiiteJahve">
      <sybilShojoEgesta>doubtPetiteChlamys</sybilShojoEgesta>
      <racyRegiveBent umbels="ghilzaiParergyMoped" outlayHalakahInwood="5152">
        <rehearsGepeoo>slaver</rehearsGepeoo>
      </racyRegiveBent>
    </ottomanSnivey>
    <soteres>
      <pulk>mistierEquinoxFists6471</pulk>
    </soteres>
    <donatesAmusing>
      <mayans>regift</mayans>
      <rutting sishAnagapHyblaea="56548034">
        <nervure>skirredChutneeEquably</nervure>
      </rutting>
    </donatesAmusing>
    <turmGemmaeIdiotic>
      <sartain>hayrackDecrierCarven</sartain>
    </turmGemmaeIdiotic>
    <sexernChapRums>
      <annalsBegun>566850139</annalsBegun>
      <siphac silkine="ruersUrethanEspier">
        <bairnsBohunks>5</bairnsBohunks>
      </siphac>
    </sexernChapRums>
    <bingeyDiscerpBushpig>
      <murines>gudgetGasper</murines>
    </bingeyDiscerpBushpig>
    <restudyHawkeye pleuralTypalTche="314860">
      <pterisHumblyGoslet>dagonTralira</pterisHumblyGoslet>
    </restudyHawkeye>
    <barmierJugerDiaries>
      <ady>6</ady>
    </barmierJugerDiaries>
    <scarferSlushyDanli>
      <studia>stinger</studia>
    </scarferSlushyDanli>
    <galea exuding="baftaMangierTomboys">
      <sapperShaftySelects>pistonSimplerOuted</sapperShaftySelects>
    </galea>
    <pulleyBudgerEloper>
      <arawakTaygeta>buqshasBragiteFired</arawakTaygeta>
      <jady hajilij="lunuleChandiDon2">
        <anemony>1</anemony>
      </jady>
      <unfedKantars disertIodized="pommerMalmockEpikia">
        <sundra>7</sundra>
      </unfedKantars>
      <farciesNipped>
        <samp>741504</samp>
      </farciesNipped>
      <unaimed>
        <canepin>stephen</canepin>
      </unaimed>
      <warily>
        <azimuthSchmoGramme>facty77</azimuthSchmoGramme>
      </warily>
      <hutreHerdics restoreJeon="unbran" oxshoe="danteBirledPewtery">
        <scalingYakimaRecumb>wimeGrufted</scalingYakimaRecumb>
      </hutreHerdics>
      <pondmanLudwig>
        <chadar>husoDruther</chadar>
      </pondmanLudwig>
    </pulleyBudgerEloper>
  </unclear>
  <saimySozolicDies />
  <ynambuUbiiCantor cubismsCetanes="copepodTamias" incasesKindleTapetis="558203" blockedMayoSynoeky="escolarBilleteLusiad">
    <clavis sune="urosis" aplysia="akeleyClarosEcoid">
      <wolds>tadsFoldure</wolds>
      <euripusLuite relumed="lesath">
        <belchesSubcash>mismosh2</belchesSubcash>
      </euripusLuite>
      <jubeToumnahRouman parchySlavdom="sorrowy5">
        <ratcher>mebosReededCloning</ratcher>
      </jubeToumnahRouman>
      <kreuzerChainesPeletre>
        <stereum>miltierAgreeYour</stereum>
      </kreuzerChainesPeletre>
      <nestedKyanite trustsCurubaValance="guebre" uca="refundWheam3">
        <noyadeMettled>turgorsRemelts</noyadeMettled>
      </nestedKyanite>
      <blanket raisinsMobiliaPlea="hatcherKippen">
        <minisStaidly>muggyHasslesEjected</minisStaidly>
      </blanket>
      <agneaux climb="ocyteAminishChippy" heedyStema="shilyCowbind252">
        <activePoloiNodders>lysatesCaningCulpas2</activePoloiNodders>
      </agneaux>
      <wowHostess dazingSpicy="wirrahUnlashCordate">
        <smack>terasSicer9083</smack>
      </wowHostess>
      <moulageThaws>
        <paijamaElixirElytra>wantersCarzeyFlints</paijamaElixirElytra>
      </moulageThaws>
    </clavis>
    <gonifNighterFumily>
      <reamedPeensHersed>jouleanTarrify</reamedPeensHersed>
    </gonifNighterFumily>
    <ratherCabanChloe bummieCeteraAnonol="fusibleRazzlyDeuced" rehearTuchunKalpas="duanReasyGlutose">
      <capharSolido>uptable36</capharSolido>
    </ratherCabanChloe>
    <speakie>
      <tickieEnlace>batfulPiazzePrewash</tickieEnlace>
    </speakie>
    <peonsOutban>
      <shylock>entte2500</shylock>
    </peonsOutban>
    <buildedLoory midgetsFulkFifties="69">
      <rosa>cozener</rosa>
      <handbow fugledTeck="46351" cspLieger="19156">
        <vacouaLovered>3915</vacouaLovered>
      </handbow>
      <tribual vellumPrefabs="azine81">
        <kemps>sergiu</kemps>
      </tribual>
      <elaylRoyally upupoidJunc="skoaledMose92" sheitan="mantaLalland4058">
        <beefinVitium>limbedRodletCahill</beefinVitium>
      </elaylRoyally>
    </buildedLoory>
    <noughtsRepaper>
      <buboesAdults>11236</buboesAdults>
    </noughtsRepaper>
    <meltersVespalHazers eyeholePettoCozy="sacellaBino34" markXxivCasheen="decanalCoalierSmug">
      <pseud>spottedRedyed</pseud>
      <freezes suresGrilles="sareeAgre" afriteHooroo="cressyBeback">
        <shaiRelaceBillmen>tepary</shaiRelaceBillmen>
      </freezes>
      <nongrey outpushLakhsVepse="pentoicCyrus">
        <sepioidDespot>quapawSalaOof</sepioidDespot>
      </nongrey>
      <somites patballMorgaRimfire="unhelms">
        <penibleKyarsLacmus>ioneBenzoNookie</penibleKyarsLacmus>
      </somites>
      <plies dourahsCobleCisco="burthen">
        <tiftResewsCram>tapetaShovedCruth89</tiftResewsCram>
      </plies>
    </meltersVespalHazers>
    <franksPillerLiturgy kristen="faresNikolai" tamasic="lambing656" lourCoveredSkewl="bebackHangersConand">
      <viteAssholeDispose>bushwahGreingBleaunt</viteAssholeDispose>
      <moorierSpinedCunt samp="waffly" louiqa="angevinEloinTaffias">
        <waferyCockishEjectee>1127837</waferyCockishEjectee>
      </moorierSpinedCunt>
      <duotoneAmbigu thornWidowed="verdoyAchenes" vinedBirthyMungrel="37043">
        <dhurraSamboBestay>7</dhurraSamboBestay>
      </duotoneAmbigu>
      <bomareaAnend>
        <malarin>urazine</malarin>
      </bomareaAnend>
      <segni>
        <taveSkyte>bethump</taveSkyte>
      </segni>
      <gambesCrushedRen firebedVowely="36147" earlessNaja="1889">
        <orpincKapur>boodie</orpincKapur>
      </gambesCrushedRen>
      <gooney caecumPailsFirmans="jarmo">
        <hedgebeRedrootExpdt>5905617</hedgebeRedrootExpdt>
      </gooney>
      <vodkasVotersKep uncost="exacterIres">
        <yesChasid>clou</yesChasid>
      </vodkasVotersKep>
    </franksPillerLiturgy>
  </ynambuUbiiCantor>
  <syboesFoppingCetes enchestGuidedRhabdom="shastriFobbed56">
    <fardels shippedAntlid="4885">
      <daoChemizoTheorbo>unlowlySiris</daoChemizoTheorbo>
      <abides>
        <oculus>rackmanDampang</oculus>
      </abides>
      <coxiestTurmoilLucinda>
        <mensedSaltant>eparchsErrors</mensedSaltant>
      </coxiestTurmoilLucinda>
      <wanga dopeyThrivedLanier="kirkCaulisBequalm" glassie="sadeHpital">
        <uptrainCouch>cutisFlagletPesewa</uptrainCouch>
      </wanga>
      <cusecs>
        <rafaleVirgateCholate>deviate</rafaleVirgateCholate>
      </cusecs>
      <nauntleBoyardsPrender>
        <bullets>muzhiks</bullets>
      </nauntleBoyardsPrender>
      <uninkedWikenoMexica>
        <navesFugiosYapman>swilkieCrubeen</navesFugiosYapman>
      </uninkedWikenoMexica>
      <gaited>
        <akalHutted>haveageMestizaCobles</akalHutted>
      </gaited>
    </fardels>
    <unableEnmask assuresGhazies="235206169" dagglyAurochsAlgorab="etnasLocuscaBaske" watchesFlonRowland="eupad">
      <quebecObe>73</quebecObe>
      <roseine>
        <wafdLongesAdenoid>ketoticGleek2</wafdLongesAdenoid>
      </roseine>
      <tangum trotlet="haploidCentesmBandeng3161" enemata="dolt9523">
        <sparthSulka>bungeeKebarBypast6659</sparthSulka>
      </tangum>
      <hrznTeaks noireDaracQuinate="birdyFirlot">
        <zoogony>shemiteTowingCaraway</zoogony>
      </hrznTeaks>
      <dampen pontils="paints" lochy="conster">
        <rynt>smiddy</rynt>
      </dampen>
      <bono>
        <bolitaRoyster>borishQaidsSummula</bolitaRoyster>
      </bono>
      <frisadoBrokerArrope tareqCompearCrusta="asgmtWetchedEmplace">
        <thongy>704986</thongy>
      </frisadoBrokerArrope>
    </unableEnmask>
  </syboesFoppingCetes>
  <muredUnparch seletyGrogged="kozoCringleIcily" ionized="hulkedDiiodid" />
</spewyBegluc>