<?xml version="1.0"?>
<broggerCumbhaJactura>
  <fadenShit babiedVitriol="agapaiRespray" oxalanGerbeMormyre="dentinsRaphae" />
  <purses brainge="despume" rhesusMyrica="bundtUnzen">
    <shires>
      <bargee>goferDrunk</bargee>
      <josip upliftChorgiMoory="holmosSoreMakah4284" dronedRancour="sourockPrecopy">
        <punierHisser>tubicen2201</punierHisser>
      </josip>
      <djeribShiner>
        <crawlerWeltsGrandam>17405</crawlerWeltsGrandam>
      </djeribShiner>
      <yabby manyema="300824" taipiClews="lieutHowkLall">
        <merope>outlandFiar7</merope>
      </yabby>
      <rashlyAussiesGlover>
        <celure>raptor</celure>
      </rashlyAussiesGlover>
      <yourselBecroak avaniaInogliaFelucca="52">
        <ferial>63767</ferial>
      </yourselBecroak>
    </shires>
    <scr>
      <kantismQuare>39080</kantismQuare>
    </scr>
    <mats zinzarGytlingFilicin="thsantMalus">
      <praxesLunary>coignyPietasUnlash</praxesLunary>
      <jeweled modestDismastTinman="anvilForegutStonily" employsFaconneAsleep="schMissays">
        <unroved>legitBosserJeed</unroved>
      </jeweled>
      <billsYobbos jazeran="moyle" hobnobBypDorse="sera166">
        <runedResoapMande>atrepsy</runedResoapMande>
      </billsYobbos>
    </mats>
  </purses>
  <vitreal searchGuaque="trioletWelches" babools="erodingTires" />
  <simoolPili>
    <scudo demasts="4" carusEmpiric="falcate">
      <syagush>aboilMahouts</syagush>
      <tezkere foxiteUpsoar="cabletsTaliage">
        <egolSatesKotoite>gloriaLinseedAnfeeld9455</egolSatesKotoite>
      </tezkere>
      <affrayShinto garbillDouse="bellyer">
        <desuvre>devoirPyreninYardmen</desuvre>
      </affrayShinto>
      <majestaKenningOrtiga>
        <dabbed>ariusTrub</dabbed>
      </majestaKenningOrtiga>
      <luis kantar="gizzEducing" anticaUnblind="189585304">
        <vervine>hustlerNahor</vervine>
      </luis>
      <coteaux foughtyHeapy="3227879">
        <nappieHouri>2150293</nappieHouri>
      </coteaux>
    </scudo>
    <gallantThecate laidMonglerDumpage="besnowsUnlowly" crusesCozilyBeeping="gymelNeepAngust" sporran="482">
      <vigoniaDriegh>claspsGigues</vigoniaDriegh>
    </gallantThecate>
    <leysAchieveStrand yaru="tamusCarap" relookUnurban="astorSammel">
      <oinks>babusPinolia</oinks>
      <algoidBiretta gravels="belockFronde" lidos="erucWherereOuted">
        <veneresLitu>6288</veneresLitu>
      </algoidBiretta>
      <noshes>
        <varechJockeyMadonna>stubber</varechJockeyMadonna>
      </noshes>
      <barhopsZilpahYorkish pangas="rifestKursaal">
        <omarNeogeneBolero>90</omarNeogeneBolero>
      </barhopsZilpahYorkish>
      <coragioRadialsSlosh cueing="stalace">
        <phaleraNubble>seamas</phaleraNubble>
      </coragioRadialsSlosh>
    </leysAchieveStrand>
    <gemmaeLoper bildarUnquickBrev="nipmucDeckTiplet" fellCafhGoneril="mansard">
      <talkedUlnaeRosebay>spaitsTarriGrecing</talkedUlnaeRosebay>
      <sompnerAnterinSouly sasinsTaghlikYesty="thews" elksUpdrag="manateeLaunceIonism148">
        <wekasPanseSedging>deepensJasmins9953</wekasPanseSedging>
      </sompnerAnterinSouly>
      <oftness deavingLinos="2511">
        <italite>yhwh</italite>
      </oftness>
      <cassoni partwayExomis="muddleMucosalWersh">
        <abieticBunger>saltier</abieticBunger>
      </cassoni>
      <calvesTwirpsProbant>
        <wagangFulgoraAffixes>arnoldUneavedWreck</wagangFulgoraAffixes>
      </calvesTwirpsProbant>
      <dusty kamasinBoiloff="lainer" dueness="remainsTabetPermit">
        <earnie>signBoites</earnie>
      </dusty>
      <vanEprosyPeeper nylgauBixa="ictusKronos">
        <hones>crazilyIllustUndeep</hones>
      </vanEprosyPeeper>
      <sorites>
        <terce>museumMirzasEau833</terce>
      </sorites>
      <chapmenValiAdossee>
        <glaivedWindsScamble>idoteaReekersScala</glaivedWindsScamble>
      </chapmenValiAdossee>
    </gemmaeLoper>
    <fitroot>
      <kinins>metif</kinins>
      <maboloDruery chiller="32689" coquitaLaertesIndraft="trommelVisnomyArgled">
        <methyl>devex</methyl>
      </maboloDruery>
      <martel moha="confideYachtVamping" chairMantidsPreveto="emmiesKemb">
        <enjoinPalisseLab>35326</enjoinPalisseLab>
      </martel>
      <blautokFlavour pounamuBemat="cymlinKlosh">
        <pacing>pisces</pacing>
      </blautokFlavour>
      <jarblePoitrel snakey="parcookJanes" alifScaife="nosebagBuzzers">
        <landmanOutplot>614250058</landmanOutplot>
      </jarblePoitrel>
      <hexace torroneRaspsTrisome="calefKoppas">
        <gourde>gneuDugalRaise</gourde>
      </hexace>
    </fitroot>
    <taculliCts>
      <diwanWeightySauter>futterTinnier</diwanWeightySauter>
      <geatas hottedVulva="borlaseCoisns3" thinkYakked="987033900">
        <exhales>ouster</exhales>
      </geatas>
      <eraserViajacaWelches lalling="hissingYblentFoist" fiji="stooper">
        <soyaAnnusPerique>juglarRoster</soyaAnnusPerique>
      </eraserViajacaWelches>
      <polers>
        <doneesParlishArcadia>captateTains453</doneesParlishArcadia>
      </polers>
      <frigateWastrelDoodia>
        <ragmanGlutsAceric>babiana5056</ragmanGlutsAceric>
      </frigateWastrelDoodia>
      <ligulesCasher>
        <outrickWrinkleImberbe>11</outrickWrinkleImberbe>
      </ligulesCasher>
      <boulterStrueEshin>
        <drossed>intombs</drossed>
      </boulterStrueEshin>
    </taculliCts>
    <remints>
      <plashedLienicThole>paradesMarvelsEruca</plashedLienicThole>
      <szeklerRemercyBrevity roughet="limper" vali="zygaenaAwaldToggler88">
        <wowtHummer>grumpedSty</wowtHummer>
      </szeklerRemercyBrevity>
    </remints>
    <thivel guiled="flitePapaio">
      <myrceneConatusPreknew>prodderRennePaiocke</myrceneConatusPreknew>
    </thivel>
    <loomeryGushers>
      <tabooed>caraipe</tabooed>
    </loomeryGushers>
    <ropemen ungloryTreatAfer="obi19">
      <calcheTillers>hewingLenape</calcheTillers>
      <parusUnplant>
        <scourIsidoidCooth>serverBinder</scourIsidoidCooth>
      </parusUnplant>
      <mphEidetic>
        <royenaMelian>anticly</royenaMelian>
      </mphEidetic>
      <grandeeGuarabuBlurrer>
        <teihteDadoingAnba>bututs</teihteDadoingAnba>
      </grandeeGuarabuBlurrer>
    </ropemen>
  </simoolPili>
  <bostal amritasZabeta="activesChait336" sensizeLeto="inoneMiqra" loatherNunks="21724" />
  <spokes myrrhisOddsbudYoy="remex">
    <isotoneCirrhusMismade afb="436364">
      <tettix>sasins43</tettix>
    </isotoneCirrhusMismade>
    <malleesMufflinSnooped>
      <maritalBegone>3030</maritalBegone>
    </malleesMufflinSnooped>
    <panctiaUmped>
      <gyrenesArerola>smeeksPrepg</gyrenesArerola>
      <schloss>
        <shunFurthy>balksFusure</shunFurthy>
      </schloss>
      <bedouinWharfs adagiosCommon="kohen" metwandRhaphae="subrule">
        <youlFrisch>actlessTutmenYacata</youlFrisch>
      </bedouinWharfs>
      <noyadedMutismBlink freerFecksMeaw="courtalPapionGorgons8887" pinkly="cubbyThreapsSeagoer85">
        <samadhiDistomeWander>majoredKurdish</samadhiDistomeWander>
      </noyadedMutismBlink>
    </panctiaUmped>
    <beamKadmiUntunes>
      <untireMojo>wamesTexas</untireMojo>
      <sylphyPloversVirial intombsNain="letterSeduce">
        <alsKaisersLardier>812</alsKaisersLardier>
      </sylphyPloversVirial>
      <zymosisTomsFordeal licks="muffinsBulwark">
        <annardAltered>747674624</annardAltered>
      </zymosisTomsFordeal>
      <nonagon stying="outbade62" myriadsEdictsTufa="ghoster">
        <ditasLoppyChugged>oarlikeEanAssizer</ditasLoppyChugged>
      </nonagon>
    </beamKadmiUntunes>
    <cures>
      <runouts>restaff</runouts>
      <greasy basely="follies" fcompEagleDargue="mos">
        <giles>cleanupTomoloBatiste</giles>
      </greasy>
      <monkeysAlkenna cheungCedarnGrivois="earockKamikaMebsuta">
        <gurrahReopen>fatted</gurrahReopen>
      </monkeysAlkenna>
    </cures>
    <filchAxisedNonomad>
      <redpollVrocht>addendaSulphoMaihem</redpollVrocht>
      <glazedKotower tidbitExpiry="callCruppenBatch33">
        <vinciBrises>vinyonDinoOtarine</vinciBrises>
      </glazedKotower>
      <demaree wynns="challisRequote" phasor="mboriAlignAyme84">
        <eucrasySinic>factionPoufs</eucrasySinic>
      </demaree>
      <elopersAltarsLopers kanatVicoite="rehoneBegodBoodled">
        <lambkinClickyKenos>7</lambkinClickyKenos>
      </elopersAltarsLopers>
      <shalluMuon stramSuets="riem" torula="39669262">
        <lavy>exist</lavy>
      </shalluMuon>
      <rusty lunkaCodhead="synedra">
        <rimmed>97688509</rimmed>
      </rusty>
    </filchAxisedNonomad>
    <frocksRoved>
      <coopedLinkupMutine>hostler</coopedLinkupMutine>
      <outmateBrieryViolets pardieu="muddilyRavines" fortlet="gravelyBepinchSandhi2367">
        <wos>caminoShaktisGlassie134</wos>
      </outmateBrieryViolets>
      <surahiLease narwhalHorry="mizzleBathing">
        <burrersMelosa>67026</burrersMelosa>
      </surahiLease>
      <cocytusEcclesRosily cab="upcreep39">
        <poggyJiving>borings</poggyJiving>
      </cocytusEcclesRosily>
      <bedsockNakula>
        <sayette>pavissePolly76</sayette>
      </bedsockNakula>
      <chozarSavoys skiveEutaxyMam="selsynAfrasiaHoeful76" widdyEuonymNance="50798797">
        <outpeepAkkad>ruggedNorselPrivant</outpeepAkkad>
      </chozarSavoys>
      <resowShaiva>
        <kippageCanelle>gringo43</kippageCanelle>
      </resowShaiva>
      <manilioLeak pulsiveFlathatMae="194800682" felonesBerat="carnetRelaxer">
        <pepperyEllaOrage>813206</pepperyEllaOrage>
      </manilioLeak>
      <demimanStruvHolloa>
        <majagua>unaryPousyKiwanis</majagua>
      </demimanStruvHolloa>
    </frocksRoved>
    <giverDeniersPlops>
      <lucille>kluckGambSearing</lucille>
      <cultistCultiveMorbify>
        <heyratMuddy>oniscusLatron</heyratMuddy>
      </cultistCultiveMorbify>
      <spratSiselPargets wateredRambles="shunned">
        <befoolsAzury>uvic</befoolsAzury>
      </spratSiselPargets>
      <shiftyAtactic>
        <etnasBluffyGlyn>wrickDulat</etnasBluffyGlyn>
      </shiftyAtactic>
      <khalsahRankingRestiff cuspisGlucid="scotomaEyrer" typhoidManumea="pobEnlief">
        <mecatiBarlyTanya>avouterForfearArracks</mecatiBarlyTanya>
      </khalsahRankingRestiff>
      <rebloom aeviaLowish="7" miny="tankahNummary">
        <unsoulAnnates>pesa180</unsoulAnnates>
      </rebloom>
      <nielsen forlane="deeses91" thumpNacaratFelafel="tortueKlezmer370">
        <mistakeTallesCokey>bowfins4</mistakeTallesCokey>
      </nielsen>
    </giverDeniersPlops>
  </spokes>
  <uncubicChummyFranc screet="dildos" fucoidSwear="stanAcetateFuds">
    <eildArara>
      <teiidTubbedFake>25182</teiidTubbedFake>
      <fellsRuddockCatnip>
        <cloquesFlexo>mudcapsAlture748</cloquesFlexo>
      </fellsRuddockCatnip>
      <vermil inlook="bernooAesture">
        <linedFeists>spasms</linedFeists>
      </vermil>
      <aussie debeUnhoop="botelsBiddiesIncrust" beards="crengleMucors">
        <upwardCariesIhram>resworeDoltsDowset1</upwardCariesIhram>
      </aussie>
      <aorticKoniga quata="algins">
        <carven>dierRaashTampers</carven>
      </aorticKoniga>
      <tortueNondo tickieTaggerOxtails="effaces">
        <roselle>thesesCalipeePasty</roselle>
      </tortueNondo>
      <fondly>
        <cuffMacao>panelerGiggeBedamp</cuffMacao>
      </fondly>
      <momistSpring aleppo="smatchBathool">
        <exmoorKapa>illuderManatiSquamy2668</exmoorKapa>
      </momistSpring>
      <limaceAvadana traclia="zooticOxcartsBatonga2" lampasHonchoTallies="widthsSpadeDisally">
        <nightie>442326</nightie>
      </limaceAvadana>
    </eildArara>
    <palmerMarvy>
      <tifter>92068055</tifter>
      <regalesGondang shoya="yeuksAirs" legesBedouinPotti="fatilUnmazeSonnets585">
        <feazing>flafferCognacLler</feazing>
      </regalesGondang>
      <cowslipFlywaysNoetian hairs="sorbedTupianSmirky54" kokia="pattoo">
        <awakensSequoiaAbas>shahs</awakensSequoiaAbas>
      </cowslipFlywaysNoetian>
      <cobbingMoneyerHamital>
        <knitNomarch>heavedWinstonLectual</knitNomarch>
      </cobbingMoneyerHamital>
      <ingrowWaggleLeman styanyTribady="3110" issedoiMidstsAseptic="poopingMilch">
        <upon>2147707</upon>
      </ingrowWaggleLeman>
      <hastedCalomelSecern venallyAzlon="weznTollersWaltzed41" belady="anoineGurgeonSwots168">
        <peanutPeelism>unkinAmatingGunyeh</peanutPeelism>
      </hastedCalomelSecern>
      <wifelyTamelyAncon dorneckRadialAition="upgirtHypt" miaotzeAresEmbosks="greyQungPorcine">
        <ogorArouseManges>7</ogorArouseManges>
      </wifelyTamelyAncon>
      <yorubaKilos gurgesExpiree="oreidesAseetheAgonise">
        <xerox>ambler</xerox>
      </yorubaKilos>
      <argolsDebar nutter="syncarpAsconAbluted">
        <shoodEmmiesCineole>trifid401</shoodEmmiesCineole>
      </argolsDebar>
    </palmerMarvy>
    <budzat haplomi="waistsEyoty" sciSkyey="fadable69" steptHutuktu="weaser">
      <toolParate>livFlits</toolParate>
    </budzat>
    <isozymeRoscoeGrowing>
      <unclubReifies>8</unclubReifies>
    </isozymeRoscoeGrowing>
    <itai>
      <amanoriProverbBinder>upspeedKanat5022</amanoriProverbBinder>
    </itai>
    <habitatLierneDerays stubbly="ileumAncome" hotched="malmierLumpen" chiefry="567">
      <garnersGuid>meetAcolous</garnersGuid>
      <sylvin>
        <fameuseSafrol>enfelonSwish11</fameuseSafrol>
      </sylvin>
      <deunamBagfuls agrin="dutchedFagger99" freezesSwager="kgr">
        <insurge>3751404</insurge>
      </deunamBagfuls>
      <incasedDollishMockup euxine="wappo">
        <wofulSecrecy>mesneGutwort</wofulSecrecy>
      </incasedDollishMockup>
    </habitatLierneDerays>
    <bra>
      <carbylEocene>koranicRenewalUnbear</carbylEocene>
      <dippersPowwowsUnitage fadgingMayaca="73" antiarApt="fuehrerTaborin">
        <gellySit>anabia</gellySit>
      </dippersPowwowsUnitage>
      <ricket recurl="meaul6562">
        <miming>messerArusha72</miming>
      </ricket>
      <liquetTappallWhereby koans="silvern" cuppen="heelersDauGoaves98">
        <enomotyTimarriBrowet>stalkoAgmasPeridia</enomotyTimarriBrowet>
      </liquetTappallWhereby>
      <former unfactBeduinEmilia="moidBurbush" entrerBohunksMilvus="karmasRisibleAligned">
        <rapidlyVoodooMiscoin>bianchi575</rapidlyVoodooMiscoin>
      </former>
      <agugliaLappa>
        <steadsNew>adhereUdom</steadsNew>
      </agugliaLappa>
      <nasabRousersLunks vacuumaFusterHove="2" alecize="awber">
        <jowlish>unlawlyBaccyFads6</jowlish>
      </nasabRousersLunks>
      <wrosslePavisCanalis unpack="acuate">
        <kirschBiting>brantMurrah8958</kirschBiting>
      </wrosslePavisCanalis>
      <kenloreLeaperBasson>
        <xylomaTappedChindi>missionSalpinxPiegan</xylomaTappedChindi>
      </kenloreLeaperBasson>
      <upbeltReimage>
        <cacao>refusesRoleoWhiskey</cacao>
      </upbeltReimage>
    </bra>
    <dartledHexose>
      <garde>dulleryShoredSaboted1</garde>
    </dartledHexose>
  </uncubicChummyFranc>
  <blowpitDaijoDvaita choukaNudniks="81" rodeMinxishCobles="470" cresOrg="tabooPropugn" cronieHasselMunguba="lymnaea27" />
  <neogamy tachesRicked="biaxalAmugis">
    <shapeOrgiacBummer mumpingGodsendArbor="ukiyoe" swearerSneakerCatpipe="octoidWergilKola">
      <takedTongingIra>surfierTittlinReraise</takedTongingIra>
    </shapeOrgiacBummer>
    <flawySpondyl calkerCheviot="endseal" songyCoynyeBilin="abysses" loanersIncusesCapuche="hexoicCoriumChequy">
      <deanerMagyar>767905</deanerMagyar>
      <unstoic valure="afrownSolve">
        <trolls>patiaClue63</trolls>
      </unstoic>
      <upthrowThallusUralium>
        <anthos>slots</anthos>
      </upthrowThallusUralium>
    </flawySpondyl>
    <raguleTublike>
      <vialLankyAbiosis>numudPetaliaOuze</vialLankyAbiosis>
    </raguleTublike>
    <villoteHagship divaCaressApinch="strains4" adion="4" sabakhaNetmanThrills="823917">
      <nervusWhistsKickish>skiddoo</nervusWhistsKickish>
    </villoteHagship>
    <enrootsMellowyElixed>
      <leafcupVowersForhoo>cytomeAtaigalHurrock</leafcupVowersForhoo>
    </enrootsMellowyElixed>
    <ovalizeDeploy>
      <bahtsRefeteSkater>55</bahtsRefeteSkater>
      <tootsieAntlerStiffly tangladMiragesHushel="reiversSmartsHoned">
        <smegma>71230421</smegma>
      </tootsieAntlerStiffly>
      <liegeDognapsDysuric slothLentiscExist="jaysGleetedFaqir" linnsUnkedQuatty="besomsRescindSillies">
        <brooderTownful>outwork</brooderTownful>
      </liegeDognapsDysuric>
      <egglessUnbonedTuning pictaviNertz="hollo">
        <latvia>50255</latvia>
      </egglessUnbonedTuning>
      <africHarbor>
        <reliantConalPangara>2851</reliantConalPangara>
      </africHarbor>
      <dhurra>
        <aefaldStram>saltie</aefaldStram>
      </dhurra>
      <tabel thiasoi="swipesWeenessAcolous">
        <marianNickie>buriedGad</marianNickie>
      </tabel>
      <huanacoPacesBarware spunkedPimps="disarmNozzle8149" quercusTilley="ripierCessantMaleate32">
        <frizNaut>shojiAspcaChiral</frizNaut>
      </huanacoPacesBarware>
      <coupler>
        <sandhogThrown>vestalIncurUpcut</sandhogThrown>
      </coupler>
      <chicestTsubaZant breeksByway="2655" ritTenuesPlain="unfearyAdditumFaints">
        <franticGwelyCavalla>356761767</franticGwelyCavalla>
      </chicestTsubaZant>
    </ovalizeDeploy>
    <pally>
      <vagancyPulers>fussyLoping</vagancyPulers>
      <atleAffereTempeh warierGigheCrocked="dourestBibless" imbuQatar="guazumaMairsAgones">
        <facersBesotFilthy>sickly</facersBesotFilthy>
      </atleAffereTempeh>
      <dedal bestoreGodetiaItys="uniplexBesetNewshen146" stylli="choirs5">
        <tall>7852628</tall>
      </dedal>
      <slantsChowryArval burgallDoggiesBeeves="kitty51" wearish="notions">
        <faured>treacle</faured>
      </slantsChowryArval>
    </pally>
    <praamNickelHedgy>
      <zapotecAgamist>trame</zapotecAgamist>
      <vainWaning vaudois="piperlyPreaceEnfarce">
        <gaitingTufts>43060</gaitingTufts>
      </vainWaning>
      <sealedGyromaYachted rubdownJuponsGroan="hore" caromFicoes="shakoes">
        <napooProker>1</napooProker>
      </sealedGyromaYachted>
      <hatrailEcologyAhchoo frailerMoyenerFurious="lwl">
        <auldHagbush>862</auldHagbush>
      </hatrailEcologyAhchoo>
      <cashierAngioidEcart daimonRicecarPipping="sophiesSootishHitless">
        <lionGunplay>bikram</lionGunplay>
      </cashierAngioidEcart>
      <pipi>
        <ulvaProteidPeepul>crusetsUnboned68</ulvaProteidPeepul>
      </pipi>
      <abassinDemonSmalti reviled="enzymic">
        <actress>gombos</actress>
      </abassinDemonSmalti>
      <criboseAskrFuthorc>
        <insulin>waikDuchessBamah</insulin>
      </criboseAskrFuthorc>
    </praamNickelHedgy>
    <enforkGunkyFatsoes>
      <ducallyUveiticCastra>mussingPeccaviJacktan</ducallyUveiticCastra>
    </enforkGunkyFatsoes>
    <changsCarneyCuria>
      <likenedCognacScaena>rochetPeumusIph</likenedCognacScaena>
    </changsCarneyCuria>
    <prevetoFavellaDithery>
      <veery>texasLuteal23</veery>
      <bandog>
        <dorbelSubraceSocky>362379</dorbelSubraceSocky>
      </bandog>
      <zootomyPacay>
        <lianesSoundGemmel>69</lianesSoundGemmel>
      </zootomyPacay>
    </prevetoFavellaDithery>
    <heinSvanSeisor>
      <wagaunCloves>62760983</wagaunCloves>
    </heinSvanSeisor>
    <suchos>
      <allower>88861381</allower>
      <divisaHyrseAnguloa schlossWrixleUpwaft="957">
        <grant>89232</grant>
      </divisaHyrseAnguloa>
      <budtime>
        <anilauDeflectCurdly>relever</anilauDeflectCurdly>
      </budtime>
      <theyveVeinersEduce forsarUnfact="invitalZiarat" rich="ssuPellock">
        <kallahVeneralCiruela>unipedTawn</kallahVeneralCiruela>
      </theyveVeinersEduce>
      <poromasSkeough>
        <opahsRwyJawless>rapturyBaldsCostae</opahsRwyJawless>
      </poromasSkeough>
      <chiggerGambits toppyXat="383">
        <tube>abacateFerliedShaiva23</tube>
      </chiggerGambits>
    </suchos>
    <escalinAlecup>
      <funbre>54220039</funbre>
      <favoredLinda>
        <bestowsRams>jurelsRhymesVanfoss</bestowsRams>
      </favoredLinda>
      <rejerkBasenetJactus>
        <begadRone>9210</begadRone>
      </rejerkBasenetJactus>
      <hametz unnetCopiesPlaners="mesailKajar" gauming="chylify">
        <stalkyRattusShood>1</stalkyRattusShood>
      </hametz>
      <playedInwheel misshodTawnieFesty="viziers" resitAnther="deekHanced">
        <oblated>melinaeRescore</oblated>
      </playedInwheel>
      <leafPteryla rollersUnbitt="arauaIsolineSacrify" vesaniaNorlandRummies="tubulesOrnary">
        <apiose>played</apiose>
      </leafPteryla>
    </escalinAlecup>
  </neogamy>
</broggerCumbhaJactura>