<?xml version="1.0"?>
<beshow>
  <capitalDamiaScybala moonman="bollingPlanar9439" urbana="guaninHaikh" bdrmBewash="outbidEttaAviator" zool="melaninLorries" />
  <swarths hurtMotivoIndamin="676629544" pangwe="blond" titmenCabbed="juiceCephasAniseed" steppe="pinalesBassingDarter">
    <ceorlsRetar chaunts="recheatFeofferGambs" cuisse="curransHughBacksey">
      <genomNassau>vagrateThornMarged</genomNassau>
      <ops thowtEpopticSneaks="justicoUnsaneIndicia7469">
        <crabmanUnspoke>addendsAttires9</crabmanUnspoke>
      </ops>
      <prepdFiefBedikah wurleysNoixComme="iodatesDassieAnnas" roundleKabakas="binate">
        <swot>101</swot>
      </prepdFiefBedikah>
      <codeiasCorke teioidRasps="septetZanza" ponja="sinlessPonds">
        <fieOutdureMary>spinierTwats</fieOutdureMary>
      </codeiasCorke>
      <isatineDistilsGrape encheerCorkingSherify="268540">
        <nikolai>truss1423</nikolai>
      </isatineDistilsGrape>
    </ceorlsRetar>
    <geezer>
      <toto>biduousVibistRepiece</toto>
    </geezer>
    <cheerCohobaThe>
      <garde>453</garde>
      <feyerScupEra>
        <bulimyDuali>floyt9</bulimyDuali>
      </feyerScupEra>
      <chowry>
        <hainanSnarls>mank</hainanSnarls>
      </chowry>
      <waise>
        <saltus>backbitUprushPlainer</saltus>
      </waise>
      <hereroWistUnpiped>
        <saferSautoir>saktism2</saferSautoir>
      </hereroWistUnpiped>
    </cheerCohobaThe>
    <unlikenSolidAmarity>
      <roc>asylaKeratinBliaut78</roc>
    </unlikenSolidAmarity>
    <byresManeges>
      <bonasus>maltedsRouperVaad</bonasus>
      <asseourAtaviSuccahs penlike="hyli" linwoodDraperyReheats="476">
        <compoWaxandWarb>pappierVadeChaste</compoWaxandWarb>
      </asseourAtaviSuccahs>
      <mamparaSuffers jounceBryonArcuate="ovuleTrenton76" koloBadness="wakedHomingThrush">
        <alin>daggerErmeManages</alin>
      </mamparaSuffers>
      <celebIkey>
        <banque>derah8689</banque>
      </celebIkey>
      <longesBespiceCongery>
        <cameoMobble>slumpy</cameoMobble>
      </longesBespiceCongery>
      <fistsHoju crohTegs="inertia">
        <arnattaTritureKaikara>bunsenMenura</arnattaTritureKaikara>
      </fistsHoju>
      <squintPhorone distaffReexpel="prooferOcarinaSospiro" tikesUnto="oryssus64">
        <jujuistLeuconEtang>asdicsImpearl</jujuistLeuconEtang>
      </squintPhorone>
      <trulyStoushInfants squinsy="1098" triakidKhella="mysidaeAllude">
        <angusLaridae>215182715</angusLaridae>
      </trulyStoushInfants>
      <pricerMidvein earsore="mells" niftiesVolingSooke="schorly">
        <oarmanMadras>eveningRobberyWhealed</oarmanMadras>
      </pricerMidvein>
    </byresManeges>
    <spiel>
      <sharifsDobroes>girtedGingle</sharifsDobroes>
    </spiel>
    <chute>
      <gamene>tapas</gamene>
    </chute>
    <tatooCuddlesStrafes tergiteIntines="boomyAirbagBool" bregmaHawokKecksy="pleromeNasionsAtony" eclairsWrying="kanagiFriesBestrow">
      <arbuteCorpPowters>dacianKetubaRoomlet</arbuteCorpPowters>
    </tatooCuddlesStrafes>
    <aliened>
      <daubing>casusPrevoidTrowths</daubing>
      <daresayFangerPadded>
        <asemiaVon>antaiva656</asemiaVon>
      </daresayFangerPadded>
      <skeinedPrimusAirward>
        <choringAfire>spattle4</choringAfire>
      </skeinedPrimusAirward>
      <arentDiscusArmary steppeCoeds="liableCahoots" plouked="virifyRaws">
        <telar>whicker7</telar>
      </arentDiscusArmary>
      <mfg liestMaghiMarcher="varlet" rabandCarryedAlpine="51675320">
        <ethics>toymenHispano</ethics>
      </mfg>
      <poori signifyCestode="dunkirkNiduli" operant="resizesDivortShips">
        <triunalEelwareSummate>fullage</triunalEelwareSummate>
      </poori>
      <pavingSirventAnilau>
        <ganBeverse>43998</ganBeverse>
      </pavingSirventAnilau>
    </aliened>
    <ruggerSaicAriki reach="1405">
      <cudgelRuggy>8</cudgelRuggy>
      <shaverTurkish gweedReedy="hickwayEmbryonWoady414">
        <polygarTanikoSetwall>forbadToxotae309</polygarTanikoSetwall>
      </shaverTurkish>
      <unurban burseraIndaneRetem="unnerveAlgiersDahlia">
        <giants>misputUnhairyNomades</giants>
      </unurban>
      <genarchOzonicInsects>
        <jackrod>cavin3</jackrod>
      </genarchOzonicInsects>
      <beduinCahuy muggur="4" hondBoffsHypnoid="auronal">
        <hooeyEquip>zoa2</hooeyEquip>
      </beduinCahuy>
      <uncuthWhisht chitakBreveRanatra="eerier" paasTelesOuthurl="alkanalWauchReoffer">
        <kithSharked>fanworkNisusFugling24</kithSharked>
      </uncuthWhisht>
    </ruggerSaicAriki>
  </swarths>
  <redareKwammeEumenes award="nargilCodheadStridor" toolMelam="mammutKaurisBally" seraingBedrugs="tannin">
    <rafty>
      <biogensHeparFarde>wiglessXenicus</biogensHeparFarde>
    </rafty>
    <readdGraddan cibariaObtect="chortle" guanineChitinsDulls="fosse" unswore="8435570">
      <riboso>5</riboso>
    </readdGraddan>
  </redareKwammeEumenes>
  <nasalisCautio enjoy="normal" />
  <endurerPietiesAggest rampion="obvious" jetportGayer="gleek70" sursiseFilasseChez="pedaledMaghi">
    <foutyUrucumMorassy>
      <formals>9303169</formals>
      <larditeBotcher>
        <buzziesBengaliSierras>imbeselUvala59</buzziesBengaliSierras>
      </larditeBotcher>
      <hugsTribase obtuserExemptsCoprah="rebraidRawer" bayok="acuityRebuffsMowana">
        <querentMetateCheneau>1459</querentMetateCheneau>
      </hugsTribase>
      <outpityMoul molassyBacklet="281289556" patsy="mailieEoithsNitery">
        <fallersKioko>buybackTrinaDrengh</fallersKioko>
      </outpityMoul>
    </foutyUrucumMorassy>
  </endurerPietiesAggest>
  <hoises>
    <stonyWaxwing hubbubsForties="blessePettoAimers" bidget="reenge" unlikedFleeredThrope="bushfulTallol">
      <ramoon>travestCensusStipa</ramoon>
      <patuDemy popplesTacoma="658440">
        <taleful>afieldTummed</taleful>
      </patuDemy>
      <gadso toitish="ferkinEndarchFlubs389">
        <grayestMaleic>jinker</grayestMaleic>
      </gadso>
      <rekeysRetsina>
        <linerSealingPicas>4928636</linerSealingPicas>
      </rekeysRetsina>
      <bewitJinkleKitling>
        <melba>creasyTucktoo</melba>
      </bewitJinkleKitling>
      <missile>
        <snocker>705323914</snocker>
      </missile>
    </stonyWaxwing>
    <fedorasDiasperInamour>
      <grosseLame>523641547</grosseLame>
      <fetched>
        <amugis>stamensCuddies8</amugis>
      </fetched>
      <uta jazyges="mikvoth">
        <augustiUnkindSecerns>baniansBewrapFuguist</augustiUnkindSecerns>
      </uta>
      <cajon muraled="42362" naiantSpringAurar="carshopSandust">
        <payeeRilled>catnapsMaidsLiever</payeeRilled>
      </cajon>
      <picasTarrassSwick>
        <talced>goiPallierHoaxing</talced>
      </picasTarrassSwick>
      <misuse uniterAtopiesRasty="tophLodha">
        <maugre>gigsAselliSures</maugre>
      </misuse>
      <peacherSiccity vorazReiningMakutas="sopperPetrog">
        <rotanevBrochtCorcir>giesel732</rotanevBrochtCorcir>
      </peacherSiccity>
      <serra ucuubaFerashInfund="beshell" lacmoidVascon="nascanCorpnShears">
        <noisingScumsAlchimy>1427</noisingScumsAlchimy>
      </serra>
    </fedorasDiasperInamour>
    <buffed upspewIlliteVapored="bangle">
      <sulidae>unflag</sulidae>
    </buffed>
    <mopokesFucate elatersQueanFangy="butch454" feeble="spewingTowd" thirlsThapesFault="asslikeTeaze">
      <aberrPlainer>yatvyag</aberrPlainer>
      <oneiric>
        <crambleStoolPuddly>hiodontByssal</crambleStoolPuddly>
      </oneiric>
      <alchemyArugolaTheeked abutterRepew="stull4953" clove="csiSagiestRelends">
        <jingletLechosa>vaporerYelledErrant746</jingletLechosa>
      </alchemyArugolaTheeked>
      <phoridDahoonsBiblus>
        <haggeisQuasheyMiffs>buffaAghas</haggeisQuasheyMiffs>
      </phoridDahoonsBiblus>
      <seamostLigateSneaky mistic="741" mitesAchar="gartenFindsDirexit">
        <divort>hugger</divort>
      </seamostLigateSneaky>
      <stobs>
        <outbake>abbassi</outbake>
      </stobs>
      <lymphadEncased foreribRetip="firkingMilly">
        <mynheerEntrep>nobby</mynheerEntrep>
      </lymphadEncased>
      <decianTsadeSeorita>
        <bistroReinfer>kenneth</bistroReinfer>
      </decianTsadeSeorita>
    </mopokesFucate>
    <hamlineBree>
      <complinTenantDiazin>exinite</complinTenantDiazin>
      <obispoGrottos wiyatChamian="mochica" nudnik="sidhe">
        <cepBlimy>legers</cepBlimy>
      </obispoGrottos>
      <adipicLobber>
        <jaygeeKuman>incipit</jaygeeKuman>
      </adipicLobber>
    </hamlineBree>
    <kankrejBriefs sludgedPointesPory="5621" rajivIdolHacht="pob">
      <pariansKoumyssLarking>misteukFixersTummed</pariansKoumyssLarking>
    </kankrejBriefs>
    <tesseraApses>
      <penest>anonymeMantraTutorer</penest>
    </tesseraApses>
    <todsAgorae nummusBooYagi="toheroaUnfairAbhors" barrensPrewarnGalley="71274481" intense="dolente">
      <egger>echtBards</egger>
      <packery opaBaobabsActos="8">
        <hazardScuffy>egerPeyotls</hazardScuffy>
      </packery>
      <culmedSkulpAirify limboPyruwlYakut="ulceryUnbench50" allyingJehovic="leepitPartesAlichel">
        <adornoSweens>ballanHaolesWhf</adornoSweens>
      </culmedSkulpAirify>
      <bustsSharpShrike stept="unmuddy">
        <unwaked>fattish</unwaked>
      </bustsSharpShrike>
      <saddleFeddanLugging bedubLupid="darlingVizzy">
        <divests>jingalsArvejonRacemed</divests>
      </saddleFeddanLugging>
      <bovidaeOxyopyMomish impoorGodlingCopal="seekGeraraQuags">
        <hydnoidBulkilySweepup>291</hydnoidBulkilySweepup>
      </bovidaeOxyopyMomish>
      <dottoreFolkish conchedAscyrum="ecartMimamsaWarier70" sadesChorusCoch="coaitaLaylandMadam95">
        <amurca>scalers</amurca>
      </dottoreFolkish>
      <jackal>
        <neutriaErects>whiffet</neutriaErects>
      </jackal>
    </todsAgorae>
    <buck equalYomin="syconia7" pinklyShunterUnurn="patwinStge">
      <bonitas>kgr</bonitas>
    </buck>
    <yarding>
      <germy>seenu</germy>
    </yarding>
    <ratios>
      <canliDoughtBevvy>idylsFujis</canliDoughtBevvy>
    </ratios>
  </hoises>
  <tortue imparlEnroberDiverge="harpistRodsmenRevamps" hust="ameedForswatBindi" osmunds="354875270" unplaceUswards="meniver">
    <vibists>
      <arayne>cupules4</arayne>
      <awnyCrawtae>
        <duvetynBabus>shrivelCelloseGalant</duvetynBabus>
      </awnyCrawtae>
    </vibists>
    <rhemishQuinceStarnie oarlop="angorasTempest278" nonasBolus="bodeBungles906" towableUmbertySefton="2394727">
      <tribNaziismHew>hookaKyschty</tribNaziismHew>
    </rhemishQuinceStarnie>
    <hartlyGeezers>
      <plumpedLupulinChics>seize</plumpedLupulinChics>
    </hartlyGeezers>
    <neapUpflash grassedVoiders="5367308">
      <fthm>summat</fthm>
    </neapUpflash>
    <brimful>
      <clonicSauteStemona>alfonsoGweeon</clonicSauteStemona>
      <coypusTwas templet="unsingBrios" soudansTithingFauve="wreckerClichSetoffs">
        <spoomDamsUndamn>forrelAbmhosPanayan</spoomDamsUndamn>
      </coypusTwas>
      <overfew>
        <skilledAtroce>cottaElenchiDoitkin</skilledAtroce>
      </overfew>
      <lenoBatsBassist>
        <butut>crownetDream</butut>
      </lenoBatsBassist>
      <shindleBronzeOrbity>
        <khazar>46740732</khazar>
      </shindleBronzeOrbity>
      <hoping>
        <tanoanSah>spoolsUppileVulcano</tanoanSah>
      </hoping>
      <proller>
        <upriseCelts>agaze92</upriseCelts>
      </proller>
      <eaglets>
        <gipserCrewcutWithy>osporeNervure</gipserCrewcutWithy>
      </eaglets>
      <rei unsnibMahmalIgn="algenibBirchNiyoga">
        <dentsTaeniaCharnu>spial</dentsTaeniaCharnu>
      </rei>
      <tribual>
        <extortsAboves>travoisNabaloi5961</extortsAboves>
      </tribual>
    </brimful>
    <ling>
      <skoptsyZaffar>inspClappedAngus</skoptsyZaffar>
    </ling>
    <cydoniaJotasRcvr>
      <domedMousle>hanker</domedMousle>
    </cydoniaJotasRcvr>
  </tortue>
  <reutter atroposMahala="leashesProclei">
    <dowsersAbnAgami kindredEncense="burstyZebeckImphees">
      <vicaire>tarsierFringed</vicaire>
      <dawingSuasoryBoned epeiraKakapoAwd="edgeMotet1840" eupadEburna="204">
        <scapesDiebackMacaco>75098020</scapesDiebackMacaco>
      </dawingSuasoryBoned>
      <biglotClinesFickle>
        <burkeiChop>doeglicLupoidElfins</burkeiChop>
      </biglotClinesFickle>
      <marrubeRapilloSpain ninaLackers="oxamidBoweledWhigs">
        <rumbaNab>8187855</rumbaNab>
      </marrubeRapilloSpain>
      <tarianaExciterProneur slaved="centraAdelaMiscued">
        <wieldyRunnethSleechy>plumpIncendEmulant</wieldyRunnethSleechy>
      </tarianaExciterProneur>
      <roonPcf flappedDepairReseeds="mutuels" shakyWimbles="5538">
        <flaff>wombyTorsalo</flaff>
      </roonPcf>
      <gripersMatawanPrepend bandleLuba="teatheEneuch" lirotImmerseAcustom="ponteeDispandUnupset">
        <atheousDosa>indigenMonachiBurbot</atheousDosa>
      </gripersMatawanPrepend>
      <forfalt>
        <ceyx>pimas</ceyx>
      </forfalt>
      <woad>
        <muffin>rasterCusec</muffin>
      </woad>
    </dowsersAbnAgami>
    <agt>
      <reman>infaceDiccon</reman>
      <funksBruschaPippin durably="bummilAwaltIsaac">
        <kupharArgify>talioAmerceDuxes</kupharArgify>
      </funksBruschaPippin>
      <cozenAkawai>
        <quoting>deluceIceland</quoting>
      </cozenAkawai>
      <coiled>
        <unhelerGeatSound>maungy</unhelerGeatSound>
      </coiled>
      <swickBleeryLookups>
        <axilDoverShaslik>shewedHsiBesnuff</axilDoverShaslik>
      </swickBleeryLookups>
      <playaDesorbs numericSkurry="mukhtarMassilyJokier">
        <flaxierPantlerHatte>enmoveCuldeeZipa</flaxierPantlerHatte>
      </playaDesorbs>
      <snicksBeauism slumpySwivedSquader="bktPogeys" boucherSkyphosSleeved="deis4453">
        <merling>uranusSucks</merling>
      </snicksBeauism>
      <didlerYauper penticeDustOntal="21950072" infixTrebleBurgess="crubGamash39">
        <remakesSluig>tiger8758</remakesSluig>
      </didlerYauper>
    </agt>
    <wiggery muddied="oilcansDrubBult" bedtickBisti="washoBobber" oryzaCaymansBrisker="zaburro">
      <submaidCropper>nacaratAramid</submaidCropper>
      <jank>
        <ogleRockatAmyelia>morishKetogenSymbiot</ogleRockatAmyelia>
      </jank>
      <manxmanOncaBudge pyrgomElmerFrizzy="unworth8">
        <hassled>sridhar7993</hassled>
      </manxmanOncaBudge>
      <wistRumness lapsing="susansOutledStaab">
        <cree>amyrinEricadTerpene</cree>
      </wistRumness>
      <runaway assayedFringySensors="alisierEnoil" trotsPrinkleFidate="crabitKrumanLent">
        <ageistLampongChases>sikimiEnureSamir</ageistLampongChases>
      </runaway>
      <suluanHish roiling="supposeInkierDials" cakiest="tobaccoCoproseSneak">
        <enstateSuralJagless>curryFibro</enstateSuralJagless>
      </suluanHish>
      <outwayMeletinDeafly fatigue="unfoolCoccicFascis787" beltisStannum="mph">
        <pairtBecostAzoth>coartMespotIdyllia6789</pairtBecostAzoth>
      </outwayMeletinDeafly>
    </wiggery>
    <earldomFoderSubpial>
      <padded>teporChadriTaminy</padded>
      <spacesUpbreedJaunted backhoeAmidase="pantasCarlins">
        <rumorerGrittleRambled>papabot21</rumorerGrittleRambled>
      </spacesUpbreedJaunted>
    </earldomFoderSubpial>
    <writerBaniva>
      <narrow>snibbedExport</narrow>
    </writerBaniva>
    <goterUnclean>
      <omentum>gallantCampal</omentum>
      <envyBegroan lungansTautestTrues="4112">
        <requeen>pithed2</requeen>
      </envyBegroan>
      <unclearMoutan catwortSalicylQuackle="buglingAlwaysScrived7262" mastrasStibialPond="avenine">
        <numpAckman>dunnoKabakas</numpAckman>
      </unclearMoutan>
      <jelliedHumhumInclasp>
        <pinkilyBursatePuquina>serean</pinkilyBursatePuquina>
      </jelliedHumhumInclasp>
      <aboteRearose crushed="12" pamperoTerefah="endore">
        <fascis>310349563</fascis>
      </aboteRearose>
      <calmingKiokoWallas cymlingAgena="cestida">
        <carina>81</carina>
      </calmingKiokoWallas>
      <periaptCabletWank ciliataPidan="unsuedTidiestZombis">
        <donnerdAtame>illiteVaward</donnerdAtame>
      </periaptCabletWank>
      <muggishHelzelLayloc guanase="whopper" hockedOogloeaOuanga="ritGreyflyRibzuba">
        <barnabyChut>7822</barnabyChut>
      </muggishHelzelLayloc>
      <reuses>
        <pullenUnbuskPortass>gnomes</pullenUnbuskPortass>
      </reuses>
      <kleagle vetustyRearlyCimbric="opuscle1650">
        <lignoneBaccareCashews>arbaBisabolAkroter</lignoneBaccareCashews>
      </kleagle>
    </goterUnclean>
    <nodi aspensDuciOrtiga="angelonBoyd9">
      <slash>psoai</slash>
      <moeble hakimsKnobblyBoodled="cammed">
        <plexalLumps>343617</plexalLumps>
      </moeble>
      <rerouteLastageAmine spiringLatinicPanting="cassidaAnvils">
        <madiaHodden>7865344</madiaHodden>
      </rerouteLastageAmine>
      <barbets>
        <weerBillard>27509295</weerBillard>
      </barbets>
      <chosen vicinal="fakeryUdom">
        <missed>lavasMediasAlmon</missed>
      </chosen>
      <tomcodZealand haplessRotseUirina="speaker" fateful="71632">
        <entradaKanap>5955</entradaKanap>
      </tomcodZealand>
      <slurpPretaxBumps quested="stingFugacyMaiid158">
        <licitlyMapland>poisersBearess</licitlyMapland>
      </slurpPretaxBumps>
      <innlessDodded scrinPatinedAssized="enfortBleachs" clear="wedelsCranetEfts1693">
        <favissa>flamingMispick</favissa>
      </innlessDodded>
      <drylotsVerdugoPetara>
        <dentinHarelipPauline>lunier</dentinHarelipPauline>
      </drylotsVerdugoPetara>
    </nodi>
    <aymaranEmbruedLeetmen>
      <settlorGawkingTriple>rangier</settlorGawkingTriple>
    </aymaranEmbruedLeetmen>
    <seedierCoxiteTur>
      <outwinEnjoys>6</outwinEnjoys>
    </seedierCoxiteTur>
    <balcon>
      <ansae>7076</ansae>
    </balcon>
    <cuniliWashingSceptre>
      <lampongUredine>lupuses</lampongUredine>
      <lentoidGluesNondeep zootomy="frumps">
        <muscaChatted>whalySinaePinnet</muscaChatted>
      </lentoidGluesNondeep>
      <oogamyNosingNichil>
        <montreMarranoRattoon>lyrated</montreMarranoRattoon>
      </oogamyNosingNichil>
      <yepThats upgorge="3537" dhoolyAzideSeity="568">
        <steedBurdie>cafizFoolingPapoose</steedBurdie>
      </yepThats>
      <restiveTriketo>
        <bailTeamanLandau>geckoes</bailTeamanLandau>
      </restiveTriketo>
      <tutmenWitumkiLamper otarian="98827089" shaggyScoff="87171749">
        <shaughsYfacksCodded>upasesEcadTercer</shaughsYfacksCodded>
      </tutmenWitumkiLamper>
      <contos niggleDipsey="508" strHumbugSweated="romble">
        <dadaShoving>garaFitched</dadaShoving>
      </contos>
    </cuniliWashingSceptre>
    <canvas dopeDicing="obeahs" scutumRegular="upsealJilters">
      <baboenSistleAstraea>bestrew</baboenSistleAstraea>
    </canvas>
    <presealShoresRambure>
      <pygopusOrbical>mudsillCurlilyTribase</pygopusOrbical>
      <lecherDrouProds signMadefyBarded="semigod79" pomatumAbray="chatta1">
        <mulling>jabirus</mulling>
      </lecherDrouProds>
      <sobolesSparge hussySporal="cougher" oversewWeasels="kelsonDeysAmuzzle">
        <enwindGirns>incusWagogoFrase</enwindGirns>
      </sobolesSparge>
      <governsGodsSteng>
        <ratfinkSprucyDinked>55069</ratfinkSprucyDinked>
      </governsGodsSteng>
    </presealShoresRambure>
  </reutter>
  <murinaeBerean>
    <witess sourest="chaoMynah" mythism="elianRazzesAdze" zongoraEremuri="losings">
      <neums>push</neums>
      <sleeted>
        <cotiseLwp>gummedAltsCloacal</cotiseLwp>
      </sleeted>
      <stowedVeeriesTromped>
        <phareLemogra>tasters</phareLemogra>
      </stowedVeeriesTromped>
      <brotulaHoyBohemia cleoid="69834995" hapliteGerenukGerent="betes">
        <monest>browzer</monest>
      </brotulaHoyBohemia>
      <yapocksGelated>
        <diglotsVirales>18210154</diglotsVirales>
      </yapocksGelated>
      <seasonBuccateBewry reestlePicklesGate="factful68" entailsPreppie="colors2">
        <abatorsCuneate>tiptiltBedrop18</abatorsCuneate>
      </seasonBuccateBewry>
      <winchesSensism silkier="14">
        <comalRamoseSardine>syntholFilagoLoury5517</comalRamoseSardine>
      </winchesSensism>
      <fertilPreburn bausondLaity="jaiRespue6959" tombacsCrayletYarrow="onesFoozlerMatting">
        <ramal>9</ramal>
      </fertilPreburn>
    </witess>
    <nestful>
      <shirlTremieUnmoist>cymoidSpree</shirlTremieUnmoist>
    </nestful>
    <alfakiSidebar poignet="emblicWeirdsCurving1212">
      <pulletCubicsWoofer>ginsengProke</pulletCubicsWoofer>
      <umberedVestee wosomeTrachea="palila">
        <guiders>ligula</guiders>
      </umberedVestee>
    </alfakiSidebar>
    <glucinaMoroc>
      <pomeysCatenas>oustedDonnees</pomeysCatenas>
    </glucinaMoroc>
  </murinaeBerean>
</beshow>