<?xml version="1.0"?>
<googol>
  <grail sonk="diambEvelyn" faltcheBices="miniardLoupe" veiny="arrobasSynema" bingyImmuredShe="meaniesStaTancel4">
    <nonylCalas pyemiaTurnway="rewarmMarblesUnfunny" antiaeAttrib="991" agramed="runwayFlaiteDetruck">
      <creda>packCinemas</creda>
    </nonylCalas>
    <edamCamass>
      <sharker>dallan</sharker>
    </edamCamass>
    <czechsBlinis>
      <stakerIngeny>manobo47</stakerIngeny>
      <busher coix="246129" unfill="abysmsVyingAlowe">
        <pedesisAeroseCher>9</pedesisAeroseCher>
      </busher>
      <bemeans amides="towerPorterSwiller" podicalBursary="spikeSiryanNature">
        <wakener>logship</wakener>
      </bemeans>
      <hiederFind vamperHybodusNigging="paintyDaverFenner4" glopsCrom="poetlyLegman">
        <befile>podites2814</befile>
      </hiederFind>
      <largeByrladyCuppin>
        <mungeSaughenReseda>298734190</mungeSaughenReseda>
      </largeByrladyCuppin>
      <gteau pomaneCrosby="thaeVilloseRamass88" toolmanCarsesCacumen="yelperBilled">
        <artelBevorAsseal>yaourti</artelBevorAsseal>
      </gteau>
      <budgetsHainai hexoic="970201892" fers="olivierApertum">
        <thar>reboreStairs</thar>
      </budgetsHainai>
      <collideMoraeaVernine soilsBlocsBrisks="actuals">
        <quiz>sporous</quiz>
      </collideMoraeaVernine>
    </czechsBlinis>
    <coapt>
      <mycol>25009</mycol>
    </coapt>
    <exceptsTinwaldCornix ropeUpstart="bumpeeAntihum" wotlink="alexius203" extendUnadoptYaird="lilasBinh54">
      <burkes>bewitch</burkes>
    </exceptsTinwaldCornix>
    <castoff>
      <caves>trummelAerifySaught</caves>
    </castoff>
    <ratteenLabia tuftBobbins="humorerGratins8328">
      <hipBlady>subvii</hipBlady>
    </ratteenLabia>
    <skater puzzled="pickler" taratah="idemTitians">
      <peoria>unisonsWorble</peoria>
      <wanrufe vicunas="typifyCrabby9387" inyoke="rotaryChicks">
        <gamut>acidlyBreba4143</gamut>
      </wanrufe>
      <lungees neapsMestiza="qiviutsKniaziAxon">
        <unsews>venesiaLiasingSulked</unsews>
      </lungees>
      <hakeem>
        <pollexShale>miamiaFondusFrizzy</pollexShale>
      </hakeem>
      <coaterOrphize ganodusPanurge="imbesel" crewerIkary="914937406">
        <stifeSardine>2646919</stifeSardine>
      </coaterOrphize>
      <docks boveFrizzer="25178">
        <calced>akekiCaiquesGodsend</calced>
      </docks>
      <dermSaunasFanglet comasScaursWeedy="1">
        <unlaceUgliestCoiners>cocoyamKraits36</unlaceUgliestCoiners>
      </dermSaunasFanglet>
      <mashersSmethUndines>
        <baybolt>smeltSanta100</baybolt>
      </mashersSmethUndines>
      <aielOath aimless="atropiaFistyLander" cindie="4666">
        <martialClyFeed>grene</martialClyFeed>
      </aielOath>
      <slutMangosCasper foxwoodCograil="cuppa">
        <cundums>costs</cundums>
      </slutMangosCasper>
    </skater>
    <deplaneDareful>
      <hydricLowedFlyblew>31007817</hydricLowedFlyblew>
    </deplaneDareful>
    <chouserSacred>
      <foldure>rehemUmble</foldure>
    </chouserSacred>
    <rowlandModernsCaroler ovidaeQat="derth" bioticLysateMannire="sontagTenant" bodiedSalpNouther="795582">
      <enarborBeamersCooked>chewierPitsawsThimber</enarborBeamersCooked>
    </rowlandModernsCaroler>
    <pommage>
      <foeless>lagansClevis9573</foeless>
    </pommage>
    <windzTroker meedfulCarriUndrest="takings" benday="tisicKlanGumma">
      <latestBarretsDin>zinckyLinseysBottier</latestBarretsDin>
    </windzTroker>
  </grail>
  <rewedsBoozer apparelFouledHeavily="yapoksBrochtHylism3" sipapu="silvius" penangShackyCrcao="cagayanBudling">
    <carpool>
      <idrosisMinuetsLawn>becheHurt</idrosisMinuetsLawn>
    </carpool>
    <fangingEbbs>
      <aproposManada>lenaeanStrubSlovaks</aproposManada>
      <gnarsAlerter serbize="wrimple" pashkaPenestOaths="debtsSculperHasher">
        <quieted>happifyKopjeOutsang5222</quieted>
      </gnarsAlerter>
      <kildee>
        <abmhoSocialsNaiver>grousyDunlins</abmhoSocialsNaiver>
      </kildee>
      <rompeeHayeyRevisee banalKylieKonak="dojiggy">
        <leftiesUnlocksKuttaur>pignonLekTotters716</leftiesUnlocksKuttaur>
      </rompeeHayeyRevisee>
      <bagfulsEstaminTangle mulleysSchtick="favism" missishBaccyButyr="boubousTabbied">
        <bronzer>drumlyLeporid</bronzer>
      </bagfulsEstaminTangle>
      <midgutsDinero nielsen="wardsSanctus">
        <saliqueGiarra>bantin</saliqueGiarra>
      </midgutsDinero>
      <whispPinners jammerFilate="7923672">
        <reengeHackie>54</reengeHackie>
      </whispPinners>
      <tupikSloke kempt="granderPlenum1" kudizeNipper="7">
        <bemean>arghSquash</bemean>
      </tupikSloke>
    </fangingEbbs>
    <tenspot>
      <bosuns>foggierSchuteHasping</bosuns>
      <septics treaderAlterer="edenicSortesPreacid" huppah="amidaseExhaled">
        <deers>6687</deers>
      </septics>
      <machairBlowyInjoin audadsKipchak="elymusMainanAeoline" geastMinimiNeritic="23092498">
        <kinahPotwort>688383913</kinahPotwort>
      </machairBlowyInjoin>
      <lockLampretBinzuru arrayerInhaust="munjArmTarging8192" muslin="alifs">
        <anornFiancedTwyer>outrockEkphoryMemoria7416</anornFiancedTwyer>
      </lockLampretBinzuru>
    </tenspot>
    <boskageGabrielSuzuki>
      <wardYodels>candies8</wardYodels>
      <heizedMaha deliaLususes="6" hine="pedocalCoptersBirdmen">
        <systoleHogherd>linemenBlobsOrsede</systoleHogherd>
      </heizedMaha>
      <uncitedRokerAlumite>
        <bowableMidriff>oficina</bowableMidriff>
      </uncitedRokerAlumite>
      <tema unducal="4">
        <mucusesUnius>untinctArchd</mucusesUnius>
      </tema>
      <howelJessedSidearm hagrodeBuxomly="frozeSpeeled" benshiAymara="suspectUnkamedToey">
        <axseedScared>832175103</axseedScared>
      </howelJessedSidearm>
      <votyakDemainMaggot>
        <acumen>linchLacticBeloved</acumen>
      </votyakDemainMaggot>
      <anacid>
        <vintryWawa>moarianGumpFills</vintryWawa>
      </anacid>
    </boskageGabrielSuzuki>
    <birnGaminsMea>
      <artwareClimantTubulet>rompingYarderJatki347</artwareClimantTubulet>
      <thetaParget>
        <advisesGaze>mosses</advisesGaze>
      </thetaParget>
      <tridra>
        <brig>trityl</brig>
      </tridra>
      <bimotorBesteer>
        <piedCabbled>eccrineCrapaudPalmin</piedCabbled>
      </bimotorBesteer>
      <reasty>
        <noblest>76831161</noblest>
      </reasty>
    </birnGaminsMea>
    <clanksAppet branksLeveche="surfier" bespinLirasSeeming="tinguyDankestInsanie">
      <duckletEchappe>bardier</duckletEchappe>
      <ferrier fixersTopheHydro="phasmid" bitiThatchy="153828">
        <gadisProode>bradoonWazir</gadisProode>
      </ferrier>
      <sanger emrodeFlooderLeysing="alpieu17">
        <kiotomyStapesBianchi>odiousCanzos</kiotomyStapesBianchi>
      </sanger>
      <atta seekerSwithlyEvent="kittulRedbird97" vinterLeeward="326070284">
        <wergildLhd>pageAggerRaggles</wergildLhd>
      </atta>
      <apio hellierBraidedUpdelve="creneleCoree">
        <oryx>bifidCrengleEagrass</oryx>
      </apio>
      <minterRant shibahs="tagua">
        <jameson>equalsTempehRebeset</jameson>
      </minterRant>
      <jibbonsMusica weerHexaplaIrishly="hobbiesFuck">
        <hackinTamises>citreanCowmanRasen</hackinTamises>
      </jibbonsMusica>
      <gnashes cradockRhoncal="stuppRemoterBewary" unnosedYaourtTeng="abidden">
        <abigei>argali</abigei>
      </gnashes>
      <fivebarQuoadSheenie besquibGroszy="preener">
        <plagoseCircue>158573</plagoseCircue>
      </fivebarQuoadSheenie>
    </clanksAppet>
    <mol imbanTragionSkate="lexiconWhirretLeuk" aminityTergalWords="242491" swatch="whereso">
      <guyedDeckleRammi>sconesAlmas8</guyedDeckleRammi>
    </mol>
    <drunken>
      <pretellTriunalDom>tuthDurionEscout</pretellTriunalDom>
    </drunken>
    <greiges eparchsBlesbokVolunty="47902" mappenMoper="frsiketAlantsAdaw" valves="7483427">
      <orlonZiram>blindedEsopus</orlonZiram>
      <bemoon steeredAjharPiggins="bagmenWayman" umpy="incaveEffacer">
        <miseaseSpasmus>plasome</miseaseSpasmus>
      </bemoon>
      <scawlWrihte>
        <ruderaDent>3</ruderaDent>
      </scawlWrihte>
      <outmost tripack="reysonKrapfenTilths">
        <hipe>9895237</hipe>
      </outmost>
      <slackedAlveary rower="19725" maestri="mootHookishHathor2819">
        <daniosMylodei>hushion</daniosMylodei>
      </slackedAlveary>
      <guru garoOblata="powitch">
        <odourNiobium>vermilPresul</odourNiobium>
      </guru>
    </greiges>
    <shoedDurzee iratelyGuayabaTripy="8125803" coalersElandsPinnet="chickyFloozyGadso">
      <arabis>marcitePony</arabis>
      <rim serosaAurylWaddly="64536190">
        <chapahUncrampMafioso>moonlitHullers</chapahUncrampMafioso>
      </rim>
      <limpilyKannenBuffa>
        <orthianArguesIrides>tinners</orthianArguesIrides>
      </limpilyKannenBuffa>
      <scarmanAroidesDenmark facersPointeHans="781323">
        <zymiteLucibleNepote>luggieXystoi</zymiteLucibleNepote>
      </scarmanAroidesDenmark>
      <laneLooryTetany staumer="913" reforge="waffiesAramus">
        <uraemiaBuzane>ritard6</uraemiaBuzane>
      </laneLooryTetany>
      <blateCurtanaJests bisyncAlleveSoudge="tazza">
        <lendeePynotNeocene>walnutsShews</lendeePynotNeocene>
      </blateCurtanaJests>
    </shoedDurzee>
  </rewedsBoozer>
</googol>