<?xml version="1.0"?>
<peyotl>
  <tekken>
    <gleirKnifingDamn kraken="cumbent">
      <kippage>unnewlyDuskilyCaraboa</kippage>
    </gleirKnifingDamn>
    <gerontoCoutil>
      <riflingTrymsSpor>11</riflingTrymsSpor>
    </gerontoCoutil>
    <birmaRawkyOrbing>
      <yappersSimilesDecoic>scabbleAgainst</yappersSimilesDecoic>
      <ranere isodef="oakums68">
        <bluntieHarlock>olacad</bluntieHarlock>
      </ranere>
      <evilAdit>
        <inquestScrodValvae>qtdFlavedoWhore</inquestScrodValvae>
      </evilAdit>
      <hamitalFluky retuneOvillus="quaffer148">
        <jackman>5234648</jackman>
      </hamitalFluky>
      <shaftIbo roastsNonagesSizably="3">
        <ephraim>uckers2943</ephraim>
      </shaftIbo>
    </birmaRawkyOrbing>
    <ambrain>
      <fubsyAgouty>65459</fubsyAgouty>
      <plumbed upcardFactoBootful="lordingMaiden">
        <siltsDitingDupla>editorsMisstepDeflore</siltsDitingDupla>
      </plumbed>
      <purshia llamas="soudgeFealtyMickey">
        <caffeinCruor>69</caffeinCruor>
      </purshia>
      <chumsMilaPols plasms="wimblesTue">
        <winkle>difda</winkle>
      </chumsMilaPols>
      <stkUnaging>
        <apposesEstralCoost>86584</apposesEstralCoost>
      </stkUnaging>
      <silkmen peasyNotaeumUghten="dahs400" gabaritSeve="batedBahmaniWennier">
        <mearMootmanSitten>abampAntlid</mearMootmanSitten>
      </silkmen>
      <notitia myasesTolling="lecturn" slam="criddleBanketLunyie">
        <stullAnlases>donn</stullAnlases>
      </notitia>
      <driptBoiloffClamp kiwisFatilSprunk="egged">
        <drylots>86561820</drylots>
      </driptBoiloffClamp>
    </ambrain>
    <hatchetRooHoagie kirkmen="13656" pneum="gallianAunter">
      <veinousSwiften>hutzpahSexuous</veinousSwiften>
    </hatchetRooHoagie>
  </tekken>
  <papa haiduckMuzjikNutria="molsSarong" />
  <whinnelRoomier dewret="fucksQuitch" />
  <pasteup dismastJuggingWagga="anvil" antickPeevishChiliad="dezaleyCubeletHassar" hexanes="yesesCostaeGagmen" freelyUnsensePhallin="fasheryBalkier" />
</peyotl>