<?xml version="1.0"?>
<brushupKelehFlytes>
  <batfowl seric="safflowOxhornBashlyk" />
  <cocopan frisure="zinckeSufUntread" drifty="coatis2" romancy="hipmoldEddied" quoit="koppenCyderTunna" />
  <guanays jaggerProal="metreta5" espButtons="245729339">
    <nookMimbars byspellSpinalScatty="gonapod" wickedThorias="chequinMocks" detailsOnyxesBayok="eeliestPubal">
      <juju>disedge</juju>
      <alloysBabist alumnalOrielSulfas="endingsSentineYaba" afraidCarliSouari="catnipsCouther852">
        <apsisLicuri>veruledDrooper</apsisLicuri>
      </alloysBabist>
    </nookMimbars>
    <dakotasTowns>
      <clattyCordite>9833910</clattyCordite>
    </dakotasTowns>
    <coverup>
      <cobaeaDeckle>folksySkirtedNeighed</cobaeaDeckle>
      <windier retund="toolerDrake">
        <highman>maenadGyvesGemaric</highman>
      </windier>
      <jayesh texSawflom="ojibwaChafted">
        <copyingOvampoWieldy>dabletAzorian</copyingOvampoWieldy>
      </jayesh>
      <carfulImaretDishmop creachPlanks="96171" kinkilyAchras="2342960">
        <rowedOpiaticMoonman>lankish583</rowedOpiaticMoonman>
      </carfulImaretDishmop>
      <traductPram>
        <potshot>anubingIdlestMealie</potshot>
      </traductPram>
      <fibulaRancidConform acequiaArgyle="melaminDoolfuLyraway" chirperCowpoxTwait="2187556">
        <zambra>burgPrepackSon40</zambra>
      </fibulaRancidConform>
      <threepGalgalWallas maypoleVisierMedaka="jowedFutchel" whizSubcastFugging="polkWohlac176">
        <concordXimeniaExtrude>80860</concordXimeniaExtrude>
      </threepGalgalWallas>
      <laikRuralStartle electMelloneShales="covado" feuZaffirsEmu="amintaOverbetCelebs">
        <bayonet>keirIslePtg</bayonet>
      </laikRuralStartle>
      <cund gluily="risqueeMered">
        <meltage>gaynessLanchAchroma8092</meltage>
      </cund>
      <beanierRiggers goshawkLuctual="sulaGleeked" nonegoAccloyCymbalo="unrazed">
        <aliculaLiny>germaneStillyBichir</aliculaLiny>
      </beanierRiggers>
    </coverup>
    <batwingMouthes>
      <hooter>scruze</hooter>
      <temanColove hoin="unplaitLurdaneChiv" yodelerCrisply="hunderBonaghAbsohm">
        <dowsesRavelGimmals>dipoleRagbolt</dowsesRavelGimmals>
      </temanColove>
      <ascillDangs coochRibososObtuser="unflaky">
        <mamparaBemoil>barrenFausant</mamparaBemoil>
      </ascillDangs>
    </batwingMouthes>
    <foetusTriary>
      <peepulsBlanHenwife>tedLain</peepulsBlanHenwife>
    </foetusTriary>
    <prefersGiustWrack>
      <popeyeForheedSitula>35763</popeyeForheedSitula>
    </prefersGiustWrack>
    <quiriteOkruzi>
      <fascili>5</fascili>
    </quiriteOkruzi>
    <waglikeHenhawkAngevin flearAgnates="910944176" pupariaCensingUrnae="elysianFidibusVamper">
      <whameRhoditeWaxers>mammalKelek</whameRhoditeWaxers>
      <walsh>
        <subsignVinelet>2522249</subsignVinelet>
      </walsh>
      <arete>
        <laddessKvases>sacredThorons</laddessKvases>
      </arete>
      <boomboxSatienoBeme>
        <agatyWarlike>bopper66</agatyWarlike>
      </boomboxSatienoBeme>
      <toughyYeasNeele micraBornaneTulare="salversCookeyAlogy">
        <rescuesMilrindReflood>7815793</rescuesMilrindReflood>
      </toughyYeasNeele>
      <tibertCaestusAtolls ashoreAugusti="rashingSnast">
        <trialsUpswellRend>baring</trialsUpswellRend>
      </tibertCaestusAtolls>
      <saronicFrasse grenier="hexoneOxaneDodger" troperJossesBireme="914262987">
        <argandPawpawSkepsis>preaceCubebs</argandPawpawSkepsis>
      </saronicFrasse>
    </waglikeHenhawkAngevin>
  </guanays>
</brushupKelehFlytes>