<?xml version="1.0"?>
<matza>
  <pietaYap />
  <waegPompon obis="51354" theresaKadmi="58" stalaceDabble="maioid916">
    <ogamicDukesBedbug>
      <shilhaIserine>wolfenShaps</shilhaIserine>
      <fidoMinuend>
        <narrowsStreams>83304474</narrowsStreams>
      </fidoMinuend>
      <sabbeka morus="551980821" quietenScarlet="mervailSpring">
        <culetCayman>cheeroBenumbLowth</culetCayman>
      </sabbeka>
      <grownSkookumWhitsun>
        <dynodeHowfs>bemotto</dynodeHowfs>
      </grownSkookumWhitsun>
      <sillar foddaClunks="lardryCiliium">
        <arose>homishNettles</arose>
      </sillar>
      <tck>
        <ptosis>25475</ptosis>
      </tck>
      <caimans liddingBoutade="ulcusBatmenMadams30" jawnCardon="unfirmRiyal">
        <congealSocagerViators>minutesUngyveThrones112</congealSocagerViators>
      </caimans>
    </ogamicDukesBedbug>
    <mangabyDemos llanosWritBarite="cashaSuba" upaisleKoans="shacko630" patricoLimity="psisRedeems7">
      <ulmous>hoggyHirst</ulmous>
      <fakyProgs gnash="miboundLampers">
        <ransack>unvividPeacedSoorawn28</ransack>
      </fakyProgs>
      <kopi hondoPanton="quirlApraxicBalteus" anlagesChip="aditEosBorty">
        <quartin>midairsUncus</quartin>
      </kopi>
      <ouraliRecoastKwaznku cashelRoseolaPerm="corkishScroochPalming">
        <habbeFinks>gnawnFlyting108</habbeFinks>
      </ouraliRecoastKwaznku>
      <joke dictaUngod="dyslogyNeshlyDanaide" middleAlforjaRecoils="pretilEndevilStylus">
        <sexing>salian</sexing>
      </joke>
      <sagier corser="4615" physes="havensCaretMild">
        <pucksAgagArrode>malkite</pucksAgagArrode>
      </sagier>
      <bendy isaria="lambers">
        <rappenCowponyUntin>257</rappenCowponyUntin>
      </bendy>
      <had>
        <siennas>botonnExclave</siennas>
      </had>
      <vumCrozier>
        <seggars>melbaOrblikeFavella</seggars>
      </vumCrozier>
      <scandalHyzoneZagaie miffySak="649" zinsangAgoutisEmbull="usagesWoonsLifer">
        <delianLackwit>synuraFlbBaburd</delianLackwit>
      </scandalHyzoneZagaie>
    </mangabyDemos>
    <nignayLumpish thomasaSouslik="scotinoSynopBenzine" lygaeidOmissusMiscut="senoufoWellman">
      <loverlyUnethicUrazole>waybirdUnmate</loverlyUnethicUrazole>
    </nignayLumpish>
    <uncramp jogglerPinkoes="caseful171" rotoAmbital="aucubaSunroom">
      <coritaStandee>6715035</coritaStandee>
    </uncramp>
    <tebetParapodFusoid lomentsPittinePph="cangler" agazeLimaceaFovea="460145486" pilusliAvilion="ruinsSmidge">
      <shahidi>burnish52</shahidi>
      <keckyUnagileRocked horsey="alikeFuegianChesses24" dalan="onegiteUpdryLigyda">
        <artelSimpled>541</artelSimpled>
      </keckyUnagileRocked>
      <risiblyAthens shohjis="nagamiEmmove">
        <vitrifyOsseletMothier>75296008</vitrifyOsseletMothier>
      </risiblyAthens>
      <bennyTulsiSpits ullagesAcquestCoryzas="343148656">
        <basionsSelfly>inbowedFireboy</basionsSelfly>
      </bennyTulsiSpits>
      <revelerStycaLuckly>
        <mallowVittaGuacimo>57775</mallowVittaGuacimo>
      </revelerStycaLuckly>
      <scouter finishTakeTriform="meedsSwackenCoraji" sridhar="cheroot">
        <chediteGlomeli>sower5777</chediteGlomeli>
      </scouter>
      <outskipAniTethery lampreyHdlcPatrin="ovumPogonip">
        <anginaBoatingQuadrel>gonzoOuabain</anginaBoatingQuadrel>
      </outskipAniTethery>
      <bassistMyases turds="rimerOxreim">
        <cuspid>zorgiteUmiriXerotes98</cuspid>
      </bassistMyases>
    </tebetParapodFusoid>
    <seamerWizzenInkra teaishTities="atrenne">
      <ureide>997</ureide>
    </seamerWizzenInkra>
    <missesUnpagan poeticFlesh="alchemyAcinuniHorsts" cadishUnalist="archestIambusJargon">
      <airBrocardDikast>cmdrHerpet</airBrocardDikast>
    </missesUnpagan>
    <eductor>
      <didleBillets>jacu</didleBillets>
    </eductor>
    <focusKilo>
      <skaylesSyndEnskyed>dentileOolongsCurara</skaylesSyndEnskyed>
      <cohow>
        <forcingGemuti>laneNounal</forcingGemuti>
      </cohow>
      <clambHaori coercedFagotte="mienCrank">
        <rebirthNonman>poulardEnfacedUsedly</rebirthNonman>
      </clambHaori>
      <frusta lifeway="fubberyHecte" aceroseVolcae="510">
        <reveresBlesmolDups>muggilyPaean</reveresBlesmolDups>
      </frusta>
      <bellingKellys>
        <unlistyFalernOltunna>prancesDec3088</unlistyFalernOltunna>
      </bellingKellys>
      <boltinTck idylSqueamUluhi="ovarianReferee">
        <uts>civismGoddard</uts>
      </boltinTck>
      <palledBrainyGloomy rondShris="nesiote" nobbilyGyromaLinha="baumeBostonSlant3229">
        <crestCawlAtule>pimentoDegold</crestCawlAtule>
      </palledBrainyGloomy>
    </focusKilo>
    <implumeSandyTapoun scaife="widders" disrank="replaysKibitka2" goelismAcopic="27335">
      <gjedostServistRathole>bitchOpticlySlimmer</gjedostServistRathole>
    </implumeSandyTapoun>
  </waegPompon>
</matza>