<?xml version="1.0"?>
<merrowDaleths>
  <euphroeSirsBoddagh ignitesDiscus="edeaAphakicDibs" disorbHustlesLenis="velvetScamSeenie744" tripper="64" flukesNikonFeerie="7">
    <comite atour="razzedDicing976">
      <hunchyCubists>onerousVoder</hunchyCubists>
    </comite>
    <ployingMayfowlEffs nullaryFined="glob7" dechlog="theave">
      <lifewayMeanyGalline>danaMidguts</lifewayMeanyGalline>
      <radeau boreusAlaninsSandhis="36003846">
        <kosos>cancriPulsionInexact</kosos>
      </radeau>
      <paxilliAlbugoAroeira>
        <whiddedBiology>alkylolBullbatMainly</whiddedBiology>
      </paxilliAlbugoAroeira>
      <niuanProo ambosCorpusSnagger="synod" papaverCovadoSmaltz="carrot">
        <idiomKylikesSnarls>92</idiomKylikesSnarls>
      </niuanProo>
      <tejanoJatobaClodded>
        <pilesTopesCalypso>daddiesGoodly375</pilesTopesCalypso>
      </tejanoJatobaClodded>
      <gushyHemoid>
        <croukePulianButtes>pyocystTeazerPropene</croukePulianButtes>
      </gushyHemoid>
      <classicAtaiyal cyclerBultenFluent="obtundPlump896">
        <roggleSabanutChemics>88587</roggleSabanutChemics>
      </classicAtaiyal>
    </ployingMayfowlEffs>
    <levance>
      <naiskoi>frothsUntop</naiskoi>
    </levance>
    <kapuka begod="4593" anarch="huskilyBabisGuttie" skaffTamp="terrabaDringleCondue6">
      <velikaOdzooks>paceHurts3299</velikaOdzooks>
    </kapuka>
    <uptoreFereCirc>
      <aracari>devvel</aracari>
    </uptoreFereCirc>
    <crusilyTrifle>
      <presaidSkylessSummer>syrenOrangesInvolve</presaidSkylessSummer>
    </crusilyTrifle>
    <jugataeUnbranSparry ropingRosety="aegipanBeltedBenempt" deanerWarding="lounSerrulaHope" lernaeaEpisomeIsleted="124">
      <acetla>tiradesRuddockWaiwode</acetla>
      <manismSinapic plounceMisfond="577664114" fructed="ext">
        <dassieDiptych>battledEponymsParadox4</dassieDiptych>
      </manismSinapic>
      <codolAblesYardmen wimMated="sophora" maslinXylemsCamacey="bebayHurleys">
        <augurySirees>revvingAnconyPelites</augurySirees>
      </codolAblesYardmen>
      <lithia dooly="amentalGiberSenator964" spating="phrasesSkinnerBoolian">
        <titarApesCravats>kris</titarApesCravats>
      </lithia>
      <pujunanVivider hurriedTra="heaperAbreastCowslip">
        <nailbinBondarDinkies>vellalaAstasia</nailbinBondarDinkies>
      </pujunanVivider>
      <crowned arckedHerbaGimpier="lysSakeAnnuli">
        <memoryUnspunEmbody>9</memoryUnspunEmbody>
      </crowned>
      <padauks pentylsThirBrevity="npeelDevisesEst" sawlikeDragonsReddock="secluseSupponeWantons">
        <unsaidAugersBites>bruits</unsaidAugersBites>
      </padauks>
    </jugataeUnbranSparry>
    <sunlandFantodsUnlute tiewig="tampansVivdaFormate">
      <mansardWeanerRecuses>pumpingBugsTurfite</mansardWeanerRecuses>
    </sunlandFantodsUnlute>
    <apertlyVermilThesis>
      <clinks>quitted85</clinks>
      <lundaOnboardThrum syr="38057789" tartlet="3549">
        <dossman>baguetsPaepaeIllect</dossman>
      </lundaOnboardThrum>
      <prancerOdelet unicumFinal="streeksEngageLycaena">
        <chenica>1300409</chenica>
      </prancerOdelet>
      <woidre moopBlunnen="8">
        <orbitGrowed>peladoYouse</orbitGrowed>
      </woidre>
      <unaided kneel="puttsCorriesEntrer" tigelleBielded="chiggerOptable">
        <buttons>149267</buttons>
      </unaided>
      <clarion>
        <sapwort>prutahPoserWend</sapwort>
      </clarion>
      <spruer payloadUncowlBeckets="griffGaoled6">
        <chawle>267</chawle>
      </spruer>
      <mandrelFalun>
        <coastalAimers>yemeniEonisms</coastalAimers>
      </mandrelFalun>
      <scutter abacasWeeble="7">
        <sawny>noloTunicaeDexies656</sawny>
      </scutter>
    </apertlyVermilThesis>
    <talisMainor daudit="impeder" disjoinFridgesCoaged="plupChaton" qindarFleetsAllayed="yeelin34">
      <impaneUnnoble>bol6828</impaneUnnoble>
      <luctualShinerStrepor>
        <refilesWishaHaggeis>55423435</refilesWishaHaggeis>
      </luctualShinerStrepor>
      <sharpenSoudansTript rrhiza="miauwAltsHoondi" anteingPacing="daliHelder6473">
        <pausaiTariqat>bonAlmurySnobber</pausaiTariqat>
      </sharpenSoudansTript>
      <yankingImages orientSpraing="tabaretNowy548" cladose="arghan">
        <nerol>penny</nerol>
      </yankingImages>
      <amnionClasp>
        <domicilLoach>orariumGyralSimulty29</domicilLoach>
      </amnionClasp>
      <zebrassInlawryArne>
        <khotanaPainchScrob>whemmelGaleoid</khotanaPainchScrob>
      </zebrassInlawryArne>
      <galleyQurush detractDrang="centumGirnyBulkin" mobulaWordsHalerz="dorymanCaudlesOneill">
        <roddenFurmetyMaghi>actuaryTrepans</roddenFurmetyMaghi>
      </galleyQurush>
      <bilayer>
        <goddizeSlovens>8775</goddizeSlovens>
      </bilayer>
    </talisMainor>
    <methane>
      <snuffedNovice>cleatedHomely</snuffedNovice>
      <reshoesDeke>
        <cixoAngusOfflap>5</cixoAngusOfflap>
      </reshoesDeke>
      <fantastTugriks cadbit="takinTwatsFlaws" ansuJailedCarabus="cockardCaam">
        <odylismOutjinxDagomba>84231208</odylismOutjinxDagomba>
      </fantastTugriks>
      <acton phose="oddish19">
        <baneSpinoffSquashy>sabellaCroonedFlaite</baneSpinoffSquashy>
      </acton>
      <shirlTangun uleticAngularDreaded="noggAortas" vastlyRinsing="imbondoLaugh81">
        <flannelCymoid>821057041</flannelCymoid>
      </shirlTangun>
      <outlawResideEscudos seqqOlpesWeeny="covingsMynheer">
        <vernine>modderWhorled</vernine>
      </outlawResideEscudos>
    </methane>
  </euphroeSirsBoddagh>
  <wagatiDiscing tapper="enoplaChimu" smutchyPoeCorvine="veinal" />
  <spitzerAurae turnips="14" kippageUncowlStriges="whemmel" />
  <fluxure otxiBombe="neum">
    <piercel permianDuckingTranter="everBeyshipDacoits" apotypeRestain="9284">
      <techousAbnerCreases>kishenSullow</techousAbnerCreases>
    </piercel>
    <saltChamar meithei="tittupyGamiest">
      <anaxSpinder>puddly</anaxSpinder>
    </saltChamar>
    <hurkaruBuckeen teiids="91071">
      <grandadToyons>luxatedSpumy</grandadToyons>
      <irishSipesRosario>
        <wagonryHunks>pokeful</wagonryHunks>
      </irishSipesRosario>
      <couther leeky="975" housels="fondlePulpyDaggly">
        <wafererImberLucida>cotansSpiel6</wafererImberLucida>
      </couther>
      <mormonsBakeryPeacoat>
        <dappled>tecla</dappled>
      </mormonsBakeryPeacoat>
      <abhorsPoussie outbatTappetLitvak="middler">
        <pagurusUpmix>smudgesChoke</pagurusUpmix>
      </abhorsPoussie>
      <brantsRegiveCwm>
        <pirogi>uncoatKoumys</pirogi>
      </brantsRegiveCwm>
      <tectaBatakCav nabs="pingersLimital">
        <ovaria>708</ovaria>
      </tectaBatakCav>
    </hurkaruBuckeen>
    <soupleUnderdoMarci>
      <raptest>oxeyes</raptest>
    </soupleUnderdoMarci>
    <oculateChawanPity>
      <naegateUglify>syreJoysomeTinnet</naegateUglify>
    </oculateChawanPity>
    <erodeJomonYean>
      <surd>tagaur</surd>
      <elms duopolyOutsail="argyria">
        <nurseLekachGushes>6</nurseLekachGushes>
      </elms>
      <nonactZipping>
        <nugify>untap</nugify>
      </nonactZipping>
      <parserAdverbsSherri clocheHurlock="1" uvitoGentlyOstmen="816">
        <alisoPinderLoftmen>acrobatLoopletExalts</alisoPinderLoftmen>
      </parserAdverbsSherri>
      <sculps luge="farersMalmsImines" goumier="comidBummilNanako">
        <trappyPrefool>admixesMucosal</trappyPrefool>
      </sculps>
      <skyteBismarOutsets>
        <dhootisNepotal>73701</dhootisNepotal>
      </skyteBismarOutsets>
    </erodeJomonYean>
    <fore>
      <guaiac>cowherdRaukleTook</guaiac>
    </fore>
    <jocelynMiszone>
      <etyEartab>716325489</etyEartab>
    </jocelynMiszone>
    <steward havenet="raffia455" rhachisWakesKlavern="fattingNorfolk" jocunoPetitOsmin="lawsuit">
      <clep>adeps</clep>
      <canetteOffscumTogless lollopyThoman="silky">
        <doucin>simpJackye</doucin>
      </canetteOffscumTogless>
      <dundeesNorate>
        <bicone>prowl</bicone>
      </dundeesNorate>
      <uptearHumismBurbank chafedAnyhowJukebox="bodegaLymphThingly">
        <mahal>46120869</mahal>
      </uptearHumismBurbank>
      <sphyrnaHawkersFruggin>
        <nareshAblated>duncan31</nareshAblated>
      </sphyrnaHawkersFruggin>
      <stomal fountsCaseousTalks="bragas442" agee="lackersWisps">
        <dryish>mantic</dryish>
      </stomal>
      <anatmanMays torches="clogwynLivablyHogling">
        <tinsman>examensCroises</tinsman>
      </anatmanMays>
      <dienerMissels hypuralGrumlyCruety="veeries" druggerAupakaReflows="xylitolAllyicSnurp">
        <coulierSubnetZenobia>474</coulierSubnetZenobia>
      </dienerMissels>
      <foraneNitriry purviewEyelidArghool="hindsYogurt">
        <susie>bungyBandora</susie>
      </foraneNitriry>
      <sanctaeCoixGerahs>
        <brujosCoorgGlaive>dopyFairiesRedeny</brujosCoorgGlaive>
      </sanctaeCoixGerahs>
    </steward>
    <hobbedBiorganEndopod>
      <relived>mamaloiJackets</relived>
      <lobelia bridely="vivantRobbery5">
        <redden>28374</redden>
      </lobelia>
      <orbyAbyBrickel reichTamals="hailed">
        <prattPallidUnanime>yous</prattPallidUnanime>
      </orbyAbyBrickel>
      <maltedsTilleyPoustie poisons="riprapCoachesInset">
        <lustral>murkier</lustral>
      </maltedsTilleyPoustie>
      <britainGoboesHelcoid zantiotInwall="galeaSwiver" debeak="orejonFrt">
        <umbrel>cusecs2695</umbrel>
      </britainGoboesHelcoid>
      <indiansSemoule>
        <relever>yuchEnates</relever>
      </indiansSemoule>
      <togue missish="mideDecibelEmerges">
        <fenrirDinomysSahiwal>facondeAked657</fenrirDinomysSahiwal>
      </togue>
    </hobbedBiorganEndopod>
    <uirinaUraniteCarucal agilityOrbit="fickly" spaviedAugitesDeevey="ringletRumbleRepile" enseelPlusGradins="porites">
      <gamierPerfins>cheetahInsiteAstite8</gamierPerfins>
      <verayDistantAntiwit queererWhangam="bebump" colePicudoWlench="94">
        <kinneryVinyon>pygmies7481</kinneryVinyon>
      </verayDistantAntiwit>
      <snortTimbiraForcive>
        <catcherJarveyRaphes>wheredSasin60</catcherJarveyRaphes>
      </snortTimbiraForcive>
      <zoon>
        <athbashAdlumin>mogosGesithHandily</athbashAdlumin>
      </zoon>
      <wyve>
        <reroll>44</reroll>
      </wyve>
      <ozarkCagayanCutdown stealsAntigay="arylateSoclesPolitei">
        <opalineHalloasSoiling>wingierGrossesAppert13</opalineHalloasSoiling>
      </ozarkCagayanCutdown>
      <kerfsUsurperDiosma>
        <bassa>8574</bassa>
      </kerfsUsurperDiosma>
      <craving plumeryParlousLuddism="338872">
        <amarin>dackersLathen</amarin>
      </craving>
    </uirinaUraniteCarucal>
    <semiurnUpseal hitchesBeseenTobine="accoyedGrudgeLaithe" dalton="albergo826">
      <antonDestineEpimere>stob</antonDestineEpimere>
      <wklyHubberPeban>
        <arousedDesmicAbret>ending</arousedDesmicAbret>
      </wklyHubberPeban>
      <mondo etyKazooUnpen="agrestAikona" gluteiGuitarsKairine="mugg7507">
        <prissKeyhole>tarand</prissKeyhole>
      </mondo>
      <coastedLucesCequi>
        <scurfy>paplessBromos</scurfy>
      </coastedLucesCequi>
      <prand>
        <yangtzeLuracanAdjures>cothon182</yangtzeLuracanAdjures>
      </prand>
      <creemGodshipAnhanga rubella="kariti607">
        <partakeTallowySporran>ramadan</partakeTallowySporran>
      </creemGodshipAnhanga>
      <anjouClosishPrivet pyrroleShojisCouthie="porinaCopart1779">
        <remoldRillet>foulderEmotion</remoldRillet>
      </anjouClosishPrivet>
      <busbyDorm freddoKantar="kronion37" unliverMaximum="sleechAdvowryFae">
        <gryllid>handsewCakiestDirked5</gryllid>
      </busbyDorm>
    </semiurnUpseal>
    <medianLocarnoGanched>
      <libido>rippit</libido>
      <ukuleleArienzo triedlyPhacoid="64060994" franzy="perleAnitosAthelia">
        <puniest>fatlingComitje</puniest>
      </ukuleleArienzo>
    </medianLocarnoGanched>
  </fluxure>
  <kaziHeleNaigie confit="uprush">
    <chabotAgrahCranky>
      <noggenBewhite>alcaicsVacuums</noggenBewhite>
    </chabotAgrahCranky>
    <countysPalerDoozy>
      <reesterSally>61082</reesterSally>
      <tortil>
        <eggarGranada>dingyEdifiesGrutten</eggarGranada>
      </tortil>
      <leegteTankertTask>
        <amountsYummies>cobblerHuertaCoeff8</amountsYummies>
      </leegteTankertTask>
      <ethineZambeziAssobre>
        <bushwa>5761</bushwa>
      </ethineZambeziAssobre>
      <banigRedbait iberian="hexineResiny1">
        <anglerWaspPmt>neozaVectis</anglerWaspPmt>
      </banigRedbait>
      <montreFizzerBesugar poundUnaging="smuse">
        <mallam>wings</mallam>
      </montreFizzerBesugar>
      <ulysses sice="meanedSaletMaormor">
        <reface>tekedyeBedmate</reface>
      </ulysses>
      <ameniaWort outerlyRepairsRelays="guckedJass" midnSconcePatrial="otalgic">
        <tzental>housy740</tzental>
      </ameniaWort>
      <jarred loofas="4">
        <vendCellingDorey>abbeyLesleya</vendCellingDorey>
      </jarred>
    </countysPalerDoozy>
    <rebbeFoolishGoloe>
      <fumadosStuporsDrawly>dunneInclusaKlipdas</fumadosStuporsDrawly>
    </rebbeFoolishGoloe>
    <radicle>
      <minuter>biggingDisbud6</minuter>
    </radicle>
    <ficoesCouchyPazend scaena="reiterAbacaxiIngenio">
      <blitzBalata>jonqueShivas</blitzBalata>
      <plucky tydeusVerge="senaite70">
        <vacuousConsol>sepiostHoonUncompt2</vacuousConsol>
      </plucky>
      <screwer>
        <duckieSanzenLounge>jannSogdianHypoth</duckieSanzenLounge>
      </screwer>
      <ceptorPielumTarsia decafid="styward" zurichShacked="hcfYangtze">
        <averiaBonnetZoeas>danaiArgan536</averiaBonnetZoeas>
      </ceptorPielumTarsia>
      <hastaChrisom herp="funksGitksanColarin">
        <snuffedBuxomer>vibioid</snuffedBuxomer>
      </hastaChrisom>
      <clinoidTricotsDendral scrums="41191935" avellan="182833">
        <minhahCymbel>73562391</minhahCymbel>
      </clinoidTricotsDendral>
      <blunge iraqianCrevetDory="tronesTaped" hurraysDuctCytula="korzecStaab">
        <propene>obvolveLingams</propene>
      </blunge>
      <trots>
        <ellaDredger>rustle</ellaDredger>
      </trots>
    </ficoesCouchyPazend>
    <figure>
      <weseAlginicPeace>myotic93</weseAlginicPeace>
      <admassEsnecyDesuvre>
        <mafiosiPlagulaWalks>celebeJew</mafiosiPlagulaWalks>
      </admassEsnecyDesuvre>
      <tushing tendracMinims="fedity">
        <villein>614552</villein>
      </tushing>
      <miltonLeghornSanghs picarosKoftgarHommage="fledges">
        <kimbo>624143</kimbo>
      </miltonLeghornSanghs>
      <roamer zakat="goralsViresCanid" planuryEntrepCovert="domerStupas">
        <ordinee>97632696</ordinee>
      </roamer>
      <outseen widesSniffKnuffe="tenuousBasnetCetene6758" uraline="132">
        <pomateAttryCaging>thuliteEnscaleDequeue</pomateAttryCaging>
      </outseen>
      <ecphoreVisive rooking="43113">
        <told>amyWoning</told>
      </ecphoreVisive>
      <fires wartier="blitFatsoes20" powered="gingivaScrims">
        <melded>7460373</melded>
      </fires>
      <phascumVinterOmbre>
        <remijia>hoolyGlbRoscian</remijia>
      </phascumVinterOmbre>
      <renetteAlalite>
        <ailed>7171</ailed>
      </renetteAlalite>
    </figure>
    <hynderKousin smokeyOralityPapaloi="682">
      <gldAeratorLusiad>33736</gldAeratorLusiad>
    </hynderKousin>
    <asocialAmidism>
      <zipa>asap</zipa>
    </asocialAmidism>
    <jinsing youthes="models3361" occlude="bastant9828">
      <desmoseJurantAxseed>unwetHabenaSpecula</desmoseJurantAxseed>
    </jinsing>
    <terrainPuyIdose gelada="bandsawPuredee" jargoonRecour="31758504">
      <oii>bergyZoona</oii>
      <tacketMascons>
        <wiglet>smearyCushag</wiglet>
      </tacketMascons>
    </terrainPuyIdose>
    <foxiteEdgiestUphoard>
      <layetteEnglutInditer>campong</layetteEnglutInditer>
    </foxiteEdgiestUphoard>
  </kaziHeleNaigie>
  <miseatsCallasBlonde facsimCantil="looing918" plaintMachan="laicImproofFrisian" jihadsNucule="himDuoviri">
    <fisnogaLikinExpands>
      <miggles>bebopHipmi</miggles>
      <tautRune busticDynastsQuean="9514042" ambryNoxa="gnawerMonyAcoupa">
        <defeitBarredNonsuch>mumpsVelarsObeyers</defeitBarredNonsuch>
      </tautRune>
    </fisnogaLikinExpands>
    <childreAahingFittit>
      <batletAdoptKaaba>lagered</batletAdoptKaaba>
    </childreAahingFittit>
    <ingreat umbrianCaridFiscal="tinfoilHellerRokelay">
      <loxomma>prayfulCroppa</loxomma>
    </ingreat>
    <unacuteSteres linins="laverocYeardDecayed">
      <censual>72</censual>
      <incaskTearerLunkers excudSibAdeps="habutaiEffudeDisleal" plodsAlterne="ferried">
        <wearer>tainos</wearer>
      </incaskTearerLunkers>
      <ovularyGuemalTurmit>
        <rewindTreeifyMunsiff>195</rewindTreeifyMunsiff>
      </ovularyGuemalTurmit>
      <withies stainNorgine="dispaceCotery" tagalaJurata="rainedSteams">
        <limp>32</limp>
      </withies>
      <midribFix bravedLutra="ahimsasGenionOregon13">
        <cosecBimasty>zesty162</cosecBimasty>
      </midribFix>
      <fuage frikeAnathem="grander">
        <brantaMauther>bepelt996</brantaMauther>
      </fuage>
    </unacuteSteres>
    <coeffHarmon rayletTeamedChafers="120">
      <babe>783478</babe>
      <adipomaFcp rockyFetlockMellic="eathlyDoria6" sirenyFriedPixyish="pycniteBigotty">
        <huskier>assis</huskier>
      </adipomaFcp>
      <severSporty>
        <pharaohLamblySipping>abyingSamba</pharaohLamblySipping>
      </severSporty>
      <roundle>
        <unpasteCoffeaLunies>olneyaMahone</unpasteCoffeaLunies>
      </roundle>
      <falcerUnitingSwinely>
        <unnaptLymphs>vetoed34</unnaptLymphs>
      </falcerUnitingSwinely>
      <ikonsMortierHone hexitolApodsEndship="qaidsMaidism">
        <riotousWeepingGurneys>80</riotousWeepingGurneys>
      </ikonsMortierHone>
      <taurinBuggers itersQuilted="herr">
        <sudoralParapod>tucumanCony700</sudoralParapod>
      </taurinBuggers>
      <ringComm>
        <cro>engross</cro>
      </ringComm>
      <nodous gatingCuproseBankmen="jocker" borithIchs="adawnLycian">
        <konini>exploitWaukBatea</konini>
      </nodous>
      <icasm barberyJawan="900409" clearsRicesHove="brank">
        <insameNiueRechafe>7</insameNiueRechafe>
      </icasm>
    </coeffHarmon>
    <fooleryGemmily>
      <adactylBeshadeHaoles>dollieUnausHorrent1</adactylBeshadeHaoles>
      <ryas>
        <lumpyTokyo>flummer</lumpyTokyo>
      </ryas>
    </fooleryGemmily>
    <gonidiaFixupDolci>
      <stovesBenzoylGazebo>tapeta59</stovesBenzoylGazebo>
    </gonidiaFixupDolci>
  </miseatsCallasBlonde>
  <curaceMoxoHaily reysonDizoicCpd="ronyons" />
  <leonid sitedLallan="cokeyShrovedIiasa" rowtedUnsharpKyrial="nativeStir" seamrogPathanLurdans="stourlyYurunaEtchant" genip="unaptVervesOssify" />
  <gastrinUncaned infulae="capon">
    <valesPegwoodItalite>
      <quonset>laskKory</quonset>
    </valesPegwoodItalite>
    <galagoVennerNestors>
      <loosingRewrap>zees</loosingRewrap>
      <styleMnemeGossoon>
        <cill>serdar735</cill>
      </styleMnemeGossoon>
      <sangerDrycoalBasial snew="parettaMengweDino">
        <wearer>layeredBimorphSlurs</wearer>
      </sangerDrycoalBasial>
      <quern>
        <lieflyBaddestDestain>kylTwiners</lieflyBaddestDestain>
      </quern>
      <kobongCalaluLaighs oxideBeatee="agleam6" legroomEmbruesAsprete="oleos864">
        <unbrazeJarble>beeware</unbrazeJarble>
      </kobongCalaluLaighs>
      <guaymieDolus sodworkKaurisFratchy="tornadoBiznagaDeucing" squintMitrerMaximum="nifling">
        <semicupTowelsThingut>veridicAucuba</semicupTowelsThingut>
      </guaymieDolus>
      <anneUndamn burghRestateUnusual="pavageLoach10">
        <fulled>monauliUrlarKrocket</fulled>
      </anneUndamn>
      <kuhniaRumbledChidden combers="886122091">
        <dibbed>fillsHoopmen</dibbed>
      </kuhniaRumbledChidden>
      <trustle>
        <unmelt>4737</unmelt>
      </trustle>
    </galagoVennerNestors>
    <wittal fetichOdoursFoin="56">
      <kailEpylliaTiffin>78</kailEpylliaTiffin>
      <ruptileAwreck basareeOutmateInstop="stogyHairyOutsets">
        <sips>frill8</sips>
      </ruptileAwreck>
      <ghaffirAbroad>
        <ennageSinsyne>sowan</ennageSinsyne>
      </ghaffirAbroad>
      <lastlyKeita>
        <dies>somalia</dies>
      </lastlyKeita>
      <athort partingLampern="6" yagisReeve="needs">
        <gaffTartars>dickeyBororo</gaffTartars>
      </athort>
      <velo stolae="iconesBionicsGlosser">
        <potagesMoorage>azimech</potagesMoorage>
      </velo>
      <dallack creasotJiveOgams="kamasinProvola">
        <kappa>dumpiesTottersEdward6</kappa>
      </dallack>
      <inkiesDunnage enbibe="bhara" reaGambone="sewlessEntreptNonagon">
        <chinseChoil>mythistLooker</chinseChoil>
      </inkiesDunnage>
      <livorParkasPlash chibritSyrenAgra="6" manicMalkins="cavidaeGawsyWetsuit">
        <probangLinaloaBrose>felidRecheatRiskier</probangLinaloaBrose>
      </livorParkasPlash>
      <ryme>
        <triarylCoto>tyreDubbin</triarylCoto>
      </ryme>
    </wittal>
    <trouter>
      <posse>148071</posse>
    </trouter>
    <ridden emmyYappishUnplant="frizzes">
      <zombie>stillBepaintHagmane</zombie>
    </ridden>
    <ranceTomblet>
      <acidic>squawksLuckedPrimely</acidic>
    </ranceTomblet>
    <brichen>
      <docksNutlike>mochel</docksNutlike>
      <croslet dessilOrientGeitjie="almes773" hormic="ambachUncapsWarlike">
        <unausQuezalsPukes>suntrap9458</unausQuezalsPukes>
      </croslet>
      <liknonPonyGedact hyping="67488">
        <weasonNecro>tunyDumber</weasonNecro>
      </liknonPonyGedact>
      <geckos dominoArling="forfitFilippo" realismAbogado="bribers">
        <bidets>ooscopyRuttingChamos</bidets>
      </geckos>
    </brichen>
  </gastrinUncaned>
</merrowDaleths>