<?xml version="1.0"?>
<rilesCollareThymyl>
  <sextetRenovel parolesIncantTurus="easerTaoist" tikurRevised="dowsesButaneKarewa" makingsDidNylast="boldUntruth7640" shovesLout="roytLiangleAuftakt">
    <duaneKip farcial="knowers">
      <shawingCirrateTurnel>3063</shawingCirrateTurnel>
      <occultKurnUnsulky evalue="608">
        <cutest>thyselPairingAtely</cutest>
      </occultKurnUnsulky>
      <fauseAccuseKiotomy skinnedMalmingFikery="toyishScaddleFissate">
        <gigotsWorky>gaderMulada211</gigotsWorky>
      </fauseAccuseKiotomy>
    </duaneKip>
    <paneled>
      <cliptLipa>excuditAdenine</cliptLipa>
      <crenaPlugmanYawing hcl="stratasMouse" tierceCableScourge="ridottoCowgramLureful4986">
        <admiralOrb>inweave57</admiralOrb>
      </crenaPlugmanYawing>
      <geicKoroa>
        <ampouleLogin>boer</ampouleLogin>
      </geicKoroa>
      <giber genesisGaub="gire">
        <rumdumJingler>leanDanda</rumdumJingler>
      </giber>
      <saveryHoddins grabenHebeUntrim="haulsePannum985">
        <dobbingCavidaeLangi>attires23</dobbingCavidaeLangi>
      </saveryHoddins>
      <acocotlPelfNathemo thak="alepoleRetinEmbolic" patacas="67753142">
        <sarsar>samovar</sarsar>
      </acocotlPelfNathemo>
      <sleight aplites="55" troutyRetchesPiwut="837064629">
        <siphoidMakhzen>fuffContenu</siphoidMakhzen>
      </sleight>
      <waxmanSkouthCogida gigotOpenestSenarii="mushaaGuapenaRhos38">
        <croc>jetsMed</croc>
      </waxmanSkouthCogida>
    </paneled>
    <rhoda>
      <abby>itherLustful</abby>
      <poppetFeudumBosset pultost="carbureHisself2124" gummoseBafyotUndoes="legumeOrth">
        <waftsSwankeySemens>probers493</waftsSwankeySemens>
      </poppetFeudumBosset>
      <laylocEwerDueller>
        <aikuchiYapons>3914</aikuchiYapons>
      </laylocEwerDueller>
      <tubletDryopePullets canella="impreseAgnizes" braye="duvetynEnquireDarya">
        <uredemaWorldlyRolf>ventailSabulum</uredemaWorldlyRolf>
      </tubletDryopePullets>
      <btl sfogatoCmdg="avisos">
        <untucksFand>1597</untucksFand>
      </btl>
      <pinesap miaoued="jurantHighted">
        <fibrineOping>15331210</fibrineOping>
      </pinesap>
      <fiddingTranspShantih phano="puneca">
        <predrew>graspHotbox</predrew>
      </fiddingTranspShantih>
    </rhoda>
    <evzone>
      <ricesInglesa>carbo</ricesInglesa>
      <fauve>
        <griecep>chyazic</griecep>
      </fauve>
      <hetmansDividesUnred dabbed="777971764" hurrooChinked="ingreveHansomMucific">
        <subitemReclass>ablutePlumy</subitemReclass>
      </hetmansDividesUnred>
      <failsKusam abet="513288751">
        <excerpt>9</excerpt>
      </failsKusam>
      <unglueGozzanVerey nit="wakikiPaisansStooge">
        <trunFluavilSoapier>56</trunFluavilSoapier>
      </unglueGozzanVerey>
      <henyard iraTacketyWilson="outlimnBrawner" skelicHeughsOdor="comatikAvianDisjune">
        <birle>gnashWarmen</birle>
      </henyard>
    </evzone>
    <ossificNarcs dashpotRebuke="inwall">
      <mullidJiggler>wakesFungus</mullidJiggler>
    </ossificNarcs>
    <horsingPunceAvocate sowcarDelays="mumblerHerileInbd" striver="bingiesKissel">
      <bersim>dudismChuradaHarries12</bersim>
      <azurousGeogen swarbieWorrit="mashy" uranian="464">
        <awaltRly>chalukaUncsNumbing</awaltRly>
      </azurousGeogen>
      <spangle>
        <infundSebillaAgain>fraikOftensBalter</infundSebillaAgain>
      </spangle>
      <exitial>
        <apodsBatoid>watapDarreinCleche</apodsBatoid>
      </exitial>
      <wading>
        <becurl>56307655</becurl>
      </wading>
      <campineStifle>
        <mantricNervureLongans>lunacyCoorie7787</mantricNervureLongans>
      </campineStifle>
      <unbonnyDelta mom="107161434" behaveAjangle="ahoTeet">
        <pontistSums>cutlassTaxman</pontistSums>
      </unbonnyDelta>
      <cantdogLoopsUprisen glagahGongsReversi="degu">
        <curiaeNodiPinner>smectic</curiaeNodiPinner>
      </cantdogLoopsUprisen>
      <tarocsCuartel snogaOms="hipsterGloriamAhmed9049">
        <anatta>delicatHectar</anatta>
      </tarocsCuartel>
    </horsingPunceAvocate>
    <peskyCutweed>
      <mdntEndebtRunty>gannetsRomane84</mdntEndebtRunty>
      <biaxal amarvelMimmedCreeled="heardAlmagra">
        <suntansLoftman>garfishSequani</suntansLoftman>
      </biaxal>
    </peskyCutweed>
    <agoPivotsCuadra>
      <cteneStoversGond>55</cteneStoversGond>
      <oneiric>
        <nylghaiAcutesMuseist>razing</nylghaiAcutesMuseist>
      </oneiric>
      <vanlayUtteredEppie lunet="jauksMenow82">
        <sastraUrochs>tensaw3555</sastraUrochs>
      </vanlayUtteredEppie>
      <dupableSpikilyCalcomp palateHockyAudibly="mouleCusk">
        <nudistsNunquam>lamiaGasanAnneals</nudistsNunquam>
      </dupableSpikilyCalcomp>
      <astrandThrowstEnfoul>
        <passeeMonBusy>anaphe</passeeMonBusy>
      </astrandThrowstEnfoul>
      <acrisiaTinwareHockey>
        <lightsQuarta>verminSoftasMikania8</lightsQuarta>
      </acrisiaTinwareHockey>
    </agoPivotsCuadra>
    <elaborEspec dobson="tbspArrayDerange" waywornPunkin="dalasisNorskDizoic">
      <bering>acaridsDossierRevokes</bering>
      <aditsUptears funliPeaced="rasingWheneerDewlike">
        <barwalDiglyphSpryer>relumes</barwalDiglyphSpryer>
      </aditsUptears>
      <signedPaunchDeedily certain="extirp">
        <salons>trojansTrothOldwife</salons>
      </signedPaunchDeedily>
      <laplandBusilyCroons escharsAmbriteEvase="citricVarusesSubanal">
        <corveesNevo>farrel</corveesNevo>
      </laplandBusilyCroons>
      <duxInningsLogchip>
        <wantCygnineHasnt>espriseBatino</wantCygnineHasnt>
      </duxInningsLogchip>
      <limedDaerTyphia kainga="slicing">
        <alietLyam>decares</alietLyam>
      </limedDaerTyphia>
    </elaborEspec>
  </sextetRenovel>
  <grubSalvoed douaneArrayal="papess" buisson="streenZarebaGargler" />
</rilesCollareThymyl>