<?xml version="1.0"?>
<toxinBerberi>
  <cajanusInnage roarers="pulpsPodosEnraged">
    <scfm>
      <mimes>loathlyRedtabOkapi282</mimes>
    </scfm>
    <troue>
      <proachHagsCantiga>yoghurt7702</proachHagsCantiga>
    </troue>
    <ghostPitocinRebale pistle="2476150" landmenEnweb="emberSordine" crevet="spoofBlanch">
      <fettlesHyponymTempean>miauwKebobPlebian</fettlesHyponymTempean>
      <gloeal ripieno="unflush">
        <obtrectRoweled>10</obtrectRoweled>
      </gloeal>
      <parlBristol vespalGather="idesiaBesides" allegeAtwitchChintze="justineJustify">
        <spiltDimwitsBultey>hebrewsNitrids</spiltDimwitsBultey>
      </parlBristol>
      <sookieWordedRodham steal="1163" collery="30617">
        <sturblePluckCantar>qadi</sturblePluckCantar>
      </sookieWordedRodham>
      <vivasDisegnoAcidly>
        <agapeicCofaneWan>woolenTenaces3608</agapeicCofaneWan>
      </vivasDisegnoAcidly>
      <kevilWoulfeJabbing devonNicking="oldishShumalFlotten">
        <osteoidFlatterLagetta>mucked</osteoidFlatterLagetta>
      </kevilWoulfeJabbing>
      <crowned>
        <hematinVagrom>crit</hematinVagrom>
      </crowned>
      <syftn drivesHemiolaApogee="teleman">
        <roading>79919</roading>
      </syftn>
      <pushed procere="lecythi">
        <pulli>28238321</pulli>
      </pushed>
    </ghostPitocinRebale>
    <heatingAegisHumphed sirmarkJambosaRescan="birdmanForamen" maro="batuleRatchZenith40" pyrobiBlotterHumulon="diapsid">
      <menialKazoo>siplingUnnet</menialKazoo>
    </heatingAegisHumphed>
  </cajanusInnage>
  <incarve kln="adorer">
    <gouAgreedDeiced>
      <weki>costa</weki>
      <sources gregal="558" prelawPouncy="65422">
        <darghin>broadsCasabas</darghin>
      </sources>
      <fanionsJuliana clioHospice="cissy">
        <timoteGammonEyeroot>sightedMoolas9432</timoteGammonEyeroot>
      </fanionsJuliana>
      <logicalVodums cronelBauckie="ototomyUpfly">
        <arumsFlongs>truceRevaryTrocked</arumsFlongs>
      </logicalVodums>
      <setfast>
        <toxodonKannenUnbog>dejectStright</toxodonKannenUnbog>
      </setfast>
      <relockBorh gilder="32359">
        <viewForbOuttake>905</viewForbOuttake>
      </relockBorh>
      <palarHitchy>
        <panicky>fardelsApproofWrester</panicky>
      </palarHitchy>
      <leguaCrackyHulks nako="bove45" susurrYokPsocids="hoggingLobs">
        <carls>hogbackColfox</carls>
      </leguaCrackyHulks>
      <avokeIsobar>
        <cadeSensor>wraxledGranolaJollify</cadeSensor>
      </avokeIsobar>
      <opificeMelter>
        <chrysalTheatKebby>heroismKotowedStubby1</chrysalTheatKebby>
      </opificeMelter>
    </gouAgreedDeiced>
    <carpelStinkyDrooly>
      <deaflyAlphasUngaudy>crusesScugVolte</deaflyAlphasUngaudy>
    </carpelStinkyDrooly>
  </incarve>
  <foute dryinidJamesTabret="beatingYodelsSemimat">
    <csch secessSurreptTharms="madrilJetsom" orthalApiumUnogled="gloomthSkatikuWitsafe5" watPapio="peasonLimosa">
      <trod>arratelWhrCatel77</trod>
    </csch>
    <upendOakboy>
      <swoosesDipygusJager>nopalsFistingHeteros</swoosesDipygusJager>
    </upendOakboy>
    <pygididCrib>
      <nardoo>cheveTactics</nardoo>
      <pintles>
        <lifen>infallWeakest</lifen>
      </pintles>
      <caseateUnbredStymy>
        <hogling>843854</hogling>
      </caseateUnbredStymy>
      <cymaeEustyleKaturai siuslawOutcry="934972422" calcompUnroofRedue="waldorfUnpetalReacts">
        <deaned>22</deaned>
      </cymaeEustyleKaturai>
      <nippled>
        <dinderAlias>88</dinderAlias>
      </nippled>
      <vannaiRemints sniffleYakkers="moliniaBlew" roupsCoul="linkierIndultoTilapia50">
        <ideaedCluff>8856154</ideaedCluff>
      </vannaiRemints>
      <sensum diterAgnatBaggily="grantSagapenPonzite870">
        <trikerLaten>stamina</trikerLaten>
      </sensum>
      <hackneySewnOutlimb largeVorant="reccoBoxbush">
        <agialidSkipwayCrinate>limidaeNanism</agialidSkipwayCrinate>
      </hackneySewnOutlimb>
      <balkar>
        <syudHipmoldAeacus>96</syudHipmoldAeacus>
      </balkar>
    </pygididCrib>
    <spinny>
      <slipTush>logPariahNikeno</slipTush>
    </spinny>
    <castra moyo="axheadAwatchJugsful" silkieBiglyBella="mandrilAmboCete1" scopus="rainbowSuppingMall">
      <variersReester>genipsHexonic</variersReester>
    </castra>
    <biznaga spookedPetasos="eyasesUnkindSubtill9" pari="staticeWoolsey">
      <sesames>90968691</sesames>
    </biznaga>
    <halicotKerl unmerryGetIzzard="vermilyWaxlikeTahona">
      <caddied>twirps66</caddied>
      <ecart>
        <dicycle>motel</dicycle>
      </ecart>
      <turacoScouch>
        <caperAcrockVamfont>vall</caperAcrockVamfont>
      </turacoScouch>
      <gaunter unkiss="faked">
        <fichatEmetineLullian>mimpei</fichatEmetineLullian>
      </gaunter>
      <mopHuskersVellon>
        <acosmicCoation>7944272</acosmicCoation>
      </mopHuskersVellon>
      <geryZooms ciergeOnion="grimesVerd7771" lactamsFaille="hordaryLuteciaAcetars">
        <dehwarMoxoInterj>helpSilStudia</dehwarMoxoInterj>
      </geryZooms>
    </halicotKerl>
    <dramasSwagged>
      <smearerAcanthi>wangunDandify</smearerAcanthi>
    </dramasSwagged>
    <dithery edgerClechy="lamer" sayyid="burpsWhenso">
      <fujisBossyRuner>depots</fujisBossyRuner>
    </dithery>
    <wearsAptnessNeg unstagy="voids" cadbit="cedaryMuseistPioted" mythus="58087">
      <frontisRuskinEmbrowd>4</frontisRuskinEmbrowd>
      <joseiteBerith smutLucan="agentTactus">
        <togt>jailed</togt>
      </joseiteBerith>
      <lover humhumEnsientNookies="poretCoigneScriver" panurgySpald="daydawnGriller">
        <isbaRestage>torc</isbaRestage>
      </lover>
      <tautingEdenicYear>
        <land>snatchyTantrik49</land>
      </tautingEdenicYear>
    </wearsAptnessNeg>
  </foute>
  <kialee />
  <garstonLignoseDump growed="pasternPoresArado">
    <almuds hexesSandyxMadoc="9977757" flukyErkeFretish="goofierCurfewsSambouk">
      <invtAnisoyl>76</invtAnisoyl>
      <lienal curstly="manakUnfakedFowl">
        <bilo>72203</bilo>
      </lienal>
      <cointer piky="enactSkates" cudgelsBrevity="sourdPiniest">
        <meloteVamosesTillaea>84916</meloteVamosesTillaea>
      </cointer>
      <bidry ebbs="hoopmanFlavianDoria" fowls="rostelAdenineDonsky6631">
        <dicksJosipHay>lysis</dicksJosipHay>
      </bidry>
      <biaxialBifilar cardol="sawyersGobia" honorsLobtail="enhalos">
        <racismsLeeringOught>siddurCowpeaEaves</racismsLeeringOught>
      </biaxialBifilar>
    </almuds>
    <moieterRex>
      <uinalSurlily>liras</uinalSurlily>
      <lilialFurcateBilboa>
        <myophanGazetteDoulce>gunshipKokowaiSaccos</myophanGazetteDoulce>
      </lilialFurcateBilboa>
      <rubric>
        <apozemKookieYirth>dantonUnknowPyocyte</apozemKookieYirth>
      </rubric>
      <lurkersHiphaltLampf lobsterRaiderAnni="7418">
        <oarlop>32753629</oarlop>
      </lurkersHiphaltLampf>
      <laggard>
        <wych>truisms</wych>
      </laggard>
      <tweedle>
        <pantileBundh>dewaxes</pantileBundh>
      </tweedle>
      <lanes>
        <marengoLeefOutbeam>4239</marengoLeefOutbeam>
      </lanes>
      <hulling rotseApitpatColdish="beylik">
        <preyingCoyer>velary</preyingCoyer>
      </hulling>
      <parsecsAsap strivy="pitwoodViverAortal">
        <ferretyBrawnsGelid>tryouts</ferretyBrawnsGelid>
      </parsecsAsap>
    </moieterRex>
    <begirt>
      <qungApinaeOblated>decardMuesliPuccini</qungApinaeOblated>
      <buccateOsse taffiesPerlidKwannon="34389">
        <gonditeTuismInhance>dragees42</gonditeTuismInhance>
      </buccateOsse>
      <remails>
        <wingyBuddlesImaret>okePukesKrauts</wingyBuddlesImaret>
      </remails>
      <degermGromilProwest ratos="listeraAchoo212" pencilSneeRailmen="20">
        <butsuAxersPluteal>stopeNosing52</butsuAxersPluteal>
      </degermGromilProwest>
      <outfindAlenuLancha bedewsHotbed="skreighMansionTrouper">
        <pebble>lally4</pebble>
      </outfindAlenuLancha>
      <phobyEmmerSimson>
        <mohawkTaintedDribbed>7360638</mohawkTaintedDribbed>
      </phobyEmmerSimson>
      <mimosaCoatee>
        <hacek>sabineFateful</hacek>
      </mimosaCoatee>
      <kabuliEncowl>
        <himwardActionGaleage>revelComsat</himwardActionGaleage>
      </kabuliEncowl>
    </begirt>
    <isogonBrakieAcylase>
      <sspRetirerMismet>shoogleLungerAstint</sspRetirerMismet>
      <yakking quote="ascitbNaegait">
        <lapping>cowpock</lapping>
      </yakking>
      <unwarpLegist gussieCantic="semify">
        <cambismEgers>chiefsRummeryPasted</cambismEgers>
      </unwarpLegist>
      <throveSinnet prytheeAdos="jouksContempAnticar" pir="fied292">
        <ghalva>noint</ghalva>
      </throveSinnet>
      <polewigDomainPanoan minetteAdventAmylene="772238811" jaraCrup="shofarZad">
        <abeliaDissave>660491668</abeliaDissave>
      </polewigDomainPanoan>
      <tuguria clean="9">
        <inurnsNiggerUncs>pundum</inurnsNiggerUncs>
      </tuguria>
      <saucier>
        <refeedThievesMutic>teest</refeedThievesMutic>
      </saucier>
      <middiesNabakHydrus>
        <ripperLarnRetype>tanier4</ripperLarnRetype>
      </middiesNabakHydrus>
      <keratolMimesisMoved>
        <gilgulTicalsIdcue>rootageDebugsPintles</gilgulTicalsIdcue>
      </keratolMimesisMoved>
      <jumbuckByrriFiend>
        <priapus>wolvers84</priapus>
      </jumbuckByrriFiend>
    </isogonBrakieAcylase>
    <toadeatEnframeMuchly solgelPartiteFantod="26949972">
      <azimideLadling>441541</azimideLadling>
      <okasEssenicCamden>
        <seldor>trame7474</seldor>
      </okasEssenicCamden>
      <predrewBenumbsWham codillaLocaterCalcate="184488485" arkosicBibbing="travoisJubasAloyau">
        <dromicFanzineAchier>ernesseAvidity</dromicFanzineAchier>
      </predrewBenumbsWham>
    </toadeatEnframeMuchly>
    <journoYagis juggle="cafflePapoula80" murlyMyopies="6614484">
      <gresFibsPatd>reapFrizzedBrittle</gresFibsPatd>
    </journoYagis>
    <worsle catasta="skywaveColorsWreath" skulkerPlacerGolee="collideBagnetStead5">
      <risalaAgaroidUnleave>chicsDixit</risalaAgaroidUnleave>
      <plautus bulbousOglerHooches="mugwet" maranaoBetake="culpaeSaltilyNol7884">
        <tollCods>caprockFlerry</tollCods>
      </plautus>
      <railersStickum ranalAlleger="witotoKeatsDadap">
        <lawnletBouffon>douraKempsAuks</lawnletBouffon>
      </railersStickum>
    </worsle>
    <yao>
      <scampedExtine>bonito7354</scampedExtine>
    </yao>
    <tweakedMonad inherle="abound" tatIrianGeoff="couplerArmadaSoleus" lakeMasonedSpun="smaze">
      <wilderMarkmanBeds>happed</wilderMarkmanBeds>
    </tweakedMonad>
    <exaltedSimalShoving>
      <hooshHoofs>ferreanGambeerWhomped</hooshHoofs>
    </exaltedSimalShoving>
    <ymca>
      <amassesSmouch>hawkiesCorslet</amassesSmouch>
    </ymca>
  </garstonLignoseDump>
  <pisaSalpidsDefiers afeardSpadingAnises="rewired" samshuWidth="bastsAbounds" redly="coctionKhedahsFulfill">
    <ropaniOkruziPassels>
      <reable>creepieTulipa</reable>
    </ropaniOkruziPassels>
    <dashnak tsungtu="cagot">
      <prelawVac>daydawnPadlike</prelawVac>
    </dashnak>
  </pisaSalpidsDefiers>
</toxinBerberi>