<?xml version="1.0"?>
<boordly>
  <pyemia turgentCotyle="pissingProuder">
    <mores>
      <sogging>sarlyk</sogging>
    </mores>
    <tegua>
      <kumhar>napperRagmenCowmen</kumhar>
    </tegua>
    <gobackPaizedPerf wormils="apothgmArchean425" iodolsAgazeManners="credens357" gelds="pillarDodgersIlesite">
      <rubble>5</rubble>
    </gobackPaizedPerf>
    <hornieWlench>
      <civism>immoteTabberSeines</civism>
    </hornieWlench>
    <ellingeBerchtaMistake roggleAfright="bedeman">
      <furmetyRattage>indent6</furmetyRattage>
    </ellingeBerchtaMistake>
    <winch>
      <marted>fucusesOclock</marted>
    </winch>
    <groopFierilyCools>
      <warmthColzas>leveeChorine</warmthColzas>
      <fossaeBonersFlary frontalCicelyCudgels="manwardMannishJami">
        <titreSuckersPeascod>reeditsOdaller</titreSuckersPeascod>
      </fossaeBonersFlary>
      <detuneUckiaEspials howder="538322">
        <roughedUnvowed>1217044</roughedUnvowed>
      </detuneUckiaEspials>
      <encarpiUpdivedLaird nunni="ponjaLib2" cowpony="lenisAsherah">
        <karwarEschars>queeryNipZoftig</karwarEschars>
      </encarpiUpdivedLaird>
      <elbowy woomeraHamites="toccata" behaver="galahadFilles">
        <italiot>sinesErasing</italiot>
      </elbowy>
      <iso epauleAlcesGenomes="torulas" bustKosalan="9">
        <ensurer>percoid</ensurer>
      </iso>
      <struseFinchScarab garnetz="mastrasHoax" butteVingtThrope="magnaleMormo842">
        <bayards>pyruwl641</bayards>
      </struseFinchScarab>
      <dikkop plankerAwagSimblin="97307">
        <neurope>gulfingYajeineWarf</neurope>
      </dikkop>
    </groopFierilyCools>
    <mozoIddatFempty>
      <vomitosVita>tofusHazer6992</vomitosVita>
    </mozoIddatFempty>
    <kaiwi>
      <surphul>unboldCurtseyKlepht3911</surphul>
      <tilakaRepealsDualize braiderBluffy="xosaBudge">
        <anmiaGramy>38694</anmiaGramy>
      </tilakaRepealsDualize>
      <celling zealousBluethTheism="blufflyGdsSklater" pareus="apprizeBackwayVirge">
        <unempt>tallolsBostons6</unempt>
      </celling>
      <cumarBadderCorps agedUnbusy="451426">
        <knoxHookahs>dentist</knoxHookahs>
      </cumarBadderCorps>
      <mended hydras="debitOnt">
        <furrowy>cockadeCrafty</furrowy>
      </mended>
      <myricaSwayJuamave deforseMinge="mopedsElvers" pellageQuartic="ivylikeDurable">
        <tared>bepile</tared>
      </myricaSwayJuamave>
    </kaiwi>
  </pyemia>
  <firedWarmedSome chiopin="490406" />
  <fanzineSagaFirmans reliefsNeg="chicerBleachs" solacerSpyCercus="mahatEggmentSchola" lakshmiMishit="176" oddsbud="sibyl">
    <twinierDensestSteve>
      <amercesAphonyInvars>neckingEmbanks</amercesAphonyInvars>
    </twinierDensestSteve>
    <foozledScolex lupulicChiminTorrefy="1626" lushy="medidii" mujeresVarifyAvail="greasyPolyzoa">
      <luciveeArchySusso>whitinCederRedux</luciveeArchySusso>
    </foozledScolex>
    <doats>
      <waefulBisk>leftsMaturedVatican</waefulBisk>
    </doats>
  </fanzineSagaFirmans>
  <choregiEinkorn vicki="demivol" />
  <idiots martite="85556" compsoaDevisePretors="7079126" />
  <silicasBlitz avichi="dargahSlurbThree" />
  <giddier rundi="lademanDespiteAssoc" hummersGatorUnmoved="tarterBirriAlochia" vodumsLeavesUncropt="dipole">
    <pizainePanadeBanians>
      <kamass>nuqueWakenGlooms</kamass>
      <dewataRubesReblue crureusSenecasYippies="32653">
        <awelessAzoxime>fremdlyThistly191</awelessAzoxime>
      </dewataRubesReblue>
      <dodoesKabietVoicers snecketSherry="385669">
        <arzanFarcied>latches</arzanFarcied>
      </dodoesKabietVoicers>
      <grayishTelembi yeta="dyakishEncinalMohican" cawny="garran">
        <stovedNumpsAnywise>bambanThurniaEstrif</stovedNumpsAnywise>
      </grayishTelembi>
      <denning bosset="cental" dionizeHulloedDousing="699">
        <englyns>sterna</englyns>
      </denning>
    </pizainePanadeBanians>
    <nerineChrobatMukluk>
      <skiapodDaphniYowe>acacin</skiapodDaphniYowe>
    </nerineChrobatMukluk>
    <unropeWoolfWhores epeiraFriscalMillken="emeutePieman6598">
      <civviesWert>cerumen</civviesWert>
    </unropeWoolfWhores>
    <glaga>
      <sudicDaffierAnanter>turrumGabert</sudicDaffierAnanter>
    </glaga>
    <unwallTipper>
      <brickelShiners>ganjasKue</brickelShiners>
    </unwallTipper>
    <hewnBetrust>
      <guggletPremieAvocets>fetor</guggletPremieAvocets>
      <weetingCotoxo dosesMeiosesMidgy="hemiope" proteinRapier="telynBirgand">
        <drawingDixyDaunton>cowshedTskIncubi</drawingDixyDaunton>
      </weetingCotoxo>
      <redbillPrivily rukbatDeridedTrianon="bayardsSmoothy" grinnerNoose="umpirer">
        <bruxismFuzzier>courser</bruxismFuzzier>
      </redbillPrivily>
      <wambuguEthiopFlicky genosUnspike="schuhRonion" leerierLoinsHastive="artierSophic">
        <rummilyCrucheShavery>mauncheThripid5</rummilyCrucheShavery>
      </wambuguEthiopFlicky>
    </hewnBetrust>
    <toxemicGoudaGoldney bort="nepmanScrapy838">
      <oarial>setuidBeardyArtic</oarial>
    </toxemicGoudaGoldney>
    <enplaneGeminal waruaSneezerHermai="74046" soireeBatemanStactes="oconnorPeba" achtel="92">
      <mizeUpdraft>92</mizeUpdraft>
      <sainedWithset chalanaAseptic="39943" respray="nethWinderSkipple">
        <bowlaUnugly>nitredLoggats</bowlaUnugly>
      </sainedWithset>
    </enplaneGeminal>
    <shoder>
      <telomePinatas>utilizeNakirCronies1861</telomePinatas>
      <reshaveTabellaScalade rebraidCorucoMoringa="taintor" hemmel="casaveSwagmanRoberts">
        <haiti>kansasChorded</haiti>
      </reshaveTabellaScalade>
      <kurdTamiseGremmie spurnsShop="nautic" chairedUnhooksTux="spute">
        <haspingBianco>43575104</haspingBianco>
      </kurdTamiseGremmie>
      <keeningKendyrSpay tinamouSina="stadion">
        <chiros>goonieBockeyKiutle</chiros>
      </keeningKendyrSpay>
      <bambanWhiffs>
        <inklesLooHaec>2814</inklesLooHaec>
      </bambanWhiffs>
      <nanduFezesMays seelStrokerGyroma="angrite8" ballismTerraShover="uredium">
        <laceFunkers>hocksGliskyDishful</laceFunkers>
      </nanduFezesMays>
    </shoder>
    <rarer>
      <anyhow>graverRapanea</anyhow>
      <upbuyQuiting caveatsPapaver="carlessMen">
        <hanting>arbourScottKondo</hanting>
      </upbuyQuiting>
      <tambukiApptdSkeily>
        <yeastedVeersFooless>jodo352</yeastedVeersFooless>
      </tambukiApptdSkeily>
      <cangyJecoral brashyRavagedMakars="assahyStallRuffed">
        <insureFixiveLeptene>tweestArdebs881</insureFixiveLeptene>
      </cangyJecoral>
    </rarer>
    <ursukLassockEdifice dainfulLobusIfrit="genesisDemise" scalt="wenchGthiteGoalage" sown="outlordLunare">
      <bidriElse>3922</bidriElse>
      <caroSelects>
        <sautoirIncede>wadgeMarchedWanhope</sautoirIncede>
      </caroSelects>
      <atossa>
        <hoopersGlink>19956476</hoopersGlink>
      </atossa>
      <clarre>
        <vakil>cestoidThanks</vakil>
      </clarre>
    </ursukLassockEdifice>
  </giddier>
</boordly>