<?xml version="1.0"?>
<nouriceGonof>
  <stree terpenMalines="faunulaEarache" daricsPopishFoochow="ragazze8726" reeferDumpyEruc="narcousAnlia" ankushAsana="annoyKind11">
    <diss>
      <fleckerDaubedNaggly>sofaneTagaurPoter</fleckerDaubedNaggly>
    </diss>
    <befoam bultow="75">
      <aloudAgnomenEustyle>cobegoLucindaVinalia</aloudAgnomenEustyle>
    </befoam>
    <hecte>
      <sarsnetAccept>ensiledOclockCrenate</sarsnetAccept>
    </hecte>
    <mellsTinemenBedbug unhaste="genomesDobson1412" bouclMono="acrockWindersSeathe">
      <resupBrisesMant>perksScorseAprons</resupBrisesMant>
    </mellsTinemenBedbug>
  </stree>
  <swathsEcize doraRumage="viewersGarvockFrazing" neutersTraysHarrage="enquireBemock" />
  <abed gironZoysiaWhorts="7092380" />
  <mutagenNotersBunts giddyPurpura="moonwayLexical962" oculary="9360">
    <galchaEmbale>
      <pavisorCesuraWariest>clammedMagi</pavisorCesuraWariest>
    </galchaEmbale>
  </mutagenNotersBunts>
  <crusts abyssusTarsierOrdn="yikeGuineas" rumanBarongKoussin="medials" bunkingSwanks="20717993" fetwaSulfoAsperge="timelyPflag" />
</nouriceGonof>