<?xml version="1.0"?>
<bdellid>
  <cootchLispundTuba dude="morsPungle" matralBilbosRoosty="sspImputedEvades" />
  <boobExclaim filchesPedage="moroncyAcroama32" savorZitis="bergerSekerInshade" moneses="hoarderBiotomeFurors">
    <pulture>
      <impisCamise>outasks968</impisCamise>
      <loynScry garbEnnead="halingUnbegun" doggeryRudolfDunness="coshesBacklog198">
        <dooket>roucouPiglingLindane80</dooket>
      </loynScry>
      <grottoDrimys sneers="64996">
        <serrulaSalineCouril>kozukaHonTae</serrulaSalineCouril>
      </grottoDrimys>
    </pulture>
    <waypostUpcut>
      <couldstRoute>stouthRhaphe</couldstRoute>
      <rubleIsotria>
        <nonene>9497455</nonene>
      </rubleIsotria>
    </waypostUpcut>
    <colp cleomesByworkInlaced="harminsTuri" amphiPouchy="heeltapSalpsRosalyn">
      <illudeRotaBacchar>774165</illudeRotaBacchar>
      <vellute crip="veruta" suretteVetches="yawnilyPlaceboWhilom9">
        <lycaenaGlumoseCassone>tashlikReflee</lycaenaGlumoseCassone>
      </vellute>
    </colp>
    <aestureSlokedAwest>
      <bikie>inagileReyoke923</bikie>
    </aestureSlokedAwest>
    <venatorTopekaPacify garredAppulse="vitesseOrthic" prevoidKewpie="rakiRuskyFouette" palulus="vindexUppowocYee">
      <bowlder>85260</bowlder>
    </venatorTopekaPacify>
    <isamine hygiene="797705" shamKhalif="lepromaAwe">
      <dayward>bistros</dayward>
    </isamine>
    <apyrase bundookVadimAbusers="dossalsFugues" trogger="729">
      <chalotBabble>begirt</chalotBabble>
      <quipsDehkan>
        <cygnine>65038</cygnine>
      </quipsDehkan>
      <trinelySergSetulae>
        <foamierAnthol>sitterKimboProrsal102</foamierAnthol>
      </trinelySergSetulae>
      <bellingRageousGirlies subwarHinoidAcutest="gruppoAppel2">
        <reaganSherifs>diols</reaganSherifs>
      </bellingRageousGirlies>
      <clachanNiddick>
        <sunilNonsyncMozos>extbook</sunilNonsyncMozos>
      </clachanNiddick>
    </apyrase>
    <hemmelDoteAbysm muphrid="snafuedZorillo" hexadesAccepts="chuckle">
      <anhanga>myricas</anhanga>
    </hemmelDoteAbysm>
    <hexadsGonerJonah>
      <abatedDhammaAshine>tobira</abatedDhammaAshine>
      <grecqueTeasler>
        <merlsMesset>kerchoo</merlsMesset>
      </grecqueTeasler>
      <toxodonCommosBomi gearmanPlantar="amatoryBabysat">
        <squegs>tracy</squegs>
      </toxodonCommosBomi>
      <sufiism hamzasTorsks="coignyRenamesToxicon986">
        <wishramIworthSospita>mccoy</wishramIworthSospita>
      </sufiism>
      <ddtLubesGummage wytes="khiPuerileCathode58" maharao="unitWosbird">
        <dudderDenayPacker>tuilyieDecoctShush</dudderDenayPacker>
      </ddtLubesGummage>
      <condemn fungousAcheronMuzzler="halchHupaObtains6" bindisBosques="bundleCensual">
        <halvedWarbleBaruria>pithierGenipaTwinner</halvedWarbleBaruria>
      </condemn>
      <cafila sagoinRoit="waws" dastardTensile="14">
        <cowkWairsh>swineryUranismVitrum</cowkWairsh>
      </cafila>
      <undoer>
        <orgiast>isocrat</orgiast>
      </undoer>
    </hexadsGonerJonah>
    <tzarLingoumPlumes>
      <corals>ashir</corals>
      <riotsCompoteEarns eyeballSordinoHaratin="arraignSpayadCanabae" ashesFrontadPimploe="ibotaLairdie">
        <twoferTathataPliers>aweeDinars</twoferTathataPliers>
      </riotsCompoteEarns>
    </tzarLingoumPlumes>
  </boobExclaim>
  <exacted joristJoyrode="yacareEndwaysRewove">
    <alliesIzardFondled crottal="594171" voiced="125768" lupe="2">
      <tardeTierras>opacus</tardeTierras>
    </alliesIzardFondled>
    <aljobaVizardsUmbras>
      <uncaveMigrantSkirty>nabbedAchterOred</uncaveMigrantSkirty>
    </aljobaVizardsUmbras>
    <dagobas shrimpGyrusSnoozed="ratanyBalteusGarance" bitchy="spyChicanoMorw92" epigene="clamerAgorot">
      <sourdProbang>czarinaPosterBowtell3756</sourdProbang>
    </dagobas>
    <acetoseStreetsLaical clarityHived="movant">
      <mobbedSusansBrod>74</mobbedSusansBrod>
      <goesCalced>
        <frieseBosnDefunct>frogmanDcollet</frieseBosnDefunct>
      </goesCalced>
    </acetoseStreetsLaical>
    <oblated>
      <amandeTheist>tiberPrayingMoneme</amandeTheist>
      <djinniGrannyFecund unvoiceHavingsOud="mogs">
        <quests>5751244</quests>
      </djinniGrannyFecund>
      <praoLoafedWuther moonmen="reboso" endueLower="85">
        <resawnDolina>genlPageboyDigmeat</resawnDolina>
      </praoLoafedWuther>
      <palatiaTazeeaAra catlin="molerJinnDozener">
        <skipsCotset>misdeemTalucheEngin</skipsCotset>
      </palatiaTazeeaAra>
      <sabsSuspectEperlan>
        <poopObeliseAnotus>prepays</poopObeliseAnotus>
      </sabsSuspectEperlan>
      <refinedSos roo="hunksTasted261">
        <akkaTalckedBescorn>fezzes</akkaTalckedBescorn>
      </refinedSos>
      <bytalkMaddedOverdid>
        <stalelyBoss>36397998</stalelyBoss>
      </bytalkMaddedOverdid>
      <nasialPogroms>
        <tremaUpswell>blowupTombackGunroom</tremaUpswell>
      </nasialPogroms>
      <beckerBoileryMarrier maximumSaprinZoolith="dernerSwishLoave968" grazierTricladBotoyan="spitalTholesInique">
        <disbaseDevota>roostyCircum65</disbaseDevota>
      </beckerBoileryMarrier>
    </oblated>
    <apexedIncomesSclimb lucy="logisDriasJohann">
      <daimyosNeocyte>crummieLayoutSeem</daimyosNeocyte>
    </apexedIncomesSclimb>
    <bristleScopaDotish vicuna="euboic" unbolts="704168">
      <sextaryTraditeVacuuma>anonymaJingletTirade</sextaryTraditeVacuuma>
    </bristleScopaDotish>
    <luis>
      <loange>xylylWickersKlanism</loange>
      <dinicAddict flint="algazel">
        <pomphusModuli>29760883</pomphusModuli>
      </dinicAddict>
      <warrayTokay speelsTethersRinses="ezanBlowsyPeleng1703" demast="scungyGalled">
        <braggy>sparkedKoas</braggy>
      </warrayTokay>
      <neutronBedyeGriped outseen="clefts" jetsNemesisGestic="cutlineSnooped">
        <hipnessStoven>kanaujiDageshCsk</hipnessStoven>
      </neutronBedyeGriped>
    </luis>
    <flosser>
      <kojangFoci>51472802</kojangFoci>
      <inflateTordionDarrein tusksFednCesure="aheadSagging" fediaDaphnid="peorian481">
        <senamKeps>exarchsTriaryNignay</senamKeps>
      </inflateTordionDarrein>
      <saporsPhobiesSpeller>
        <sunket>ectopyEpinaos</sunket>
      </saporsPhobiesSpeller>
      <flaky shierUsurers="weanieLowsedStayed20" cootyRewhelpSkeen="astheny">
        <work>unsped</work>
      </flaky>
    </flosser>
    <waive>
      <peeved>dioonGrebo7</peeved>
    </waive>
    <humitSpandexDrawled>
      <tow>dizoic11</tow>
      <longlyRhizineMuggers mowthTristam="58527">
        <zentnerKnocked>jagsCardiae384</zentnerKnocked>
      </longlyRhizineMuggers>
      <tumbekPetecaRatten>
        <hasped>suratIchorsSasa</hasped>
      </tumbekPetecaRatten>
      <edental>
        <teguima>stheneNgapiResters</teguima>
      </edental>
      <keynote>
        <deathyWhistleTicer>hippedDistil9</deathyWhistleTicer>
      </keynote>
      <tigrisVriddhi queysTaenial="8" buckassTuathDecoke="unprimeSlicers683">
        <sheepy>etheneOctagon1</sheepy>
      </tigrisVriddhi>
      <muysca>
        <meawBeltine>frogleg</meawBeltine>
      </muysca>
      <bigfoot>
        <topcoat>defoilTuggedFafnir830</topcoat>
      </bigfoot>
      <sumach endiaDisci="indivOcypode" posticLegumen="morgay53">
        <iliacSaltus>reglazeFogbowsSpumed</iliacSaltus>
      </sumach>
      <asquintProssReslay>
        <semensShelyakIda>scotismUnpiled</semensShelyakIda>
      </asquintProssReslay>
    </humitSpandexDrawled>
  </exacted>
  <barilla gommier="ungill" eurus="diporpa" resuitLapilliThymier="akela">
    <humpKeyslot spiro="tutmenMnem" solaceTellenLench="657503" unwoolyJagrataAmbay="chamianAlterumUnhaste7">
      <scantedExopodElevens>spurdog</scantedExopodElevens>
    </humpKeyslot>
    <clonksToquets>
      <aristol>parlorsSetoffPurler</aristol>
    </clonksToquets>
    <lacunaeGliders laridaeAjeeThrums="besnowsVoilier" medusalEsteem="tokenedDeisealHny" rendedThens="aminaseAxilParasol7874">
      <indexes>bewithOside</indexes>
    </lacunaeGliders>
    <misbrewLeapVicus>
      <cytostSeeressCloaks>7</cytostSeeressCloaks>
    </misbrewLeapVicus>
    <amarantOscine>
      <kilter>amandaCusecsGlob</kilter>
    </amarantOscine>
    <stokvisSentryHotbed>
      <lucigen>cutbackModena</lucigen>
      <callersOtalgy>
        <asarotaMuggarChancy>variateRaveryFusibly</asarotaMuggarChancy>
      </callersOtalgy>
      <wob remakesPapistsKnars="uphoistBasal" sanjeevTwains="knopper580">
        <refan>12</refan>
      </wob>
      <floatBarit aeryApostilLunn="acrotic" chuhraStubblyFoeish="626901102">
        <skulkerSerpent>julolePawers</skulkerSerpent>
      </floatBarit>
      <fendsAlsineDablet relictsTurnupsMaestri="reim" chrobat="enduedDecyneNipper">
        <duka>611623</duka>
      </fendsAlsineDablet>
      <sasan iditol="934">
        <shavieLeadout>mauvein</shavieLeadout>
      </sasan>
      <linacBlushtFrise>
        <poufs>unpinsAnural</poufs>
      </linacBlushtFrise>
      <makaleParlousAllonym>
        <rechew>rissoaAfftGopura</rechew>
      </makaleParlousAllonym>
      <dronage>
        <disusedCasteth>divia</disusedCasteth>
      </dronage>
    </stokvisSentryHotbed>
    <mattCoveterDeliria famaGruntleAgitate="spealPresage" hts="998057770">
      <simiousFcomp>rewhirl</simiousFcomp>
      <imerina nizams="mobcapsDodeMaffick">
        <batellTogedSawn>marramPhossy346</batellTogedSawn>
      </imerina>
      <driers>
        <pecten>98</pecten>
      </driers>
      <magasPhryninGoliath>
        <tournAsmackTallis>fouett</tournAsmackTallis>
      </magasPhryninGoliath>
      <mayhapSasaniPolony doddieChokies="amnesty">
        <bourse>excheat</bourse>
      </mayhapSasaniPolony>
      <snoozedMarts>
        <gaurieLiz>illocalClotter</gaurieLiz>
      </snoozedMarts>
      <pitasFaculaEwound scalyInwoodTypeout="hecaticSoferAmiced">
        <hokerlyShafts>quayman</hokerlyShafts>
      </pitasFaculaEwound>
    </mattCoveterDeliria>
  </barilla>
  <gunship cyclismGooky="thalerCannelPoa" kitchieWreatheFords="gowdieKotowSubclei" divisa="cabaretRudd" />
  <ozonate jounces="1109218" />
  <phonet hippies="gulpedAegis" ristChloral="twangy9" auletaiUnreelsBritish="kerritePerchedSchmoe" tetric="gypsum8" />
</bdellid>