<?xml version="1.0"?>
<upblazeNaturaAnbury>
  <lankestSingultRelock alalus="pelletsCyclopeHete" barnage="653" />
  <unnaive percipi="98" sheepyMammons="alcaicsModule">
    <amies>
      <barbets>jurantsSoddensSutoria475</barbets>
      <reparkHuskingRemet>
        <dopantReutterCullied>anack</dopantReutterCullied>
      </reparkHuskingRemet>
      <annetSilages minivetAquatic="gooralsAfghansFooted">
        <goliathGauchoGoa>peeliteSitaoAbthain</goliathGauchoGoa>
      </annetSilages>
      <mowers fraist="quoCatsupsPomme">
        <signalGemmyRonyon>cecilia5</signalGemmyRonyon>
      </mowers>
      <titiansGravida presealLeiss="chooses" envyModuleHyenoid="992325688">
        <hormigoReetClamber>rosularVicuna9831</hormigoReetClamber>
      </titiansGravida>
      <lafitePulsion>
        <bowyerMannide>alaSertion</bowyerMannide>
      </lafitePulsion>
      <tulare>
        <metumps>6</metumps>
      </tulare>
      <manfulCaimito deedierColen="pronDovey7" amaniaExilic="7060747">
        <wappo>uigurWaxbill</wappo>
      </manfulCaimito>
      <ameniaLagunaWheals tendrelFarsi="15757122" uncleftDogmeat="czaric">
        <tubbaOmsFusus>camisaUsward</tubbaOmsFusus>
      </ameniaLagunaWheals>
      <sunlet dossierDakSloo="421856375" upwardClartsCobs="foxerLettedChocho">
        <owedMycoses>9</owedMycoses>
      </sunlet>
    </amies>
    <sundialPwt thawnDoddie="pablo39">
      <tapit>11716197</tapit>
      <webbyEtamine>
        <perishFust>musion</perishFust>
      </webbyEtamine>
      <tuneupHatticAriadne scores="sclerForay5221" bedamnsPelike="enhortAgetBlowing">
        <yatvyagRusts>genie</yatvyagRusts>
      </tuneupHatticAriadne>
      <unwrote dogtail="myologyFontinaPlowter89" melianSilylGassit="anniteKauryCady">
        <chivvyEnfolds>gasconGarcons</chivvyEnfolds>
      </unwrote>
    </sundialPwt>
    <enwombFlavTsktsk>
      <prakashUnlie>apposerRotulusSpay460</prakashUnlie>
    </enwombFlavTsktsk>
    <malmag>
      <redbudCagiest>enguard1761</redbudCagiest>
    </malmag>
    <amebaeZira caulomeMammaeAttirer="41718550">
      <bursulaMyxemiaPeltae>armored</bursulaMyxemiaPeltae>
    </amebaeZira>
    <tariricSignersNumnah>
      <restakeEarJury>booleysRegmaBihai</restakeEarJury>
      <snufferBibberyAmaze>
        <tictocs>baygallConfute</tictocs>
      </snufferBibberyAmaze>
      <growzeNatickKishka>
        <fouldreClape>tepalHonkies477</fouldreClape>
      </growzeNatickKishka>
      <assumerLysedBhoot hockeysTarazedCoxite="reebokOuthowlUndying" vestal="casketDitcher">
        <cotanBestowSidia>ethosPodicesAbsinth</cotanBestowSidia>
      </assumerLysedBhoot>
      <atabalsRiveter>
        <noxialHechtTinkles>skimpDelicat4209</noxialHechtTinkles>
      </atabalsRiveter>
      <peshwa wowsClrLummox="bugbaneTempestAscribe">
        <oarsman>kolsunBleatedLiftoff4</oarsman>
      </peshwa>
      <unhent>
        <begloomWarily>octoate</begloomWarily>
      </unhent>
      <iman pennySenecas="6434750" flunkey="36521">
        <notaApogaicNakeder>badgeDivviesKaif</notaApogaicNakeder>
      </iman>
      <mondeFolioseStarn roublesLengths="meropesBelindaSeedkin" vannaiComboSeers="stramp">
        <suguaroEvolveBoho>borhErects338</suguaroEvolveBoho>
      </mondeFolioseStarn>
    </tariricSignersNumnah>
    <repart>
      <sluggerSamenCrocker>113385</sluggerSamenCrocker>
      <meted gossipAlodKeres="taconicKarossSurtax" tidal="bingle">
        <grecismAthbashZinsang>unsheetPongeeSerumal</grecismAthbashZinsang>
      </meted>
      <cariesAmmeter leftistHiller="rudistaHazle">
        <adrowse>motleysOverdenLangate</adrowse>
      </cariesAmmeter>
      <gorgonsGyringEchoing gloverBurredUrinose="kaiakModistDuolog61" crudelyVisors="lapiesAbvLocutor">
        <biureaMudweed>fiddly4535</biureaMudweed>
      </gorgonsGyringEchoing>
      <fens slatherMowburn="3852">
        <filius>clarts</filius>
      </fens>
      <sepnDhooley escapedSidlingApulian="staller3842" noncesAffords="1629">
        <scurvy>kapaiVakiaMannire</scurvy>
      </sepnDhooley>
    </repart>
    <cinderRemiRumored>
      <pilotedBenzene>heilyTretis1</pilotedBenzene>
    </cinderRemiRumored>
    <fangedOverdye>
      <rhesis>excuses</rhesis>
    </fangedOverdye>
    <ivywortSidings>
      <whiftLoggy>halfWebfoot</whiftLoggy>
      <attaboyLoutherAurific twankyPaulism="teles5835">
        <pondageDecken>rumorsCredoMibs</pondageDecken>
      </attaboyLoutherAurific>
      <foujdarTrokingChait happer="agriaPortage">
        <vadoseMediaGunsman>barnageAngaraStript1090</vadoseMediaGunsman>
      </foujdarTrokingChait>
    </ivywortSidings>
    <waubeenKrasisJuslted>
      <jinkersBecuiba>7196</jinkersBecuiba>
    </waubeenKrasisJuslted>
  </unnaive>
</upblazeNaturaAnbury>