<?xml version="1.0"?>
<cheeses>
  <sambelSheeredWethers polosIsoptic="ogive">
    <scotchy>
      <nonflux>undoes</nonflux>
      <etna tempre="prunedGumhar1">
        <barbera>revay304</barbera>
      </etna>
      <eastreJiggedSuluan>
        <buenoFilmetDingeys>hornyBernieHosea</buenoFilmetDingeys>
      </eastreJiggedSuluan>
      <busbiesYork>
        <nisi>sacringBulgurEffaces8</nisi>
      </busbiesYork>
      <glumly menura="7484003">
        <arerolaIxionPapists>kutchin5436</arerolaIxionPapists>
      </glumly>
      <hoomSawbackHexanal>
        <gamier>overtip</gamier>
      </hoomSawbackHexanal>
    </scotchy>
    <thowtMarinesJuridic>
      <macabiAuspex>susumuResumesSerf</macabiAuspex>
    </thowtMarinesJuridic>
    <forthonShillLate>
      <systGougingNympha>sturin</systGougingNympha>
      <rumplesWaggly>
        <coueism>abusive</coueism>
      </rumplesWaggly>
    </forthonShillLate>
    <slumped>
      <gyneciaAperu>snumCoactorMuskegs</gyneciaAperu>
    </slumped>
    <housedAsserts>
      <smeltsHobnob>realesMyasis5786</smeltsHobnob>
    </housedAsserts>
    <mockup napkin="melas" sleysUpfillUngyve="unguardGadi11">
      <payout>5248</payout>
      <outwoodEyebarImpv coalifyHills="shriekyRusmaRunnels">
        <kopeksMrs>devwsorOvicellScanted</kopeksMrs>
      </outwoodEyebarImpv>
      <maimerCatchie havener="saucery4" primingLeeshyyScram="poduraBulten">
        <roosedConsarnSiros>juntoScyphi</roosedConsarnSiros>
      </maimerCatchie>
      <gruesKinsen ghessSpongyAlia="siddurJato" crumber="threpe">
        <blirt>dilutes</blirt>
      </gruesKinsen>
      <tummelZiplessMattoir unbitMacuca="knavishWhsEvese">
        <soldan>sonchusHylismThitka</soldan>
      </tummelZiplessMattoir>
    </mockup>
    <bauboIon>
      <salpid>indigo</salpid>
      <pottled unshaky="beylikLove" carvist="stroy">
        <photosBombola>9</photosBombola>
      </pottled>
      <urethraDignifyDemurs colpusDeduceScarpa="4011891">
        <salalSixsomeCurled>dheriAgonicArgot</salalSixsomeCurled>
      </urethraDignifyDemurs>
      <buraoGollerTinkled>
        <henbitNarraKatrina>nibby121</henbitNarraKatrina>
      </buraoGollerTinkled>
      <fodgelRogers>
        <mespotUpchoke>ease</mespotUpchoke>
      </fodgelRogers>
      <nurture>
        <slenderUptracePreanal>everniaSeriaryDesign14</slenderUptracePreanal>
      </nurture>
      <mowse spikeGaleeny="hunkies" relampAgrafes="cosetBudzatTearful">
        <inhoopBeardomMibound>lentilDinners</inhoopBeardomMibound>
      </mowse>
      <arapahoPorkmanTwait maundyUnred="cooptsRanomer" prideCiviesOgmic="808">
        <byssusHoldGnetums>belliedEmbullEdwin</byssusHoldGnetums>
      </arapahoPorkmanTwait>
    </bauboIon>
    <romeMaythes>
      <disarmAlkines>emetineStormerAponia</disarmAlkines>
      <schwaLoperGnawed>
        <valorCouril>guereza</valorCouril>
      </schwaLoperGnawed>
      <foisons coma="rentier" sesutoApods="jemmilyOogloeaMorphon">
        <tarfa>priorsNeopineReiner3506</tarfa>
      </foisons>
      <sabutanChechen>
        <anquera>chappieMedliedIgitur</anquera>
      </sabutanChechen>
      <patamarChevres>
        <ghiKumaraMarian>yetling7128</ghiKumaraMarian>
      </patamarChevres>
    </romeMaythes>
    <scarcerBurkAfore>
      <ghoom>5366</ghoom>
    </scarcerBurkAfore>
    <twitchyKerelBast conicKanaka="158754">
      <doaPuffsAsthmas>venlinCruiserCautel4</doaPuffsAsthmas>
      <treasr annexaRebbesSolvus="philic" unrobed="828">
        <pyxides>keenGrazierPioxe</pyxides>
      </treasr>
      <ruffles inductDahlias="sailer6" manges="gunwaleEffusoSubdual">
        <gaynessGarbill>hunk</gaynessGarbill>
      </ruffles>
      <refrButanolPuca fruggin="djelfaPremissFossule" auricleHabuka="6515483">
        <rivery>7</rivery>
      </refrButanolPuca>
      <viva>
        <pelasgiBurse>3920</pelasgiBurse>
      </viva>
      <corders>
        <amigoDoggier>easselFantailBoatels</amigoDoggier>
      </corders>
      <twofersPallium streetsRhaetic="arrtez">
        <repay>ponga</repay>
      </twofersPallium>
      <didyEmeute franticFoggily="adrenin" sociesTyrosVikings="buncoedKlicket">
        <beggars>derrisHoddensGaspar</beggars>
      </didyEmeute>
      <polygynTercelsWangun musicrySplicedUlnage="ostoses" lupineJctn="unagedJube">
        <plutusOxhouse>sheen</plutusOxhouse>
      </polygynTercelsWangun>
      <primas zoarcesHobosChinas="gulleysOctoyl">
        <ocubySwinishFolia>lote</ocubySwinishFolia>
      </primas>
    </twitchyKerelBast>
    <snortOld>
      <teresaPipingsForbids>mythify</teresaPipingsForbids>
    </snortOld>
  </sambelSheeredWethers>
  <outateUredia slyer="ripperAnadromPalabra" sofane="tuskierSmidginTreeful">
    <dioxinFretten>
      <camelTufanTallith>378972</camelTufanTallith>
    </dioxinFretten>
    <porismsMoverEscalin>
      <polletAveninGladded>galeageBerskin35</polletAveninGladded>
    </porismsMoverEscalin>
    <commoLappishAlima>
      <brum>316305</brum>
      <conchoJumada>
        <stoutPatakaJulius>beadeyeRuelike</stoutPatakaJulius>
      </conchoJumada>
      <beethWhalishBaya>
        <hoofs>93</hoofs>
      </beethWhalishBaya>
    </commoLappishAlima>
    <sosoKitabis delayer="8" plaudTendoor="pawners">
      <hapBrigand>ottawasCrusca</hapBrigand>
      <majeure giggit="yumClamer" apostemBradsotDefalk="ean">
        <agatine>50754773</agatine>
      </majeure>
      <dasher natterRoosaCoost="50167463">
        <bish>9940</bish>
      </dasher>
      <cerilloTyphoseLoggin stiversMaku="baleys8408" kobanBoningCarroll="patulinBrakieRespire">
        <dhakIgarape>452</dhakIgarape>
      </cerilloTyphoseLoggin>
      <donald linnaeaGapingLithous="iodide" widenerMinotImpearl="bancosPirner">
        <henry>pinrailYean547</henry>
      </donald>
      <steams>
        <kalongsBluecupBasinet>silkmen</kalongsBluecupBasinet>
      </steams>
    </sosoKitabis>
    <ataxia>
      <kors>plankAbirHackmen326</kors>
    </ataxia>
    <catererProdErnie minaeanPolony="ateeterPedageAntship" witwallWoes="eremicThionic" bobbieTineoidPondy="sloshesEchardsTunable">
      <trs>zenagaTerek36</trs>
      <cairnyBawdier croupesCunanKumbi="20" tadPerten="136497398">
        <echinal>hodmen</echinal>
      </cairnyBawdier>
      <zygoseAmoriniFossage>
        <taborinDungier>655168969</taborinDungier>
      </zygoseAmoriniFossage>
      <writeeCartopLug>
        <metierWightly>shedFinew</metierWightly>
      </writeeCartopLug>
    </catererProdErnie>
    <comitia>
      <volutesBiking>pomeEtherIndiana8</volutesBiking>
      <iradesHammy saracenNigger="equinusTiddlerFulmine" storesKerriesParnel="absentSapwort">
        <outgunsEucre>sudd</outgunsEucre>
      </iradesHammy>
      <veeringSclaffIndult hagger="520" rutteePandies="tinctedAndrenaFice5">
        <propylaSteevedMiniken>snib</propylaSteevedMiniken>
      </veeringSclaffIndult>
      <idiomDjin folily="pteroma" dropvieShawy="moksha">
        <cymarBevue>proneurTwat</cymarBevue>
      </idiomDjin>
    </comitia>
    <caysEbbet tupikInflMoi="gazelleQuiltCoffins" welchesGlaived="taloseRoutine" mauncheRuboutSwashes="carajaCraving">
      <nasticDupattaMtscmd>unhitch</nasticDupattaMtscmd>
      <elves cairoWhiten="ilaTeabowlBooboos" hoofedCivilerPerpet="unsmug">
        <dimmersBigamicPulvini>tootsQuipu3388</dimmersBigamicPulvini>
      </elves>
      <bezanteWongshy zutugilMirky="comonteBealach" rowthsBraeman="41165">
        <mickeyAttarsThala>tebethMetelyUnrayed</mickeyAttarsThala>
      </bezanteWongshy>
      <nonly>
        <milderUnburnt>thoronsOldy</milderUnburnt>
      </nonly>
      <respireEvictor>
        <khedasMoolUsuary>gonia</khedasMoolUsuary>
      </respireEvictor>
      <auf martyNilous="toluide">
        <mobsmenPunkahWeensy>ratfink</mobsmenPunkahWeensy>
      </auf>
      <duty casquesAmen="fikeDesiredUphoist111">
        <appliesArhatHigh>dentes</appliesArhatHigh>
      </duty>
      <humilisGentium salinaSafiSwifts="beluchi">
        <upliftTorta>chloeGuarand</upliftTorta>
      </humilisGentium>
      <skybalOrgoneLairing suppersSwishesUsward="boreensLamboysBearcat">
        <manzilTestsBenote>iteneanKicked</manzilTestsBenote>
      </skybalOrgoneLairing>
    </caysEbbet>
    <unaided>
      <cerciCatoismSubsere>moolaAnchory</cerciCatoismSubsere>
      <freeing refundDwinedPlanula="12018" yuckingUnakiteKrill="sendalDuncifyDuddery">
        <clawWealful>baalathKraal</clawWealful>
      </freeing>
      <nielsOverputMotive unseamsPiesCarolus="furlongInspake">
        <pageJosipBronchi>96</pageJosipBronchi>
      </nielsOverputMotive>
      <topworkCogged susaneeAbducesBejeled="70909">
        <triaminOpaloid>lineasToxityCarefox2</triaminOpaloid>
      </topworkCogged>
      <tiercelAgouty bracket="fugatosUnhero">
        <glucidSlae>bulbierStrettiLond</glucidSlae>
      </tiercelAgouty>
      <skivvyMitisesArere yapokDogvanePotshot="spawlJeererSaliva">
        <tasbihKasidaShiels>ghiblisKinoneRowel</tasbihKasidaShiels>
      </skivvyMitisesArere>
      <pernisChufasObstant>
        <tourne>knautia</tourne>
      </pernisChufasObstant>
      <theinsPercheChair darghin="gambogeDombeya" tedgeFlunks="1760">
        <mazdeanAylet>swarfKefs</mazdeanAylet>
      </theinsPercheChair>
      <celtishImshi ganging="zoysias1">
        <honorsWashoffTick>magogHolk5</honorsWashoffTick>
      </celtishImshi>
    </unaided>
    <silages plbrochTrawley="custronOrillon" sikhsMycelesUnread="anolianChalkos">
      <highly>braved9870</highly>
      <emigresUnpassBldr dinicAdenase="vulva" unframeSuci="unspit">
        <facticeChopsUnwitty>lethals</facticeChopsUnwitty>
      </emigresUnpassBldr>
      <gagesSecosMindel scrums="mortifyEnmistMicrify">
        <sizeine>biogenySoodle</sizeine>
      </gagesSecosMindel>
      <nix>
        <vetust>toledo</vetust>
      </nix>
      <tanwoodEgally humanlyShicker="easefulKokoona" fistsAndironRiver="regmataCoopery">
        <sorrels>semblePulu</sorrels>
      </tanwoodEgally>
      <babbool>
        <reddy>14</reddy>
      </babbool>
      <piertHingerAlkene>
        <peeweeBolly>stylarLitiopaHelmets</peeweeBolly>
      </piertHingerAlkene>
      <atoxic>
        <oddsbudFoder>7</oddsbudFoder>
      </atoxic>
      <lousterCommunaBilbos>
        <castors>primersBepewedDawting76</castors>
      </lousterCommunaBilbos>
    </silages>
    <misrelyArmer preveTaenninAllez="918202">
      <amoving>85182052</amoving>
    </misrelyArmer>
    <bonitaEnajimDevant knell="vauntedReiceMolly" lairMisfits="dopattaAcredDigit810">
      <sandraProsy>lyreKvintKyrios</sandraProsy>
      <tait>
        <banburyCalumbaWifely>crottal</banburyCalumbaWifely>
      </tait>
      <chalets tiffing="iotized">
        <uncleadEnationWraitly>33428</uncleadEnationWraitly>
      </chalets>
      <morgGradelySloat>
        <avigate>viduous</avigate>
      </morgGradelySloat>
      <insularMegilpSavvy yadayimUpwaftsFujis="gaylies5195">
        <leadageClee>rutyl</leadageClee>
      </insularMegilpSavvy>
    </bonitaEnajimDevant>
    <embargeCovenSpirant>
      <somne>faddishMahdian980</somne>
      <bisti gugletUnnapt="lenity">
        <thishowPoliced>impasteIsraelUnhat</thishowPoliced>
      </bisti>
      <frownyCluckGraces adamine="outmen">
        <godhood>bordarPurviewMorin</godhood>
      </frownyCluckGraces>
      <bakshisBodgie kokioTropoylWhiskey="spaitsTaliteStormed" tosca="bedare">
        <tactful>coakFiguryPluma</tactful>
      </bakshisBodgie>
      <peltryHonesSharky sangu="futharcHoopoesFake">
        <sorchin>euryaleGerundChappal8415</sorchin>
      </peltryHonesSharky>
    </embargeCovenSpirant>
    <nittyElutionAbama>
      <henyard>imbeselAheap1</henyard>
    </nittyElutionAbama>
  </outateUredia>
  <foredoCarcassUnbend>
    <pomolo>
      <averts>lentenPepsins</averts>
      <banqueLeafcup hooyeSnivyLepre="metamerCuddled" rayasGunyang="ope">
        <laicismPluckerGallian>luxeFloppy</laicismPluckerGallian>
      </banqueLeafcup>
      <symmoryAryans howes="gagersCullied64">
        <griece>hawbuckCruet</griece>
      </symmoryAryans>
      <unbluedPeoples taiaha="alkali" elbuckHapteneAmiga="lollingWaygoerJarls">
        <murklyFlakers>darrylBotonny</murklyFlakers>
      </unbluedPeoples>
      <ovendry stomaOverdue="tonners" hinterKiddo="sidemenIncog">
        <afdIssedoiHoaming>auronal4</afdIssedoiHoaming>
      </ovendry>
      <cormelsFinmarkOssa upsey="debtsInching">
        <yonnieMakhzen>phobic</yonnieMakhzen>
      </cormelsFinmarkOssa>
      <millile pastose="68950539">
        <stir>gownRimpi</stir>
      </millile>
      <nibong irrupt="roversAlcosol" shakilyAcaridsDuyker="544">
        <poise>17198</poise>
      </nibong>
    </pomolo>
    <luck>
      <zendic>lataniaPorchesClivia</zendic>
    </luck>
    <taintedInsureOthake uncrown="beinlyLappet" denOddnessLardry="acericEelfishQuidae" boulder="oneidaAtabekAwnlike">
      <joshesMassoy>nigellaColters34</joshesMassoy>
      <insurerPerpet>
        <tycoon>talukRegaledAvena</tycoon>
      </insurerPerpet>
      <anba houstonWidgeon="789767207">
        <anisil>13035239</anisil>
      </anba>
      <grayingFuskRepros>
        <danaan>594723988</danaan>
      </grayingFuskRepros>
      <accuserSheer>
        <dinerosTaperedJumped>wigwamsPuntist</dinerosTaperedJumped>
      </accuserSheer>
      <borago gaudsPaulismDowcote="rottingBetreadCarcass">
        <haunted>razingMesoleShadily</haunted>
      </borago>
    </taintedInsureOthake>
    <cornersJoulean voidUnhat="682236958" croodleDowdierServ="cleatedSourdre">
      <mankinHackled>luckiesDecriedIngram</mankinHackled>
      <neeze dehull="mayapis5" garotteSparker="slubbedCaltropKipuka9334">
        <angieUptowerPsalmed>komtokDudgeonConveys</angieUptowerPsalmed>
      </neeze>
      <linkageHapale somdielCists="blawing115">
        <iprEveckWoolen>featLyse</iprEveckWoolen>
      </linkageHapale>
      <yokelsGetsRipen>
        <diadromVowelly>sarodsPptNetts</diadromVowelly>
      </yokelsGetsRipen>
      <isize>
        <vironNettierKinkly>butylsMutingBegeck</vironNettierKinkly>
      </isize>
      <situOveraptAcrinyl skeaneToxylon="molle">
        <octavdBarmyDeck>jambartPeabush6945</octavdBarmyDeck>
      </situOveraptAcrinyl>
      <stucco>
        <coevals>spiroidTombingNonfat</coevals>
      </stucco>
      <jaggierVentin benumbs="leewanRamstam99" yodelerAgelessUploop="mergh">
        <wappatoPaprikaWitchet>dubb</wappatoPaprikaWitchet>
      </jaggierVentin>
    </cornersJoulean>
    <atresia>
      <oleAvenue>812312</oleAvenue>
    </atresia>
    <biderSkaff>
      <gaycat>langka</gaycat>
      <relookSambelKilhig>
        <abbrPrewireFlebile>disgust</abbrPrewireFlebile>
      </relookSambelKilhig>
    </biderSkaff>
    <pyrone>
      <broguesBulbulRumless>brahmsBrasher</broguesBulbulRumless>
      <cogweel trompe="spaid2">
        <sleezyBangsSarlak>rewed</sleezyBangsSarlak>
      </cogweel>
      <bronzerMassageRefeign>
        <turret>pestful</turret>
      </bronzerMassageRefeign>
      <legist whisker="veeriesDefs4098" bugganePartons="roilUmbundu">
        <miszoneAxled>3993567</miszoneAxled>
      </legist>
      <acreak salwey="swirlsMuroidBiunity1526" paellaCammed="vinewTormina">
        <rollbarReabuse>merisis</rollbarReabuse>
      </acreak>
      <auburnUnfeltWacago>
        <grizzel>chillerImperiaScuffy</grizzel>
      </auburnUnfeltWacago>
      <outgladNitrile tethsFozySkel="46451491">
        <twite>7</twite>
      </outgladNitrile>
    </pyrone>
    <tsadiMotiveFanwise>
      <chidersSensate>starvedRehoodGeomys</chidersSensate>
    </tsadiMotiveFanwise>
    <nippily jimboRelong="4173" miminae="711155">
      <datsunsSelsyns>kwachas103</datsunsSelsyns>
    </nippily>
    <gigmanTomtitsLaughed>
      <ayontPhonic>abieShierDecal</ayontPhonic>
    </gigmanTomtitsLaughed>
  </foredoCarcassUnbend>
  <thrillsAudBishops turacusKapeika="moost" twangs="unwindsTucanoVaruses" semilogApogenyBoards="boobiesPhaleraHipmi">
    <toffPaxes>
      <ligninsVesting>conicSteals746</ligninsVesting>
    </toffPaxes>
    <turdine>
      <nunkiImpaint>acetic</nunkiImpaint>
    </turdine>
    <reflag>
      <accurBoboSereins>ignifyAlane5</accurBoboSereins>
    </reflag>
    <fudder>
      <banghySheavedAcetary>secondoHygeist1448</banghySheavedAcetary>
    </fudder>
    <zimbiRefoolScissel turnera="rorippa">
      <vivax>404446</vivax>
    </zimbiRefoolScissel>
    <hrsDiarchy>
      <manful>boragesGlycicMonte9400</manful>
    </hrsDiarchy>
    <canonicGeyanUnkamed>
      <neumCoactedVepse>hurleyUndealtHound</neumCoactedVepse>
    </canonicGeyanUnkamed>
    <unvowedMoetScrooge portersBushi="motived83">
      <fingramAyenstLiukiu>slopsLuite36</fingramAyenstLiukiu>
    </unvowedMoetScrooge>
    <acerolaTornadaPietic>
      <waregga>4</waregga>
    </acerolaTornadaPietic>
    <apayTuism ankusesFourbleHagia="9150" caffre="5474901" bowsman="sparkleSellerMatman">
      <youreOturiaInfund>elegitsStemmerRegrew</youreOturiaInfund>
    </apayTuism>
    <effable>
      <wakens>jadedWelchHopyard</wakens>
      <acroterLiquorChenica poromasNeelaSoftner="89311098">
        <insorbSift>sertionBuckpot29</insorbSift>
      </acroterLiquorChenica>
      <foulsVahineUntroth dumpier="ismailiBesMinnow446" inwovenRigling="ventoyNocketBursal">
        <bocciRecipe>7228</bocciRecipe>
      </foulsVahineUntroth>
      <bogier muletasHoggers="aumil66">
        <ulmousSoudans>waive</ulmousSoudans>
      </bogier>
      <impubicBluishIguanas>
        <qidResawsHaupia>singleAlannah860</qidResawsHaupia>
      </impubicBluishIguanas>
      <ascanObtect pterionWheatenLeadman="yelver">
        <duodena>spiler328</duodena>
      </ascanObtect>
    </effable>
    <savinBelieveStriped>
      <disputeLulavim>punkt9459</disputeLulavim>
    </savinBelieveStriped>
    <winkles tribble="enfirm6">
      <sataiElidingUrsal>lairingMoiled</sataiElidingUrsal>
      <geotaxy>
        <usucaptGuisesSpiks>closing</usucaptGuisesSpiks>
      </geotaxy>
      <souterBeauingVoyeuse dipseyOlesJusten="ooziestUhuru">
        <tarsiaClarain>asylumsEelpout</tarsiaClarain>
      </souterBeauingVoyeuse>
      <lankerAwadhiMoulins wallets="equal7" relabel="108314">
        <bimEebreeOffals>6</bimEebreeOffals>
      </lankerAwadhiMoulins>
    </winkles>
    <leewardShakoesEndseal>
      <mettles>oxazinLactamsNuncios</mettles>
    </leewardShakoesEndseal>
  </thrillsAudBishops>
  <cryptal>
    <fumariaViroleAworth>
      <nidorEmptioAsmear>667885085</nidorEmptioAsmear>
      <reim panicumPeoples="56">
        <hetter>fridges2</hetter>
      </reim>
      <fijiCupuleReframe>
        <satangManakin>4</satangManakin>
      </fijiCupuleReframe>
      <roxanneCrosierFriday picudoKomati="illeck" myaceaFeedboxLagunes="paluliScrumpLuce">
        <runsFuyeMize>bemolSleidedAvant7</runsFuyeMize>
      </roxanneCrosierFriday>
      <marlyExplain>
        <yirredGrammyThumbs>quartic</yirredGrammyThumbs>
      </marlyExplain>
      <aeolinaYukonChroma isotone="fankleUnburly">
        <mawsRacesSubpena>259680</mawsRacesSubpena>
      </aeolinaYukonChroma>
      <anousVicomtePenide>
        <modulusChally>baile</modulusChally>
      </anousVicomtePenide>
    </fumariaViroleAworth>
    <tydeusSluigFlicked whips="shairnClyersKittock6" tined="enewHoghide" oublietCherishPorism="45">
      <turkeerFatcake>603991</turkeerFatcake>
    </tydeusSluigFlicked>
    <lemnaPenname>
      <tray>aghasYabbie4</tray>
    </lemnaPenname>
    <cancionCachazaWagh addedly="guige9646" limner="chicoryPerobaNiggery">
      <earfulsQuiapoIgnited>umbundu1259</earfulsQuiapoIgnited>
    </cancionCachazaWagh>
    <rigoursTaar nelumboMopaneKabs="trsPuredeeCensors">
      <surcle>7548217</surcle>
    </rigoursTaar>
    <turbot>
      <jagatai>11</jagatai>
      <hants>
        <gruelCoydog>minchen</gruelCoydog>
      </hants>
      <uniquerStrobicAcce regainOltunna="ketaElk363" bahistiHoltPigs="11376751">
        <kumkumVerneukBounds>279</kumkumVerneukBounds>
      </uniquerStrobicAcce>
      <qeri semifyMainan="6247623">
        <ideates>2</ideates>
      </qeri>
      <flyingsPholido modernsDauphin="stepsonNee">
        <isaria>claspsCrutterFarcers</isaria>
      </flyingsPholido>
      <fstoreTitlerToters plato="7833" jerqueTerpene="connyPitpan">
        <tourerUnhent>crummerSizing70</tourerUnhent>
      </fstoreTitlerToters>
      <nutate shellak="imbarn486" humaDoggetIncus="bluecap">
        <lugsailBubberRushier>mosteNosherSylene</lugsailBubberRushier>
      </nutate>
      <geminal leukonsWaughts="feasingInstant" decus="64">
        <spayingEscheveHence>77</spayingEscheveHence>
      </geminal>
    </turbot>
    <unmarchRuthene>
      <shawwalNovelty>47</shawwalNovelty>
      <bissext>
        <yang>gpssAchree65</yang>
      </bissext>
      <bester hommockPietist="relacesAchierAnneals">
        <hovelFingerSkylike>xxiv</hovelFingerSkylike>
      </bester>
      <lytheAlcor mashy="popshop75">
        <inwit>spawnyJoggles</inwit>
      </lytheAlcor>
      <moradaVisaed lutherMalefic="dazedlyQuell">
        <menders>taxatorTurbeh</menders>
      </moradaVisaed>
    </unmarchRuthene>
    <doniaPandrop>
      <cattishJonvalCalanid>670523652</cattishJonvalCalanid>
      <deededLunularBandits flexile="agreingKvinterTeopan">
        <bing>icebergWottestPlonks</bing>
      </deededLunularBandits>
      <dollarHood leah="abulicAltesseAmenage" lengths="3328">
        <releivoToddler>sousesFlipper8</releivoToddler>
      </dollarHood>
      <zuludomMacaboySloop>
        <justice>othmanCoft</justice>
      </zuludomMacaboySloop>
      <facy ascriveZarfsPeepul="trophis" hepperTaketh="869">
        <terraneBodicesAuklet>ulnareBurSharon</terraneBodicesAuklet>
      </facy>
      <caphsRuntierTaposa peachyArchsee="nurseLeeful" menise="hircicFemurs">
        <bugeyedBitterRescues>topogFollowsCaseate</bugeyedBitterRescues>
      </caphsRuntierTaposa>
      <ceilidh globeDuessaUvella="squabby">
        <poseursOutsize>killersBarbuteAssurer</poseursOutsize>
      </ceilidh>
      <adonisMucedinFantasy>
        <ammeosPmtAmman>greenukMeant</ammeosPmtAmman>
      </adonisMucedinFantasy>
      <showeryParis muddierIgluOutpath="482">
        <piceinBarken>pearls8960</piceinBarken>
      </showeryParis>
      <treflee>
        <cyranoDegenerMegass>704378197</cyranoDegenerMegass>
      </treflee>
    </doniaPandrop>
    <unvicar>
      <hubber>9823980</hubber>
    </unvicar>
  </cryptal>
  <drumbleTailgeSpated settimoBaylike="42">
    <paragon fraterUlceredZocalo="florae">
      <podicalKludge>ambledUnhurt</podicalKludge>
    </paragon>
    <hilledNitriryLeglen mutases="stodgerGladysVox" talak="taurusBodkinThalian">
      <howling>presterHighthsYas</howling>
      <patasEpimerDasein stirks="ziganAlible" dresser="debsSkatoma">
        <estrifHypes>573</estrifHypes>
      </patasEpimerDasein>
      <uphurlVellute potbank="leetle" spookyVelumen="challieTorpifyPoop">
        <bowsery>sugarsBlips</bowsery>
      </uphurlVellute>
      <vidya>
        <carcerDedit>9770961</carcerDedit>
      </vidya>
      <pareusProst chermes="389" taliageTubmenMideast="jazeranFusileLodger">
        <cordsDecence>antonym</cordsDecence>
      </pareusProst>
    </hilledNitriryLeglen>
    <anselBiozoneOutsits pedlary="cabaWeeshEben" trienes="hishCatnepScarfs" pacewayTarpan="entomol58">
      <nizey>105901</nizey>
    </anselBiozoneOutsits>
    <pechys>
      <uncurstTropateGlouted>khadis</uncurstTropateGlouted>
      <winesapSellarSevres>
        <iconic>napping</iconic>
      </winesapSellarSevres>
      <dewdropSlued viiiFossageDepair="ladderPicotah" dochterGallery="diddlerSavorsWank">
        <tellimaMannaiaChufa>61886</tellimaMannaiaChufa>
      </dewdropSlued>
      <drupa canzoniGurgesTheyre="2851394" elem="556">
        <brinjalVergeryYield>chooserPro</brinjalVergeryYield>
      </drupa>
      <tarauSlam misdoerUnurgedMiens="teens32">
        <cranyJussion>335488642</cranyJussion>
      </tarauSlam>
      <grippe noveltyWealdHucho="trendKhivanAnyhow1" teetyElectre="crosse">
        <guhaynaFrance>bielidJalee</guhaynaFrance>
      </grippe>
    </pechys>
  </drumbleTailgeSpated>
  <boodUmbeset caroid="unalivePoperyDaiker" grandlyCerning="gats571" naphtolHieingRelumed="ilamaSwobs">
    <thrawNursed>
      <habus>vicilinJinPinfold</habus>
      <facto>
        <hooperRosinolBrails>ineptBeeish</hooperRosinolBrails>
      </facto>
      <tainsCartageMazame withGuan="bulrushLyncean" descendOstic="balanidBeliesArmado">
        <steadCrawful>arylateBegrettSpurdog</steadCrawful>
      </tainsCartageMazame>
      <foundedLuckily koraiPricerPipes="lipsePreknow8362">
        <waferyBiplaceSpend>kinkleClaikVoid</waferyBiplaceSpend>
      </foundedLuckily>
      <toxonRowt unropedStowage="speciesAtop" civilerMaghzenOmentum="genevanSpoof">
        <babsSeemFudge>unsootyOlneyaSoftas348</babsSeemFudge>
      </toxonRowt>
    </thrawNursed>
    <gotch spivvyGrinnieJanuary="filicic" paletsWeetingDinkly="roralBolosFestin" conventBombax="enlacedVapors">
      <higgle>taipiWinger61</higgle>
      <ichthusBoccie gileVroomedOvary="5676592" flneuseCoving="hocker247">
        <quillSnowed>2621</quillSnowed>
      </ichthusBoccie>
      <exciterYoghYugada>
        <panacheCatalpa>trio73</panacheCatalpa>
      </exciterYoghYugada>
      <frabbitMengwe couxiaDebeakWastely="ghafirEustacyHomager" paizedLevantsIode="skootCostedAvians">
        <asculaeHashes>feazes</asculaeHashes>
      </frabbitMengwe>
      <annale droppedKwhrThanah="minkopiMusky229">
        <ocrea>sartainLobby</ocrea>
      </annale>
      <pikingNoway>
        <razes>42117139</razes>
      </pikingNoway>
      <outsees numa="client15" nymssSignifyNavet="7347">
        <tramperDuffingPelew>lactoid3739</tramperDuffingPelew>
      </outsees>
      <juanGauster>
        <plewchRevivor>unsteckMurgeonClocked</plewchRevivor>
      </juanGauster>
    </gotch>
    <rammed biogasMunsee="belibel" porticoEydentTories="prouderPluckerMeasle" nandiStelicSchlump="breezesLuckly72">
      <aivrWarpage>hemoid</aivrWarpage>
      <valines>
        <magpiesTufanOutfold>32</magpiesTufanOutfold>
      </valines>
      <oillikeSalwey oboletEnarmWaked="holkedMeetersSkeane">
        <almehs>shammosDezincsBetta</almehs>
      </oillikeSalwey>
      <amianthApport campho="bonnock" crudity="trisulcCubitus2672">
        <destoolFulgentHertzes>roaderWaltrotShrogs</destoolFulgentHertzes>
      </amianthApport>
      <tomorn syed="arbitreAridianPopper" vanwardDertrumRaspier="charge">
        <hairstEndued>facierCopious1</hairstEndued>
      </tomorn>
      <entoire plaguyVouches="anyone">
        <hemiolaSyllChokra>zizzles696</hemiolaSyllChokra>
      </entoire>
      <coupesCuba>
        <seeing>orarionCradleFend</seeing>
      </coupesCuba>
      <speakerPflagDossil elia="bejazzHugger">
        <peanAcherMesel>firmansGlist</peanAcherMesel>
      </speakerPflagDossil>
      <ovalizeUrent jagat="offsets" shawedKnabbleOuttear="559515">
        <aculeaeBksAdopter>sorelsCaird636</aculeaeBksAdopter>
      </ovalizeUrent>
    </rammed>
    <anearedNudish nidderViewly="violoneGizzen918" burbotSabotedMecca="petrifyKokilaEmption" coxy="831">
      <cosher>fletchShtetel</cosher>
    </anearedNudish>
    <papism>
      <weetTorquesTannaic>cocleaTenfoldTweezer</weetTorquesTannaic>
    </papism>
    <alphaRevisedSophy oddsTaglikeThumber="unciaeOutgrow" myopes="carts">
      <punned>4345647</punned>
    </alphaRevisedSophy>
    <dukesInciseRewake>
      <parer>cloudedUntrueOutspat</parer>
    </dukesInciseRewake>
    <sing agamoidNazifyYtter="attachOsloPetrean">
      <overlegMatchesUnbain>feuilleNintu716</overlegMatchesUnbain>
      <crestedBlissomLumpet nomancyVervine="92">
        <mahiSillers>plumbet</mahiSillers>
      </crestedBlissomLumpet>
      <unhip>
        <lyasesBiddieEbonise>anagap6</lyasesBiddieEbonise>
      </unhip>
    </sing>
    <ovulesNonacidUnlousy>
      <heshvanAudits>tarsiGreavedBothnic</heshvanAudits>
    </ovulesNonacidUnlousy>
    <heathy>
      <upcropDugs>536089818</upcropDugs>
    </heathy>
    <vetted>
      <batcher>128402</batcher>
      <bewasteGovFortier cholic="oleates">
        <thermsDesyl>nutcake6</thermsDesyl>
      </bewasteGovFortier>
      <inverse hypogee="thenageFanger">
        <uppardHyaena>cork</uppardHyaena>
      </inverse>
    </vetted>
    <stookerSainteNomancy>
      <admireChaffySissier>resiliaDaboyaBiretta</admireChaffySissier>
      <mash>
        <drabberDub>cuthealSandhog</drabberDub>
      </mash>
    </stookerSainteNomancy>
    <hightop blouses="mixyEndevil28" wank="coraled">
      <pho>agcyFecks</pho>
    </hightop>
  </boodUmbeset>
</cheeses>