<?xml version="1.0"?>
<clinger>
  <rolltopBronzer holemanHowso="64499" lianasAnnexedCytoma="groszyVectorsSleech" johnnyPigRushlit="arabeskInkshed" izdubarBelat="segged">
    <diglyph dreesUnnearMantes="herbageDekko8">
      <overnetCreticSliting>ramalCocus</overnetCreticSliting>
      <rajas>
        <unbeingJaghire>4541748</unbeingJaghire>
      </rajas>
    </diglyph>
    <divideSimpersPylar>
      <sauqui>astrandBeworkDnieper</sauqui>
    </divideSimpersPylar>
    <unsworn>
      <kerningMisbede>pediad</kerningMisbede>
    </unsworn>
    <apteran feestGrapeysInlay="aiger">
      <zaffarsRaseOutvie>murdersGamblesEncaged</zaffarsRaseOutvie>
    </apteran>
    <cradlerFucatePobs>
      <lavishTzars>labretsZatiBench</lavishTzars>
    </cradlerFucatePobs>
    <unnice henlikeCulpae="guddler" hutTwibilSkaffie="servage" anisoleSinnersBritzka="sikhism">
      <cannersTrappedWondie>droukanReciter</cannersTrappedWondie>
      <artery>
        <twains>araban</twains>
      </artery>
      <chalcis>
        <kaiJouks>shawano</kaiJouks>
      </chalcis>
      <usablyPibroch stabberClutchy="misuraWlity">
        <riprapsBuddle>seamanPresley</riprapsBuddle>
      </usablyPibroch>
      <langsatAmerceEburine coursyPugmark="41416827">
        <endoute>kellys</endoute>
      </langsatAmerceEburine>
      <entonicJeziahTanitic plumpedImaretsSulafat="untastyLancers" gwenSnoga="asport">
        <sparsim>eledoneWeem</sparsim>
      </entonicJeziahTanitic>
      <bequotePinkosCooly>
        <rosetteHyoidanDroves>fetial</rosetteHyoidanDroves>
      </bequotePinkosCooly>
    </unnice>
    <pilot ailantoGrocersUnmix="zinebPrastha6">
      <wiseZapote>degoldRidgilsQueing</wiseZapote>
      <sivanTharms demencyTercia="combs" gapersDoketicSicken="bougarPukatea">
        <skiftCabYarm>3049702</skiftCabYarm>
      </sivanTharms>
      <chaouaVitular>
        <tarocsBullish>riseBubonicSane</tarocsBullish>
      </chaouaVitular>
      <lamiae>
        <alkideMildlyNonly>perter</alkideMildlyNonly>
      </lamiae>
      <genie>
        <canzoniVoetsekWomans>sheugh</canzoniVoetsekWomans>
      </genie>
      <tussars keelfatScolion="limeadePoggiesFleers" maisonDeiced="enter">
        <atociaTallesMycose>4250574</atociaTallesMycose>
      </tussars>
      <gloodMilter>
        <mahajunShrovedAttempt>incomeCursal</mahajunShrovedAttempt>
      </gloodMilter>
      <esrogimImmerge decidedGuidsTierer="dogman">
        <pipidaeEoithsTungah>latchesSongfulCoxiest</pipidaeEoithsTungah>
      </esrogimImmerge>
      <jareed quinze="poudret" nigori="verrell3">
        <glancerSornerJurisp>lichen</glancerSornerJurisp>
      </jareed>
    </pilot>
    <formicSards enweave="tarp">
      <shulnTweedle>crumbyStbd</shulnTweedle>
      <guttula>
        <kosimoDenningChirped>winnowRaurici</kosimoDenningChirped>
      </guttula>
      <faecalRegird gutty="560962719">
        <melissa>inbreakRamousFrizer</melissa>
      </faecalRegird>
      <picusInmesh>
        <sneddedDermad>sizingsEarnfulRopable</sneddedDermad>
      </picusInmesh>
      <latakiaTinklesMarara roinishBunters="centaurRenes">
        <oxwortFerrash>gridderKvutzaFerial</oxwortFerrash>
      </latakiaTinklesMarara>
      <bugled>
        <cowhageLifoItaliot>ameedFusuma</cowhageLifoItaliot>
      </bugled>
      <amaltas nammaBarvell="whicker" dustedSubanalBlare="kahunasSmoochs">
        <subnectDesands>7</subnectDesands>
      </amaltas>
      <phidianWhereon>
        <yclept>australWandleBuzz7122</yclept>
      </phidianWhereon>
    </formicSards>
  </rolltopBronzer>
  <goodish yore="bersimSmokedPunks" hintersOverhotOtyak="sexists69" solodiWahlund="afloatRishisLipoids" />
</clinger>