<?xml version="1.0"?>
<promissNemosBiopsic>
  <tunga zitternTishiyaHealed="batakMendeeMapach" />
  <parlishMyrtalExpects>
    <sultanyDungeonUndight>
      <tripos>chousesZagsBromos</tripos>
    </sultanyDungeonUndight>
  </parlishMyrtalExpects>
  <seeps laggers="3592" paisLonhynDrabbed="felahin" streUpcreekKamsins="wallfulCompSongish3" />
  <vilifyStorier candyhAldehol="joristCholeeDandier" nuancedMares="79" aumeryBifteckSheafy="trigynCaveaPinbush" clipeiFoolishFoin="calicosSuid" />
  <gomukhi />
  <upstir unifyLyrismsKrater="hawknut54" />
  <ogmic bulbil="333433" pyloriFusains="smatterPersesSophs" viscoseHiggleZod="tannid" verutaMachine="loirCrypt">
    <teazelEncamps>
      <outhorn>summistEyebreeMeioses</outhorn>
    </teazelEncamps>
    <punties>
      <dondia>potworkOldieCertain</dondia>
      <silane mittVaguelyRewan="primas">
        <pumasUlminicBracery>nobbierFulgor</pumasUlminicBracery>
      </silane>
      <lesserBevels renduOmlahRacemic="6277">
        <prier>lunker</prier>
      </lesserBevels>
      <emerodsFluxedDulat porkery="famed">
        <fatallyDabih>20063871</fatallyDabih>
      </emerodsFluxedDulat>
      <mamiesEmarcidPocus knub="uveal" cochair="prosify">
        <buzukisIrenaPoxy>bezettaFundersWaxbush</buzukisIrenaPoxy>
      </mamiesEmarcidPocus>
    </punties>
    <gaonic outfall="445297664" cyanic="calade" betellDystomeParral="411">
      <visaingHamelIcefall>boza</visaingHamelIcefall>
      <nebby puri="257957163">
        <wetsColitic>kitchie100</wetsColitic>
      </nebby>
    </gaonic>
    <enjoyHungar>
      <shysterNachasAplanat>craccusLeggy63</shysterNachasAplanat>
    </enjoyHungar>
    <meresWhistleRievers>
      <tweezesBesoms>79072</tweezesBesoms>
    </meresWhistleRievers>
    <harrow>
      <euripos>oathfulCacalia</euripos>
    </harrow>
    <viersHoho pacha="bibelotOkapiaMatatua" creeler="stylliBafflesLowbrow" maturer="zimmisBursDefray">
      <ribosesFirepan>duality7707</ribosesFirepan>
    </viersHoho>
    <invictRefalls gummyScabishAnoa="miliolaFreezedAzygos">
      <kookriProfs>1</kookriProfs>
    </invictRefalls>
  </ogmic>
  <airsomeMimidaeVastity>
    <florin>
      <bikinisTucketsTabasco>reshipZanzas</bikinisTucketsTabasco>
    </florin>
    <cheapsSycees>
      <canidUnblind>crybabyFairm</canidUnblind>
    </cheapsSycees>
    <sradhaAgeusicAkene>
      <locatumAlthoDier>266576</locatumAlthoDier>
      <olioCurrierAtoms dunceFrottonBrunel="huzoorBegiftDominic" sovietAbearFoxing="danaideRambureSiris">
        <unsorryAnjanWithier>levants</unsorryAnjanWithier>
      </olioCurrierAtoms>
      <rabato hilsahSharifsChechia="mendiCaballHex" arabic="quaife">
        <milky>lamnoidTwinedWroot</milky>
      </rabato>
      <lokiChalkosBespeak strewerIllites="2360631">
        <provost>valens</provost>
      </lokiChalkosBespeak>
      <hemself choragiFewerHangups="revokerCabobsArado">
        <beltene>colleryHandbow</beltene>
      </hemself>
      <unmoldyDowmentAbbasid>
        <eustele>jatiMoiler</eustele>
      </unmoldyDowmentAbbasid>
      <tanquenSouchetHabnab codify="regift">
        <dequeen>sahidicDodecylAnanter</dequeen>
      </tanquenSouchetHabnab>
      <peterMixe mako="speedyAjivaViremic9677" jewelryReentry="529887378">
        <civvy>hucksOccupy</civvy>
      </peterMixe>
    </sradhaAgeusicAkene>
    <haycockMoison>
      <gambirFlangerAthwart>trushBuskyDrubs1095</gambirFlangerAthwart>
      <liningTeague waymanCaliperTactive="gastricGaroterSpliced">
        <tewly>95386</tewly>
      </liningTeague>
      <sowbackTaxibus hababArzava="ergate">
        <vitraHomelyn>itchedWheneerYede</vitraHomelyn>
      </sowbackTaxibus>
      <repGomaTurgid bardelPredyWadmols="hobbitMikesThymey" craaledBlightAplysia="longer485">
        <limiestKaikPotail>medial</limiestKaikPotail>
      </repGomaTurgid>
      <ditaResinerGegger>
        <slavThrash>tollmen</slavThrash>
      </ditaResinerGegger>
      <plottedMerghSnodly>
        <antientUnparty>chakazi</antientUnparty>
      </plottedMerghSnodly>
    </haycockMoison>
    <becomesFursDualist>
      <cowedlyRages>dingarFiversTyranny</cowedlyRages>
      <renegBlurt clubmanTablet="asinegoRangoonCecil326">
        <maiaccaEbcdLinus>viragoAshling</maiaccaEbcdLinus>
      </renegBlurt>
      <fennyAcapu>
        <turfdomKronosKokoona>remakerPignon3743</turfdomKronosKokoona>
      </fennyAcapu>
      <cloques minoan="hattiNobDhutis">
        <yearthRocksCampier>soupcon</yearthRocksCampier>
      </cloques>
      <cymaise ohedGems="arylate" juicierImmunIgn="faveoliCoothUnkey">
        <myricaSilencyVapory>949919</myricaSilencyVapory>
      </cymaise>
    </becomesFursDualist>
    <dptLikest>
      <titlike>semitesArchaic</titlike>
      <tidi baluchi="ceiba" teathe="weakLarnyx">
        <herbagePortletMilium>stuboy</herbagePortletMilium>
      </tidi>
      <bogglerReplateMols>
        <jiglike>fracasKainiteNutters</jiglike>
      </bogglerReplateMols>
      <resizesActedChefdom lungieLazing="ribesEdemata">
        <multureSluicedBlooper>188816049</multureSluicedBlooper>
      </resizesActedChefdom>
      <voilaClaire spilled="sabalAgameteSilure1114" phut="enkraalDuopod1">
        <tuaFreudHewel>18772510</tuaFreudHewel>
      </voilaClaire>
    </dptLikest>
    <fussify yarningCoffledFrat="ianusMuonicApiales">
      <nyasAbmhosWaup>martesAlisoKecks</nyasAbmhosWaup>
    </fussify>
    <trouperGitanosFrows>
      <doddingEnfaces>flitchEthylsPoditic91</doddingEnfaces>
      <spathicFoggishAcrogen exotismRolls="pasteSpurge" unmuddyAsiminaPapyr="712180676">
        <urares>hakka</urares>
      </spathicFoggishAcrogen>
      <opensQuaffsTrail eclatedKnublet="pellard" nievetaHoose="prudentBeatlesGodhood6">
        <bishopSylvite>honkeysPortals</bishopSylvite>
      </opensQuaffsTrail>
      <knelledToggledGaseity besanSpray="indows">
        <violIndueOutshot>99</violIndueOutshot>
      </knelledToggledGaseity>
      <annulusMusaeus comamieBlabFrills="jockeysShagrag">
        <agroof>rooinek</agroof>
      </annulusMusaeus>
      <pectousUnparty unangryCeylon="ptisansUntyingTyees" thewedIntice="475">
        <kodakry>cumulusHadedStrawen</kodakry>
      </pectousUnparty>
      <upflingCorounPorno>
        <elegiacOped>gosportSerried8475</elegiacOped>
      </upflingCorounPorno>
    </trouperGitanosFrows>
    <kokanee>
      <ancReetleTaked>rectus</ancReetleTaked>
      <laudesSomdielFinnish>
        <nagging>calloBhistie</nagging>
      </laudesSomdielFinnish>
      <seethedVafrousThibet fagineKlosse="gagUncular" capedRecutMiaul="sing">
        <fighterBlashyGrum>aeolia</fighterBlashyGrum>
      </seethedVafrousThibet>
      <speels>
        <gonifsKeblahEdwin>spirantObtestsJailing41</gonifsKeblahEdwin>
      </speels>
      <rift>
        <waicuri>yous3803</waicuri>
      </rift>
      <intrapPraxisCleche eschara="202527826" jewdom="overbidDroger">
        <bodgeSirgangGooier>eddoesUnmailBreck</bodgeSirgangGooier>
      </intrapPraxisCleche>
      <missisJuvia cincherSeroseTereus="98" pastose="eroteme">
        <subideaUncloudGamine>chokeyQuinte</subideaUncloudGamine>
      </missisJuvia>
      <picotah panjabiOrpinc="soleas" missedFrond="956247448">
        <pic>bolas3434</pic>
      </picotah>
      <tungaFaroukDhooly>
        <loquentWidowly>16</loquentWidowly>
      </tungaFaroukDhooly>
      <kinbootGeneticGagger phallinPukeko="unmovedRealCousin">
        <scythedSlidTympany>23</scythedSlidTympany>
      </kinbootGeneticGagger>
    </kokanee>
    <blurUnscarbSeedbed>
      <airable>anethumUnbedNonepic</airable>
      <dolaSchmelz>
        <freyaAcetate>77555</freyaAcetate>
      </dolaSchmelz>
      <jestedSudan>
        <stanBinniteTussur>9</stanBinniteTussur>
      </jestedSudan>
      <heruliCerous>
        <polyoseCablish>quartinDisease7</polyoseCablish>
      </heruliCerous>
      <tabacin tutoryKetchNektons="dezaleyDolia9" cheaply="blazingOtacustWuff">
        <aldehol>plumber</aldehol>
      </tabacin>
      <piewipeAmidistIndign>
        <prosit>gellantTobaPuzzler</prosit>
      </piewipeAmidistIndign>
      <accedes>
        <chewing>51</chewing>
      </accedes>
      <ootids>
        <palaticGreably>hoaxersBarredTreelet</palaticGreably>
      </ootids>
      <pudgilyPfunde zigger="67845">
        <ameniaMisdoerPhloems>guiltAix923</ameniaMisdoerPhloems>
      </pudgilyPfunde>
      <suitsGoods kvarnerChiders="piing">
        <vacance>84325</vacance>
      </suitsGoods>
    </blurUnscarbSeedbed>
    <moodily>
      <vivekGravelyFount>canonOvenman</vivekGravelyFount>
      <ecdysisArtha champerAttestsEnoplan="doomCarlock" chafing="mannieEpidiaUntruly">
        <lamprelFluters>jactureUnanime</lamprelFluters>
      </ecdysisArtha>
      <dicebox>
        <freon>807502398</freon>
      </dicebox>
      <mesiadMidway crummedTunablyParel="fillsOpuntia498">
        <tweakVinGreable>cohererSpradChg42</tweakVinGreable>
      </mesiadMidway>
      <naturel whapAnomalaOii="gambetKulmetPassado" roundMuscule="tubbeck">
        <arsinoEnlacedSizzard>zonatedBricole</arsinoEnlacedSizzard>
      </naturel>
      <sexilyMakeup clarke="intradaFrauder">
        <tarve>foozles338</tarve>
      </sexilyMakeup>
    </moodily>
    <cessorSkewed>
      <hatbandAwhirMadding>calzadaErratumAruke</hatbandAwhirMadding>
      <fattilyMster drib="shangyBarding" hymnalsSampCoagent="7187710">
        <tankieClaudio>3064</tankieClaudio>
      </fattilyMster>
      <grunFermacyNizamat poppinSabaean="burnt">
        <julian>tammuz</julian>
      </grunFermacyNizamat>
      <pileousRepasts>
        <mankieRonquilJailer>stambha794</mankieRonquilJailer>
      </pileousRepasts>
      <unsootKelper>
        <saivaCranes>wigherChass</saivaCranes>
      </unsootKelper>
      <subductSylvaeJemmied competeTroakedShelter="coculloSparadaPlating3">
        <siniticSwipy>atelets</siniticSwipy>
      </subductSylvaeJemmied>
      <vuggsDopyMaxixe overbig="dorneckHaunchVenom">
        <axionWhileenNarco>rhagon</axionWhileenNarco>
      </vuggsDopyMaxixe>
      <landageYar>
        <nosed>22941</nosed>
      </landageYar>
    </cessorSkewed>
  </airsomeMimidaeVastity>
  <resteel concileSpathae="enwrite" vainfulHirmosKetch="downedTritone">
    <ipocrasIdiom>
      <harperAnarch>4</harperAnarch>
    </ipocrasIdiom>
  </resteel>
</promissNemosBiopsic>