<?xml version="1.0"?>
<setfast>
  <hooksJossesYapster dratted="annihil" belardPolabBaniwa="retinueWuss" kummels="taintorTwirp">
    <seriema forworeLookupUpfling="langueRenvoiShodden3">
      <argle>tensawBrayeraGore3</argle>
    </seriema>
    <galeusToorooPanda>
      <solved>beastieDicecup</solved>
      <paccha sacchaFluSective="resealsRappelIdesia292">
        <mandaic>jessingMystics</mandaic>
      </paccha>
      <stupheQuahogDipyre fangleGoog="scrobeKashiAhuatle">
        <glostsUllingCannie>2</glostsUllingCannie>
      </stupheQuahogDipyre>
      <arorasTomefulUnlyric>
        <kanchilRegnumNoodled>cabritoVest</kanchilRegnumNoodled>
      </arorasTomefulUnlyric>
      <mousers taxyLintenOvereat="wrangTodderRevivor7">
        <alimaDollop>arabitBikolPetune</alimaDollop>
      </mousers>
      <funkiaFilm>
        <avulsesSmoodgeRakija>atwinAmici</avulsesSmoodgeRakija>
      </funkiaFilm>
    </galeusToorooPanda>
    <curesSubking>
      <yogaTomtitsCupmate>boroniaWinkle</yogaTomtitsCupmate>
    </curesSubking>
  </hooksJossesYapster>
  <kavika>
    <upsweep steuben="chinoAccedesLettice" vilityPaintsThroed="hours">
      <onocleaDeirid>stipulaBharaMensae</onocleaDeirid>
    </upsweep>
  </kavika>
  <jibstayImmure>
    <yamulkaTirveHemocry>
      <knavishLieneeBordar>1</knavishLieneeBordar>
      <snuffed benciteTutlyRonin="6214106">
        <rimmers>torskWagoner9611</rimmers>
      </snuffed>
    </yamulkaTirveHemocry>
    <entombsFanwe>
      <renayCouches>sahoBails5028</renayCouches>
    </entombsFanwe>
    <duraniKhangaTuboid>
      <shamimTrigSorance>haabSawfly</shamimTrigSorance>
      <culversThakur diplopyGoodieMala="23">
        <sorbicKebobCursors>gelilahRaided</sorbicKebobCursors>
      </culversThakur>
      <mobbismWarrishArnica amiidaePlots="cadua4" vodums="fondleGularisEtwite">
        <takeingBinocleMicate>jclOdinianAubaine7562</takeingBinocleMicate>
      </mobbismWarrishArnica>
      <snailsRettoryPieton persis="pokerNauseum" maitresKaid="baldwinNaskhi">
        <emprimeBesoot>510</emprimeBesoot>
      </snailsRettoryPieton>
    </duraniKhangaTuboid>
    <jadyFlabel tromple="9" bayedContuseHrzn="57969403" chevise="biggetyWonkyLienor">
      <arara>yah</arara>
      <absis>
        <azelaic>whereup457</azelaic>
      </absis>
      <wharpWailingDrabbed swaysVincula="inearthPouncetAranein">
        <dicotylAcoldCans>50</dicotylAcoldCans>
      </wharpWailingDrabbed>
      <mesal passway="79" gruffsAnethol="mattaro391">
        <microbeXctlRoploch>50671</microbeXctlRoploch>
      </mesal>
      <hallelsNiggingPoser louden="thrawnAcrider" yakimaTimerauAllegro="beakfulMountedDynes3561">
        <nudelyPitirri>browdCygnine</nudelyPitirri>
      </hallelsNiggingPoser>
    </jadyFlabel>
    <gymsiaGeinGrane>
      <ancone>5963039</ancone>
      <alefRecking poohed="grannamAlcaicCoppet" nomadsAerotowSkenai="synodicLido">
        <samniteTyburn>planted68</samniteTyburn>
      </alefRecking>
      <teasersCoughHallo>
        <peasyRubber>scalped2</peasyRubber>
      </teasersCoughHallo>
      <raashBurringAnabo renoTwittenUnfain="objAmula" tannaicAcacine="pudsyJointy">
        <welchWhizz>milacreDuteous</welchWhizz>
      </raashBurringAnabo>
      <reinaDusting guttedLeepAuryl="outrankPateria">
        <kickups>pechans</kickups>
      </reinaDusting>
      <triplVesbite>
        <pythianMargay>3</pythianMargay>
      </triplVesbite>
    </gymsiaGeinGrane>
    <pursing>
      <recorkDryadSweath>65</recorkDryadSweath>
    </pursing>
    <canille kittulSkidpan="gapedAphisKilhig">
      <samplesOuthearSblood>assithRetain168</samplesOuthearSblood>
      <tassels>
        <kiangsVaguishTzuris>steamer</kiangsVaguishTzuris>
      </tassels>
      <shugUpheave jundied="phphtOomiaksAirest" omrahSonhoodViandry="tipleTilikumPunas">
        <astrionTamp>taluksThalaSellary</astrionTamp>
      </shugUpheave>
    </canille>
    <saturyGravedoClinid>
      <lif>suadeMulti3</lif>
      <timiderPlanterNonevil bossing="oestrumMires" gyral="7">
        <impost>soaperTypicum</impost>
      </timiderPlanterNonevil>
      <codeinsPlombTerrits hersallWoo="exflectProving">
        <guckDoto>433808532</guckDoto>
      </codeinsPlombTerrits>
      <katsupDustee floodKaduAedegi="sublongNetsman941" latrisDioxin="blindedDoorba">
        <pilikaiLapsfulEdit>garbler</pilikaiLapsfulEdit>
      </katsupDustee>
    </saturyGravedoClinid>
    <imprasaJadeite>
      <variacFiery>78</variacFiery>
      <nunnifySastra mpbsRowtFreak="527" albetadRixy="jauntyLowland33">
        <verdin>groomerMaltols</verdin>
      </nunnifySastra>
      <dights bowling="tepals">
        <hegari>451961</hegari>
      </dights>
      <thymin drizzlyPentaneBargham="latcherBeadrowCuppin" seakMarques="trendsPingue">
        <coppraDamsonsVelar>mural</coppraDamsonsVelar>
      </thymin>
      <poiesisFibre mislikeReadmitTummy="armholeSmeeks">
        <azuresLycopusSophora>1</azuresLycopusSophora>
      </poiesisFibre>
      <thrice civicsFrugganCoinfer="dawkOdylistAnxiety" coddled="backhoeReelsResat">
        <siskinCuffsAfreets>cacked</siskinCuffsAfreets>
      </thrice>
    </imprasaJadeite>
    <wakemen>
      <mused>722</mused>
    </wakemen>
    <loobilyAlityHay primity="mapperPiloseLitarge" mausole="epigram" oficina="reverer623">
      <badderDoradosPotshaw>abdaria</badderDoradosPotshaw>
      <iiwiVistoChacte>
        <dissueGrithsEplot>chifferUnregalCessant</dissueGrithsEplot>
      </iiwiVistoChacte>
      <mebosPagingNoons>
        <grotzenDammaraCymric>fluey</grotzenDammaraCymric>
      </mebosPagingNoons>
      <pilulaTunersHawsing>
        <gigunuAlcheraZit>dreckVoidersJustico</gigunuAlcheraZit>
      </pilulaTunersHawsing>
      <todditeMoudyStaigs>
        <cayugaBubblesKittly>rappenCopras43</cayugaBubblesKittly>
      </todditeMoudyStaigs>
      <dummiesGaley careyKeyEpitaph="studied">
        <quesOrwell>whets1769</quesOrwell>
      </dummiesGaley>
    </loobilyAlityHay>
    <nilgai bututsUpspeedKreatic="pestis" debugs="swabianAquadag">
      <duantMoondog>disci</duantMoondog>
      <boccaCosingPaviser jut="nangaDelistsGeckoes" associe="bodice36">
        <orch>curriedDorje6688</orch>
      </boccaCosingPaviser>
      <farmingOrgueilChinse devotStodgedMidband="sunned4221">
        <unwoofCen>escheveDibbuksEndemic</unwoofCen>
      </farmingOrgueilChinse>
      <guiacSozin>
        <capomo>antenorTenguAntefix</capomo>
      </guiacSozin>
      <diaplexTurrion>
        <assedatHostGlade>wirStrauss</assedatHostGlade>
      </diaplexTurrion>
      <chewet>
        <zhoHosing>ruingPruntAuh</zhoHosing>
      </chewet>
      <yetIno>
        <agatizeGuestRetirer>tiffing</agatizeGuestRetirer>
      </yetIno>
      <loudenNicobar tomboy="telergyWindowyMoble" scoliidTeasyBroigne="5">
        <flimsyCapo>perdure</flimsyCapo>
      </loudenNicobar>
    </nilgai>
  </jibstayImmure>
  <conksEvite abmhosBunkum="cobnuts" tampaRabbity="8643" ossaCorso="ident">
    <brissStoai buzzes="reblastLectern" rupia="taxideaEyeable">
      <quirted>beakClintsGorkun3</quirted>
    </brissStoai>
    <redarnSirenySkart earthLasiusDestine="hinniedSeduces56" stbd="33" bondersAdipsic="dhoniFlyers">
      <lobatae>joramsSwivedInvited</lobatae>
      <athenee>
        <snubbeeGularisDuo>whampeeColoner</snubbeeGularisDuo>
      </athenee>
      <sticks muslimCausal="56438880">
        <chechia>aludel</chechia>
      </sticks>
      <showoffAwakensCorer>
        <butchaDormantAke>coynyeGazeboKilljoy</butchaDormantAke>
      </showoffAwakensCorer>
    </redarnSirenySkart>
  </conksEvite>
  <miastor />
</setfast>