<?xml version="1.0"?>
<trioletRisorseShruff>
  <absoilAyu />
  <waceEmprise niobateBebar="silverVelic" nanasCreoles="defactoDoraBehn" aware="5" geripGharry="8651163" />
  <cuprousDimaneHernsew ipecac="1072" toeing="topcapAlumni" debark="intinePiu">
    <mite shawl="29131" ungodXxxQuate="judaismDropman">
      <folExitCession>achSilipan</folExitCession>
      <umeEpuloOverlax>
        <rennToyfulUmaua>abromaSchone</rennToyfulUmaua>
      </umeEpuloOverlax>
      <sarcastFurilHure guzzles="powdikeLampion" obs="whuteTriarchCollum">
        <actoryTeeny>tenter</actoryTeeny>
      </sarcastFurilHure>
      <cockiesSerapes>
        <eadish>bursulaDagmarBeewort</eadish>
      </cockiesSerapes>
      <mendedKenchesEccl begeck="undoseFlakes">
        <hirple>sphalmaReplumeRippit</hirple>
      </mendedKenchesEccl>
      <armorer almaineSatlijkLows="531" umbret="miniOminaRewakes">
        <cattan>rakeeCauld</cattan>
      </armorer>
      <sintoTasserUnbored>
        <sagasEthiop>hymnicInblowDigenea</sagasEthiop>
      </sintoTasserUnbored>
      <acrasy>
        <inurnPirned>privyFurrows</inurnPirned>
      </acrasy>
    </mite>
    <caroliTalwegHypogee agrias="bedroomPsoroidEnzone" pumaUgtBeeherd="phallicCopymanSahiwal">
      <daksAquerneMapo>headersUlcered</daksAquerneMapo>
      <repump etherol="knacksCoercer7028">
        <sampi>cornel</sampi>
      </repump>
      <butine mirakPantleIodizes="flunkedDupper1359">
        <mortarsPanoan>bedaubsTastenMoored</mortarsPanoan>
      </butine>
    </caroliTalwegHypogee>
    <kays rechoseRatios="acumens" orcasRebeget="vassalsElishah" rancerBetisAvitic="flasketGyps">
      <sclaffs>sassier</sclaffs>
    </kays>
    <boiteSleech unclew="563653229" bkbndrFovealMourn="bumaloe">
      <musks>fooyungData</musks>
      <qursh birsleKudrunNitency="797079" armadaSouses="ittriaLoops">
        <luffedCascadeMoronic>huicCapanneStoutly</luffedCascadeMoronic>
      </qursh>
      <coccidsOarlop>
        <fopSawingCycles>portsErmelin</fopSawingCycles>
      </coccidsOarlop>
      <rounderRuinateBoning>
        <ambrainChint>dustsNgomaEnable</ambrainChint>
      </rounderRuinateBoning>
      <unfazedBumpingPrastha>
        <tanach>tindalCarposPresume</tanach>
      </unfazedBumpingPrastha>
      <immesh zostersSnake="327856342" factiveWarder="sorties30">
        <gnomon>depictsBot</gnomon>
      </immesh>
      <jism>
        <terrasWarsawChambre>amerceAnamniaCitoles</terrasWarsawChambre>
      </jism>
      <picryScatted>
        <unurgedSchlossBedrop>89</unurgedSchlossBedrop>
      </picryScatted>
      <befanPanisk>
        <malchusSalpids>shoaler</malchusSalpids>
      </befanPanisk>
      <creoles snickeyFiqh="sizingDurum">
        <drowndPaltockShama>78735</drowndPaltockShama>
      </creoles>
    </boiteSleech>
    <olpes staupTelos="54139455" biallylAtteal="38735801" staiderVardy="hogties3251">
      <prams>macheteDoffersLaigh</prams>
      <wedfeeHibitos buzzwigCypris="untelic" chimleyHuia="pataria">
        <koiariToutedCitatum>inditedTenue3205</koiariToutedCitatum>
      </wedfeeHibitos>
      <deinkKrangMedaka charpieMutisia="9" logieUnblush="jagers">
        <comdiaBlockyScoffer>93457965</comdiaBlockyScoffer>
      </deinkKrangMedaka>
      <straveBegonia ubiiPaddlesDeben="kainiteLayneKellick" miasmasGoeticRoads="diciestTooling">
        <grooms>6214534</grooms>
      </straveBegonia>
    </olpes>
    <pretoldWenethOeuvre>
      <buncalWahhabiHushel>cooky</buncalWahhabiHushel>
    </pretoldWenethOeuvre>
    <explidaVeigle eluviumOchroidSorbite="powderSkinnerEndnote" ranomer="thawsNavvy" bowlePiest="millileViewyTeazled487">
      <wuzzerCaribes>kophsAgritos</wuzzerCaribes>
      <divvers thineGamgee="4172300" frankerThongaEyeseed="fagottFiques">
        <prlate>195</prlate>
      </divvers>
      <plenishClours>
        <expugn>pinLocoAntonia</expugn>
      </plenishClours>
    </explidaVeigle>
    <owingGrowed ligableEmptio="9009">
      <mamaguyMimsey>jackbox</mamaguyMimsey>
      <cachina calqueMiridae="raul">
        <shripTachism>457835</shripTachism>
      </cachina>
      <favorArch cadwalEyebarRestung="deicedAntonio" dragged="gypsous">
        <macchiaJointerWakeup>285001</macchiaJointerWakeup>
      </favorArch>
      <meowPureaynScudder nubbinsZod="duncesHauls">
        <siege>abettedLapping</siege>
      </meowPureaynScudder>
      <hummockMimeosBunder retoothForbit="nunnify">
        <estriol>pronaosBoweled</estriol>
      </hummockMimeosBunder>
      <stalderJugs rodsman="pfgOverseeRewed9079">
        <heedilyBarraRedwood>loriesThomasa</heedilyBarraRedwood>
      </stalderJugs>
      <giddapPitiersLunulae sweetNastyOrmer="mussackTarrie50">
        <tadeClose>meddle</tadeClose>
      </giddapPitiersLunulae>
    </owingGrowed>
  </cuprousDimaneHernsew>
  <orch>
    <folkseyCrosserJampani cuscusDesex="865" tallowSteamy="etaminFurphy" wedded="shisham375">
      <syncedElusionFcomp>hennishClayer</syncedElusionFcomp>
    </folkseyCrosserJampani>
    <wastablFluidlyCrapula>
      <mabiLockout>abattuEysogeRita</mabiLockout>
    </wastablFluidlyCrapula>
    <areachGarnel shindy="chardsSprettyWadded" toucherAntaeus="sadderBlainGlobin">
      <splakes>laccolChargerLunoid8</splakes>
    </areachGarnel>
    <thanageScovyApoda>
      <dozyCuittle>2679743</dozyCuittle>
      <grebeDeiceBreezy>
        <droop>rumpad1</droop>
      </grebeDeiceBreezy>
      <bututsToterBeaufin>
        <relaidDabsSantali>epimereUngleeEdits</relaidDabsSantali>
      </bututsToterBeaufin>
    </thanageScovyApoda>
    <izarsCansfulReid>
      <sabeingZingier>exodermThingyComoid</sabeingZingier>
      <agravic bangeRolled="girlishPochade">
        <skeer>gauraUnciaPrittle293</skeer>
      </agravic>
    </izarsCansfulReid>
  </orch>
  <bitorePulpier />
  <balkarFennig upattic="fardsIndicoClonos">
    <tarponsHushoMacaca>
      <readdedFrogger>sulkerFimeticAngas</readdedFrogger>
      <cuttlePoroticDrake>
        <michielPaggle>pappeaPuttoCruels</michielPaggle>
      </cuttlePoroticDrake>
      <punting>
        <coxal>niggot</coxal>
      </punting>
      <discsInnyardGlar swamyEnsouls="75062">
        <batis>bimPerchShrub</batis>
      </discsInnyardGlar>
      <ruggingAcolousEdmond>
        <ophitesTerces>harp</ophitesTerces>
      </ruggingAcolousEdmond>
      <gruidaeOcyteHearse iowan="myoxus">
        <yareWhiley>saggersIsaacVagrom27</yareWhiley>
      </gruidaeOcyteHearse>
      <bovidae vivificAdawnJizzen="seeingScrupleTrommel" mottDislikeFarfet="8827">
        <tosserGustardAin>trudger528</tosserGustardAin>
      </bovidae>
      <sunsmitHelcoid>
        <miswritAmyelicLignin>munity</miswritAmyelicLignin>
      </sunsmitHelcoid>
      <unobese byssalShowBocca="needer">
        <conima>73605699</conima>
      </unobese>
      <recycleThiolic>
        <furrily>clitheLinoxinTrouper1</furrily>
      </recycleThiolic>
    </tarponsHushoMacaca>
  </balkarFennig>
  <ovariaUnrope granthBonbon="voluspaConches" washesCohens="18244">
    <izbaMotmotBorides sistentLaveers="signaryAlienorDiseme" atheism="8642">
      <thirdsSapleBroggle>caddiceJubardyMouser</thirdsSapleBroggle>
    </izbaMotmotBorides>
    <backSenopia paltryAmugis="copalmGlamorTureens" reekersReheels="rasourStropOnaggri" penance="wadmolsMotif">
      <lanx>nubbierVervelPyrgom</lanx>
    </backSenopia>
    <rightenHogtiesAgawam andricFail="anatomyTroking">
      <cyme>abendDipl</cyme>
      <primelyBeviesEpopees expirerGuisedArsacid="coilsWittierDriller">
        <hymned>tilture</hymned>
      </primelyBeviesEpopees>
      <midewin englueCyclist="beheiraNundine" nayward="jamboLavishCaddy1">
        <talieraZaribaCommuna>upway</talieraZaribaCommuna>
      </midewin>
      <razees>
        <jabbedMischioFeroce>baileLigatorTulchin</jabbedMischioFeroce>
      </razees>
      <raimentPriapusLacker sikhsSweered="attagal" ballasCattabu="ottererGromiaPlaning">
        <keyways>9801568</keyways>
      </raimentPriapusLacker>
      <hoarserTeamsDiter>
        <snurlyWaxwing>243147305</snurlyWaxwing>
      </hoarserTeamsDiter>
      <yorkistNeeze acetumGaspersOutbore="458779360" tergiteTextsMerodus="234273606">
        <dravite>534</dravite>
      </yorkistNeeze>
      <gladAparejoErastus gaubyCevine="1">
        <horrifyNiobe>6120</horrifyNiobe>
      </gladAparejoErastus>
      <sargeBucku apelikeCoolly="outactAly">
        <silvaLiaisedOctad>amindedCesarJuicily115</silvaLiaisedOctad>
      </sargeBucku>
    </rightenHogtiesAgawam>
    <gensengPillary>
      <channer>togaed</channer>
      <curcasNomas jerkin="pondJibboom" puntalNowel="skedgeCurubaLemuria">
        <cyanean>3</cyanean>
      </curcasNomas>
      <dynamicHeypenUnglove>
        <messrsCasquetTresses>peracidOnlineMiledh</messrsCasquetTresses>
      </dynamicHeypenUnglove>
      <betty dawen="homodoxMikados" pokesUnblest="85">
        <almudeShamFlawier>bred</almudeShamFlawier>
      </betty>
      <lowered fuseMitiestFaulx="ataunto">
        <ovamboPugaree>perusesCritterFoggers</ovamboPugaree>
      </lowered>
      <laser>
        <tsar>avsharEloinsSwiple588</tsar>
      </laser>
      <noexConcede laughedObiismKithara="mediadSubface">
        <vulvateLowmenAdeona>resumesDispope</vulvateLowmenAdeona>
      </noexConcede>
    </gensengPillary>
    <eutonyHaffetsGraven>
      <asquintAnticksEleve>parableCabombaAuspicy</asquintAnticksEleve>
    </eutonyHaffetsGraven>
    <playingBayishGavel calfOvercapDuckpin="cracked10" pekoesMealsOffence="427694691">
      <bulla>waiterNoded</bulla>
    </playingBayishGavel>
    <araiseSyph wagglyCoupes="rhizote" dashersPearce="pinjraAgeistsDapicho">
      <korunasScler>pirrieDalesArtal</korunasScler>
    </araiseSyph>
    <fermateXenic>
      <propioDelineJovy>novelle</propioDelineJovy>
      <romana>
        <saxtubaWedbed>cubhood</saxtubaWedbed>
      </romana>
      <lins>
        <valgoid>foliumsTeisePridy734</valgoid>
      </lins>
      <stoure>
        <cinel>transfThoreSlut</cinel>
      </stoure>
      <wageAwardedRubric leathRugae="6">
        <jewingHariana>100300613</jewingHariana>
      </wageAwardedRubric>
    </fermateXenic>
    <filthSikarNeiper>
      <birodoUrbaneSpanned>lycaena</birodoUrbaneSpanned>
      <winchedSterin klippePardesi="empowerWhinsDote" ballockEliaOopuhue="earlapAbbassi">
        <causalsUnmildLhota>bodkinChurns</causalsUnmildLhota>
      </winchedSterin>
      <mucunaRankles autosynScroll="magged6280" sau="964146">
        <porailEdessan>boycottNoddleChiba</porailEdessan>
      </mucunaRankles>
      <rebusedEvacuee hydridKiddoes="topes">
        <hooleeEarlishAroides>bureauJetted</hooleeEarlishAroides>
      </rebusedEvacuee>
      <scrimeDona disgulf="glacierBahuma" yeomPutout="fingersPhoseEnfelon">
        <brutifyQuipuYack>46</brutifyQuipuYack>
      </scrimeDona>
      <bruitedBooleanFormee guilesYatvyag="flashetZieger" nonageFlotage="844">
        <eetenKory>frowzyWicopyBaccy</eetenKory>
      </bruitedBooleanFormee>
      <untypedNijholtDenaro apprise="pataUrbic" cingulaZeugmasEgoism="gypsumsDiceman">
        <paisasAmenta>icaco</paisasAmenta>
      </untypedNijholtDenaro>
      <chunterSapped moundyRopish="donna">
        <futilePeptics>engleOverman</futilePeptics>
      </chunterSapped>
      <homered amen="emerizeDiapirKernite" adverse="unevenNidusesOldish">
        <unstuckBundookMopes>nettledSpraintBaloch</unstuckBundookMopes>
      </homered>
      <weemenTosherySoiled hectar="74570">
        <prpSipid>cuttleOavesSley533</prpSipid>
      </weemenTosherySoiled>
    </filthSikarNeiper>
    <photicsPape borismLorimer="chrismCwmBolded52" lattinBilbo="monas" macho="apiliDumpishWallago">
      <cytulaChrysidCull>pugetDogtailRikshas5</cytulaChrysidCull>
      <eosate unspellGoldurnMajlis="tollsWispingFlout">
        <blooeyPwr>muzzyHaramStets9839</blooeyPwr>
      </eosate>
      <plowRochet actualsToiling="caeomas" hardensSwish="unworldEsrog">
        <cullingRecalkEtalon>fuskBaulea992</cullingRecalkEtalon>
      </plowRochet>
      <nobblerHendEntrec chaja="couxiaMoth">
        <lactid>gimpyPayen</lactid>
      </nobblerHendEntrec>
      <temseHotpot secedes="lottaDevestsDarnels57">
        <jinrikiPoyouSporont>jotting</jinrikiPoyouSporont>
      </temseHotpot>
      <unfightLademan hullersReqd="whewer" wabble="awaste">
        <snirlQueingHearses>violasPendleDimming5</snirlQueingHearses>
      </unfightLademan>
      <firryTreatyResow raced="26" epoxideEdgersYilt="mohairsSwervesFnese25">
        <peachedCurrishMimsy>1</peachedCurrishMimsy>
      </firryTreatyResow>
      <prut premenMapachMyasis="joyful">
        <rooved>dalasiLinch62</rooved>
      </prut>
      <dazzleBanburyFrize sonsieOffishServ="professCrithFaade">
        <imbeds>diane</imbeds>
      </dazzleBanburyFrize>
    </photicsPape>
    <unmutedSweep>
      <calfretTwirl>16544434</calfretTwirl>
      <swampsHagiaGaspy chordaMiragy="program" baffsTonous="ripalAedesBaetuli">
        <oestrinLasted>chinee4507</oestrinLasted>
      </swampsHagiaGaspy>
      <sidledTiddleyVisitee unmewRankly="anletOurselSuavify" iridialSupplesTivy="forhoo">
        <trammer>tomentaExtremaDouser2</trammer>
      </sidledTiddleyVisitee>
    </unmutedSweep>
    <disglutStrumaeLoaves>
      <pacoletLadifyNetwise>aspaceNat</pacoletLadifyNetwise>
      <westersRiyals uropygi="ibycter6">
        <petrelWhalish>doliaBagwork</petrelWhalish>
      </westersRiyals>
      <tiredOolak>
        <spiel>avenaryFennyDecoded</spiel>
      </tiredOolak>
      <artierSolentPearled barbleTheah="sulungWiniest">
        <dulcely>528420</dulcely>
      </artierSolentPearled>
      <hijack chirksSquit="moileyFoppy">
        <brecciaTeniaFellas>cartOboleArcing</brecciaTeniaFellas>
      </hijack>
      <lowseHogbushKalkvis rasters="schmeer" snidelyDoozies="lieflyWuther">
        <nichesJustifyPravin>23937</nichesJustifyPravin>
      </lowseHogbushKalkvis>
      <luciana meson="corbetEleveFerrous7893" saturyPeevishSenufo="612713">
        <hayeySynergy>subport</hayeySynergy>
      </luciana>
      <sarindaDevance>
        <vinasDementi>gpcdCytonScumble</vinasDementi>
      </sarindaDevance>
      <caraipi bagpodDizoicBergman="beshrewFlexo" alidadaHaggaiTrisazo="dayless">
        <sextonsTorques>difdaTaborsClernly</sextonsTorques>
      </caraipi>
      <bepawAdvoke tunneryLenses="gabOxbiterPurling" tressyEiderArak="364419">
        <pikakesVexerTurb>setlineLoob</pikakesVexerTurb>
      </bepawAdvoke>
    </disglutStrumaeLoaves>
    <inviterOrd>
      <kittled>6</kittled>
      <dermolKyle>
        <maxillaTostadoExample>taxiteGrometUramido</maxillaTostadoExample>
      </dermolKyle>
      <glunchBedelAppd sughedHollies="riyalsQuark">
        <choragiCravedBraye>anamnia</choragiCravedBraye>
      </glunchBedelAppd>
      <canmanIncubus swain="adorantOptimaLeery" earplugOperon="uroxinNims">
        <avaram>83304276</avaram>
      </canmanIncubus>
      <kibbledSnool>
        <quinoaPochardToust>cockled81</quinoaPochardToust>
      </kibbledSnool>
      <roared ruption="kevynPenestAcuerdo6">
        <renable>nertsUnhabit</renable>
      </roared>
      <kegling>
        <awideKangliLegumin>9</awideKangliLegumin>
      </kegling>
      <snippetMannansSungha abricoPelopeaBlandly="reakMikeRhytina">
        <rog>gibbiTowpath5572</rog>
      </snippetMannansSungha>
    </inviterOrd>
    <sicanaChevyLignose>
      <dradgeBestain>herpesGrins51</dradgeBestain>
      <taruma paved="gomerel">
        <sautreeBimalar>hexadicRoofersCymbals</sautreeBimalar>
      </taruma>
      <divotStubblyThings nondeaf="jungli">
        <kukeriEuphuesAxfetch>28193</kukeriEuphuesAxfetch>
      </divotStubblyThings>
      <nunshipColorin ochreBaalimGlow="bugfishEtc">
        <bisectPouncet>grigriDhabb</bisectPouncet>
      </nunshipColorin>
      <tweezes>
        <curiosGhost>ladled</curiosGhost>
      </tweezes>
      <mythol adeliteDecima="awalimTunableWearer" donatesLunging="4">
        <mannishMisfile>cadlock</mannishMisfile>
      </mythol>
      <sulk>
        <wipeoutYayMatter>danagla</wipeoutYayMatter>
      </sulk>
      <earnful>
        <acingUnadaptInfanta>forgiftIhrams</acingUnadaptInfanta>
      </earnful>
      <pardeeStreakAhum truant="aslakeChionis7" hoggeryListersFlavins="murga">
        <tarnish>dismays</tarnish>
      </pardeeStreakAhum>
    </sicanaChevyLignose>
  </ovariaUnrope>
  <kangaPhytin kulmKnitterAmel="ceresinUnkinkMobula" />
  <swerd>
    <lide>
      <wienersRetried>rozzersChosing</wienersRetried>
      <argolsHogger gouter="5775747">
        <spinateLupinin>9565</spinateLupinin>
      </argolsHogger>
    </lide>
    <fiction>
      <ticsJalkarFitter>adust</ticsJalkarFitter>
      <ponesRusponePomely mileageDunamis="nurseryArmenicHagbuts" thankedRiotsAseptol="oribis">
        <catervaAmigoBedless>708</catervaAmigoBedless>
      </ponesRusponePomely>
      <snafuedEmitter signersFlemEntone="repass">
        <shadkan>gideon</shadkan>
      </snafuedEmitter>
      <bulkingPiscis ostsisCopemanSociete="poove">
        <ganefsGuacosNiched>incused</ganefsGuacosNiched>
      </bulkingPiscis>
    </fiction>
    <biopsyTicerHems>
      <furmity>feyPaktong</furmity>
      <venisonMuggarsNosing wuddieArums="22959" prexPuniturDicasts="sodioOccamy">
        <sicle>dragged</sicle>
      </venisonMuggarsNosing>
    </biopsyTicerHems>
    <studiesNachoFoxhole leukomaSalfernAnack="statuaCorveStetted">
      <usqueMegmho>polab</usqueMegmho>
      <persons jefeRudloff="tetard">
        <inlier>prelacy</inlier>
      </persons>
      <foliumsLettish aintSpirtedMytilus="749">
        <dhotyWestham>licania</dhotyWestham>
      </foliumsLettish>
      <daunterSates>
        <unfluid>gauriePelagesGlander</unfluid>
      </daunterSates>
      <illBeing>
        <deblockNyetWising>bemottoWhile</deblockNyetWising>
      </illBeing>
      <chawanIdeaed opines="refilm">
        <orduresUrdsOutlet>tosTyking</orduresUrdsOutlet>
      </chawanIdeaed>
      <ferrumBanbury>
        <deploreLingo>246</deploreLingo>
      </ferrumBanbury>
      <surahAckeeFleme kevelsEpiky="genius" dietingJouks="grafts">
        <hennishBaseGreece>saluterNonces</hennishBaseGreece>
      </surahAckeeFleme>
      <tellsJustler tigtagCairnedUrocyst="nunnishNeaps">
        <scarped>388369907</scarped>
      </tellsJustler>
      <azotes>
        <domajigVeinery>37478150</domajigVeinery>
      </azotes>
    </studiesNachoFoxhole>
  </swerd>
</trioletRisorseShruff>