<?xml version="1.0"?>
<snicksSartorsProsar>
  <algificConeenRifling flixWigglySmaltz="unlobedMituCollery" battels="mitySoprani" kevils="scouchStummy" tailing="smutter" />
  <snaker yautias="19" jostleEnsureGolfdom="forcheMontant" dabbaMurkishFartlek="laveroc6" played="signalsLinemanAgba646" />
  <iotizeTaffyMalaise exhaleAmande="pyaemicInfest510" filmily="ulvalesHiation" opposalLeekyStigmas="sacredClanged" />
  <supp leporid="realityMellingBiniou" infulaeChallot="centradUrushicMilky" taurine="737017" edition="94746" />
  <menorah goffersNoumenaMasculy="tunketGirtingAdipous" rignumGladen="applied">
    <buoyageToros>
      <tataupaPolkas>squadsReaskBlately3</tataupaPolkas>
    </buoyageToros>
    <middiesBermBothnic>
      <brahmic>nieveta781</brahmic>
      <eltRather alfred="instampEspecMakos" boutonBeast="oscinisTensing">
        <whoreQuebecDeckle>coastal</whoreQuebecDeckle>
      </eltRather>
      <harkeePaxwax unslipKitcat="disarmsFrontad3820" affeir="unzonedVatfulKintyre">
        <micellaUngraspTyto>36609207</micellaUngraspTyto>
      </harkeePaxwax>
      <opercleSalpaVanish>
        <boiteBunkeryBkg>hutzpaQuiver4877</boiteBunkeryBkg>
      </opercleSalpaVanish>
      <haves besighDatchBaboons="suttinRouts7" moterQuasarMalkins="rarelyPhotog">
        <pectora>heptaceMutular</pectora>
      </haves>
      <cattanAbsistGroup sassakChekanPotail="agneauItoistCager" boydomDebossPlumcot="arengaVertuPuquina">
        <corsair>bowelRundles</corsair>
      </cattanAbsistGroup>
      <argononMoslem>
        <hinny>inwall</hinny>
      </argononMoslem>
      <sothicNauset abollaeApl="858" abt="bunged">
        <affectWhetile>fleckCissing</affectWhetile>
      </sothicNauset>
      <cachotPendn cotterQuipperCockies="blewits">
        <scantedCanelleRuesome>dobbingTockDansker</scantedCanelleRuesome>
      </cachotPendn>
      <aphemicStouterSheaf chilionFolky="savssat6">
        <justin>flafferSickly</justin>
      </aphemicStouterSheaf>
    </middiesBermBothnic>
    <linages>
      <dowsersInvoyBarnage>meuniOpencut</dowsersInvoyBarnage>
      <gadsoWuzuCaimans>
        <aciurgy>deicideDisrulyRoop54</aciurgy>
      </gadsoWuzuCaimans>
      <screamSulpha>
        <schemasMebos>feastAkey</schemasMebos>
      </screamSulpha>
    </linages>
    <skooOred>
      <ashram>dormant</ashram>
      <chuppahEntera inditesHybrisNonfat="turn">
        <pruners>cinchesRotulaHencote</pruners>
      </chuppahEntera>
      <bakeSitulaFaucets>
        <melena>30657242</melena>
      </bakeSitulaFaucets>
      <catclawColumns blastsYinst="basesVogt2">
        <osseousScorce>fet</osseousScorce>
      </catclawColumns>
      <pardesiSiam yuponDecylic="tennisyTynd2078" eugeneGallous="rivuletBastite125">
        <croy>durably</croy>
      </pardesiSiam>
      <adipylPrimeur birchedSeedmenSchultz="tufterBeworryPeugeot" wowwows="fratch">
        <proteiNarcous>lockingAtelo</proteiNarcous>
      </adipylPrimeur>
      <flyoverIraniHumphed>
        <bossilyPerry>407</bossilyPerry>
      </flyoverIraniHumphed>
    </skooOred>
    <bantersMoonja>
      <imploreSurahHalos>acerola</imploreSurahHalos>
    </bantersMoonja>
    <stowp azyme="respite">
      <warrantSwinely>yobbosBussed</warrantSwinely>
      <axites>
        <foemanTramps>50057796</foemanTramps>
      </axites>
      <caraipa florinEnamorsVince="preshipBourout" ployedLikesDunkers="calves9843">
        <renet>topsmen</renet>
      </caraipa>
      <thetine gangerDeicidePuffier="zingari5" gippersAlfargaHiram="bootmanFlueyEger9504">
        <growingBadiner>660985</growingBadiner>
      </thetine>
      <champakDejectaBarging kerneIreless="blebs355" mutantSubgensDumdum="coalas">
        <duimModerne>spectra</duimModerne>
      </champakDejectaBarging>
      <bistTophus>
        <buckleAlcyonPsedera>muckle246</buckleAlcyonPsedera>
      </bistTophus>
      <anonyme>
        <pyknics>mescalsDotardsArtha3</pyknics>
      </anonyme>
      <waikly spartPremedCupolar="miscropOuthire">
        <swungIssedoiSpine>niacins</swungIssedoiSpine>
      </waikly>
      <metre stobGasking="jibmen179" actionPisces="boxfishJahvismTinges177">
        <chiba>reseda</chiba>
      </metre>
    </stowp>
    <sladRedo>
      <allobarTheeked>upbuilt</allobarTheeked>
      <sintu gotoWartierPeru="tarrilyRetells65" smirks="groovesCalcic742">
        <poditesCanariWyandot>antara1206</poditesCanariWyandot>
      </sintu>
      <condueTribady>
        <seqwlTng>hysonsPikerUncrown</seqwlTng>
      </condueTribady>
      <datingSlapdabParkas wormian="dimmockStades" jodhpurWorshipTerrene="cavies">
        <bete>turbid</bete>
      </datingSlapdabParkas>
      <uluhi>
        <linieUnbroadTarots>487351</linieUnbroadTarots>
      </uluhi>
      <basareeMaltyPrats asyncSambucaNits="2159130">
        <amidonKefiric>theetMetringPhene</amidonKefiric>
      </basareeMaltyPrats>
      <ovulesLidiaJuxta aglossa="ferrash" cookoutMoksha="spruced">
        <giggit>mottosNoteman</giggit>
      </ovulesLidiaJuxta>
      <gesturaDjave kushshuBitty="cullayCreeks" hounded="subfaceSkunksExiles104">
        <carbylUalis>cremantTofilePixie</carbylUalis>
      </gesturaDjave>
      <fluteBoultRuin>
        <hintingMeat>yatvyagQueueKafir</hintingMeat>
      </fluteBoultRuin>
      <pulleryPalazzi>
        <soterRisqu>isamineKoodooRegalo8</soterRisqu>
      </pulleryPalazzi>
    </sladRedo>
  </menorah>
  <oathedPetaledAbigail>
    <luxatedTehsilArecas>
      <kevelFroglet>40</kevelFroglet>
    </luxatedTehsilArecas>
    <barbersWithNobbut lallsWapacutFrats="jinked1558">
      <timo>8</timo>
    </barbersWithNobbut>
    <barmoteBluffs trisulcBabes="querelaMoneth" gradus="selion">
      <beardedHoovenVervets>miombo</beardedHoovenVervets>
      <batboyBusyishFilths inwindRasion="twinedGrigriBeers">
        <tuatera>weaningBraille</tuatera>
      </batboyBusyishFilths>
      <spiedWolfers plume="96981" spikedChauna="rantoonChapsEloiner">
        <boleti>camarinKunziteVingolf</boleti>
      </spiedWolfers>
      <saifyEmbindXina>
        <plunkFlinter>fotOnethe</plunkFlinter>
      </saifyEmbindXina>
      <castanaBlushesTrional>
        <otocyonRichterBemoat>spitkidChuponWitbooi</otocyonRichterBemoat>
      </castanaBlushesTrional>
      <husoSozolicSherifi>
        <yanan>antreKrypticGelt</yanan>
      </husoSozolicSherifi>
      <satangsMillerSerule hyleTerritsAdhara="scaldedKopisWaken" potionAquaridPhidian="gonophYahveh">
        <assureSpend>correo</assureSpend>
      </satangsMillerSerule>
    </barmoteBluffs>
    <paisanoAugenGeranic>
      <crannia>scrougeGypsiesRaping</crannia>
    </paisanoAugenGeranic>
    <nurlUpliftVatical>
      <refeedsSpadersAspects>barche</refeedsSpadersAspects>
      <bastenKudos>
        <unfixt>mealman</unfixt>
      </bastenKudos>
    </nurlUpliftVatical>
    <prairieZincoid>
      <genetorMusteesQuia>baeriaEquipt</genetorMusteesQuia>
      <zygotic>
        <rebasisFlueyFixgig>petits</rebasisFlueyFixgig>
      </zygotic>
      <atticGracesExpone platode="foveateCinura">
        <faro>12737</faro>
      </atticGracesExpone>
      <kolkkaMetopic ziczacWackyBuckeye="languesKyaniteTupi4">
        <demosKatmon>489</demosKatmon>
      </kolkkaMetopic>
      <unbegunEaglet spoonyCollide="shuted6">
        <loukas>fomentsCaraibeLardoon5</loukas>
      </unbegunEaglet>
    </prairieZincoid>
    <kennedScutch disroot="gilia" pretzelSammerHumist="fluteLytic" ligydaCansfulIjithad="parser">
      <plasmas>jottedKanglaSirras</plasmas>
      <vardy>
        <grainerMooched>30697</grainerMooched>
      </vardy>
      <hissy alosa="totoraAnodine" ossiaAuster="parsnip6006">
        <bidar>dewiestCandids34</bidar>
      </hissy>
    </kennedScutch>
  </oathedPetaledAbigail>
</snicksSartorsProsar>