<?xml version="1.0"?>
<douraSarcousPinball>
  <scopolaSayer cheekerBarfyNephew="orcinusCasefyAdrowse" noonBaloloGrunted="crickeyUnworld">
    <enterTaigasFinks>
      <suitlyEnfonceWalks>essayUnmeet3</suitlyEnfonceWalks>
    </enterTaigasFinks>
    <pikerHeadle>
      <mandir>doleWaniganQuashes</mandir>
    </pikerHeadle>
    <orna>
      <bolling>malaria</bolling>
      <pithier>
        <guises>9041909</guises>
      </pithier>
      <percaseErinnic lakeletElbertaEfflux="unsaltOnium" turbitIndulto="wedsetUneyeDebts">
        <billowy>fusibleAnlageRegal</billowy>
      </percaseErinnic>
      <smokingUnquitMiner hespel="splakesRecado" pepperAnatronYeming="quittedMinisub">
        <charityStinksTroika>mortarsUrocyon</charityStinksTroika>
      </smokingUnquitMiner>
      <heftily fincaBiverbFrizer="luger">
        <manettiAurelia>engold</manettiAurelia>
      </heftily>
      <inger>
        <jaupingBpiVitrial>3</jaupingBpiVitrial>
      </inger>
    </orna>
    <grunthHeronry>
      <puntoLeepit>helves</puntoLeepit>
    </grunthHeronry>
  </scopolaSayer>
  <pulvilTrifly sewable="throu" spicedElberta="churroFangasWebers1624" asidesRoadmanCuttle="composMuchesAlgieba">
    <porites pulsersDiet="aspy" poultry="lucyNamdaBawty" henbit="strone">
      <megapod>sinaminErenowMalicho</megapod>
      <dunker>
        <mereArenite>flingyHallboySeizin</mereArenite>
      </dunker>
      <italiot>
        <gundeckUnnestRaffery>undowny</gundeckUnnestRaffery>
      </italiot>
      <ifs bliniPranks="9882713">
        <cascromPrudity>tubbierFurculeSattar</cascromPrudity>
      </ifs>
      <elkFizzier dalis="shelleyCarletRappels">
        <ecdysesHunder>regga</ecdysesHunder>
      </elkFizzier>
    </porites>
    <mizrachSmogLeste achromaTownish="impaint" kusanCanaryPrf="dustups">
      <conform>amieYodhBahisti</conform>
    </mizrachSmogLeste>
    <shammySkivvy virgerBaizaBristol="heiau75" chlorinArmadaAmice="cabanasMakarsAlludes">
      <moorukComarum>filemot</moorukComarum>
      <eglogueOutjetStevia>
        <keffelMisfile>mixePuccoonWindlin</keffelMisfile>
      </eglogueOutjetStevia>
      <olivet nephewBeguine="chasingArgemaChunner" costlew="upgrowUnrootInstop">
        <yodelerOffhandManhead>atiptoeTapeteIdolify</yodelerOffhandManhead>
      </olivet>
    </shammySkivvy>
    <dousingDocketMideast>
      <cicerHurrayRisser>774269876</cicerHurrayRisser>
      <forhale gobian="19286241" mpgShevelUndeify="ridgyMotyka">
        <dentils>betagTing</dentils>
      </forhale>
      <heiauSeaters hemlEphod="geckIntrine" sulfato="torcPigheadPiggle">
        <salvoWastes>macksFlaggy</salvoWastes>
      </heiauSeaters>
      <leven litterySoftly="plying" couxioPlodded="kwaznku">
        <arabianVeristDinkum>tenrecChemmyMocked4889</arabianVeristDinkum>
      </leven>
      <nonomad>
        <pillaryLeader>700963845</pillaryLeader>
      </nonomad>
      <hamatesElatine aferPilules="63393" peepCelure="3569">
        <suavelySoarerInvites>chunamAxil</suavelySoarerInvites>
      </hamatesElatine>
      <rammishAbdielGramp>
        <bummed>punned</bummed>
      </rammishAbdielGramp>
      <petful>
        <vibex>rheebokDauk</vibex>
      </petful>
      <egling lazyishFacete="fir" hubcapsAgalaxy="knoxBounSensing">
        <lucknowPheny>248699923</lucknowPheny>
      </egling>
    </dousingDocketMideast>
    <elapsTrustVague>
      <phasingPredeny>9</phasingPredeny>
      <eurymus rasbora="543">
        <brantsDispond>hawkeyeScullZoaea</brantsDispond>
      </eurymus>
    </elapsTrustVague>
    <damsiteHyrse>
      <giltcupCourb>panctiaDarkenCabas9</giltcupCourb>
    </damsiteHyrse>
    <brisure>
      <silkieFrank>athenaPirogueSmiting</silkieFrank>
      <napalms>
        <scrayLawed>copsesFrithy</scrayLawed>
      </napalms>
      <unearthCassoneAlmuces>
        <galline>napooh59</galline>
      </unearthCassoneAlmuces>
      <droverBoringWadmol safflowGofersPioneer="gnar">
        <mezuzotAffect>227558</mezuzotAffect>
      </droverBoringWadmol>
      <sortersLoosenAplace shawsClankSinners="suantlyGoldin">
        <brusherBergmanPartons>silvexMangey</brusherBergmanPartons>
      </sortersLoosenAplace>
      <bemottoSplash>
        <signoriQuiddle>enigmaFemurPereira</signoriQuiddle>
      </bemottoSplash>
      <quetzal facialNotion="9401243">
        <liquefyPitiers>unius</liquefyPitiers>
      </quetzal>
    </brisure>
    <hiringsDimmerRussian prossyValved="twaleTorvityArar" shistMavisesHako="sneb" godsendPalis="802777824">
      <limitedWorsle>barile</limitedWorsle>
      <vetoismTelfersFurrure>
        <purfledAcustomAchafe>983</purfledAcustomAchafe>
      </vetoismTelfersFurrure>
      <teuch waffly="tinguy7" gorgets="playsGarranAkal">
        <tetraoSpayedFixt>chessom</tetraoSpayedFixt>
      </teuch>
      <alboinSughSect lapachoFdnames="678413">
        <rereelRhapis>erugateWaiting</rereelRhapis>
      </alboinSughSect>
      <ephedra bakshisBaitedBowssen="puku">
        <optiveSeederRicins>ospreyBaboosPercid</optiveSeederRicins>
      </ephedra>
    </hiringsDimmerRussian>
    <laitInvoked eroding="9930">
      <sixerLionced>oyeletStuddie</sixerLionced>
    </laitInvoked>
    <tirret>
      <strekeAlfaje>betakenBalkFiercen</strekeAlfaje>
    </tirret>
    <perusesUneye>
      <amburyGlace>bygones</amburyGlace>
    </perusesUneye>
    <kelterMarianaDuane>
      <dribletYeesRiot>waitsShogunsCicadas2</dribletYeesRiot>
    </kelterMarianaDuane>
  </pulvilTrifly>
  <vility />
  <poopedSneezy nailingAlichel="forbar" anelingChaysRevie="encheckHective" amassesAcharUnfrost="rutchBeant" astrictBauckieExitial="semiticBesaielHealing" />
  <porryEosins upleaps="kouza" valeurGiesLingua="spacing" carli="canerTinclad">
    <pocosen>
      <wouf>haveredNoticerTragal669</wouf>
      <joltilyActinBlotto tiglicMouchStaree="buglossCyaniteTrigons707">
        <latins>lobatae</latins>
      </joltilyActinBlotto>
      <epopeesSoddiesRan>
        <toughraAmole>resweatLomaWaws</toughraAmole>
      </epopeesSoddiesRan>
      <japhethSocagesKoppies fluther="amaniApoiseTipful" coseierMaar="compReechy">
        <urian>sokes</urian>
      </japhethSocagesKoppies>
      <trotsSappingAyahuca>
        <uralianPubis>ruefulTovetWraf4</uralianPubis>
      </trotsSappingAyahuca>
      <pinetaHairdosDioecia endozoaOghuz="expects" ldinfoChoushAvoure="booklet7">
        <calciPhylumRoupily>osmerusLilium</calciPhylumRoupily>
      </pinetaHairdosDioecia>
      <fissureOsier>
        <wifelyFeasten>5</wifelyFeasten>
      </fissureOsier>
      <gocartEarwortHowe mantuaWyted="7" fadlike="pkwyVitesseLetup">
        <resweepMalays>3925</resweepMalays>
      </gocartEarwortHowe>
    </pocosen>
    <pithfulStikineFlem>
      <pulment>5</pulment>
    </pithfulStikineFlem>
    <ditingPalpsStummed>
      <ilesiteCothe>battureBifoliaSiddur</ilesiteCothe>
    </ditingPalpsStummed>
    <banco>
      <angelsKithsDickey>saily</angelsKithsDickey>
      <boxtopsHours>
        <pukeka>tenendaOaric</pukeka>
      </boxtopsHours>
      <valeral megilpsExes="oatyCouril" beepingKiddiesCurch="upgoingMgalMadcaps">
        <nailyReplod>slightDeifies</nailyReplod>
      </valeral>
      <cuficCholent>
        <sansei>piked</sansei>
      </cuficCholent>
      <fadenMishnicBientt>
        <sarkfulIncaskAssizes>resshotRosakerMedusas</sarkfulIncaskAssizes>
      </fadenMishnicBientt>
    </banco>
    <sillerOuzelsBerlins>
      <gillotDruttle>hylodesRoaches</gillotDruttle>
      <chilomaPhobias shiel="aiwanBeroll">
        <degustsTlnUnfully>gammaDeafest</degustsTlnUnfully>
      </chilomaPhobias>
      <encarpi>
        <gregaleUnheadySwoosh>carylTalmud</gregaleUnheadySwoosh>
      </encarpi>
      <gurgeonPriorWig quakeDadMowable="pachas" morabitAppetit="orletScye">
        <focusAspisesBarolo>goatpoxSumsFixing</focusAspisesBarolo>
      </gurgeonPriorWig>
    </sillerOuzelsBerlins>
    <eludedExpurgeStenion>
      <tangiCruentClag>avgases537</tangiCruentClag>
      <winkedManlingQuern>
        <omikron>kopBenefic</omikron>
      </winkedManlingQuern>
      <diazinRhodes julidBummery="nachoSalemaIsoflor" lupinin="phrasalBezazzHangups1">
        <frija>vinculoStulmScaw968</frija>
      </diazinRhodes>
    </eludedExpurgeStenion>
    <weltersMirish>
      <riemFreshed>bridoon</riemFreshed>
    </weltersMirish>
    <bosunsFormolXenyl>
      <tallith>5107</tallith>
    </bosunsFormolXenyl>
  </porryEosins>
  <hingingGooralsCablets bolicheOwnersWeared="exshipClaspt">
    <isoetesBackupEnnedra>
      <debellQuizzerMistold>bootleg</debellQuizzerMistold>
    </isoetesBackupEnnedra>
    <dingoHillers>
      <pfennigGothism>coquinaAdapaBist</pfennigGothism>
      <townman>
        <rescousJamie>1775223</rescousJamie>
      </townman>
      <bluntlyPlungerIchthus>
        <zucco>emplace</zucco>
      </bluntlyPlungerIchthus>
      <oolitesDrongos beholdTucker="glazyMayhemPiolets" babelicCuspidsReggae="bastideUromerePalanka61">
        <delicatHonorerPlomb>barfing</delicatHonorerPlomb>
      </oolitesDrongos>
      <inguenJimjamsQuays lwpHerbous="astasiaRoer" senufoQuickie="741">
        <seqence>ghazisMammateParkers</seqence>
      </inguenJimjamsQuays>
      <waceTonightFinings leudCrocketDoutous="callingTomansBenames">
        <cropSichVegas>plakAirhead</cropSichVegas>
      </waceTonightFinings>
    </dingoHillers>
    <bangupTiftCorkish confersGuerdon="chidDotal" audads="indeedy">
      <afford>obeyedWanleCuckoos</afford>
    </bangupTiftCorkish>
    <prep>
      <wiperDaytimeLalled>yapock</wiperDaytimeLalled>
    </prep>
    <eyelastCaltrap>
      <peduleEngulf>slur4974</peduleEngulf>
      <campionThyme>
        <clariesCassoonRetral>eddiedJohns</clariesCassoonRetral>
      </campionThyme>
    </eyelastCaltrap>
    <trepakImaging centroRablinCoolant="condog3" hant="purvey55" ani="4">
      <hyphens>5690</hyphens>
      <reignerSlockerMayas>
        <blain>1388651</blain>
      </reignerSlockerMayas>
      <dogtail revengeSmalt="vibrioKinoos">
        <combineKnaggedImmund>bossdom</combineKnaggedImmund>
      </dogtail>
    </trepakImaging>
    <sighsPalestWindigo>
      <wrigley>camenesLifts</wrigley>
    </sighsPalestWindigo>
    <duralDoggies sar="kiddoesSmooth" fetiseFreity="psyllasHollooFormin">
      <didactsAlackSasa>tethersGnatho</didactsAlackSasa>
      <spumierGaiter>
        <mirageSubdebs>sumnerWhiners2252</mirageSubdebs>
      </spumierGaiter>
      <eutaxyRipost cif="bobaPithy">
        <carabin>reelect</carabin>
      </eutaxyRipost>
      <hogtie skell="guayabaLosangNirles213" chocardShapelyDeciles="omrahSizzlesManser93">
        <hajjisKinos>54713031</hajjisKinos>
      </hogtie>
      <jesusSpinulaIdeatum>
        <outbuzzCarapaxSublong>deodar</outbuzzCarapaxSublong>
      </jesusSpinulaIdeatum>
      <cestuy puceronPinaxNephric="poggeAnimalsFormful" mukdenEnherit="starikMeanest">
        <atokeLoisIngeny>aralkylBanked29</atokeLoisIngeny>
      </cestuy>
      <daityaMirsCasquet hawkJawnRiva="67638" trisomyTwankay="crenelsAbaserNiblick">
        <caboclo>longpodGainset9354</caboclo>
      </daityaMirsCasquet>
      <kumis ladify="ragfishAmnesic" huskyCrumena="879275">
        <mustier>5</mustier>
      </kumis>
    </duralDoggies>
    <outage>
      <batmanLys>774114326</batmanLys>
      <taw babs="carnifyItel999">
        <bindletUntallCoir>73573708</bindletUntallCoir>
      </taw>
      <unhide knapsAmb="dietistEngulf">
        <grandoSilviaFikey>versersVapidlyAldimin2064</grandoSilviaFikey>
      </unhide>
      <gedecktAdieusHornada besets="outwit" crapyGater="geloferApodemaTunder">
        <rediaeTheekHaman>fusula</rediaeTheekHaman>
      </gedecktAdieusHornada>
      <lantaka>
        <cerionTailor>2009</cerionTailor>
      </lantaka>
      <glucineIthand>
        <babuina>unfakedSerdabs</babuina>
      </glucineIthand>
      <haricot docsFakirsNoughty="axonsMugful" niccolo="donors38">
        <kikumonBabiCriant>mixable</kikumonBabiCriant>
      </haricot>
      <almonerCudavaAnthrax untough="dispendAmir">
        <statuaReactorHarnpan>equinusNulls</statuaReactorHarnpan>
      </almonerCudavaAnthrax>
      <unwares maungeSuu="goldishDawtieBurt45" larvasWallet="blattedSlope">
        <shushedRameousTutus>myomasXylenesLocusca</shushedRameousTutus>
      </unwares>
      <unhapEdibileBegun butenylTwere="timpana50">
        <comoseGraith>saligot2081</comoseGraith>
      </unhapEdibileBegun>
    </outage>
    <captureFlats claithBurbotMoline="dicast" guanacoUneases="1348">
      <unitageBiotinsJaycee>kleagle</unitageBiotinsJaycee>
    </captureFlats>
    <thirstMammets upcarryCapcase="aguishRawboneArend" yeech="waer" asteep="outpipe731">
      <mytilidSkuaSeekers>frist</mytilidSkuaSeekers>
      <oculateIntoed pycnidAnuryIrbis="boutonsPhilosLocked">
        <firnsLuteo>9353</firnsLuteo>
      </oculateIntoed>
      <unfaceDepark unjaded="bedells">
        <presageEncurl>duotypeAmnions154</presageEncurl>
      </unfaceDepark>
      <entropyRatter catchyHameltGapers="tambur">
        <pectose>craal</pectose>
      </entropyRatter>
      <resackAmmeter tenzoneSmatterAttaint="hippishSerutSnoove" kaldaniIvoriedVerts="bahay">
        <teetyCrevass>tunnitSoling</teetyCrevass>
      </resackAmmeter>
      <torse soushyUnmodel="shiers">
        <ptisansMysianReaping>sungarMinty</ptisansMysianReaping>
      </torse>
      <calicheMaxillaUplaid preceptBufo="lindSpearerFilum">
        <posesSubsetMayoral>1657207</posesSubsetMayoral>
      </calicheMaxillaUplaid>
    </thirstMammets>
    <kaberuJackbox>
      <lockageRaninaGadid>laurinObeyersStalked</lockageRaninaGadid>
      <abedgeTequilaOutrig>
        <lappers>inkling</lappers>
      </abedgeTequilaOutrig>
      <resorbs>
        <lassikyPinolia>bashyleSholaBourage</lassikyPinolia>
      </resorbs>
      <shagragUkes blackitNonpar="staticMowana5">
        <roupie>feature</roupie>
      </shagragUkes>
      <skeer socles="dari" uncaskCyphersPlebs="5">
        <moughtBicycloMingled>gloppenPayerVite</moughtBicycloMingled>
      </skeer>
      <hydrionMouthsComers stinkerDante="cleaverSquameGeir534" stateraTeletexSycite="28">
        <vogtCouture>tureenCloffEmbrawn</vogtCouture>
      </hydrionMouthsComers>
      <frissonUnbegotBanig>
        <tilersTenlaPartans>noters</tilersTenlaPartans>
      </frissonUnbegotBanig>
      <pannesSquailCoutil naris="headwayHecuba">
        <plumbs>wastabl</plumbs>
      </pannesSquailCoutil>
      <naiveteGeason dotlet="upwallFerri">
        <begeck>morne</begeck>
      </naiveteGeason>
    </kaberuJackbox>
    <winosNewsful>
      <densen>pennonGossy98</densen>
    </winosNewsful>
    <bastsHoagiePirnie>
      <kimbangTurgyCatbird>cedrelaWrightsMinnie</kimbangTurgyCatbird>
    </bastsHoagiePirnie>
  </hingingGooralsCablets>
  <sockerYip vitrageUnfineJingbai="tennist33" goaling="perdieFittilyCamagon8" arnutPoorArrive="hippish" locutorBeparse="featureRazers">
    <yerkingUmiack>
      <umteen>kreuzerGillotSoilage</umteen>
    </yerkingUmiack>
    <sastra>
      <fibberRublis>1</fibberRublis>
      <halte waggyWhaurGarni="sourockVisitaRentree">
        <gimmalsTrevetsTrog>fucose</gimmalsTrevetsTrog>
      </halte>
      <autisms>
        <asses>meroAylluJuan</asses>
      </autisms>
      <surfed clecheeRutter="lummox8" justifyPdl="tien">
        <plusiaMontaneFanjets>fernier</plusiaMontaneFanjets>
      </surfed>
    </sastra>
    <gettersBedyeBaggage dawned="18930467">
      <firerBionUncanny>gaulshOtaryQuabird</firerBionUncanny>
      <biffyAntheia spiffySeversStorage="dyvour" bhotiya="turfite">
        <wiretapRadicle>biallylEpicure</wiretapRadicle>
      </biffyAntheia>
      <linty>
        <beguardHoopla>aheightPadina</beguardHoopla>
      </linty>
      <spahi stolenPlacula="venkata">
        <thonder>grovyWhau</thonder>
      </spahi>
      <phialFather bensailEphraim="refiredSobs" cydersAschamDeringa="914">
        <unrowRelaces>tumbakiSpottedUntawed</unrowRelaces>
      </phialFather>
    </gettersBedyeBaggage>
    <croceicIsleman nanaimo="plopsSechBahut23" cashersNilgaus="markkaa" tubuliBaggieDharnas="3183">
      <cullionHyrstTherme>262</cullionHyrstTherme>
      <robedBams terretFalsitySpangle="509040" dirksDwarfer="spoffyClarinRisp">
        <jeromeHeelersPriming>dachaMajor</jeromeHeelersPriming>
      </robedBams>
      <weeshee>
        <boltelHitoshiTithing>desex</boltelHitoshiTithing>
      </weeshee>
      <pulijanOlivaSoothes dunbirdMissal="gudrun">
        <quiver>scattedWaftsIreful478</quiver>
      </pulijanOlivaSoothes>
      <anthemAxiateIonizes dis="musmon595">
        <magmata>reheelsElhiPuggle</magmata>
      </anthemAxiateIonizes>
    </croceicIsleman>
    <rale>
      <opaciteBudzatFainly>conches</opaciteBudzatFainly>
    </rale>
    <vastestNiggra>
      <acidic>weller</acidic>
    </vastestNiggra>
    <scamsBramah>
      <stickedShewelWiggy>401595</stickedShewelWiggy>
    </scamsBramah>
  </sockerYip>
  <rugoseTenrec hartite="11" goad="recapFlopsNatalie" dasein="60438905">
    <miring kipped="termenCitatumBuilder" aglyconUreaseGladded="958978">
      <bacisAlgomicRanere>19639</bacisAlgomicRanere>
      <dugdugPitlikeAcold>
        <cajunsPipkin>conningAsperseBotcher8661</cajunsPipkin>
      </dugdugPitlikeAcold>
      <trucks>
        <nazirHogan>guggleJocunoUnicism</nazirHogan>
      </trucks>
      <waapaBiderBanca>
        <rockiesNeednHeinz>891</rockiesNeednHeinz>
      </waapaBiderBanca>
      <chefsStealsChymist slurMulishWireway="tea" creditJehuPhiz="soken8324">
        <elemolRestiffMeetly>jeanyQuay</elemolRestiffMeetly>
      </chefsStealsChymist>
      <repatchChanterAsbest>
        <sireniaSeaside>toolachPallier</sireniaSeaside>
      </repatchChanterAsbest>
      <mataiPagineYamph jardeKnappleSixmo="pesanteWinnelAnattos" campeCrape="pupateSplicer238">
        <exhale>196</exhale>
      </mataiPagineYamph>
      <strew>
        <shagia>escalopTrones4264</shagia>
      </strew>
      <beleed velars="leaperAnadems">
        <wetsuitVeneti>4679</wetsuitVeneti>
      </beleed>
      <acariMulletsCanopy rhombosPortio="exodermGavels">
        <andries>fluke</andries>
      </acariMulletsCanopy>
    </miring>
    <livierFrisianTesty>
      <lingam>beverse</lingam>
      <puppyRidgils newlineTrtFacty="trewsLemanWaragi">
        <popifyEphasUredial>bowseSyphers</popifyEphasUredial>
      </puppyRidgils>
    </livierFrisianTesty>
    <nipasRinch>
      <jailedCayapa>12362026</jailedCayapa>
      <sawneyLonger dolceBearcat="sirpea4">
        <wacky>beacon</wacky>
      </sawneyLonger>
      <heatingFortifyYacht>
        <firesAramidsKaliph>carneauUptoss</firesAramidsKaliph>
      </heatingFortifyYacht>
      <trombeParonym mangily="boldoEgality" bonismSteeve="725314">
        <deity>mediumsFictor</deity>
      </trombeParonym>
      <holksBela arpentsBulbKette="abeighAvionic" kakapoKithing="101">
        <tonicalLituus>thunarHinokiAraneae</tonicalLituus>
      </holksBela>
    </nipasRinch>
    <collateLenoraMimbars yurakTaetsiaCording="bainite">
      <burgessMetopeLigge>rimmers99</burgessMetopeLigge>
    </collateLenoraMimbars>
    <rewonBrattle>
      <aminaseGeratedDome>moricheMobile2053</aminaseGeratedDome>
      <moussesValuta marshKinsen="cizarBuzane" anticktWinnersCreeds="befireIleus">
        <keylet>dengue</keylet>
      </moussesValuta>
    </rewonBrattle>
    <engorge brocoliSpoiltArietta="magahiWont">
      <velaricAcnedMillie>tambooDucdameAmplex905</velaricAcnedMillie>
      <iacchus nacreFidgingSouagga="risen">
        <tectal>goshawk11</tectal>
      </iacchus>
      <gurian suppute="balolo446" devchar="infernNotalia">
        <liv>raisinyJohannDrunt</liv>
      </gurian>
    </engorge>
    <bugeyePaeonia>
      <flummox>grasper</flummox>
    </bugeyePaeonia>
  </rugoseTenrec>
</douraSarcousPinball>