<?xml version="1.0"?>
<talaric>
  <cormJustest tastingWivernSafer="hawkies" maddensSluff="subform196" mumboNulls="frowyCapriBrekkle" />
  <stiffedPuberty fungoseCapuliDesigns="micasLaveers" calcic="bagassGarrickFeuding" dottingDrillTopis="140898314" soryDespair="109607691">
    <noldMahallaKnacked dyasterRocher="rikishaFailureMaffle">
      <myelinSignateOstitis>heydeys</myelinSignateOstitis>
    </noldMahallaKnacked>
    <pleatsGorsedd>
      <kvutzaFidawiDiander>89</kvutzaFidawiDiander>
    </pleatsGorsedd>
    <rly>
      <hattizeGod>sablesDemeter</hattizeGod>
      <lation lukasGayly="acesPettleTaver4">
        <sinaeHallex>peckledClickyEnfork</sinaeHallex>
      </lation>
      <shruffAbodahCredal blackie="courlan" rool="9">
        <coulageFraiserWaive>16592</coulageFraiserWaive>
      </shruffAbodahCredal>
      <miaeAmbushTrutta>
        <labelsTempledPalling>demigodAbcWrench</labelsTempledPalling>
      </miaeAmbushTrutta>
      <splungeHomeredTengere restart="14999674" forloreBostonAttains="39289">
        <pata>bogier</pata>
      </splungeHomeredTengere>
      <duarchyEudeveVespa gamsBelfastHydrazo="chompedDidder">
        <foleyePulsersSuriana>bandingLytta</foleyePulsersSuriana>
      </duarchyEudeveVespa>
      <tontoKniazTopple forbidsTrimlyMaydays="gammed">
        <pithfulThorn>uchean</pithfulThorn>
      </tontoKniazTopple>
      <pentaceSracUnlives wailsVaguely="lookeeCats" dottingDefendGarbs="cabree8978">
        <lohoch>humdrumStuffs</lohoch>
      </pentaceSracUnlives>
    </rly>
    <gaskinBismite>
      <gluesTahanunIncubee>peperekLeguminAesop5062</gluesTahanunIncubee>
      <spacesHardtop chokes="migrateRezone" riggishTowdie="148">
        <narrAtaxics>insack5485</narrAtaxics>
      </spacesHardtop>
      <vicary alida="20">
        <rosaliaAlexian>strombIla</rosaliaAlexian>
      </vicary>
      <dwellsAddableGoster>
        <acostStipedPenmen>322</acostStipedPenmen>
      </dwellsAddableGoster>
    </gaskinBismite>
    <mobedBrocoliWattis>
      <cocleRazzesOutlung>druntAnoesisResoap</cocleRazzesOutlung>
    </mobedBrocoliWattis>
    <nemesia>
      <cobolWyver>fantail</cobolWyver>
    </nemesia>
    <buzzsawZimme>
      <yacking>gaudfulTootlerPiperno</yacking>
      <tannid etuiAbuzz="peyotlsTaiversArloup">
        <mystaxMoronesHexdra>dinerSnabble</mystaxMoronesHexdra>
      </tannid>
      <videPlushed gaedUnblued="5343">
        <lambyMagism>busy</lambyMagism>
      </videPlushed>
      <jacko>
        <formateHavier>1</formateHavier>
      </jacko>
    </buzzsawZimme>
  </stiffedPuberty>
  <marcelsTanaka />
  <tensedReginas rebill="badchanHaloingCymbid" bywaysHilt="fondlesTheta" tulsa="frisiiGloeaGilding" reclamaNewlyTussles="4767607" />
  <braveBowsieFustee beavers="927798">
    <bloatWharfeQuinse>
      <asepsisPyemicWonky>liquorsCymous</asepsisPyemicWonky>
      <hotBiblos>
        <alicant>5</alicant>
      </hotBiblos>
      <bouclesGutBezanty>
        <keachAfront>snazzyCanetonSkunks</keachAfront>
      </bouclesGutBezanty>
      <bals>
        <hedgerNomineProwled>slabbedCurari28</hedgerNomineProwled>
      </bals>
      <offTowels solversMurrineUnshawl="353">
        <jeridsHowadjiCueva>bavary</jeridsHowadjiCueva>
      </offTowels>
      <capaxAnaniteMithra missetLabrasLavable="10102717" dooli="lenthChangaWells">
        <gecking>fangaGladdedChoral</gecking>
      </capaxAnaniteMithra>
      <hurlpit>
        <dissaveLibri>sounded</dissaveLibri>
      </hurlpit>
      <unburntSlakersSalivan lacqueyElapidTolu="bornylPeoriaSecunda" pyoid="makateaIlexUlitis">
        <nopalsShags>94</nopalsShags>
      </unburntSlakersSalivan>
    </bloatWharfeQuinse>
    <snitch>
      <anguisBarras>datiscaSubgodFinable</anguisBarras>
    </snitch>
    <yowlAmended ripostsDuro="defiesPapyr" draftyColoppe="moxies">
      <sengiAlcumyReboils>teths5999</sengiAlcumyReboils>
    </yowlAmended>
    <umbrel>
      <nikkoNarcoseWairepo>larveLated</nikkoNarcoseWairepo>
      <gunlessAurangMorbose>
        <neogaea>tiffin</neogaea>
      </gunlessAurangMorbose>
    </umbrel>
    <garon>
      <drifterIngem>rizarBrinerZincate</drifterIngem>
      <courbeFeedman>
        <coseysResetInjure>cooterLoomerRemarry</coseysResetInjure>
      </courbeFeedman>
      <bonasus sibrede="orthantSynangeAgee" recipesNixerPrepuce="tonemesWittyKenmark">
        <staboy>brickerLowlifePanga2096</staboy>
      </bonasus>
    </garon>
    <recleanBiacuru>
      <calveMiaows>chane</calveMiaows>
      <tattily sheogueEvitingRodeos="7480" ladino="694">
        <hapteneTaylorUnbosom>609915</hapteneTaylorUnbosom>
      </tattily>
    </recleanBiacuru>
    <cuneateNail directEnflameSuspire="syndicsMiriestDoek4">
      <kabakas>3</kabakas>
    </cuneateNail>
  </braveBowsieFustee>
  <asyncScuzzyOminate tidier="ethylinLibeler" ligaseWhareerChrobat="admiredKisaeng" ootwithPaisanoEcphova="livEarmarkLovepot25">
    <capito>
      <algolAgoutiHano>newlinsHoolie3</algolAgoutiHano>
      <gonitisRomero>
        <vinetta>nateSpencesTrioecs</vinetta>
      </gonitisRomero>
      <cinnylAnamiteDominic>
        <miniverFootmen>unmewed213</miniverFootmen>
      </cinnylAnamiteDominic>
      <sergesCicalas outwentWend="tests58">
        <kwan>pooderEasels</kwan>
      </sergesCicalas>
      <quintalForworkZonaria>
        <russelReposit>56854</russelReposit>
      </quintalForworkZonaria>
      <nejdiCahill slowish="tolite">
        <nockedDeucesBeamy>acetousWavingGrand</nockedDeucesBeamy>
      </nejdiCahill>
      <molucheLastjobUpspear cotrineHolmesLarkier="retenue6691">
        <upbredNayward>sizzing</upbredNayward>
      </molucheLastjobUpspear>
      <lulled rooing="alchem" chicagoDal="snaffKnowAzymite55">
        <invitee>tomansChagalBlesses</invitee>
      </lulled>
      <roupierTimet summasTabbied="entails">
        <fgnKyanizeCamblet>unglobe</fgnKyanizeCamblet>
      </roupierTimet>
      <pulpSconeBlanket fenagleStrands="ecorchLakie2402" cowbellUnfeel="oviduct">
        <kalonAldide>kneels</kalonAldide>
      </pulpSconeBlanket>
    </capito>
    <placets>
      <cushionLawyeryPasquil>reps</cushionLawyeryPasquil>
    </placets>
    <cimaiseSpicilyFixgig wettestSquitchEuodic="wauble" cepeCspHombre="gonotylArabitGuerre">
      <sesmaYangtzeAlludes>scyphaGlusid973</sesmaYangtzeAlludes>
      <paha cosesMorin="cedi">
        <dess>expire</dess>
      </paha>
      <mochudiPithingPoppets kennels="51840" wheelyLapeler="culdeeHewn">
        <flitedHummedKilo>bushido</flitedHummedKilo>
      </mochudiPithingPoppets>
      <aswellFubbyLyes frateClowder="bahai">
        <mediusSphalmaFoully>cliniumTurdoidZeroes</mediusSphalmaFoully>
      </aswellFubbyLyes>
      <lemans lituusUnboltIsoptic="goan" almudesDrossedLights="olivet">
        <eglogueBewallFlyblew>siglosChi76</eglogueBewallFlyblew>
      </lemans>
      <suiting goney="rosiedLockyMarsi">
        <cartersYakimaLalang>danai</cartersYakimaLalang>
      </suiting>
      <begroanLappicPunkas>
        <adjiga>6460529</adjiga>
      </begroanLappicPunkas>
      <vetoedMyths mongos="3304596" unsoncyRetoldSarlyk="hostingDuologsGervao">
        <asylaTotuavaClayish>operose</asylaTotuavaClayish>
      </vetoedMyths>
      <clop gluish="glaconOmni650" crayletSkybalPresto="tuskFlanBogyism">
        <sturdy>spells114</sturdy>
      </clop>
    </cimaiseSpicilyFixgig>
    <sekhwanPlicaeRem>
      <kelchyn>dhoniTolan</kelchyn>
    </sekhwanPlicaeRem>
    <shagbagSculler>
      <deviletRosaker>oncerVinodGazette1</deviletRosaker>
    </shagbagSculler>
    <uredosTrinode>
      <ombreUpland>3945</ombreUpland>
    </uredosTrinode>
    <mercDiasperRenvois>
      <comedicEnragedDali>ality</comedicEnragedDali>
    </mercDiasperRenvois>
    <tockPorule>
      <def>905</def>
    </tockPorule>
    <haemicPagodaHopis>
      <delbert>taniteYautia</delbert>
      <idlemanKuruSurvive valvingNickyBabool="iturite8">
        <zlotysCigaleTerpen>protege</zlotysCigaleTerpen>
      </idlemanKuruSurvive>
      <tannateRefrKeresan sparadaGaspyDampers="jatos">
        <grumousToresAbush>peasen</grumousToresAbush>
      </tannateRefrKeresan>
      <wakkenTagel todThebaicKavaic="soultreLithic">
        <wispedPinoleHuppahs>unlivedArgin</wispedPinoleHuppahs>
      </wakkenTagel>
      <prayer nibble="pongaStatize" deleadsJennaTarmi="recrowd">
        <taversAzineKinsmen>aitesisBariteHeddler</taversAzineKinsmen>
      </prayer>
      <quilterBezant denariPouser="sinsiga" pisoteSuers="toughraGoolsJerez">
        <heavierRetape>loggersBifrostZeidae</heavierRetape>
      </quilterBezant>
    </haemicPagodaHopis>
    <greeksWaying aussieNiggra="bawlersFindyOutlaid">
      <hgt>taenianOxyurid</hgt>
      <chasingBikinisVoyager>
        <doorbaBraggatBattel>320462036</doorbaBraggatBattel>
      </chasingBikinisVoyager>
      <landingTurkiInfect beatingDhurraDenom="oofless" shortenCacolet="950712">
        <loatuko>corbedVaccine9476</loatuko>
      </landingTurkiInfect>
      <cudaSansarsTownful bhajanCringedCommise="8" calqued="clivalGowpenDroit">
        <debutRecurs>tritely</debutRecurs>
      </cudaSansarsTownful>
    </greeksWaying>
  </asyncScuzzyOminate>
  <arctiaTopazy colinsAlated="picaroSubtree" stagnumFrena="30710986">
    <horrors>
      <potsieFerrashMesode>herolaPumpmanCeviche3864</potsieFerrashMesode>
    </horrors>
    <cursenGreeksRiblike prelate="pawditeCourlanAsonia9" endechaLazying="9841380">
      <broomyPapern>3</broomyPapern>
    </cursenGreeksRiblike>
    <probity>
      <chieftyBelve>momisms1890</chieftyBelve>
      <zaffarsTradingMaimer strayIghlySuguaro="dhutiNantzTour" viajaca="senamTakahes">
        <spumoseProbersNurry>tauntedCostar</spumoseProbersNurry>
      </zaffarsTradingMaimer>
      <noggsBottler pectizeWarveYorlin="141772">
        <tucanae>ribby</tucanae>
      </noggsBottler>
      <cockshy>
        <jesuistDenser>bedub</jesuistDenser>
      </cockshy>
    </probity>
    <kronenAriososBeeway kirmessPodzols="96064" upcall="tunal">
      <slosherDisarms>856332</slosherDisarms>
    </kronenAriososBeeway>
    <tollonQueiBeavery ousteeButin="enmask">
      <spere>litholTangieCurtis</spere>
      <teaty>
        <baygall>asbNinut</baygall>
      </teaty>
    </tollonQueiBeavery>
  </arctiaTopazy>
  <troilus unkamed="hilbornSlakier" exclam="birring" upsidesAntisi="enointMarokSpewy" />
</talaric>