<?xml version="1.0"?>
<spado>
  <mayaApert kobanLoose="2447859" ananiasTrochidOutdraw="bursterAgarsNidget49" thermit="starry" parecy="knittle">
    <flambeRavings>
      <kirantiCavorts>hukTuners</kirantiCavorts>
      <singes tabificSardian="456228059" bearerNauseas="sorbateCurfewWeeps">
        <fuses>gaolers</fuses>
      </singes>
      <adcons>
        <zoris>7765</zoris>
      </adcons>
      <broid agohoPulsantDvandva="saughenPyrobiJason69" murralRumpad="reeden">
        <tughraMinyans>poachyWoodsiaVialful</tughraMinyans>
      </broid>
      <reggie>
        <swardWaversTophe>psiloiYoudenDrewite</swardWaversTophe>
      </reggie>
      <goustyRobber>
        <vrowWhirrs>1291493</vrowWhirrs>
      </goustyRobber>
      <astatic>
        <blanda>rebiaSwatsGoof</blanda>
      </astatic>
      <nippledHowdies booSeaware="cotland9915" woundy="9">
        <tiewig>2836287</tiewig>
      </nippledHowdies>
      <sheeredSowarryBertha bioralNiding="prooAlanylIntrofy">
        <cumaraFlabsOsamin>bankmanLecker</cumaraFlabsOsamin>
      </sheeredSowarryBertha>
    </flambeRavings>
    <overawn>
      <telembiCulpeoUnlight>therapPenche</telembiCulpeoUnlight>
      <cubical uremiasBirddom="546" bogfernNobatch="becurryTirribi">
        <sambosKouroi>slare</sambosKouroi>
      </cubical>
      <verneukMaridAedes wayman="5" cassadySomersOogloea="scuttaRedbudCoxalgy">
        <goudy>feralinArmil</goudy>
      </verneukMaridAedes>
      <ruffe blay="capsuleUnit" herolaImpeded="hoydens">
        <dimpsUnrovedCodes>518082</dimpsUnrovedCodes>
      </ruffe>
      <gorfly replowPukish="wychRayons" bowly="samkhyaUsury">
        <ansButcha>8684</ansButcha>
      </gorfly>
      <boranesMyrrhedFaecula footfulLeesing="delistsInurnedScrogs924">
        <entasesInsipid>523</entasesInsipid>
      </boranesMyrrhedFaecula>
      <lapinDipping sineCarroonMetria="7784978" ribbersAvail="963080">
        <landauBebaste>8733724</landauBebaste>
      </lapinDipping>
      <upband ennageGrandRapillo="illitesAbbrTinsel642">
        <oppressGlossicBedsore>50</oppressGlossicBedsore>
      </upband>
      <arghan rehbocOgle="12">
        <grumesLigneTwingle>longbowNever</grumesLigneTwingle>
      </arghan>
      <georgie echoistGratifyUnwise="piperlyHoodies951">
        <granetRoquets>wolter</granetRoquets>
      </georgie>
    </overawn>
    <transpPricierSphinx>
      <lasso>cucujidSigneeCulling</lasso>
      <kenyteNonself>
        <cenElemisLabores>cruorsSankhya</cenElemisLabores>
      </kenyteNonself>
      <apes node="rhymistAzimineAequor" eelback="gunshopPluton">
        <alaundLimierUnfixed>azazelLegated16</alaundLimierUnfixed>
      </apes>
      <unruth>
        <pickinTiffing>clogged4210</pickinTiffing>
      </unruth>
    </transpPricierSphinx>
    <volvasJosey>
      <decrierPilingRunsy>ribandShredsHubb</decrierPilingRunsy>
    </volvasJosey>
  </mayaApert>
  <oration>
    <piperno>
      <rattans>valentAchapeHireman</rattans>
      <thirtyVulgare>
        <joleZingaroEnticer>troaksNuchaCree</joleZingaroEnticer>
      </thirtyVulgare>
      <jambool currs="88" dropsJoggers="96236151">
        <bravado>paxilliSpirate7</bravado>
      </jambool>
      <mistierEspialBlaflum muirEnnoicMyricin="sibylicPinoMxd">
        <chylifyTamped>heresLaudism</chylifyTamped>
      </mistierEspialBlaflum>
      <stiffsOlam>
        <sozinesFizgigCamote>kadishThickSialoid4584</sozinesFizgigCamote>
      </stiffsOlam>
      <mammeeBatlet>
        <dolcanJoying>271</dolcanJoying>
      </mammeeBatlet>
      <muraenaVeteran biggity="knocker351">
        <sinwardIconianSpath>4783</sinwardIconianSpath>
      </muraenaVeteran>
      <mycosin turnorSippyGoalers="684336">
        <diobolsCoffinChalon>culet</diobolsCoffinChalon>
      </mycosin>
      <khanjeeTommed panels="mislearFruitedSelfist">
        <unsense>theriaAstoneLucre</unsense>
      </khanjeeTommed>
    </piperno>
    <finkingCrumena>
      <retimesPunyRaggy>feme</retimesPunyRaggy>
    </finkingCrumena>
    <wiggy>
      <affluxHarriet>tuschesPampasYati</affluxHarriet>
    </wiggy>
    <waffledDuits racionHurrayTss="host" arienzo="preyer" exhumeUndeafUnstore="28059738">
      <yukkelOnes>78120</yukkelOnes>
    </waffledDuits>
    <buboesReamassWarbles>
      <mochas>spudsNiobeMeece</mochas>
      <vealersPowerUnbare naphthaToolkit="gurges4" swordOclockWinnard="tattoos">
        <shoneenPlutterDecades>starvy178</shoneenPlutterDecades>
      </vealersPowerUnbare>
      <steepsKuichua saravanPonga="selahInclave">
        <quaternThyrseCaccias>zinke6</quaternThyrseCaccias>
      </steepsKuichua>
      <sistrumLoveful>
        <tilths>pascualMulse</tilths>
      </sistrumLoveful>
      <dsrBlague>
        <brusher>trialsCarapus850</brusher>
      </dsrBlague>
    </buboesReamassWarbles>
    <faucreEadPiaffed>
      <boeberaManlyAraire>3823538</boeberaManlyAraire>
    </faucreEadPiaffed>
    <broonDefines cericHaver="939" inswellFibroseAerily="462447191" uralineFogbow="updosRehayte84">
      <eastersStirpesAmazed>llanero30</eastersStirpesAmazed>
    </broonDefines>
    <geese>
      <fattestAcred>triningSicerVistal</fattestAcred>
      <whoopsDrawls>
        <typhiaAtonesCalid>agau</typhiaAtonesCalid>
      </whoopsDrawls>
      <cucaEsnecyKaratas colludeSqualiKori="rialtyTynwaldPlumbs" parton="halloed">
        <gummage>cruised</gummage>
      </cucaEsnecyKaratas>
      <toterNankeen>
        <arikaraAmidinLuetic>bocciaSnacks</arikaraAmidinLuetic>
      </toterNankeen>
      <vennel wildestBeholdsImerina="plfMaddedPlumete">
        <frigorCered>stownetRucksLeavers41</frigorCered>
      </vennel>
      <ecurieMavisesSoury filacerUlna="grannamUnlaw" auratedAdmiredAlew="holemanUbcFours8">
        <dolinaVitastiDargah>airthsTurneryAccords</dolinaVitastiDargah>
      </ecurieMavisesSoury>
      <silphaMyrrhyNapu cawkerJoustsCoit="26317">
        <bumaloeWaspyBoni>misstaySagy</bumaloeWaspyBoni>
      </silphaMyrrhyNapu>
      <sunbows gamierSavagedSofts="hypogyn" keftiuVinta="brucins">
        <pavings>partwayDubberKeelman</pavings>
      </sunbows>
    </geese>
  </oration>
  <unkedMorindaDejecta sachetsRespelt="armseyeGrana" prionidDabbledBrimmer="dornickSkraighJugum" />
  <lengest fraghanExpleteFoud="leukSlaReseek" />
  <haresEposOutword tektos="homraiFaringDairi" titisTapiocaIsleted="fresnoWammus8">
    <chalotVenduesLasses>
      <pomeysPiraguaWayfare>addable</pomeysPiraguaWayfare>
      <nimmerTekken chezEnshawlWoadwax="notusDuplexsJessie">
        <cabiriBoraces>534</cabiriBoraces>
      </nimmerTekken>
      <misusedFoothotFugacy paepaeSodaicLaban="nobbily">
        <brownlyKneels>weaky</brownlyKneels>
      </misusedFoothotFugacy>
      <loiasisTumour>
        <moyen>bijasalFliers</moyen>
      </loiasisTumour>
      <premuneBindlet polaric="5284">
        <joistsScarify>mirador</joistsScarify>
      </premuneBindlet>
      <uppile>
        <loge>syrmianDoubVeigle</loge>
      </uppile>
      <shogunGunselBeans>
        <faredConrail>musterPungy</faredConrail>
      </shogunGunselBeans>
    </chalotVenduesLasses>
    <monofilMottles>
      <uralianMinoTubfuls>medicosOrpincArchai</uralianMinoTubfuls>
    </monofilMottles>
    <waghZaribaAke bemixes="evaders">
      <ensues>chrysis68</ensues>
      <enrobe>
        <chigoe>exsect</chigoe>
      </enrobe>
      <slarth haydnNogged="meldsDrestAilsyte" hogtiedRondeau="halvansHaulmsBevenom">
        <badlandRidenGeonoma>rabblerPerhapsMuid</badlandRidenGeonoma>
      </slarth>
      <zingyBregma chimpsWrench="ganzieMedusalNotelet8491" wamelSct="705847">
        <scrappy>wraistMakah</scrappy>
      </zingyBregma>
      <boreiadCareneDresden>
        <urim>gens74</urim>
      </boreiadCareneDresden>
      <outwarsEelpout recopyKayoedMein="marvels">
        <unthrobVergent>basqueCloueeSloughs</unthrobVergent>
      </outwarsEelpout>
      <miringZenobiaSurfman>
        <allerMeissaFalcate>anguloaWurlies</allerMeissaFalcate>
      </miringZenobiaSurfman>
      <boombox fiercePedateCretic="noctuaeMimbar" zoogeny="76">
        <shammedSnipes>44087096</shammedSnipes>
      </boombox>
    </waghZaribaAke>
    <challas>
      <oncinPistonsSmashes>imbeSighedBleeds745</oncinPistonsSmashes>
    </challas>
    <pantoDetergeAlpeen>
      <relicsTonusesGlunch>cacciasKinging</relicsTonusesGlunch>
      <plurIlluded devilyVoetsak="caddoanFerricExpel">
        <haik>merisisIononesDilated</haik>
      </plurIlluded>
      <pickerModred>
        <drainsPigmies>82670</drainsPigmies>
      </pickerModred>
      <sirpoonBadaga cannon="413459316">
        <gayalsMisdoneBathala>annexeSaferYelling</gayalsMisdoneBathala>
      </sirpoonBadaga>
      <sagoinLaronPitches fatcakeFaroffMimidae="drift">
        <peleng>annette</peleng>
      </sagoinLaronPitches>
      <dekaresNarwhal timed="sorcerEmblaze">
        <titePickled>uncramLunare</titePickled>
      </dekaresNarwhal>
      <ingress>
        <histrioSkycapTipis>innVitrean</histrioSkycapTipis>
      </ingress>
      <aahingWedgies pushArduousBugger="novillo" enjoinsThymolUnsnaps="751">
        <alecupMuttonsFaucets>syftnReffelt</alecupMuttonsFaucets>
      </aahingWedgies>
      <bandanaKeech atopiteSilkier="sullanLairdsDogears" galchicKrater="violetsVeinierHawses">
        <gobans>reopens</gobans>
      </bandanaKeech>
      <guttideWommalaBarry>
        <perukedMoler>adeninSosquilAtte549</perukedMoler>
      </guttideWommalaBarry>
    </pantoDetergeAlpeen>
  </haresEposOutword>
  <beguessPainterBlackly pacateSidneySocks="outhurlVolvoxFoxfire" undidSlyAcknown="brigadePraiser" hebenPyrrha="boydomAptianaModulet" jebusGuld="fenetre">
    <blasonSwayed>
      <saplessBirdedLisette>camBandidoTibiale</saplessBirdedLisette>
    </blasonSwayed>
    <pibgorn>
      <peerage>2</peerage>
      <octoidRedbudsJuntas pigfishImpederEyot="latchedShacks">
        <ternarSamielChink>outrank</ternarSamielChink>
      </octoidRedbudsJuntas>
      <subalar muridLitchiTahiti="751310" revendCorpsy="577179675">
        <diwaniPouter>mawkishRakilyWarrant</diwaniPouter>
      </subalar>
      <pygmiesSaludaVod ansRelies="tentletMoletImpalas">
        <brelanFibryPioxe>39439</brelanFibryPioxe>
      </pygmiesSaludaVod>
      <minicar plainedOniscus="847781" melodic="6649469">
        <amaze>964736</amaze>
      </minicar>
    </pibgorn>
    <eelbob patrinHurliesShinto="bimCuberPinite" roach="dadayagPulpierArian">
      <fretizeDurioSensing>diactEsopus</fretizeDurioSensing>
    </eelbob>
    <glazenTropesViverra>
      <tabule>facadedEnsateTelugu</tabule>
      <knowerMedoc stewingGarboilOchymy="bargee9" barest="521467">
        <mergingLordly>sheasAftmostRockies</mergingLordly>
      </knowerMedoc>
      <jacare sorbet="terrors" picidae="undazed">
        <wabayoScythesAmide>eloiseDismawAlaska</wabayoScythesAmide>
      </jacare>
      <ethic>
        <nearerJackash>conredMysoidCopied61</nearerJackash>
      </ethic>
      <fellahsHookeraVicki>
        <embowedEquineKangani>rortNaval</embowedEquineKangani>
      </fellahsHookeraVicki>
      <kolaTohoSummas yildunAcutesStirra="aptera" lemelFray="racion">
        <returns>charrsDeluxeSnot</returns>
      </kolaTohoSummas>
      <reekedOxgallBoatful>
        <ejidosTeatyNisse>2266</ejidosTeatyNisse>
      </reekedOxgallBoatful>
      <lycianGulfAquilon>
        <ricerPanocheConfit>anoine</ricerPanocheConfit>
      </lycianGulfAquilon>
    </glazenTropesViverra>
    <canonSlangedBongar>
      <diskBruted>trisect</diskBruted>
      <laggard>
        <halpKahili>31045</halpKahili>
      </laggard>
      <blasiaCardia mileage="maggotManiple" gerundsUnstagy="opinerTheorem">
        <nancy>newerStaidly</nancy>
      </blasiaCardia>
      <enami gigsmanOrdealsOverfew="apinchBoke">
        <purim>koftaJabules</purim>
      </enami>
      <compsoaFustian>
        <maintAflaunt>lenseFardsPurrel7448</maintAflaunt>
      </compsoaFustian>
      <garratGlove chicory="knaggedCayapaEnterer">
        <prisereEmbelifKeeper>287</prisereEmbelifKeeper>
      </garratGlove>
      <outbuzz>
        <inbitsGambPending>inower5</inbitsGambPending>
      </outbuzz>
      <logsLauders drageesCampingOptimum="waggelGyral">
        <steenie>nowhen</steenie>
      </logsLauders>
      <rosalyn mouseeDesman="bade">
        <undogWagons>hijinksShrive</undogWagons>
      </rosalyn>
    </canonSlangedBongar>
    <lupaninOutjutsUpspire>
      <bowtelLeporidHailse>vanloadBabkaJural9981</bowtelLeporidHailse>
      <langiDecernPuffers goateesTerraeDir="columelPrecedeBrocked">
        <tedaYodledBalao>huariSummut</tedaYodledBalao>
      </langiDecernPuffers>
      <washtub loopfulSamnani="column">
        <pomadePesteEarings>16</pomadePesteEarings>
      </washtub>
      <leptera>
        <beakySmeeks>51373</beakySmeeks>
      </leptera>
      <gomavelChubbyDozy crcaoCrackedAsoka="youngthUpleaps4">
        <candaceBusked>streit25</candaceBusked>
      </gomavelChubbyDozy>
      <castanaVellon haggled="shardedHintersBairn" beetewkWreaths="58">
        <unclogsMassa>3448557</unclogsMassa>
      </castanaVellon>
      <bammedMelamSkreegh>
        <assamar>bracing</assamar>
      </bammedMelamSkreegh>
      <areicBoii jingko="dageshTobiasLoessal" arab="unusualDineticCashed">
        <gimletsIndylRoods>zygonInfallRad</gimletsIndylRoods>
      </areicBoii>
      <belaysAsarta bowlHummumTonsure="bezelEra577" cantsAntired="fallersProal">
        <reedilyCardiod>645488137</reedilyCardiod>
      </belaysAsarta>
      <joustEarclip burkers="sposhEaselsMatzoon459">
        <synesisPianinoGammas>scrived</synesisPianinoGammas>
      </joustEarclip>
    </lupaninOutjutsUpspire>
  </beguessPainterBlackly>
  <crimper defraudArghoulWishes="nytrilInrol" sculpedPosited="costedPunningRepouss" geddsWritsGilders="oniscus" catgut="celloCadmeanYaupers" />
  <haineImmenseCoco coapts="mandanBethumb" tartagoMarekPulish="linedPapagoSail" beefyWhim="parseVicaireOctoyl2014" />
  <ocypeteBolichePreta>
    <hoopoeCaters>
      <latent>giglotRankish</latent>
      <acheckIdoseDulses cannot="adauntUtah">
        <rheumicFlypeGelee>assoriaMala</rheumicFlypeGelee>
      </acheckIdoseDulses>
      <relent pipesEyefuls="4346657" briard="oomphs">
        <geodesyAntefixSmervy>slonChalahsCawker273</geodesyAntefixSmervy>
      </relent>
      <pamperPastime>
        <campodyQuadrel>vidyaTherellSugi</campodyQuadrel>
      </pamperPastime>
      <untwistCtf pixSeghol="tabut" baffed="barquesHighthFelly430">
        <fettlerTosyApii>bummedMacerBeliefs</fettlerTosyApii>
      </untwistCtf>
      <dyingsBdl lunarApedOutpurl="flytingPavage">
        <attameSunbackPenhead>cambogeTends</attameSunbackPenhead>
      </dyingsBdl>
      <coquita podosTeinderParkas="49759933">
        <disedge>deityBurrosSty</disedge>
      </coquita>
      <prefet stats="wills">
        <sniggerCygnine>rakishBanusGrundel</sniggerCygnine>
      </prefet>
      <sclaffs urine="82732" bongs="chalky">
        <ousters>fuzzilyPeghGuzzle</ousters>
      </sclaffs>
    </hoopoeCaters>
    <sackingBucculaSylphon>
      <atingaTho>3081</atingaTho>
    </sackingBucculaSylphon>
    <ovenman entiaGrimierCatkins="zaribaBurrosSadis" neoramaCeroid="876999" roytProvandCimices="roues">
      <revotedArchers>efflate</revotedArchers>
    </ovenman>
    <bohorokGirderMss>
      <khatsButtes>remindSloshLodgers</khatsButtes>
    </bohorokGirderMss>
    <dadoesFelsic>
      <adderPerfixGrex>2</adderPerfixGrex>
      <causalSkillyStoving alvia="mogulsLispers3029">
        <mutuals>915833674</mutuals>
      </causalSkillyStoving>
      <majeureFogdom meshed="manlierDrawl">
        <chingExing>behalfTorquedSindon</chingExing>
      </majeureFogdom>
    </dadoesFelsic>
    <bedaff soutersToatoaSlap="bullanRecco">
      <riotiseOvariumCoexist>iolite</riotiseOvariumCoexist>
    </bedaff>
  </ocypeteBolichePreta>
</spado>