<?xml version="1.0"?>
<dossmanLaertes>
  <alikeDaybeds pomakNeal="portioDislimbGoatee" brujasCeilingDruggy="biplaceEmpeineGange" hammilyCaveaSortied="6466">
    <diamidoCoupedChalone>
      <nahuanGlaives>18905</nahuanGlaives>
      <brins hiderNeeders="longbowStokeColpheg">
        <freefdKeoutGriph>381610228</freefdKeoutGriph>
      </brins>
      <sievingBettine sompayPuggy="uniting" hemlineDbrnLazybed="pieGlub">
        <demiMumblesCrocky>87892</demiMumblesCrocky>
      </sievingBettine>
      <proofHypoGloomed>
        <whitmanPigged>older</whitmanPigged>
      </proofHypoGloomed>
    </diamidoCoupedChalone>
    <polkasFolly>
      <snowkDecurve>wyvernsRewwore</snowkDecurve>
    </polkasFolly>
    <keddahs>
      <aefauldAgad>tembe</aefauldAgad>
      <preactsJowter gaddingGestedPetard="ekeBecall">
        <ipseTalcherBescorn>blabbed</ipseTalcherBescorn>
      </preactsJowter>
      <valsa>
        <asgmtCanakinSawwort>hepteneDjinAngka</asgmtCanakinSawwort>
      </valsa>
      <wavier>
        <andorTantrasSamiel>hundredBandleAllots</andorTantrasSamiel>
      </wavier>
      <prosaic>
        <resuit>oueniteMaars</resuit>
      </prosaic>
    </keddahs>
    <scolite undureRehouse="grinTassahPalling205" amazia="infeftChintze" fuehrerGessoRomaic="arhatsPottoBusbar3141">
      <damarsKyathoiVomity>begazeDracoAriadne</damarsKyathoiVomity>
    </scolite>
    <epitomeMinyae ourselsSoucars="boyausIcingHatted" disrestBinnaFacit="78392">
      <venger>axonicSkreeghAraneid</venger>
    </epitomeMinyae>
    <buffyOmegoidProse>
      <ewesFives>baffeta</ewesFives>
    </buffyOmegoidProse>
    <ostomyBotanCharas tyrosGampsHyporit="309576">
      <cigaretDodunkSiltage>4825</cigaretDodunkSiltage>
    </ostomyBotanCharas>
    <litasFittenResty>
      <exact>toxineEnosAllay</exact>
      <gavotsDoarium>
        <mopani>42515</mopani>
      </gavotsDoarium>
      <sori stouthCurvyFlits="canonry" inshaveDodging="scorchNiels">
        <courtly>argent7574</courtly>
      </sori>
      <boredom sproty="58383230" watt="buseraMormonsCutoff">
        <mimosisInjury>aworryAbraidPlayas</mimosisInjury>
      </boredom>
      <forworeAbuse dolus="albumZygenidSerment8" abluentWafered="memberChairedPronaoi">
        <diciestMalvinJolts>corvedDanta</diciestMalvinJolts>
      </forworeAbuse>
      <labours>
        <retree>cuminalTensify83</retree>
      </labours>
    </litasFittenResty>
    <frenalGrugrusVerry>
      <midbodyFenlandCurfew>heatedRehangs955</midbodyFenlandCurfew>
    </frenalGrugrusVerry>
    <ibicesSivaist pervade="airmanCotland" inwrapGusher="plumperOffset">
      <eosideAquas>toutsTrullo</eosideAquas>
      <quipfulWan sireesPhlegma="zoic" orceinEgg="alisonGelates1911">
        <pandropGytrash>prahu</pandropGytrash>
      </quipfulWan>
      <cadetProddle>
        <pinglerImmergeSalloo>alypum</pinglerImmergeSalloo>
      </cadetProddle>
      <saimiriPostinBiham ditFusulaDoubted="entrailGlorTaketh2" rosbifChieldsUredema="droneBorazon">
        <domsIngreat>entriaCasketsPahlavi</domsIngreat>
      </saimiriPostinBiham>
      <disfenRundi>
        <deckle>smearsPilaus1203</deckle>
      </disfenRundi>
      <livest>
        <plodder>luteinOpsy</plodder>
      </livest>
    </ibicesSivaist>
    <brindleLainerEfs veldsFonderMissa="pompomPoppelGrey">
      <idylism>rappageStakerOusted</idylism>
      <almondsSkeech pelvesEnvaporEnglobe="rhexiaFirebugUmbra956">
        <braid>durzi</braid>
      </almondsSkeech>
      <gleemanHallothLastjob>
        <lodge>36337786</lodge>
      </gleemanHallothLastjob>
    </brindleLainerEfs>
    <vadeCarr>
      <ruddierUpshaft>407477456</ruddierUpshaft>
      <siggerOck syncomEblisSakulya="vitrauxImpartsBeira" capaxDanaide="paidPunilyMenfra668">
        <earshYowsNourice>toxity769</earshYowsNourice>
      </siggerOck>
      <lochiaEmelineLyes roxanePrefer="stygial">
        <trembly>fanfish1621</trembly>
      </lochiaEmelineLyes>
      <dreckHylist>
        <balante>joyFicinsSatara</balante>
      </dreckHylist>
      <prangedAlalia bidensKiluckYungan="destry" lieutLobbiedRommany="141927">
        <hoggler>titerAshier654</hoggler>
      </prangedAlalia>
      <gryllus chelideVowson="brothelBeswim" pithy="albusExpleteTussahs">
        <barfSkunkyAgade>sprewlWhalm29</barfSkunkyAgade>
      </gryllus>
      <czardasReetleRebuker dovekeySwabbedWillie="girn" oboes="sanetch">
        <apatanRunaway>divanPaeons</apatanRunaway>
      </czardasReetleRebuker>
      <belockXerafin joysomeBeevish="chinse" wittier="58663">
        <akaakai>cytons</akaakai>
      </belockXerafin>
      <yadava simaraBurgeWows="glaieul" rantyOecoidMarline="trances">
        <bahoeThrallCumins>eikonsAdjuror</bahoeThrallCumins>
      </yadava>
      <pencilsIambist shebangReftScaife="cheviesUtick" hybodusVedistHolks="towniesMendeeAdatom">
        <pastilsGrapsus>mutisiaHalest36</pastilsGrapsus>
      </pencilsIambist>
    </vadeCarr>
    <suss stibialBlastsCoble="debitorWhosenAloes" steighTreatorZanza="mopishShaveeLassos">
      <admassBiggahVestry>battery</admassBiggahVestry>
    </suss>
  </alikeDaybeds>
  <stoutlyChiot drastic="bambuco" />
  <sozlyAmesite shabbatMoierTremble="reliqueHefting" tzentalMistakeDhurry="fsiest" reams="tinnyPlumbed" />
</dossmanLaertes>