<?xml version="1.0"?>
<zindiqCharquiEnjoys>
  <epitelaReplies>
    <pfund welshyFretted="rudelyLurdan" abwatts="drooledFifths">
      <ecbasis>64773569</ecbasis>
    </pfund>
    <minaeSpreng>
      <ritheTravis>sclatHystrixAscyrum</ritheTravis>
      <optedThoftCopable>
        <ronquilChamosSeedmen>whishesDoom</ronquilChamosSeedmen>
      </optedThoftCopable>
      <bhistiBillbug sheatheAtole="teughlyPhemie">
        <winedHalakahLounge>29564</winedHalakahLounge>
      </bhistiBillbug>
      <kookFiel recharTanhTraily="bombingAnarchy">
        <moujikChesserHoofish>758877591</moujikChesserHoofish>
      </kookFiel>
    </minaeSpreng>
    <lanugosRacings>
      <ogees>chammHemiolaDrowse</ogees>
    </lanugosRacings>
    <canedWah aspalaxForloin="saglessAeginaProbata">
      <negrofyTappetHaze>trowels</negrofyTappetHaze>
      <small convell="diskery2">
        <gurneysTopnetGlutch>acrobatMonday</gurneysTopnetGlutch>
      </small>
      <biriba amuze="excitePaukyWantons">
        <cedriumPounceSeiches>retakeSotikUnitage</cedriumPounceSeiches>
      </biriba>
      <sirrahs brainerRussudOmentum="kvas">
        <hyalite>basongoSaggingEarless</hyalite>
      </sirrahs>
    </canedWah>
    <outcullAstomia>
      <yoursTikker>kinkledSamielDias</yoursTikker>
      <phyma>
        <phonal>spraysExcoct</phonal>
      </phyma>
      <siloistPasted yapockGradineEphor="20366168" uraline="tolansVanmost">
        <zenithsWhistleSeeder>cholentNyxisBitty</zenithsWhistleSeeder>
      </siloistPasted>
      <essex>
        <tedescoZeatinsRadials>lawsuit</tedescoZeatinsRadials>
      </essex>
      <wali quando="odzooks" soulack="fetPapoosh">
        <auth>pupfish9319</auth>
      </wali>
      <retrack windsorOvipara="sawflyLiparis">
        <collenIslMuchly>wasDisgulf660</collenIslMuchly>
      </retrack>
      <pedaler>
        <pipa>takahes</pipa>
      </pedaler>
    </outcullAstomia>
    <fecundMiscastWarehou>
      <nolBeaniesZed>undeckRaptorsCoupure</nolBeaniesZed>
    </fecundMiscastWarehou>
    <amburySayingRaguly deadsSoyot="gnomishTypicaFipenny" rowdilyBrine="butts6751">
      <adduceAmanistDiscure>fossaeToze</adduceAmanistDiscure>
      <doriesVista>
        <spawn>2427</spawn>
      </doriesVista>
      <lagnaTaigaCensing effused="flue9133">
        <prefool>washita</prefool>
      </lagnaTaigaCensing>
      <mahewuSope simiad="estradaPentailGenizah" tufts="tumbledAirwave">
        <hipmiBaconCager>artelAspsSkiv</hipmiBaconCager>
      </mahewuSope>
      <beldDunes tearySpites="sindon">
        <laudersInroad>brucina48</laudersInroad>
      </beldDunes>
      <jamboyBundler>
        <inhibit>undocksGaugeAmor</inhibit>
      </jamboyBundler>
      <acnodeClyster judicaQuet="orchZoolithForesty" fesse="fens29">
        <daroo>sixfold</daroo>
      </acnodeClyster>
      <renewerWedgierMatlow bidi="4763090">
        <vets>randomsRuddily5</vets>
      </renewerWedgierMatlow>
      <cabaretSwampyBelick bowkerTakingsBrocard="alevinsSugis" pfdShallJustine="mysoreBetask">
        <sothiacUreides>gundeckKetose</sothiacUreides>
      </cabaretSwampyBelick>
      <oxbirdFuroidPleb fatlike="rifianBoddle">
        <villaCorsakLaury>oxman71</villaCorsakLaury>
      </oxbirdFuroidPleb>
    </amburySayingRaguly>
    <wrier geebongRamtil="butaneMissish" coucal="78">
      <eldressFagged>966438656</eldressFagged>
      <havenerMyases marmots="maunderMusaeusAmang">
        <silksGangFeijoa>91096833</silksGangFeijoa>
      </havenerMyases>
      <growseHeuchsShikken>
        <turtanMizeSnodly>sharpenTaxless</turtanMizeSnodly>
      </growseHeuchsShikken>
      <vugh pilferSoucarAuto="254" humps="malefic197">
        <melsBedog>39175</melsBedog>
      </vugh>
    </wrier>
    <dicotZappedSlowing>
      <perfinNeedy>3469</perfinNeedy>
      <glutenCullingRuers disney="croon5418">
        <situp>31342</situp>
      </glutenCullingRuers>
      <xystersParcook sploreRiskingFiacre="ignisRecoast" outspatAcerataObtect="prosperKicky">
        <swapSackers>719334815</swapSackers>
      </xystersParcook>
    </dicotZappedSlowing>
    <piebaldDucted>
      <mapach>6897465</mapach>
      <ionizerArmhoopDtd>
        <scollopTownistSap>886295</scollopTownistSap>
      </ionizerArmhoopDtd>
      <inhold crapes="inrollOgres" stevanWiltonSondes="bildarTilyer">
        <coram>stallon</coram>
      </inhold>
      <lascar reargue="isolateFrushNubias">
        <aguiseBookmen>howdies</aguiseBookmen>
      </lascar>
      <neatly irid="talpoidHornedSuey">
        <veilersBiskop>2007</veilersBiskop>
      </neatly>
      <glebousLoofs alliage="pudderCucurbTongs">
        <manyema>veldmanSprettyKyd</manyema>
      </glebousLoofs>
      <cheats elysia="pouchedExtypalDiotic">
        <perpetApastraTriketo>backout</perpetApastraTriketo>
      </cheats>
      <hances peatery="harass380" nibong="argonneVitalicTachiol">
        <kneels>cnidianBusilyAlisier</kneels>
      </hances>
      <lupusSubs chaya="39">
        <encoilValvae>156754</encoilValvae>
      </lupusSubs>
      <lechosaCoraledResiner>
        <haiverHonkMaillot>youthenKlong8805</haiverHonkMaillot>
      </lechosaCoraledResiner>
    </piebaldDucted>
    <helzel>
      <oieEvenest>sloid</oieEvenest>
      <lumpish asoka="eth38" bliss="hatch">
        <swankBankSneerer>cyrusBacquetMayey</swankBankSneerer>
      </lumpish>
      <amimideCubaneOgled valuate="aricianDeepens62">
        <cockyHamotzi>fatsoes</cockyHamotzi>
      </amimideCubaneOgled>
      <pickers riflerPatting="cithernFadedlyVod">
        <whoso>libra</whoso>
      </pickers>
      <cathernEarnestZapara reneger="muddCosin" artieFawning="krausenAlamosImmit">
        <apocarpMarshy>enomotyCaudate</apocarpMarshy>
      </cathernEarnestZapara>
      <mombinGrisard anglosAstrer="270375542">
        <dauniiCalefUnburly>916160</dauniiCalefUnburly>
      </mombinGrisard>
      <cotorosBiotinsQuadded draftsJupiterBonitas="7" cager="parifyMisallyAfresh">
        <kyaniseBurgher>turacosThigged</kyaniseBurgher>
      </cotorosBiotinsQuadded>
    </helzel>
    <trigs>
      <samel>flurryRoosingDirges</samel>
      <maffiaZany soclesStirrup="pesah" ascentsJimmy="manchetFelonesDowsets">
        <flatlyTarsierPlacid>coostCarrizoCockers</flatlyTarsierPlacid>
      </maffiaZany>
      <ugandanDelete>
        <expositKnurryScorper>minnowDeusan</expositKnurryScorper>
      </ugandanDelete>
      <rimmerSaltant fohatMucate="hexapedRaddled">
        <dindlesAvidly>63</dindlesAvidly>
      </rimmerSaltant>
      <awiwiDoghole mispick="moggiesPrimped" burnsOutglad="47">
        <areekGalerie>vidkidMashlumHutches</areekGalerie>
      </awiwiDoghole>
      <prysBudless thisll="pared">
        <ddnameBemolUphoard>692139594</ddnameBemolUphoard>
      </prysBudless>
      <couthe>
        <galchaUnsaysGrunch>deodateEndebtUnpin</galchaUnsaysGrunch>
      </couthe>
      <ascenceAtactic>
        <chafers>toppled</chafers>
      </ascenceAtactic>
    </trigs>
  </epitelaReplies>
  <slavicDeaningBlawed />
  <rpm brassey="bulbine" knobFrats="diskingAdorn" />
</zindiqCharquiEnjoys>