<?xml version="1.0"?>
<blondFlanesLeone>
  <gimletsUpper limbers="ocotea1" pangiPolesawFrappes="primesSaloopsDoppio">
    <sokaMozing>
      <deceit>summity7</deceit>
    </sokaMozing>
    <knaveryFlingsTarrify sourenMarian="serestUngluesEwes710">
      <matFig>creditHotshotPnxt</matFig>
    </knaveryFlingsTarrify>
    <abatingVernileHosanna>
      <kadagaBabka>indulinTweest</kadagaBabka>
    </abatingVernileHosanna>
    <cranageAngledWyted>
      <fairishAimer>teelUnpeg</fairishAimer>
      <opuscle>
        <cainPuntelUlmus>animism</cainPuntelUlmus>
      </opuscle>
      <nethSpireas>
        <reopens>uncinusBideGage</reopens>
      </nethSpireas>
      <trone craikThecaeArauan="quiniteSlewed3647" dargoHussiteFidel="usings1696">
        <darogha>leonardTiptoesTunican1685</darogha>
      </trone>
      <creasotCoyestGanef vendsTuboid="croisee">
        <uraeiAjee>relabelAdj</uraeiAjee>
      </creasotCoyestGanef>
    </cranageAngledWyted>
    <pawerRefont veriest="40">
      <carolus>875908</carolus>
    </pawerRefont>
    <oralSabirsBinman>
      <spelman>unuglyUptakerRami385</spelman>
    </oralSabirsBinman>
    <frisonGoldish>
      <lindaHichtCarroms>latch</lindaHichtCarroms>
    </frisonGoldish>
    <simballLeacherPangasi>
      <corvees>pume</corvees>
    </simballLeacherPangasi>
    <deicerAgenizePriss vibrateAdventLobi="kittly" opheliaCubera="sloppy" willowCamenes="barnmenDisp">
      <jajman>brainedAlvin</jajman>
      <castleTilting>
        <sahme>669</sahme>
      </castleTilting>
      <booingUnempty aphagiaShirts="quashee" sprueForloin="umiacs">
        <baalizeSorite>segetalDooringAspirer</baalizeSorite>
      </booingUnempty>
      <bondocIndure swamis="siuslawLuncher" cologPtySattvic="guddledWethers117">
        <penseeHaricot>wagonryReindexPulper7</penseeHaricot>
      </bondocIndure>
      <blere>
        <pulsarSquireCocao>6440</pulsarSquireCocao>
      </blere>
      <pomonalAlludes khan="alcaideSclateHedebo">
        <barbudoBedralCosin>begazedUnsoil</barbudoBedralCosin>
      </pomonalAlludes>
      <aucanPhren knobberVexable="404297651">
        <revetoLori>86996533</revetoLori>
      </aucanPhren>
    </deicerAgenizePriss>
    <palatesMarling>
      <tigrai>cotidalDrusean</tigrai>
    </palatesMarling>
    <expurgeHamousTitis>
      <unhoodsSuffuseSetnet>defaultSatanasSysin</unhoodsSuffuseSetnet>
      <glanisBadgir sesutoAnilino="dishyVoyaged" fungicCoosify="nebuly1">
        <batched>dozzleTumored</batched>
      </glanisBadgir>
      <monksScagliaSixth smazesScarfsKivas="52065" abaddon="strakeCeboidsTeats">
        <collier>terriesGloams7</collier>
      </monksScagliaSixth>
    </expurgeHamousTitis>
    <cockshyBebeastWismuth yup="hymnary">
      <raisGoofierTimeous>gibletsCalls</raisGoofierTimeous>
    </cockshyBebeastWismuth>
  </gimletsUpper>
  <pound blowbyWallop="piteousEyeableTrass" steenieImpower="6613652">
    <budgetsMpret>
      <teutonsCaitiffLoket>zymosis333</teutonsCaitiffLoket>
    </budgetsMpret>
    <fetureWithery>
      <caseumPifine>fumage</caseumPifine>
      <pyaemic subasMimir="3861">
        <fidgetySlower>beverseCommuneInbe</fidgetySlower>
      </pyaemic>
      <amildarPolling>
        <mentaOmenBrattle>piratryGadgetSpicas</mentaOmenBrattle>
      </amildarPolling>
      <eurasiaSertiveRedive agaoRooter="taming">
        <parsers>cadenzaQuezal</parsers>
      </eurasiaSertiveRedive>
    </fetureWithery>
    <gink>
      <guara>3340104</guara>
      <fluidTextile>
        <midwestPomelosLading>aglare</midwestPomelosLading>
      </fluidTextile>
      <invivid aviate="leak">
        <injurer>snogPast</injurer>
      </invivid>
      <lecheGuysCommis aloesolSordParegal="oozoid" pinfishYardangArabesk="23803">
        <garnersHadaway>laudersTrifled</garnersHadaway>
      </lecheGuysCommis>
    </gink>
    <jouncy>
      <rhagonLamda>993</rhagonLamda>
    </jouncy>
    <spiker drugger="tresTicks" yevenDiapase="alertaDorpButoxyl21" deicersRefletNames="labiosePogge">
      <boatieUnlyingCarnate>gashingInphase</boatieUnlyingCarnate>
    </spiker>
    <mozette>
      <tensitySpearer>presage</tensitySpearer>
      <waddiesNaplesRecruit>
        <nation>apodous</nation>
      </waddiesNaplesRecruit>
      <allies>
        <ergoticChalker>tantrikAwfullyLeegte</ergoticChalker>
      </allies>
    </mozette>
    <valses lensmanBrink="semicSoogan" bonierDuckOrante="wakingCheerosInsorb8896" galiumFerric="wafting">
      <tugrik>mixedlyYodledGul</tugrik>
      <biennia slimily="ralesOomiack">
        <bibbonsInfra>oliverStoach1</bibbonsInfra>
      </biennia>
      <dawingNigellaYobboes bhoosa="gadidaeHeaumes">
        <wenny>blellum</wenny>
      </dawingNigellaYobboes>
      <panhasCarabusOutban>
        <return>crochetGagmenSpere</return>
      </panhasCarabusOutban>
      <tuggers spooneyMolalFasola="imitateIdcue" illishPlumpAmating="wimblesPaiwariBoun780">
        <larine>phlomis2880</larine>
      </tuggers>
      <sho maddled="24">
        <cruels>pittard</cruels>
      </sho>
    </valses>
    <athymyOutglow>
      <giddyRowingInfree>avisHirsuteIns</giddyRowingInfree>
    </athymyOutglow>
    <derideEardrumCustoms>
      <mutuals>clowBeadily</mutuals>
      <jigglyPholcidMaths>
        <snipedRevulse>airman</snipedRevulse>
      </jigglyPholcidMaths>
      <patache>
        <egghot>doiledDaleFrost</egghot>
      </patache>
      <guilfatTwiselScalps hosed="620">
        <sigCorageMaleo>drailed</sigCorageMaleo>
      </guilfatTwiselScalps>
      <denyingCordedWaggle>
        <fusainsShim>cagiestAlvinEndites</fusainsShim>
      </denyingCordedWaggle>
      <glucideHartinHammals shay="sipeCreatedAlw" whiteHanged="weirdsBostalLowland58">
        <claverEmpires>turdsMajas1</claverEmpires>
      </glucideHartinHammals>
      <motheryConiineSnacky>
        <hydrateFishmanWafting>mochudiSeggars</hydrateFishmanWafting>
      </motheryConiineSnacky>
      <lexicCorkier foxshipHorreumEpicier="73309272">
        <nosismWhens>51556179</nosismWhens>
      </lexicCorkier>
      <reqdWhedderMutules>
        <ectypeAkasa>800348973</ectypeAkasa>
      </reqdWhedderMutules>
    </derideEardrumCustoms>
  </pound>
  <aurate shanteyFanwortPlanche="sarraChisled79" fitchyEngleim="leady" retail="giesMelanoiLoggers" yarwhipCoynye="taverEpulisSlon" />
  <tiptopDebitorGratton />
  <monalJubileOrisons />
  <lungsPuffilyAntapex forgrowDoorsDaytime="potlingAmercedFearers81" hauberkGrimpBowable="52651" tineidsHopper="unharshKummelClodded" vanillaFlewed="kiersTrunnel">
    <acid>
      <dunkersWeestCresyl>nakederFostell</dunkersWeestCresyl>
    </acid>
    <jingoNeetup baizasAtuleKerflap="isoflorBoigid1">
      <crewel>907</crewel>
      <ploverInnate theorumAltaredJames="follesTuttedIrones">
        <whemmelAromal>4615</whemmelAromal>
      </ploverInnate>
      <whissRookie>
        <skimmedOutswum>warwolfHygeist</skimmedOutswum>
      </whissRookie>
      <batsmenPeases finnerHolidam="4115">
        <elmwood>tarsalsSquamaClasper</elmwood>
      </batsmenPeases>
      <ivoristMargesUnaptly credaHartallCornada="expiredWeenie" ventedAliceUnsack="nounPuffier">
        <luck>mincerTirl</luck>
      </ivoristMargesUnaptly>
      <hazingOraisonUshabti evasion="quizzes" caronicBeveil="5018">
        <dozierKinema>hidersViolentWoevine</dozierKinema>
      </hazingOraisonUshabti>
      <phajus>
        <inspans>ardeidCnemicGrubber</inspans>
      </phajus>
    </jingoNeetup>
    <semiarcStooksSeral impowerKnoweth="updivedMarcherCurded" fausterOutvieEtape="oracles">
      <rupialPaijamaTantrum>shrinkHadjiTeraohm</rupialPaijamaTantrum>
    </semiarcStooksSeral>
    <basilStarlet amilesHistsSiding="8168978" charciaRakilySendee="1370" rykesUmbrasArouse="ruddled">
      <maxisVizirsFisting>muserAneroidJugsful</maxisVizirsFisting>
    </basilStarlet>
    <trilisa>
      <ahwal>motiveLaurelsWeeted</ahwal>
      <brokeryTitty tophous="birrsSpiroleReclame">
        <seabankSquaw>31352136</seabankSquaw>
      </brokeryTitty>
      <ogivedYus secoursBursasDecoke="kerbSkulkedReviver">
        <infraSiddurs>murrainOutdoorGlub6007</infraSiddurs>
      </ogivedYus>
      <roomiesGanevs>
        <drailed>badmen</drailed>
      </roomiesGanevs>
      <nuraghRepasts>
        <ratlinsGoteThawier>durions</ratlinsGoteThawier>
      </nuraghRepasts>
      <pithosStgeMarko sullBel="samsaraMusive2209">
        <miliolaAcetifyBowses>downlieFellers</miliolaAcetifyBowses>
      </pithosStgeMarko>
    </trilisa>
    <overfatSpoonerBuddie>
      <unionRefreit>3427620</unionRefreit>
    </overfatSpoonerBuddie>
    <kinoDamierKilling>
      <heliaeaHogniTitano>sebumsTullesBackway816</heliaeaHogniTitano>
    </kinoDamierKilling>
    <airthsChumpsKoumyss cocainBeneath="rexesNunneryAurata" swoundSlavers="hawkedSagwireSices">
      <geezer>siteBokardSlalom17</geezer>
    </airthsChumpsKoumyss>
    <deashedSelf pupfishOutsingAjugas="aviadorRingersRaxing" snakish="dageshChiotFrothy">
      <chuet>rageSwagmanBolster</chuet>
    </deashedSelf>
    <acrossKoiJuvite>
      <lindiesLucentNuthook>burrosLeonesAdread</lindiesLucentNuthook>
    </acrossKoiJuvite>
    <aliquotWolfianTsks isthmalGlistenLathed="euasterPupates" kolobus="regrowJewelsScreet">
      <turwarInustJarry>toppers</turwarInustJarry>
      <flensesAetherBucca carrotsBrainer="theater21" beisa="clutchWarehouMajorem">
        <zonar>keylet278</zonar>
      </flensesAetherBucca>
      <crizzleRaiding>
        <tinnedNifling>bleeBlinyIncluse28</tinnedNifling>
      </crizzleRaiding>
      <lepusCangy>
        <cordoba>swatCriticBalkis</cordoba>
      </lepusCangy>
      <fribbleUnwindsBattens pulvinoThiols="ateuchiHausen" docents="thinnedHexyne802">
        <mildewyAnlages>swivels</mildewyAnlages>
      </fribbleUnwindsBattens>
      <phrOrphismBitis tegment="314" rhagiteMonads="samsienSemiurnFarcers">
        <campagi>timid5</campagi>
      </phrOrphismBitis>
      <antigun nene="reducerLestComida" unflatFactoWoolen="985096815">
        <rfound>pardoJhow</rfound>
      </antigun>
    </aliquotWolfianTsks>
    <abjuredAngaria mahantBoosies="yarner76" gammas="clupeinJearTocsins">
      <inshore>bullomSproat</inshore>
      <psoadic wamefouUntwirl="dillisk" unstepTelugu="hartalsMafiosiUghs">
        <dicycleAdoptedAbohm>139</dicycleAdoptedAbohm>
      </psoadic>
      <patriotBesort>
        <mogoteShoppy>downwayFrogmen7</mogoteShoppy>
      </patriotBesort>
      <irately legrete="iambicMassula" luceres="derridProlixDefaces904">
        <beefilyYucaBlair>49</beefilyYucaBlair>
      </irately>
      <waledBearded whyever="corals7">
        <spread>nautManiere</spread>
      </waledBearded>
      <furnishTecture>
        <sabineJoanneTearage>turkish</sabineJoanneTearage>
      </furnishTecture>
    </abjuredAngaria>
    <mestizaInlacedWedging>
      <tyddenStimesVideo>trullsNervesLessors</tyddenStimesVideo>
      <bonksMala infareMelaniaRevie="981568900" gaulter="yildunMaarten">
        <refanLuteinsNoshers>6537578</refanLuteinsNoshers>
      </bonksMala>
    </mestizaInlacedWedging>
    <jarryBaxter aminYashmak="1" furoicLumeter="raisonUnsnug">
      <exposalSwineryShivy>akimClovesBrisks5824</exposalSwineryShivy>
    </jarryBaxter>
  </lungsPuffilyAntapex>
  <strip salpinxDespondKokia="repotDemark9">
    <brimlyPaintsCurvey twicerCling="alhagiSexistDecays" twaesNek="72913311" bityite="netopDive8">
      <clapnetMoison>mentorBrokers</clapnetMoison>
    </brimlyPaintsCurvey>
    <rhyttaMeson ambroidDearieLater="esquire">
      <aceship>chillis</aceship>
    </rhyttaMeson>
    <faggotsFlywayLumps aly="bajoccoCratingBenefic9800">
      <kodiakStrayed>sirplePhaneCapably186</kodiakStrayed>
    </faggotsFlywayLumps>
    <dimissProteanUnilobe>
      <burialBouchonTongmen>writing</burialBouchonTongmen>
      <beseekIntentsMandyai>
        <sulfine>yellowsNubbierSulcal84</sulfine>
      </beseekIntentsMandyai>
      <chyleKisraOutgate>
        <quodded>eschel</quodded>
      </chyleKisraOutgate>
      <mangledKwapaDalles>
        <unbog>iranismVaagmarEnstore</unbog>
      </mangledKwapaDalles>
      <wilhelm growan="arisard" girliesSubgrinRussets="daylitBustlerQuetch4">
        <sabutanBoko>warori</sabutanBoko>
      </wilhelm>
      <daze reaveryYanaThurse="morne">
        <fourRotuletOutroar>ordererClimath56</fourRotuletOutroar>
      </daze>
      <cloacaeSickledBubos cathrinTrimmed="madrasiApsidRelot">
        <boldingBanga>bodegon</boldingBanga>
      </cloacaeSickledBubos>
      <coremaImpairs pinocleGammon="uprear" tabanidJon="1320">
        <hins>molge</hins>
      </coremaImpairs>
    </dimissProteanUnilobe>
    <flotant saggerCinctAmasta="capita3" poinard="22" hexapodAzha="7">
      <oblatHexagonPhippe>avowersAchafeCar</oblatHexagonPhippe>
    </flotant>
    <flaw>
      <trancesFumerelAlidade>biassedAccloyImpies</trancesFumerelAlidade>
      <forbidsSetiger>
        <shaughsBarrio>verrayMisterTeazled</shaughsBarrio>
      </forbidsSetiger>
      <lawkDiadem barresFolly="huia" inglesaOuteateParols="pardsNappy">
        <copyism>7</copyism>
      </lawkDiadem>
      <caroonMatron stimJiffiesHoopla="speed4665" shyerMilchig="cliPiccage">
        <buncoedSayestCaller>blazedInswing</buncoedSayestCaller>
      </caroonMatron>
      <silicon tendidoIfugao="gerahsDammarStound" bhikshu="osteinSceneryShowy">
        <haziest>sitcomEnglify</haziest>
      </silicon>
      <transJujitsu phlegma="specifMushersUnmeet">
        <nombrilKhojaJelling>encinas</nombrilKhojaJelling>
      </transJujitsu>
      <dobbyHurlpit pomade="coccyx" pusleysGruftedMoocha="theory">
        <riggishLindiedJubili>protidePropmanRigueur4870</riggishLindiedJubili>
      </dobbyHurlpit>
    </flaw>
    <redroveGarget balterIlk="slutherChello" alicantOffingsDaimons="sunway">
      <burh>nudesSteen</burh>
    </redroveGarget>
    <unurn eophyteFilchSources="6806425" eoceneExopod="fumerel644">
      <panorpaAzurine>maoism</panorpaAzurine>
      <sonlyForleit>
        <sinner>dynast4738</sinner>
      </sonlyForleit>
      <pontacq>
        <ophioid>kilobarPreterPickaxe</ophioid>
      </pontacq>
      <signate alodia="globedSentine" diols="gyms">
        <leoniteMythol>bemeansGimmalsCooed</leoniteMythol>
      </signate>
      <urinantPooa>
        <dangsBeerage>brukeSewery</dangsBeerage>
      </urinantPooa>
      <wir murlain="21">
        <somlerSpodesMoneme>vincaWispierEmbosks</somlerSpodesMoneme>
      </wir>
      <calabaSabaoth garlicsUnlamed="vins">
        <keryxShayedSials>70672</keryxShayedSials>
      </calabaSabaoth>
      <salmiac slavery="444570823" axalFerri="vialedFumish">
        <hopedTaniticAvionic>condole9886</hopedTaniticAvionic>
      </salmiac>
      <cage>
        <unspedIntrunk>617081</unspedIntrunk>
      </cage>
      <pariti dookit="areitoPopped" cuissen="labiaTilde">
        <acylCynips>punaiseSinges</acylCynips>
      </pariti>
    </unurn>
    <exarchsEviler>
      <melismaBowmenIscose>anyoneSpiegel</melismaBowmenIscose>
      <tineolaDataset patacasMollePrecis="7331827">
        <foroldLenora>364</foroldLenora>
      </tineolaDataset>
      <tousedChytroi calluna="powders11">
        <outpray>sortHewable1726</outpray>
      </tousedChytroi>
      <earedVectisOsperm uvverGalera="priamEnrail1" niggun="sneaped">
        <bilith>912891</bilith>
      </earedVectisOsperm>
      <gaitedSaccliPurpart croyden="hydrasEasierLethied" pilapil="oxtailMisdeed">
        <kylinVoyeurs>370</kylinVoyeurs>
      </gaitedSaccliPurpart>
      <pomster sozines="avantAbashes" teddy="linguet">
        <bocardoAteuchi>bala</bocardoAteuchi>
      </pomster>
    </exarchsEviler>
  </strip>
  <risesPickmanProsily creedBerend="wannestVerd31" />
  <bayzAchaeanPickaxe wheftKurung="hubCassanIsonym" refined="upstateDarted" davitsSamhita="spilthMatrixLimeys">
    <cornell>
      <scummy>intimae</scummy>
    </cornell>
    <teliOnychinYarkand dinarBenacus="16775200">
      <solach>possyDulcose</solach>
    </teliOnychinYarkand>
    <charbonTanjongGladful>
      <struisFloozyIota>hocuses</struisFloozyIota>
      <ankylosJami wamusesChimpsBathic="feasts">
        <exultetPieing>gazer</exultetPieing>
      </ankylosJami>
      <khalsa>
        <chafeMataco>boardsBackwayPalis45</chafeMataco>
      </khalsa>
      <mourne>
        <jewelWorkman>6418525</jewelWorkman>
      </mourne>
      <moseyedMutLocn>
        <sughedTag>submitsDayton</sughedTag>
      </moseyedMutLocn>
      <roseousFoists gaurianRefedCamus="sempre" teri="93">
        <priusSpialSwarth>16543</priusSpialSwarth>
      </roseousFoists>
      <ecurieBedecksVobis quotersTerbium="gyneciaNaoi9" bewpers="riveret">
        <tharmsCeiler>nursers</tharmsCeiler>
      </ecurieBedecksVobis>
    </charbonTanjongGladful>
    <spinesCutter caceInquietLogroll="wolfen">
      <lurches>frottonShearer</lurches>
      <macao fortEerInfair="aquilonTutrice91" bled="plumbicHastler">
        <cheatryBillons>juffer98</cheatryBillons>
      </macao>
      <gondang gragers="pappier" motto="5">
        <usual>roo</usual>
      </gondang>
      <goyle>
        <chaftedBannack>turpUnited</chaftedBannack>
      </goyle>
      <teapot hastif="pichey" ozonesStussTumps="fthmWitworm">
        <munifyUnicingIlk>retackSedent</munifyUnicingIlk>
      </teapot>
    </spinesCutter>
    <offwardIditeVazimba>
      <squamae>anilao</squamae>
      <hexamerSpencieSherifa>
        <tolselAdversaSovite>846344920</tolselAdversaSovite>
      </hexamerSpencieSherifa>
      <frontesAdduceCrystal unlined="tarairiCepous" preppedArdeaCheatry="scabrinWabster">
        <darkeys>puddockMiderReplum</darkeys>
      </frontesAdduceCrystal>
      <gaybine bobsled="crawful">
        <fangot>729</fangot>
      </gaybine>
      <apodes faon="stunTanksUrali">
        <cicharFeiSeeker>nudger</cicharFeiSeeker>
      </apodes>
      <pechayEtagere tubbierPushing="4" remus="dropsyLocaterBilljim">
        <friseUpgangLaisse>imaretsKokum</friseUpgangLaisse>
      </pechayEtagere>
      <scabia tanghamPiper="espartoSirkeer" meleVanmostRinser="21536398">
        <androidAjivikaKales>istokeDewater</androidAjivikaKales>
      </scabia>
      <sconce farfet="thawyApiolinReglues2" towmondSharps="chacteCripes246">
        <bunch>pryseLeporid536</bunch>
      </sconce>
    </offwardIditeVazimba>
    <uptakes pailPipitDill="rateroHided" elijah="dogdomsBolshy2905">
      <parateCupule>rebaitAlmoign</parateCupule>
      <twittedPinulus>
        <pencelsPotworkThio>grandma6802</pencelsPotworkThio>
      </twittedPinulus>
      <lumpersPeckful engirdLimeade="nappie">
        <feveret>varangi</feveret>
      </lumpersPeckful>
      <ectaticWinch>
        <dienerEllaHantles>igloos5063</dienerEllaHantles>
      </ectaticWinch>
      <toques tulipAxenicBuggies="tubicen" subform="mnemRaying">
        <grots>stylus</grots>
      </toques>
      <untypedBellOarsmen>
        <appledTalking>landmanDialyseKnouts</appledTalking>
      </untypedBellOarsmen>
      <steersLorn gutium="ennageBabuinaStrifes">
        <retrude>221</retrude>
      </steersLorn>
      <boranChesounHaroset zingani="kronionKnees36" mitanniVireos="9275363">
        <trochFulk>839</trochFulk>
      </boranChesounHaroset>
    </uptakes>
    <bashyle dingo="zinoberBicron">
      <crumpet>bengalBlats542</crumpet>
    </bashyle>
    <pippingAunties>
      <limasCrabbed>waratahMooryZeal</limasCrabbed>
    </pippingAunties>
    <plygainSquillsWalt>
      <carcanSetlingPandar>5078</carcanSetlingPandar>
      <brahmaAssoilSulfite aesopGobiidLaughy="cumblyMannish" fifie="99">
        <kotalMedimnMoor>nymphsAppelAboves</kotalMedimnMoor>
      </brahmaAssoilSulfite>
      <micells fathomsPlinkGaleae="sile" hoelikeBumph="atonal">
        <foulLeavenOlearia>nutlike</foulLeavenOlearia>
      </micells>
      <alky palmicWallmanReave="mavinsInswamp5147" sprowsyBemoltSahibs="orphan">
        <joualsPurism>646558</joualsPurism>
      </alky>
      <choroti>
        <oriyaPearceCalmest>windles</oriyaPearceCalmest>
      </choroti>
      <uproarsAkenes duer="36" yachty="snecksNonacid">
        <blowzyLeptid>wearilyMawkish</blowzyLeptid>
      </uproarsAkenes>
      <hoven>
        <taperyRublesIcteric>teresSpored</taperyRublesIcteric>
      </hoven>
      <isiacUpbearsPends>
        <camionsSpleen>markoZincateAlphyl</camionsSpleen>
      </isiacUpbearsPends>
      <bubaHornada>
        <wannessSig>jargonsEjidosEmetins829</wannessSig>
      </bubaHornada>
    </plygainSquillsWalt>
  </bayzAchaeanPickaxe>
</blondFlanesLeone>