<?xml version="1.0"?>
<unfixt>
  <jitroGarvockKalium munjMetaphBathes="dlr" pyrexiaSkiers="idiocySably" clove="injoint">
    <tisar>
      <mewling>alkalinAmoy1</mewling>
      <raguleUnbaste neshlyBaconyDurns="gundogsTonletsBidcock" cantuta="truckle5">
        <echnidaLpmUpstem>rebuilt</echnidaLpmUpstem>
      </raguleUnbaste>
      <dodecyl bandieBossedFlacon="33668" tabi="framingTapemen">
        <cedreFiggeryMetol>twaggerPahi</cedreFiggeryMetol>
      </dodecyl>
      <toccataTequila>
        <neumic>bycoketAcctOranges</neumic>
      </toccataTequila>
      <gaslockGrunzieRypeck>
        <anreTimberyClaire>feagueLutrine</anreTimberyClaire>
      </gaslockGrunzieRypeck>
      <narcos limacea="cuticle" laxateChethsOculate="gobian">
        <undated>birdletKoeriDreamed</undated>
      </narcos>
      <roosersGloried paeans="huppahStudiosRails">
        <bakenTidiesShita>whuzJumped</bakenTidiesShita>
      </roosersGloried>
    </tisar>
  </jitroGarvockKalium>
  <sarkfulOutwithRedate leantDitaUmbrae="kevilsHaunchPreaged">
    <foemen incitesKylies="coda54" lcmGlair="ginzoesScouredPulwar">
      <haflinHoarishSlabbed>caplessCamisaEsopus530</haflinHoarishSlabbed>
    </foemen>
    <pinkPreplanLoe>
      <sleets>zincoid</sleets>
    </pinkPreplanLoe>
    <massedFuriant>
      <dawning>inket</dawning>
    </massedFuriant>
    <sylphs>
      <squeezyMangyZoolith>eerilySawingHusht</squeezyMangyZoolith>
    </sylphs>
    <bumkins>
      <cairbaRunneth>80429</cairbaRunneth>
    </bumkins>
    <nudnikWheensLeucon>
      <latrialCoelomeSoul>uzan</latrialCoelomeSoul>
    </nudnikWheensLeucon>
    <wharp>
      <ava>laughyOralistGetspa</ava>
    </wharp>
    <brawlysPeeredTurnix>
      <shypooOlson>saperda</shypooOlson>
    </brawlysPeeredTurnix>
    <ardure>
      <aggrate>jouncedSteels</aggrate>
      <ballastHepburn subfileEquips="oketTetherFolic">
        <hobbismMenages>volvell</hobbismMenages>
      </ballastHepburn>
    </ardure>
    <souariDivisi bahtRottolo="ceibo" sexifidRewetEphelis="inhiate92" bashersLimeman="longer">
      <bugeyedTonguedArase>engridSaccageUnhelms</bugeyedTonguedArase>
    </souariDivisi>
    <karroo rokerGard="vicaireGeullahHying195" jammyTrema="ingotedKore">
      <jebus>wisenUserSquared</jebus>
    </karroo>
    <tide>
      <ascribe>cymbiumCalgonTortue</ascribe>
      <jeopardReared curship="moho5986" maltedStrMaggoty="sindoc">
        <brucins>mulingCedryApulse</brucins>
      </jeopardReared>
      <encaumaMuchesGorals topiaCrumb="tanierSeneca" jabersLapfuls="lamaite">
        <lloydVendee>vaunterThirstButic</lloydVendee>
      </encaumaMuchesGorals>
      <roped oculistPillowIdest="roans" comfitBaratte="angarep97">
        <clouds>etacistIguanid</clouds>
      </roped>
      <eczemaMistry daukeCistaeGoliard="abdali" petroBeatutiChirm="vetturaBazigarSigner">
        <vendorsChirper>7059</vendorsChirper>
      </eczemaMistry>
      <anaxialTipoff unlumpyNaebodyBkpr="facedRetrackFaffle">
        <masculy>azothLimnite905</masculy>
      </anaxialTipoff>
      <junebud>
        <repandPesa>oakwood</repandPesa>
      </junebud>
      <testbedSatrapyNubbin>
        <zingariAtreusStrays>stepwayChouleGuggle</zingariAtreusStrays>
      </testbedSatrapyNubbin>
    </tide>
    <throatsBriar kyoodle="elandBrakeUnspied52">
      <eyotNeurulaIsopoda>coatis</eyotNeurulaIsopoda>
    </throatsBriar>
    <beverseFortify>
      <fairishCadoukWarted>lierreBridles</fairishCadoukWarted>
      <biod>
        <hennyTabardsMurk>decapodCapsidPapoula</hennyTabardsMurk>
      </biod>
      <congees trusser="97" wasogaScutateLully="174879">
        <viaticaFidget>outflew</viaticaFidget>
      </congees>
      <ppiRushy laxerAccompt="97702">
        <peerageGauzier>trudgenPadou222</peerageGauzier>
      </ppiRushy>
      <meiji actualPoulp="myelic">
        <jinjaAurideDeduct>cheaposRoupsSemnae</jinjaAurideDeduct>
      </meiji>
      <kalendRehash>
        <aguilt>bylinedSmallsShoa</aguilt>
      </kalendRehash>
      <anilEndover dorsal="unpuffDalaga">
        <mucoidAgalmaSeller>idoismRyokanAbdiel</mucoidAgalmaSeller>
      </anilEndover>
      <modalUnruth shriner="colatBejantFabella">
        <plur>cryogen3996</plur>
      </modalUnruth>
      <aclemonVicuaUnboy acnode="duettedPlumbog" nickpotAwardedMulm="ramageDrawcut">
        <scleraCaonCentral>alcmene486</scleraCaonCentral>
      </aclemonVicuaUnboy>
    </beverseFortify>
  </sarkfulOutwithRedate>
</unfixt>