<?xml version="1.0"?>
<armorerCarneyAyme>
  <pyreticSlushy maltedWhizzer="714615" hurls="moonletGilliedApologs3444" chamiseBenzyl="deair" />
  <eerie doggessTagged="eseRoutSquam175" cyclopyScrapBornane="tristam" naether="28044114">
    <presaw>
      <adream>alemanaOozeNandow</adream>
    </presaw>
    <lardon ucheeChakdar="gamoriDroud" droud="1152">
      <bragiteBeardy>goitresDawson</bragiteBeardy>
      <maxisFlayedTunka spunnyPantoonSyntax="2871" icinessPyreninKook="chibouk63">
        <comptly>bensCaliph</comptly>
      </maxisFlayedTunka>
      <hox>
        <puriShrover>fits</puriShrover>
      </hox>
      <argenolOvularyBanting behedge="curdyMorselsFalbala" tucana="nonaneAlgebra2">
        <trammel>bulletsPaulie6680</trammel>
      </argenolOvularyBanting>
      <formDouches swooses="3994" trouseWunsomeGashly="159549099">
        <unless>takelmaYourGrane</unless>
      </formDouches>
      <culbut invenitTrypaCabs="wagedRobsIntro894" piscianVaranusCestas="dulcDikastKudzu972">
        <snuffsEndhandChacoli>66196</snuffsEndhandChacoli>
      </culbut>
      <diceyDoubled galaxy="galops" outleadSicer="8339">
        <duskilyCalesaStake>derate</duskilyCalesaStake>
      </diceyDoubled>
      <dyakishBoppist>
        <unpacedGemman>gobonyMatacanFaucets</unpacedGemman>
      </dyakishBoppist>
      <myringa>
        <baillieBasterUnrich>43643072</baillieBasterUnrich>
      </myringa>
    </lardon>
    <howeaOatlandHaylage>
      <luausRendingFalisci>chebec</luausRendingFalisci>
    </howeaOatlandHaylage>
    <ariledMeslen>
      <minionsAfreet>ranted</minionsAfreet>
    </ariledMeslen>
    <bauge floit="joinedBentang">
      <abaciBryonMayed>ologistJibbers</abaciBryonMayed>
    </bauge>
    <hobbledDishome merbabyKelebeMobbed="237" forgrowCalami="pyralFrock5115">
      <awalimCeriaBrashy>lienic</awalimCeriaBrashy>
    </hobbledDishome>
    <hicksSetters chittakCordersBumbaze="mecumGrackle77">
      <dowery>speilPermiss</dowery>
      <nylonsMenic choilerSashedCraccus="lahoreViperyAntiq">
        <searceEagerReblend>32</searceEagerReblend>
      </nylonsMenic>
    </hicksSetters>
  </eerie>
  <ans jows="pubbleIcariaAllose" veilyArgh="cattail" />
  <gryllus subalar="mormyreAmnia" ethnizeCauseysStaired="loused">
    <durylBubbiesGlew>
      <reoiled>epipany</reoiled>
    </durylBubbiesGlew>
    <faiths eagre="duchanReloveBobsled" curiosoByelawPrerent="amatolSemplesDefuse27" towing="reddySawishBeamage">
      <repawn>herl</repawn>
    </faiths>
    <antsy affinedDowitchUnmount="anonymNidorSornari1115">
      <talukSaxonlySacred>broaderPloy</talukSaxonlySacred>
      <taeniaGimblet until="saggerShachly" garageZonda="unlawTanist">
        <elidedJuly>960347255</elidedJuly>
      </taeniaGimblet>
      <plenyBeaver inklessFarlesSublate="gryphonSilvius" aurally="1672">
        <lampasEland>koalas</lampasEland>
      </plenyBeaver>
      <keener visnomy="liegesIodatedUnpaste">
        <reslashFavoursBizonal>5651</reslashFavoursBizonal>
      </keener>
    </antsy>
    <upvomit>
      <jyngineVinci>61511</jyngineVinci>
      <knacker minkopiYucca="aliquid">
        <sonderBubs>sarsaValuing</sonderBubs>
      </knacker>
      <gapPokieHut>
        <sulfito>jotty</sulfito>
      </gapPokieHut>
      <kyriesPartageTunnel>
        <idisticLiquorAlls>nursesCursor</idisticLiquorAlls>
      </kyriesPartageTunnel>
      <bitchRiffed>
        <kiutleDsnameMammoth>greaterUnusage</kiutleDsnameMammoth>
      </bitchRiffed>
      <grands cripesVinosePayni="2" refundFrateryJackeen="urolithErke">
        <chalcusReswill>hangul</chalcusReswill>
      </grands>
      <emblicUranine>
        <lakistMamaloiFascine>gollerStoneyExcuse</lakistMamaloiFascine>
      </emblicUranine>
    </upvomit>
    <malaxis>
      <dancersRetimed>unadapt</dancersRetimed>
      <pluteusStopway whoPetitioZocco="croftsVangCubica">
        <ampycesBabua>eremicWowwows</ampycesBabua>
      </pluteusStopway>
      <crimpedArkosic rumMythize="falding">
        <patener>2</patener>
      </crimpedArkosic>
      <nambeFiacreShins candorGeegawsWiggly="upcall5726">
        <bewasteClericSkaddle>354071</bewasteClericSkaddle>
      </nambeFiacreShins>
      <rubbled tunker="mammoth" cobleAucht="marconi">
        <eheuBoneen>252071</eheuBoneen>
      </rubbled>
      <finny elmWooshed="utumFusilly" imbroinChitalMoods="emsMouseeDenied">
        <bedless>kantistYerbas9265</bedless>
      </finny>
      <addable thrivesFleerAreg="194">
        <decharmUnbonny>huerta</decharmUnbonny>
      </addable>
    </malaxis>
    <chryHowishUnta>
      <rewires>65558</rewires>
      <cabahoAlmondy bravaAlreadyNooking="283535746" calicheVarifyAppet="rombos">
        <trouv>bisters</trouv>
      </cabahoAlmondy>
      <warabiHealful matanza="repray" uveiticAriot="boloKendos75">
        <pankinRills>jubeCharter</pankinRills>
      </warabiHealful>
      <umpqua>
        <pingosZoonist>eckleinHaceksBassly</pingosZoonist>
      </umpqua>
      <allegedAltureRippit>
        <hoboes>21</hoboes>
      </allegedAltureRippit>
      <atopies sepone="retro">
        <limpsyDagoba>rebillsBisextAwrong</limpsyDagoba>
      </atopies>
      <mittentRector>
        <quillsHaarsMeanest>84</quillsHaarsMeanest>
      </mittentRector>
    </chryHowishUnta>
  </gryllus>
  <adhereFriskle choleic="masjids" monasaBraked="orbit" chordsSuctionBarmy="scugMau" />
  <rangpurCalorisClitter villoidAboard="1" gallerPissant="urutuOghuz">
    <hyponeaEralNacho>
      <bagpipeAftmostAmbrica>fatterCutter</bagpipeAftmostAmbrica>
      <carless lithog="spaemanWaird">
        <unclew>clef</unclew>
      </carless>
      <turvyTechierSuidian>
        <bovidaeNiobid>soilsMonestUpcurls7747</bovidaeNiobid>
      </turvyTechierSuidian>
      <fiscusStanno cappaghVinny="idicAsianic" canmanBalillaVirify="borrow">
        <forms>rebusy70</forms>
      </fiscusStanno>
      <exactsIgdyrRagweed kankieCaddo="5590" caabaVille="arpentsDgagAnnoys">
        <mameyesDlvyZimme>hoggedUnemptJubes</mameyesDlvyZimme>
      </exactsIgdyrRagweed>
      <arnaut>
        <rellyanQedJutties>sudsChalahsCrips</rellyanQedJutties>
      </arnaut>
    </hyponeaEralNacho>
    <ulmateBinodeUnsown>
      <associeManna>tolled</associeManna>
      <whaukPulsingZanze>
        <gainfulGemot>30999</gainfulGemot>
      </whaukPulsingZanze>
      <fatal wombatsContainGoyana="gazania" linchetDormin="leech">
        <subiliaRiled>pidanBibbersRebed9046</subiliaRiled>
      </fatal>
      <isingNixes manglesUnseizeHamelia="debye">
        <zoeaeScabidDhourra>spawns</zoeaeScabidDhourra>
      </isingNixes>
      <whomsoBaria collarsHexisTurcic="fiarLowestPontile86" fitchewDjins="943">
        <jock>intarsa</jock>
      </whomsoBaria>
      <catkinFierily sagathyAntlingInconel="shallowBefore">
        <bicepsCogged>kolosMiffyRamate</bicepsCogged>
      </catkinFierily>
      <chausse neritaAnticlyPiazin="furbishPlinths">
        <teerWhisky>coburgSprong</teerWhisky>
      </chausse>
      <ibo unpavedProven="junketDhikrsTeetery">
        <hibitoCopyism>updoveGundySandawe</hibitoCopyism>
      </ibo>
      <marge victus="3980">
        <oreodonRemblaiEpicyte>passusVinasTeety1</oreodonRemblaiEpicyte>
      </marge>
      <nae fanmanUncoked="13445">
        <methody>funsterDaryaDodgily</methody>
      </nae>
    </ulmateBinodeUnsown>
    <myriareJewelry>
      <cowweedEnraged>goog</cowweedEnraged>
    </myriareJewelry>
  </rangpurCalorisClitter>
</armorerCarneyAyme>