<?xml version="1.0"?>
<spitzesPatristKnights>
  <defial dididaeBodegonBafaro="ropilySecondsAment">
    <carleFuggingFork dhotyCareGundi="planulaGluts">
      <podices>kilobarTomes</podices>
    </carleFuggingFork>
    <polCriant>
      <lovefulMaioid>kalis</lovefulMaioid>
      <gonerTubbersHornie nagginLentnerSundae="arcadic">
        <dittosNempne>tricotsAtaMediae</dittosNempne>
      </gonerTubbersHornie>
      <clappedElench>
        <azurean>enlace</azurean>
      </clappedElench>
      <broader arrestsBriny="realmProggedPapyral">
        <curtisCaves>fieryErmineOvarin</curtisCaves>
      </broader>
      <gestesWildingMuffled>
        <fay>squinsyGorbetTreason</fay>
      </gestesWildingMuffled>
      <retabloWheki orrisBiformImputer="beheiraUpness">
        <peppedBletiaScraps>38284638</peppedBletiaScraps>
      </retabloWheki>
    </polCriant>
    <extentRushier>
      <ashling>eablyVomitDownlie</ashling>
    </extentRushier>
  </defial>
  <shamalToolmenBateau />
  <tepefyTrunk adelizaVoguesKnifer="lampoon" skewl="roumanCenotesOldest" baleareWorried="tempWawling">
    <golApersee wheezeCloughs="7">
      <arainKrag>5740</arainKrag>
      <stigma>
        <refuterPrimerPhobia>negundo18</refuterPrimerPhobia>
      </stigma>
      <oxman merge="large">
        <ekahaEardropAssoria>66</ekahaEardropAssoria>
      </oxman>
      <cubitNeatly grisled="grittenPatanaObdt">
        <mensedOtium>stopt</mensedOtium>
      </cubitNeatly>
      <wigsExitial>
        <trifletInfieldCupids>suramin</trifletInfieldCupids>
      </wigsExitial>
      <ontarioInermiCasings>
        <topcapTegula>bungerUgarono</topcapTegula>
      </ontarioInermiCasings>
      <cackedDepaintGrysbok>
        <sheathsAlferes>parrotyChaloneZoopsia</sheathsAlferes>
      </cackedDepaintGrysbok>
      <retradEerilyHoundy rokelayLanioidWhelky="bemolt" begraceOctaviaStocked="925308">
        <leepit>2789</leepit>
      </retradEerilyHoundy>
      <vinasSagySurdent loggy="fanonsMatchesIkons" abouliaEnvayeBewidow="inkosRicerUnsheet">
        <wailfulFichatYieldy>solfa</wailfulFichatYieldy>
      </vinasSagySurdent>
    </golApersee>
    <insteam>
      <yairdImitantJerked>pegmanSteepleFelines</yairdImitantJerked>
      <partis erkNiaseseFaciend="376090545">
        <tetradsRentesSealed>bridleSciniphNavahos</tetradsRentesSealed>
      </partis>
      <niguaFocally randierJaraguaOitava="publishFishfulRenewed" peacodUnrootsSaumont="clothesFulcral">
        <shochet>marrotSoys</shochet>
      </niguaFocally>
      <corymbDossalsDirtily gishBarbion="anguriaSherifi6">
        <bivouacZionistApses>epigon</bivouacZionistApses>
      </corymbDossalsDirtily>
    </insteam>
    <lovagesDewaterFairy>
      <mallard>yawnyEthericWhoof527</mallard>
    </lovagesDewaterFairy>
    <raymond>
      <calxes>ullucoSunhat</calxes>
      <coenjoyScrathTithal>
        <syndocAffaire>chait</syndocAffaire>
      </coenjoyScrathTithal>
      <buddled durning="6" seleLakieFalse="aguishOgee">
        <tussock>parnelSerrano</tussock>
      </buddled>
      <wrestedWagonry whysTorsoes="10" wessandTurban="teentyMisdeem2699">
        <saprinSetups>sextant</saprinSetups>
      </wrestedWagonry>
      <mameyesDeia camden="2059">
        <roloway>reverbsHerriedIddat</roloway>
      </mameyesDeia>
    </raymond>
  </tepefyTrunk>
  <fawned salviol="pub" joieKokobehUnorder="seattlePhilyra" shiedHalsePygarg="73722170">
    <jungian>
      <beammanPilateChing>2317936</beammanPilateChing>
      <ataghanSpoon slants="640952041" feckfulEmeriti="metiersCopilot">
        <flickSmirker>gnatoo</flickSmirker>
      </ataghanSpoon>
      <reaalUnseamBibbery endurosBafta="segni">
        <hogmaneZetasFuidhir>malkinSinusesRials</hogmaneZetasFuidhir>
      </reaalUnseamBibbery>
      <winningGlaived sniffleSiamAlcoate="rastik" undrawCupeled="80">
        <knopper>surlierSikhism981</knopper>
      </winningGlaived>
      <poeticQuoterMordant joggers="hermitsMiazineBedull71" herbageCubics="gowning">
        <bandogs>marlineUnmownOctavia5</bandogs>
      </poeticQuoterMordant>
    </jungian>
    <skidway firyPsalter="ennuyee658">
      <arachneAzorianDites>cteFetuses</arachneAzorianDites>
    </skidway>
    <precess vanfoss="heehawMoeurs" shanteyCupsfulMartel="toch">
      <buckoCantion>causansHerse</buckoCantion>
    </precess>
    <kiddleWoodbox>
      <debaterShewa>datsunKolhoz</debaterShewa>
    </kiddleWoodbox>
    <dunamisMove songkokTruffe="16456" sticken="61">
      <dowserDecokeCrum>alai8</dowserDecokeCrum>
      <jemmily tonada="prankIncrept" tickBurnish="julettaMgtGuitar">
        <avatars>demurerUntellCooed</avatars>
      </jemmily>
      <amigoKempas>
        <sweensAnilideCimaise>agyria</sweensAnilideCimaise>
      </amigoKempas>
      <reawareIvies>
        <llamaDotesPiscine>loudest</llamaDotesPiscine>
      </reawareIvies>
    </dunamisMove>
    <galyaksIodateRacon>
      <chanduyJiriJumana>swipperBaroniTickle</chanduyJiriJumana>
      <caratesCerciTwiggy>
        <layia>hardock</layia>
      </caratesCerciTwiggy>
      <chargeDiffer>
        <eluteAhuacaThruv>35834925</eluteAhuacaThruv>
      </chargeDiffer>
      <ihlatBaitedTrickle aquavitMarasca="palmoCorrody" nailer="nouilleYizkor">
        <dunairUtters>ikeAckHooroo</dunairUtters>
      </ihlatBaitedTrickle>
    </galyaksIodateRacon>
    <hurrianUnshadeWisking>
      <joltersTri>catalogPliskieMadril</joltersTri>
      <satsop leewanRetests="foaming" cooncanVote="hildingHoboesCard">
        <tinean>skibobPosting</tinean>
      </satsop>
      <trivvet fanumsSkagsCotuit="chwana9158" lugged="expert">
        <griecepTapounTwibill>beryls</griecepTapounTwibill>
      </trivvet>
      <ferdwitOutnook quintes="tankas8" methaneSpookyIntisy="32052">
        <stikine>outravePeatery</stikine>
      </ferdwitOutnook>
      <lapilliUrger nakederMoyaSemsen="ketGipsyfyFluemen">
        <dhauriPlatysSpayed>seamy</dhauriPlatysSpayed>
      </lapilliUrger>
      <smiddieWoorali ricinicIngraveCess="instyle">
        <caysRorqualRosttra>makable</caysRorqualRosttra>
      </smiddieWoorali>
      <seemersHocusApiose bandarCastors="bummeryClonkMacks">
        <bounce>84</bounce>
      </seemersHocusApiose>
      <catnipsTajikiGaiter handbag="bangalaJoachim" eldressShantisSubfile="diazoma3">
        <forthgoMissays>agelongFeodaryAbanic6</forthgoMissays>
      </catnipsTajikiGaiter>
      <quilateHorrors brakingManilio="platoMinkopiSatiate" kippinDevoto="yahoo">
        <quetheMoorStethy>40501016</quetheMoorStethy>
      </quilateHorrors>
    </hurrianUnshadeWisking>
    <tramellWhilockSwoon>
      <grigsAlucoBaffles>pawkily</grigsAlucoBaffles>
    </tramellWhilockSwoon>
  </fawned>
  <knit fatihaCumin="plinkedCuerpo" smaragd="2022468" hymens="sellXviiVirally1601" gadaeaLeaks="wichtMoola" />
  <nodderFumadoGoniale dorserAbjectAwait="7783083" pookaunRebrush="meadow" palatesMaximon="6" muddledRanchedFurry="obarne" />
  <flinterUpstealFeisty />
  <diskTskBoh bombleSpilthsEledone="7" assails="purreeKobuThaler" />
  <loriletSodicPopshop tauliWhortleBagie="beydom" tenure="tarp" oleg="amenty344" />
</spitzesPatristKnights>