<?xml version="1.0"?>
<agamiBudeMensis>
  <unruly lunate="caukShrivenPronpl" eisellCalvus="volapieRussellTittle">
    <unneedySmashes>
      <cahillBasin>azoximeNonuses</cahillBasin>
    </unneedySmashes>
    <wigeon>
      <gnomed>tour587</gnomed>
    </wigeon>
    <thoronsEpisome>
      <arearScutum>chilverSemensPinners</arearScutum>
    </thoronsEpisome>
    <lacepodNevat>
      <salolsShes>realise</salolsShes>
    </lacepodNevat>
    <pontoRotte>
      <escry>sish</escry>
      <conuzorDoff harkedCoalersXxx="gristyLauroylEvolves5568">
        <bemole>woompBeammanParilla</bemole>
      </conuzorDoff>
      <faminesIratelyMilden>
        <valence>feelessBeshameAstride7668</valence>
      </faminesIratelyMilden>
    </pontoRotte>
  </unruly>
  <jetties loganiaMails="wheneerEuclase" rupertEyeletChymic="190756" />
  <bafyotXyliteTeazles riskingOvular="244383943" kayoedToston="guttiSouldiePinkeen" juggler="machDauke" />
  <hutungChristMadcap luteins="strubReroof">
    <choltryJondla>
      <embays>ayreBeading</embays>
      <trisemeLocableEaster>
        <chivyWizzenTempete>bartersJiff</chivyWizzenTempete>
      </trisemeLocableEaster>
      <thronoiReanvil teledusPomes="850" diluted="596699">
        <chares>utees</chares>
      </thronoiReanvil>
      <pashed flicksSubageTitano="33790080">
        <affixed>swagmen</affixed>
      </pashed>
      <unzoneGloriesWees toutingOmniumProws="rettory" pyropes="citrusBrails">
        <tossilyUnworldModerne>latrobeFrowsyBakongo61</tossilyUnworldModerne>
      </unzoneGloriesWees>
      <khami chloredDizain="libkinHugeous">
        <suffersScyphus>aspiredSatsumaPottles</suffersScyphus>
      </khami>
      <asciteFluerFanions>
        <caroachLibya>46904</caroachLibya>
      </asciteFluerFanions>
      <jetportSiffletDite roncho="turbidRunted">
        <izzard>64272204</izzard>
      </jetportSiffletDite>
    </choltryJondla>
    <archfoeInitis ligator="fainer38" bobAnubisUnbolts="ceylonFugue" cookedRoubleChazan="punditaTopes">
      <hulloesRevelerRamhead>unwontIodized</hulloesRevelerRamhead>
    </archfoeInitis>
  </hutungChristMadcap>
  <plow papulan="apprise38" irido="lowererLwo" sowMadcapsChyazic="90023" />
</agamiBudeMensis>