<?xml version="1.0"?>
<carload>
  <eskar siever="soiledCattiesUncute" carrelHarpaDishorn="469570315" laundryPholido="azoteaOwsen" teratic="33477">
    <semangWannessRumpus>
      <seafood>cubicaUrethra378</seafood>
    </semangWannessRumpus>
    <scragsBertrumBatted byrriExopodTidying="97805676">
      <stallTubletLastly>amuKomtokHadland83</stallTubletLastly>
    </scragsBertrumBatted>
    <ivrayFaucreMorphol peakingPiattiRubbee="16" ravinedPriapic="rotorDelimes" yoeVoes="5">
      <crafts>zingara</crafts>
      <tanged iten="punner">
        <aliundeMylarTurnway>monglerAwabi</aliundeMylarTurnway>
      </tanged>
      <bye aminityDisty="cnidianClaggyHitler" cabouca="refuserTalkieCanakin">
        <reduit>stalk</reduit>
      </bye>
      <cleaver swoppedKenyte="scrapedOurselCadie" parecyJiglikeFoliole="yonderGrafts">
        <readiesSnoreSpitkit>gumlikeStewpotChinos</readiesSnoreSpitkit>
      </cleaver>
      <quaking>
        <maydaysDecoke>frittsProcureDevow</maydaysDecoke>
      </quaking>
      <sanjibCrudNastily unwadedFrecket="4705" osticBoloed="plaiceIrksNippon">
        <denoted>baddiesOllockAzans</denoted>
      </sanjibCrudNastily>
      <frocksSnafuBuyout erminee="afghanArgolet" windled="188672">
        <uphillNiter>27077</uphillNiter>
      </frocksSnafuBuyout>
      <outseamCafoy balilla="emeroid">
        <hederin>signary</hederin>
      </outseamCafoy>
      <elating>
        <obelus>5753</obelus>
      </elating>
      <weanly snowEnzymsWrothe="jalops2881">
        <gableSwirly>cadweedThightHated</gableSwirly>
      </weanly>
    </ivrayFaucreMorphol>
    <mugaClock derere="larger">
      <mermanSkelpsAniline>jant990</mermanSkelpsAniline>
    </mugaClock>
    <crake trypaFakedUnpeel="agramedGodwitKnavish" artarin="palikarMotifsCoppas" enfeverFlectRuts="nostic">
      <dryableScytale>kasaPapaloi</dryableScytale>
    </crake>
    <unrestsStewbumCastory>
      <subherdDracinIsidia>ketylIchorInst</subherdDracinIsidia>
      <slippyRebeset cowlingRld="92">
        <preampRivalsAllured>feeingMucosas</preampRivalsAllured>
      </slippyRebeset>
      <swinksCholoid pupilar="bezzled">
        <aethusa>spoilerMalthaStrymon</aethusa>
      </swinksCholoid>
      <strives>
        <teatimeTombing>955640</teatimeTombing>
      </strives>
    </unrestsStewbumCastory>
    <amulet bicchedReclaspSpart="77" tanager="4">
      <fritt>prepaysRonyonsSwedger119</fritt>
      <unwaxedNiobean>
        <repoundLoamingHuddles>swillLeds</repoundLoamingHuddles>
      </unwaxedNiobean>
      <apulseMorella cycle="humoursGardy" gomariCostaeaUsh="sculkerPulsePudical">
        <lianglePutoffWarbles>airnTritorRinses</lianglePutoffWarbles>
      </apulseMorella>
      <stumourEelpot>
        <long>46250775</long>
      </stumourEelpot>
      <zemstva cloacaInjured="8589987" euryon="doudleLaming">
        <jumentScreeSaults>prevues</jumentScreeSaults>
      </zemstva>
      <unused ablowLichtlyEyases="9382" brogArrest="riversDittos">
        <dyeweedEyries>unadoptKassakPrep</dyeweedEyries>
      </unused>
      <awry ballers="hairifSeit" oxyurid="35">
        <unrootsRosine>trusteeTanzebGoddard</unrootsRosine>
      </awry>
      <elkwood lysines="3994" inspakeAltho="7926476">
        <guessFestiveBaining>wished</guessFestiveBaining>
      </elkwood>
    </amulet>
    <blimyVingtun uitotan="807" fazendaEntree="ungraceDonga" hokumPrussicPrecyst="caraunaWeepier">
      <steptOvigermTitien>impetreExactlyPigweed</steptOvigermTitien>
    </blimyVingtun>
    <subfief>
      <tulsi>slokenCloured</tulsi>
    </subfief>
  </eskar>
  <mpgOospermBraking mazdaCrawlerDwight="subsJogglyDieing" />
  <bowableMuskyMadnep />
  <gheberOxazinKelters waveryUpheaps="orderedLardoon649" saifyHexone="nontanPrerentLops" />
  <pianTunoEmbark otidaeBitume="463417891">
    <diddlerShoddenDosages lipsAffixerChecks="gusto" doylyFaldage="blitheScalopsTriode" cenoteNeedles="avowterDerfTimes">
      <adeniaPlurals>hurgilaSordsNoisier</adeniaPlurals>
      <gomeril goelPsidiumEras="hankul">
        <cheapoWadeExulted>wigwags</cheapoWadeExulted>
      </gomeril>
      <apophisHarish gourds="swarferTigons2563" sifeHombresBonito="chopinsHydrae">
        <roamersThob>induesAlsJatoba1</roamersThob>
      </apophisHarish>
      <malmag>
        <truss>wraithyOminate70</truss>
      </malmag>
      <chasmyMunifyRabbles yackEmbryonTupian="malkinsNaitly4">
        <scorce>78</scorce>
      </chasmyMunifyRabbles>
      <spermaCleatedFizgig benic="9586">
        <munia>serrulaCoypou7177</munia>
      </spermaCleatedFizgig>
      <paxSylva>
        <bobs>unpurse</bobs>
      </paxSylva>
      <murchyHymnodePlovers gossyCutely="theinsNatal">
        <braxies>sniftyKthibhChauvin</braxies>
      </murchyHymnodePlovers>
      <sebait esopus="403574481">
        <abkarySaltsSubring>eggfishBkg</abkarySaltsSubring>
      </sebait>
    </diddlerShoddenDosages>
    <bhimaOarsmanWachaga>
      <yangPostboxIdigbo>6</yangPostboxIdigbo>
      <typesofInaners>
        <inmewMessorBuriers>anticktDotish</inmewMessorBuriers>
      </typesofInaners>
      <seducesKetonic pug="2">
        <benshee>outliveSmoko</benshee>
      </seducesKetonic>
      <gibbing karn="grootHastenHeteros" satyrsUnhopedUlan="cerisesRallye1227">
        <unramBiblikeHuppah>1380</unramBiblikeHuppah>
      </gibbing>
      <physes suweCulotteJumart="spailRemolds">
        <gardyDecernCuckold>1225</gardyDecernCuckold>
      </physes>
      <odouredAcknew>
        <lethalsDyarchyStandee>kythingMarlaNoctuae79</lethalsDyarchyStandee>
      </odouredAcknew>
    </bhimaOarsmanWachaga>
    <packmenFeeders>
      <slitch>colonyWitlet7907</slitch>
      <tastily unruledMishnah="244104">
        <dicingNiobic>raguly510</dicingNiobic>
      </tastily>
      <teatmanEthoxylNeems relArchseeTaxir="cliviaFlytrapElixate" inkblot="schUnbend58">
        <payload>89705722</payload>
      </teatmanEthoxylNeems>
      <nagman>
        <mogador>uhllo</mogador>
      </nagman>
      <lexiconEnaena resweptPradeep="okimono2">
        <exclaveScarey>scuteTapuyo</exclaveScarey>
      </lexiconEnaena>
      <deckedReevingUntipsy gunlTexansHeezing="pierineActsCommand941">
        <swayfulDjukaHelco>758023</swayfulDjukaHelco>
      </deckedReevingUntipsy>
      <palterWelterRoxane>
        <orgasmWahSnaff>sciaticDervUnheler</orgasmWahSnaff>
      </palterWelterRoxane>
      <entrer kitman="783443601">
        <quacksHeraldsHygrine>prefet</quacksHeraldsHygrine>
      </entrer>
      <leniate daubing="3">
        <keistSubtileMimical>wauked</keistSubtileMimical>
      </leniate>
      <asitia matingsLovagesRehone="49254271">
        <qats>achueteShalluColk72</qats>
      </asitia>
    </packmenFeeders>
    <knobberMalamGauging>
      <psoricEvoluteCopulae>dryadResweepNeet</psoricEvoluteCopulae>
    </knobberMalamGauging>
    <tanti gloomBonducs="hellerAcridicGametal" saverBrabTimbang="2710949" carangaIllapseElvet="elidingMaill">
      <smiftAceticMining>mackJiffies170</smiftAceticMining>
    </tanti>
    <raul luchuan="puluPecora" nincumTrompsSoothed="rantsGebur">
      <creasesDerayKeratol>bemadUmbrian</creasesDerayKeratol>
    </raul>
    <porosisShogunsElation>
      <pasearCrenula>hoises4033</pasearCrenula>
      <risottoMosseryRaptus>
        <guvPiprine>boyoIffier66</guvPiprine>
      </risottoMosseryRaptus>
    </porosisShogunsElation>
    <stagneGodding galeae="858338893" cubdomArgolic="4" bullockCeinte="6">
      <upwent>28</upwent>
      <non pryingWhereto="oxyazoAdmiralTaplash">
        <bewrapsHoickedBoney>9</bewrapsHoickedBoney>
      </non>
      <squiredScuddleGrannam taro="skiings">
        <peoniesScrotumDipcoat>nightedCraikCwrite</peoniesScrotumDipcoat>
      </squiredScuddleGrannam>
      <bdlExpireeHoodman obovalCheveeWayaka="frithsAlbinWooled13">
        <pipagesFreerMiction>2190355</pipagesFreerMiction>
      </bdlExpireeHoodman>
      <deicesRabbet pholasTay="lordomaWorsen" orgiacCortinaRix="voraz">
        <dustySemiraw>2189958</dustySemiraw>
      </deicesRabbet>
      <dingeSnastyFinish cornifyObolus="525" brulot="doubtyBito">
        <falla>granadaSpins648</falla>
      </dingeSnastyFinish>
      <peorianDivorceShaking bandoLaveer="caroidNephilaAbrupt" heiledAidful="mucidWagered7213">
        <putamen>90242813</putamen>
      </peorianDivorceShaking>
      <daybookRelaxed unriskyKami="goshenNitrify" picryVomitZones="psycterPis">
        <but>busingsTaunter</but>
      </daybookRelaxed>
      <narras mincersVisingSlappy="subpoolBursePreen">
        <tossup>photicsProode</tossup>
      </narras>
      <ixodesCowtailBedels pontonMakableBewall="bhandar">
        <kabs>dimmishMoriscoRammy</kabs>
      </ixodesCowtailBedels>
    </stagneGodding>
  </pianTunoEmbark>
  <parados fream="clampedRatersArtemis" snagEntrer="pepsKushshuPalette" tambukiRoter="991060">
    <raggilBonsai>
      <hoodiesHarayaTurse>bayete</hoodiesHarayaTurse>
    </raggilBonsai>
  </parados>
  <idylizeClutherCeilidh bibiBanquo="phocidSkelLowy" myrtles="nelkenCaudle5050" tuffsAlumic="1979" />
  <shptScolexFrenchy>
    <copulas>
      <staysKanoon>indigos</staysKanoon>
    </copulas>
    <thighsDhobie>
      <roodle>preceptVoicedUnrebel</roodle>
      <combosPoorerAkule umpirerFoldenCloine="jaseyWeighs" calchas="89865036">
        <dimyaryAmalgamUranus>jethro2330</dimyaryAmalgamUranus>
      </combosPoorerAkule>
      <cururosSambhar ropp="mooktarTamanac" leewardUsable="pachymaGullah">
        <whitsunAptate>vernage76</whitsunAptate>
      </cururosSambhar>
      <washesImbanPrepink>
        <filago>dupedom</filago>
      </washesImbanPrepink>
      <pixels agushKahawai="6">
        <swaggi>2510</swaggi>
      </pixels>
      <dnieperReifChinsed xanthylHasnt="30676739" pazendCanapCohost="pietyPail">
        <bulbed>blendedKiri</bulbed>
      </dnieperReifChinsed>
      <fusiblyReguli froGuavaWisse="luridlyTaalDoozy">
        <slentGurgeonNaganas>2117</slentGurgeonNaganas>
      </fusiblyReguli>
      <suiline poggyTopcoat="nife">
        <rhizina>highwayGocart482</rhizina>
      </suiline>
    </thighsDhobie>
  </shptScolexFrenchy>
  <maravi>
    <afar>
      <thaveSpelunk>mnesticEnfaceWowwows</thaveSpelunk>
      <somdielRetune shucksCollage="21">
        <thrawn>madwortResing</thrawn>
      </somdielRetune>
      <tai chapletOvermanPrinkle="viridWakemen">
        <treysStrome>3678796</treysStrome>
      </tai>
      <ovatedXmasBestuck>
        <fantadKneepan>boonkLunyHists</fantadKneepan>
      </ovatedXmasBestuck>
      <tabacBefancyWelted lour="emetinSulaNiobite70">
        <icing>vanedAcridin</icing>
      </tabacBefancyWelted>
    </afar>
    <rauque>
      <jobsManjak>7461076</jobsManjak>
    </rauque>
    <torquedPeiser scheatNooser="gestant2" quireShafted="forecar" charbonClava="birder">
      <ravenedRefontWitship>snoozle</ravenedRefontWitship>
    </torquedPeiser>
    <chudder yangtzeOvarinFlinder="7447" duledgeFanjet="disroot25">
      <ischiacHoultRashful>27979093</ischiacHoultRashful>
    </chudder>
    <celliRelick stoicalSitfast="saidiYutuMismake223">
      <semiorbAstrain>retinolYeatHaji</semiorbAstrain>
      <talpa faecesUrman="plagae" abbasiBedukeFinnac="spilledReejectPrexy">
        <stuporsMorionsSong>739</stuporsMorionsSong>
      </talpa>
      <alumianKaraganThens pickers="veinageDhoneyLargo">
        <sprattyMesozoa>wondieBibbing</sprattyMesozoa>
      </alumianKaraganThens>
      <divansAsmack>
        <enwrapsChettik>pacu</enwrapsChettik>
      </divansAsmack>
      <clashesGadwallDorking cavern="fagoterBurfish">
        <engold>vinaliaBondoc</engold>
      </clashesGadwallDorking>
    </celliRelick>
    <culprit>
      <footpad>tentor</footpad>
      <rodentNoduled ersatzEmceingVialing="lutedCesureCamelry">
        <nailbin>meskedWoos</nailbin>
      </rodentNoduled>
      <nahorAntePunned>
        <aguiseShalwar>904</aguiseShalwar>
      </nahorAntePunned>
    </culprit>
    <dowdies celomsMatsuFlanche="atrede" forritSparrowBalk="effray">
      <thimberOxane>55173895</thimberOxane>
      <quackyBurgall nankeenStretch="8260407" quamash="diagStainer">
        <plass>93480139</plass>
      </quackyBurgall>
      <makarsShive cowhideWantwitDiadic="pathemaPisa2654" confer="kolobia">
        <suddleGambeGlynn>50544678</suddleGambeGlynn>
      </makarsShive>
      <lesbian>
        <lagoonsBumbardCanham>tarrilyVintner</lagoonsBumbardCanham>
      </lesbian>
    </dowdies>
    <halifaxAesc verily="stanesBehowlYodle" arcusEpigoni="sassiesAmmeos" dearerSinsSitcom="perakimRibbetRagmen">
      <unwiserPanadas>37878478</unwiserPanadas>
    </halifaxAesc>
    <cut>
      <gaumedCleated>uncomicDeems</gaumedCleated>
      <uncos oliveLatkeLotusin="902">
        <frizzes>strengSamian</frizzes>
      </uncos>
      <faroBlinkCounsel drugmanLotusesDrubber="wivern7">
        <chelasAerosol>faciestLeadedOath1938</chelasAerosol>
      </faroBlinkCounsel>
      <bunked>
        <noyantPlanetaKrubut>rexenAboonRoaming552</noyantPlanetaKrubut>
      </bunked>
    </cut>
    <bourreGaizeUntall>
      <adusk>mahriTubar</adusk>
    </bourreGaizeUntall>
    <blendesNific dugoutsVirbius="5">
      <guesterPlot>bratTolaJayvee</guesterPlot>
    </blendesNific>
    <piaffed>
      <amreetaJaukTaberna>miscrop</amreetaJaukTaberna>
      <tapetiNiesDarkey saiteSlangySulfur="outhiss" smicket="twie">
        <bromusAgnailFloaty>cootDeplace</bromusAgnailFloaty>
      </tapetiNiesDarkey>
      <paysInitialPloidy uniques="alcazar">
        <belgaSimple>valvaBanzai</belgaSimple>
      </paysInitialPloidy>
    </piaffed>
  </maravi>
</carload>