<?xml version="1.0"?>
<unoped>
  <kursaalPreburn koelUnhoseVividly="fronded157" toothedRaven="deignedBikes" begsterVacuefy="julidEndoralManati">
    <thulite>
      <tindaloEndivesPurreic>soberly</tindaloEndivesPurreic>
    </thulite>
    <visileGyn>
      <lipemia>retrackZeroize</lipemia>
      <affySpanner collisCapellaSciath="speltsOverleg" refontGibs="tropary">
        <nonlyCausson>51287046</nonlyCausson>
      </affySpanner>
    </visileGyn>
    <aljamaVictors picaro="sensus">
      <fealTawnleAncilia>3</fealTawnleAncilia>
      <stirpTyeesGinks>
        <amuseBoycottDespite>versa</amuseBoycottDespite>
      </stirpTyeesGinks>
      <donnerdHoodleBurked>
        <winemayHazan>uzarinUnplug6076</winemayHazan>
      </donnerdHoodleBurked>
      <ourariInswell bevined="draftyDichterJewless" taiping="civitasSpoomEpulo">
        <furcaeVialed>poutOogoniaGile331</furcaeVialed>
      </ourariInswell>
      <whimseyNaibTanners bedurRuddersGalloot="former">
        <cognacsStigmeTinean>hypoxiaAshamnuMaleos</cognacsStigmeTinean>
      </whimseyNaibTanners>
      <bunks kissyHolders="summonSchermFurole" neuters="ensealPeltFeeler">
        <oratedMulmBay>miskinHangarMes</oratedMulmBay>
      </bunks>
      <leasers tailorHaplomaSeta="477">
        <sizerSeriate>884</sizerSeriate>
      </leasers>
    </aljamaVictors>
    <rollerDefeatPhotic bootes="shorted4214">
      <pataria>baruDalton61</pataria>
      <harlotsFormantBodied spheredTeether="rutRifeHisn8">
        <croisesTorte>choateNorice</croisesTorte>
      </harlotsFormantBodied>
      <leeksRuachLyncean>
        <linealGabions>nanmuTanseyAlout</linealGabions>
      </leeksRuachLyncean>
      <haloUnmownTournee sperpleWronged="philosYirrRecoals2121" idolishIntrude="64">
        <mohelsMang>535161181</mohelsMang>
      </haloUnmownTournee>
      <khitan jettiesLisbon="shoppeCowpock" jasz="929380">
        <iotaPinnyCroze>731</iotaPinnyCroze>
      </khitan>
      <panocheCicadae glairyBust="58579">
        <legoaUnrivetOturia>tawyerArcuses</legoaUnrivetOturia>
      </panocheCicadae>
      <moluche campier="nestsBlanch">
        <zoomsYlem>youthsOperaryAbyssal</zoomsYlem>
      </moluche>
    </rollerDefeatPhotic>
    <trigona>
      <shickerAflameVanning>tinklesBlowoutCals</shickerAflameVanning>
    </trigona>
    <trotolModena>
      <hiding>matter</hiding>
    </trotolModena>
    <salviasLucianCosset>
      <treaded>quaigh</treaded>
    </salviasLucianCosset>
    <vatmanKissarConners gamingMirac="neakesIrrisorBawbees" kippingRierDitto="sniped">
      <rating>culett</rating>
    </vatmanKissarConners>
    <cylUntouchCoraji carfulsPendedFluters="runoutUnloopDonable3">
      <thilly>buttockMaskerPalely2</thilly>
    </cylUntouchCoraji>
    <dodging stengGnoff="barff" apoikiaOyletLatent="fags">
      <harborMandar>whealedMerops</harborMandar>
    </dodging>
    <drubbedScherziLumpmen councilStylet="aghoriSpeedoEspec" toozle="perrierOuttrotWetted" mesost="nektonsCaliverBaybolt">
      <nebAnchusa>helpedKab</nebAnchusa>
    </drubbedScherziLumpmen>
    <orangsEclatedWilfred>
      <poorerCrudyBrawn>5</poorerCrudyBrawn>
      <oerstedDadaistVisaed>
        <calvousBarmieFlora>wiedParade</calvousBarmieFlora>
      </oerstedDadaistVisaed>
      <revenueKodoguMoolvee unition="bhangiDinicBivial">
        <fatsCobnutsYer>sundogsDivetOnerier</fatsCobnutsYer>
      </revenueKodoguMoolvee>
      <varioleKagos feodDovensRelax="toolkitGalletEphebe">
        <stamens>454458478</stamens>
      </varioleKagos>
    </orangsEclatedWilfred>
    <huzzyUnjaded>
      <vespoidSore>tetter</vespoidSore>
      <whumpUnrainy>
        <murrahAphodiFoambow>axemen</murrahAphodiFoambow>
      </whumpUnrainy>
      <soryConfrCrenula trulliOverfee="relastAirestAxile" ceptorRumexOmikron="suecism1124">
        <pretzel>3206</pretzel>
      </soryConfrCrenula>
      <weeda pinionBlume="sonants21" mufty="francs">
        <ferrash>hypoedRom</ferrash>
      </weeda>
      <theresChromyl rerope="ensigns2429" kaguPlanks="icica">
        <sottingCawnyPined>96770</sottingCawnyPined>
      </theresChromyl>
      <darkly tree="506">
        <dubbersGrewtAlture>quench</dubbersGrewtAlture>
      </darkly>
      <cockpit lawfulQuints="ottomanAlcaLawine6">
        <dopierMilt>22444785</dopierMilt>
      </cockpit>
      <funicleMasque>
        <scream>figgierThunderWitness</scream>
      </funicleMasque>
      <piannet truster="5626300">
        <wanderyWidened>fettedYukkelSirdars</wanderyWidened>
      </piannet>
    </huzzyUnjaded>
    <chaster amalgMalmockKerseys="6" jahCukes="optsUncivilRoundel8">
      <outdo>bittyFitfulUdic</outdo>
      <tubbing sermentOutstay="ferie">
        <repiner>skieghAcockCharros</repiner>
      </tubbing>
      <curtly obeySisel="alginsLatonaWarb85" costaKahala="dalasisBoygAverts">
        <flickerBillowInlands>atabekScenic</flickerBillowInlands>
      </curtly>
      <loggerLoggatsFalse horsyOrchardAreason="pealsUigurPooder30">
        <pardahOragePufflet>56</pardahOragePufflet>
      </loggerLoggatsFalse>
      <helbehSireniaAttacks lugger="245">
        <korunaSoleret>stayersInequal</korunaSoleret>
      </helbehSireniaAttacks>
    </chaster>
  </kursaalPreburn>
  <luwian fussier="nylonFlowage" />
  <zymosan>
    <subveinMorsels>
      <sergtPique>fadeoutSnips</sergtPique>
    </subveinMorsels>
    <kuruma pokyEagers="epitHooJacktar" asgd="57">
      <mottoesLodgerSynovia>fittestPeensHulked</mottoesLodgerSynovia>
      <manilaNaitlyBerobed hutched="itaves">
        <jalur>jubarbGrovel</jalur>
      </manilaNaitlyBerobed>
    </kuruma>
    <inroad>
      <airt>titienHalflyTug9856</airt>
      <baleensEucre unrigidPrepg="1168" bogway="bedsideFol">
        <fetFeyest>accollMeddlerParagon</fetFeyest>
      </baleensEucre>
      <teentsy morulaeShapier="unfairLoxGult" gorgeNixed="abiosisUmauaCazibi73">
        <gyric>ejusdemPluton</gyric>
      </teentsy>
      <topi>
        <samhita>vodum</samhita>
      </topi>
      <kiddiesDicycle>
        <smoothySawah>9</smoothySawah>
      </kiddiesDicycle>
    </inroad>
    <abordTruck>
      <bargir>blonde</bargir>
    </abordTruck>
    <oboleAlacran>
      <baguiosAdnexedLiaised>9855333</baguiosAdnexedLiaised>
    </oboleAlacran>
    <yair>
      <caudal>befoamCowskin</caudal>
    </yair>
    <lowsing>
      <underlySinopisSparta>4135014</underlySinopisSparta>
    </lowsing>
    <yakkersConvoke>
      <nooses>ahungryFirst</nooses>
    </yakkersConvoke>
    <waeJoskinPhar>
      <barmingSlodge>dago</barmingSlodge>
      <adeCraaledApsis veriestIda="ignorerUngrand">
        <sabersBastile>andrite</sabersBastile>
      </adeCraaledApsis>
    </waeJoskinPhar>
    <eightAhtSnared>
      <ductor>3365</ductor>
    </eightAhtSnared>
  </zymosan>
  <wessandThemed oliverTimist="lotahsDuscleHarass" bosky="vanedInducer" salivanBrazas="ropesBenders" inflect="42418738" />
  <sheafs muchesNul="tordionHiroTunnor" widower="infancyUnaware" esseneRaggledHaemins="bowsawShacklePerine5546">
    <fecundAnthemCre>
      <langiRecked>532181485</langiRecked>
      <sizes>
        <kerchObecheThoued>88</kerchObecheThoued>
      </sizes>
      <rapersCystis>
        <termanMurexAguey>62470034</termanMurexAguey>
      </rapersCystis>
      <vaunty vinalsEpiboly="kenyaElating">
        <mutaseBulls>earlockEntreesSpavine</mutaseBulls>
      </vaunty>
      <hushionPluckTopazes hobberScomfitPoltina="knuteDuadic" vafrous="repelDicingRik">
        <brocksBayano>runman</brocksBayano>
      </hushionPluckTopazes>
      <jazzyEducateSiccity>
        <closeNewlyInradii>89</closeNewlyInradii>
      </jazzyEducateSiccity>
      <myosinsPsuedo>
        <zinzar>macheer</zinzar>
      </myosinsPsuedo>
    </fecundAnthemCre>
    <mahicanUppullBemeet>
      <penounPorogam>retreadAndersDodoma</penounPorogam>
      <salukis burses="262375983" bealingTabstopSuji="66270697">
        <tautenKilter>enrough</tautenKilter>
      </salukis>
      <shill fol="pewfulHaptens">
        <rhaphaeFlicsOdeum>9</rhaphaeFlicsOdeum>
      </shill>
    </mahicanUppullBemeet>
  </sheafs>
</unoped>