<?xml version="1.0"?>
<ogeed>
  <femmesTumidly>
    <addax>
      <barihCowages>servCygnus</barihCowages>
    </addax>
    <ourieBaghla purplyPottersMoup="barite">
      <cometCamalig>hurtingBlabbed</cometCamalig>
    </ourieBaghla>
    <asana werecat="labial" kinhinAlchemy="bemaul">
      <biopsicTwoOuted>motifsBrownsDebrief</biopsicTwoOuted>
    </asana>
    <ensateAraceHip>
      <shooi>80866</shooi>
      <squillsAntaeSakes captiveKenUramido="sodom" deucedCrane="shinneyDitt">
        <outwood>wigletsThreoseSassed</outwood>
      </squillsAntaeSakes>
      <capuliSponged sweated="bifidChurledHuffs" abodahGalvoCaranna="intonesGesArcubos">
        <gein>airishWoomp</gein>
      </capuliSponged>
      <quodGoar scudoVogue="pinfoldProaInness" waftage="krans707">
        <ruelle>674165541</ruelle>
      </quodGoar>
      <reputes>
        <lipidsWow>otogypsIsopag</lipidsWow>
      </reputes>
      <iberite>
        <unlistySeiurus>posteaSpik</unlistySeiurus>
      </iberite>
      <biblism>
        <luisenoKoi>455503775</luisenoKoi>
      </biblism>
      <unsoberRimu>
        <emoveSiltageEneugh>jinnsRoven82</emoveSiltageEneugh>
      </unsoberRimu>
    </ensateAraceHip>
    <galbulaLythe carrochViragos="patonce" cyathNationsSatyr="565">
      <tristDatival>winged60</tristDatival>
      <achingDrakes folium="4945105" smeltChatonsAlismal="tinware">
        <aneKvases>cacciaAulosEasting</aneKvases>
      </achingDrakes>
      <personsJelloidPaneled masseur="endways">
        <cuppedUnstripNieces>hexaTee</cuppedUnstripNieces>
      </personsJelloidPaneled>
      <tedded>
        <ascitesWoolman>illeistMannetLollopy</ascitesWoolman>
      </tedded>
      <cocainsSanctae aenigmaScrout="strivesFunctus" spicilyCerated="70138">
        <luckPeliasTortor>cloveneNuzzerDebbies</luckPeliasTortor>
      </cocainsSanctae>
    </galbulaLythe>
    <payers>
      <corbedLimpets>5</corbedLimpets>
      <traistSoffitTart teleuto="upkeepsSerrana" sirupedTriamin="5559542">
        <suevic>blasiaCancerDighted7430</suevic>
      </traistSoffitTart>
      <tramcarFussersRakily methane="tchickWahima" pappusPeleliuBobbled="guineanGoldin">
        <knurl>prepayThatchyTriens714</knurl>
      </tramcarFussersRakily>
      <molluskUnshotPus albrunaPaseos="lipomasPhobies">
        <monkeysUnbane>voles</monkeysUnbane>
      </molluskUnshotPus>
      <tussive>
        <pokanObeyersGanta>lohoch</pokanObeyersGanta>
      </tussive>
      <bepawFixgigFlisk upholdsKlomPielum="62" chiningTurpify="60545633">
        <kroonsBekko>1464139</kroonsBekko>
      </bepawFixgigFlisk>
    </payers>
    <delapseDietHyenoid manorMyotony="93488344">
      <cindery>plotty346</cindery>
    </delapseDietHyenoid>
    <rejoltRaiders>
      <clawedSenonesMachogo>acyloxyStereosAzulite</clawedSenonesMachogo>
      <pidanLitchiChkfil noduliJulepsPensive="madhva977" akamnik="hognoseSortes893">
        <camarinMurreysSamiels>drachmaSurgedHardens</camarinMurreysSamiels>
      </pidanLitchiChkfil>
      <enrich embarsRubesPitirri="increptMoriori2102">
        <stepupBuriatSastra>unbone</stepupBuriatSastra>
      </enrich>
      <centimo bantingHarass="wagwenoSubiya" tudor="raughtAurify">
        <fulgentRindleDampang>9049</fulgentRindleDampang>
      </centimo>
      <urohyalDroversRambles externsMinus="diets" fratAeciumMogs="shebatTinny">
        <leeserMetrify>lurersReseen</leeserMetrify>
      </urohyalDroversRambles>
      <chamaJobmenLutist sakhaWeekDomoid="94" sozzled="72">
        <brawled>returnsPeabodyMbunda634</brawled>
      </chamaJobmenLutist>
      <inkos>
        <stoicalEdam>bepaperAtwiteEmicate</stoicalEdam>
      </inkos>
    </rejoltRaiders>
    <cteMulture>
      <prerentBeamer>biunityTates</prerentBeamer>
      <indart sinkersHamza="4">
        <guyana>wendigo</guyana>
      </indart>
      <olmKnapple diwansAttingeCatvine="derrid9383" osphereTahilScowls="114">
        <tassesPyuria>sourest</tassesPyuria>
      </olmKnapple>
      <piningBenignMichabo resawerGaolingOverfit="samboukFoleye" drunker="blypesDike">
        <enablesUpbreakReendow>snipperSancho</enablesUpbreakReendow>
      </piningBenignMichabo>
      <kyaungLyraway outtoil="utend5">
        <unledKichelRammel>creeshy</unledKichelRammel>
      </kyaungLyraway>
    </cteMulture>
  </femmesTumidly>
</ogeed>