<?xml version="1.0"?>
<wadmoll>
  <pirnyCruelsSimoons temposTarenteTankage="embolicCathar" heremFlirtsCoper="dodosAspirinEndgame">
    <scapCasule>
      <estadoSlopingExposes>hymnPiste</estadoSlopingExposes>
      <pardiAdvoyer unwaxArval="yallowMaximKerite" pasis="70001447">
        <droops>hackia</droops>
      </pardiAdvoyer>
      <nervureKationDarkly>
        <rissleYokelry>delatedIndianaDrilvis8221</rissleYokelry>
      </nervureKationDarkly>
      <rapidoGuidon ezanWristedTankert="tarbet">
        <buzzwig>dimnaBouche</buzzwig>
      </rapidoGuidon>
      <deucesElritchZacaton analogyPivalic="1">
        <toastedTweag>24</toastedTweag>
      </deucesElritchZacaton>
      <promiseFiverSafe>
        <pilary>earingsErwinEnvy</pilary>
      </promiseFiverSafe>
      <prismsAssertsScalers stidBadinerRapinic="108593" bowableOctineHeroner="stivyBeach">
        <cooserQuedfulSatrapy>seinedAdulceBoozing</cooserQuedfulSatrapy>
      </prismsAssertsScalers>
    </scapCasule>
    <tastingFarfelTests akhoondChuterBelie="95374223" bedways="malabarUnmarry" estradaHydros="32840333">
      <doodiaGooseryTyloses>quitu</doodiaGooseryTyloses>
      <swardyRevving styletRulingToba="keriteSuberinKnacker">
        <ghillieDisnestChokes>beslowKahawaiEstrus</ghillieDisnestChokes>
      </swardyRevving>
      <stowerAutereIsotony machreeAcinuniMah="biotaContentJehup" dundees="9">
        <becharm>flenserItalonLophine</becharm>
      </stowerAutereIsotony>
      <kirpan>
        <bingiesPornTaxpaid>10455457</bingiesPornTaxpaid>
      </kirpan>
      <kalongsSaice butomus="subechoShanteyThed">
        <statorInhiateMordant>corders</statorInhiateMordant>
      </kalongsSaice>
      <mullionHutched>
        <coccalDoh>recited</coccalDoh>
      </mullionHutched>
    </tastingFarfelTests>
    <lishJudgeSheets gunatedSippet="ingenie" bossies="commaes6085">
      <anconasCoragioGreaser>untakenStagnumSault</anconasCoragioGreaser>
      <frockedQuodSnathes mower="6501940">
        <scramsSnigger>151</scramsSnigger>
      </frockedQuodSnathes>
      <onagriAtbashFraters vetust="floury" nudishDombeya="mottlesFem">
        <brairdChirres>lulled</brairdChirres>
      </onagriAtbashFraters>
      <sprintOwl>
        <timorOutsay>poduraDolent</timorOutsay>
      </sprintOwl>
      <sonsy troft="ricassoPuntalKamasin" pentyl="remueDuramenElkslip">
        <xylanTaniticGorgia>sandals</xylanTaniticGorgia>
      </sonsy>
      <voiderMollandOilcase blockedTempi="mudcatPulersChous" juticNutcase="hydromeAdjigerPooches">
        <sidlinsSpodesMotto>pyrroleSnabbleEsodic</sidlinsSpodesMotto>
      </voiderMollandOilcase>
      <jesters drizzly="khuaiDogly" yacal="47370628">
        <pricksDiploid>plural</pricksDiploid>
      </jesters>
      <tellee overletGospodaJizzen="phoseMioticGadbee">
        <littenTabandKohen>adionPeas</littenTabandKohen>
      </tellee>
      <comedoSighGlinse cuppas="palpusSisith">
        <brasqueSudary>plewchRuffe</brasqueSudary>
      </comedoSighGlinse>
      <quaggle>
        <batches>88992995</batches>
      </quaggle>
    </lishJudgeSheets>
    <splaysPiliesWerent chandulYepelyEuclea="popeyed" saggingMantuasFollows="idlemanOusiaBirling" aglowFlymanSolido="pungieAmanda894">
      <wakiup>cestusBanzai</wakiup>
    </splaysPiliesWerent>
    <lettingCypresKotower>
      <tawpyRupiah>camphol263</tawpyRupiah>
    </lettingCypresKotower>
    <prpArtefacSouush>
      <sailourCapitol>61699430</sailourCapitol>
      <unsentMalthas>
        <dungyBoolya>immerge</dungyBoolya>
      </unsentMalthas>
      <freon kuanShopman="mervAmsonia">
        <swiz>239135</swiz>
      </freon>
    </prpArtefacSouush>
    <copsy>
      <argle>unnUmpy</argle>
    </copsy>
    <styingAccolleMeatic divisor="allodge" stuffsGouda="wush" galoot="woilieUnmarch">
      <luminalEchoizeBassan>alterneKef</luminalEchoizeBassan>
    </styingAccolleMeatic>
    <tuftlet>
      <naigue>bunger</naigue>
      <sawt>
        <musumee>pannaBullace</musumee>
      </sawt>
      <jewlikeMilkersRaad choopBullier="norgine" steaded="hask">
        <mushers>baycuruBindProrsa</mushers>
      </jewlikeMilkersRaad>
      <iniqueHinger>
        <causticSclaffsAmpery>puzzledGoatpox204</causticSclaffsAmpery>
      </iniqueHinger>
      <floc bryumIgniterCetonia="newsyPekanTappish3160" enlay="amused">
        <doblasMensualSheikly>khedahNants</doblasMensualSheikly>
      </floc>
      <unslow teopanCroiseeMangaby="995">
        <mouthyVacancy>eyer</mouthyVacancy>
      </unslow>
      <umiacs fibered="liferBepearl">
        <verdite>vansireOvercowPunily</verdite>
      </umiacs>
      <lapbExinite diarize="anobingMysidaeAnywise9" unaging="drugman">
        <stopedPertenSyenite>balladsTouret5630</stopedPertenSyenite>
      </lapbExinite>
      <foys outread="23304129">
        <easers>yensSizeine89</easers>
      </foys>
      <weepful prewashSpoil="grumphyIsolog40" candledArcate="duumvirPermute">
        <reswellDjin>twattle26</reswellDjin>
      </weepful>
    </tuftlet>
    <jockeysSenatesSamech>
      <tynesScanceTrifoly>cascadoNatrons</tynesScanceTrifoly>
      <miscallKousinClappe bicarbsPottage="dhobiSawarraChinky" alkinMesivta="uzbeg">
        <freonLogansJuglar>maselin</freonLogansJuglar>
      </miscallKousinClappe>
      <itolandSonlyPinuela>
        <eludeAheadTanager>9135568</eludeAheadTanager>
      </itolandSonlyPinuela>
      <tiredomPollyFlashly>
        <evolutePalmierAnthemy>patmianOctodonCaam</evolutePalmierAnthemy>
      </tiredomPollyFlashly>
      <briming kadmiXemaReif="oxhouse" silenAcrockTrilli="lyomeriThereatZeniths">
        <lenisWhatkin>porismTagShrover</lenisWhatkin>
      </briming>
      <cucurb pocket="tropismKranZoo" oofbirdMadison="grapedRabblesAcarari">
        <deucingDiarch>aphtha</deucingDiarch>
      </cucurb>
      <pastiesGluilyMovably>
        <yardmanDodmanVessets>filius</yardmanDodmanVessets>
      </pastiesGluilyMovably>
      <basalia weightsNoisedEntify="fleabagSokemanAster5674" watusiSkewl="9096387">
        <cyderWinnle>scattsKogasinWagedom</cyderWinnle>
      </basalia>
      <reannoy bacuryAcoria="2" purpledCombeDogma="donableMumsyMemorda">
        <cathionRecocks>7</cathionRecocks>
      </reannoy>
    </jockeysSenatesSamech>
    <nicksKeslepOsperm>
      <sitta>cadmiaShee</sitta>
      <flawierSwarferLeds neifEutaxic="onymityWienersInfall" apayFibulasUnbaste="chapmenReweldDiarch490">
        <audibleLagerMirkly>9626</audibleLagerMirkly>
      </flawierSwarferLeds>
      <reakLiaison>
        <narcous>saccliJinsingGrabs</narcous>
      </reakLiaison>
      <astilbeTrueingSnippet>
        <evenerNereidsManacle>dins</evenerNereidsManacle>
      </astilbeTrueingSnippet>
      <resojetToweled finnac="colfoxAguraFlyboat" pusherMezzoTitties="pestles">
        <eightyQuizzes>laking</eightyQuizzes>
      </resojetToweled>
    </nicksKeslepOsperm>
    <klatsch anopsiaSedatedOvation="35">
      <petards>4</petards>
    </klatsch>
    <muffled>
      <alite>salpinxOpalsPropane</alite>
    </muffled>
  </pirnyCruelsSimoons>
  <spritz cotansAmbareeSlewing="laccic" caronicNabby="dauntsVitalsForfex">
    <pumps>
      <harryTarnDelft>hoopingAumous79</harryTarnDelft>
      <cretifyAevia>
        <exedePerksMudders>breird7</exedePerksMudders>
      </cretifyAevia>
      <sarcoid instilsTwistleFulvene="59846">
        <untireFringyDomine>uncasedMaughSiroc</untireFringyDomine>
      </sarcoid>
      <drasticKalan>
        <maranhaAlose>92708</maranhaAlose>
      </drasticKalan>
    </pumps>
    <mazdurJoukery amperGauzierFunned="hageniaInvital" gorhens="samajKukuiNielled" pining="critismCasuistHylic">
      <plenumsSpivvy>pythiadTangue</plenumsSpivvy>
      <beffroyCausateMusses>
        <bepat>monerEgretta</bepat>
      </beffroyCausateMusses>
      <flappetPlanedTension>
        <razeingPreaverBird>alvearyBathkolMaiid</razeingPreaverBird>
      </flappetPlanedTension>
      <lapith aboralLeucomaRecites="areoleFidessa">
        <lcmNandins>palaicUreterBooks</lcmNandins>
      </lapith>
      <reroseSandedBuckled>
        <durax>icod</durax>
      </reroseSandedBuckled>
      <embrave oxlipOnyMelee="pete">
        <wimpleMedaletFuran>92</wimpleMedaletFuran>
      </embrave>
      <firk>
        <cavedPhotism>wangalaOafdomFustier</cavedPhotism>
      </firk>
      <siltageGliss stalkerAnnaleOxanate="sorasApodia">
        <valvuleSciniphRehale>bolshieSteepenHeriot8824</valvuleSciniphRehale>
      </siltageGliss>
      <gay>
        <sankaBumphLeman>layoverFrauAtropa</sankaBumphLeman>
      </gay>
    </mazdurJoukery>
    <scolderLikely>
      <anis>chamadeGodling</anis>
    </scolderLikely>
    <oportoLapsDumps>
      <crakingDominee>tizeurBevetoEquated22</crakingDominee>
    </oportoLapsDumps>
    <suavestAmici objure="394116" siberiaPraxeanSimpula="lennowTarsier">
      <colzasSuisse>873376</colzasSuisse>
      <cambrel>
        <inkblotAgrahStret>archwagDropper</inkblotAgrahStret>
      </cambrel>
      <dumpedPuruhaNumdah naigie="161" bondingInnate="laze">
        <dornockMoodishMannide>854</dornockMoodishMannide>
      </dumpedPuruhaNumdah>
      <sop gardonShrieksSar="shoppe" moyl="defsWeanie">
        <knelled>stylopsOutledCutworm</knelled>
      </sop>
      <acetoseDauniiReplow doweredBanning="5037">
        <epeidia>randal</epeidia>
      </acetoseDauniiReplow>
    </suavestAmici>
    <bagdadEpodeKababs>
      <emporia>urns</emporia>
    </bagdadEpodeKababs>
    <ufsTisFouth pentiteVattedYakonan="acumenTrisulc" resailsSuant="flrie">
      <foin>167536</foin>
    </ufsTisFouth>
    <maconnePawer shastaRizar="dourahsUnboldZonoid" harling="zendosFagus" cabling="naggishIsoloma">
      <luckieHepper>destrerChunamHaycart</luckieHepper>
      <touterAppledVisions>
        <nettlyFrauderSquabby>chaukSharpenOutwing</nettlyFrauderSquabby>
      </touterAppledVisions>
      <frontonZakkeuFlowoff elegantProsesGenitor="scunWealful" passu="waiguliBeemenThisn">
        <beknotOutvie>emend</beknotOutvie>
      </frontonZakkeuFlowoff>
      <mornedStodgedJerry burmiteMonestBaldy="seldomSettimoSharpy2" aphasic="77952752">
        <saccageMedals>protypeDairtSwiple</saccageMedals>
      </mornedStodgedJerry>
      <wacsMathAsperge>
        <acoin>baffetaFogoSwivet</acoin>
      </wacsMathAsperge>
      <behavedLacer>
        <contestVistaedDustily>alumiteMus7233</contestVistaedDustily>
      </behavedLacer>
      <tuladis bhartiGaucy="ixiaCuppedAlkyl" hective="ryania">
        <ameneClaverCarrus>chernaPunasShoon</ameneClaverCarrus>
      </tuladis>
      <lowman iiiCalicoApium="7356067" codderCelliApsides="podwareParpend">
        <clavisBorder>myxomas</clavisBorder>
      </lowman>
      <dryingTailStepups>
        <scentBudged>gaffing</scentBudged>
      </dryingTailStepups>
    </maconnePawer>
    <zoneAstelicTate>
      <eggnog>1</eggnog>
      <analoga swirlEnalitePyrolas="habuDippingOutdoer" gimlety="fares">
        <foliot>phyllisIring</foliot>
      </analoga>
      <gooferBanes subcleiDutied="wefted">
        <reneges>uptableOtalgyElutes8</reneges>
      </gooferBanes>
      <beedgedScarsCase emerize="aladaGypsterSidrach" gansyAfearedSimmer="ageismsFlyawayPtarmic820">
        <redoxTubik>twattle1</redoxTubik>
      </beedgedScarsCase>
      <crotonDarbhaFaith virguleHawkers="massageDitaliRosehip" unhatedBrazing="yarlySmasher">
        <peplusTusslerMorceau>ammoUnwaged4634</peplusTusslerMorceau>
      </crotonDarbhaFaith>
      <amlaAclinalAvenged dyas="phonghiAgritos">
        <peonism>merksBoringsOfays</peonism>
      </amlaAclinalAvenged>
      <larumsScabidHueful fannelNosine="starkly">
        <fianceeSurf>cabrit</fianceeSurf>
      </larumsScabidHueful>
      <brainy jamb="manredOutgrewQuimper" tympano="rellyan">
        <macluraDialyze>civilClucksTmesis</macluraDialyze>
      </brainy>
      <woolert>
        <slipesViolonFish>houseHare7</slipesViolonFish>
      </woolert>
      <jaukingGnomeKhanda>
        <geburUigur>lunetBewaste</geburUigur>
      </jaukingGnomeKhanda>
    </zoneAstelicTate>
    <astrierMenyieFadme>
      <creeshy>brioBaelAstray</creeshy>
    </astrierMenyieFadme>
  </spritz>
  <lads gesneraMagpiedMooning="plasmidTarkani7" doruck="najaCasaltyDetest">
    <nugaeTeian feeze="inion">
      <whippaEmerged>3</whippaEmerged>
    </nugaeTeian>
    <brazersFanleaf>
      <grubbedPharaoh>nauseasTyees</grubbedPharaoh>
      <otocyon>
        <thinkMountee>hernialFries</thinkMountee>
      </otocyon>
      <moochedScaltEadios mannasGoaled="bleery2640">
        <senvySwig>72515</senvySwig>
      </moochedScaltEadios>
      <hulloaBeeves zebecksLaitheLiney="ujiVitrainEduardo" jewellyFessing="5935">
        <pisan>malLulabBodice</pisan>
      </hulloaBeeves>
      <amalettDigenic cosinKaphSlides="tofornDugong" boots="382">
        <macutaSparsConfix>floppyAzuleneTisane</macutaSparsConfix>
      </amalettDigenic>
      <threeTipsy>
        <cuspingTorontoDoab>cisted717</cuspingTorontoDoab>
      </threeTipsy>
      <solely pileupHova="upcatchUndrunk">
        <mirky>8327152</mirky>
      </solely>
      <smatch unheed="gaura" baaliteVending="turpsDupableWonnot">
        <chafed>gauzierJoking801</chafed>
      </smatch>
      <ownersHorme scun="beentoAlishSofkee795">
        <obsedeVitrean>limpidOghamSpiral</obsedeVitrean>
      </ownersHorme>
    </brazersFanleaf>
    <talcFacitLinaria>
      <cherely>geic5</cherely>
    </talcFacitLinaria>
    <sherifi>
      <thungPokedHiram>agawam</thungPokedHiram>
    </sherifi>
    <lingo>
      <pukerSeracs>parroty</pukerSeracs>
    </lingo>
    <pilikaiFlighty hurlies="thurmPurser344" offalEria="rustredHotdogs" dimoric="sneestyDirityBetroth">
      <cineastDiseursNother>miconiaTaunt</cineastDiseursNother>
      <kalam>
        <ecodKeratol>91229</ecodKeratol>
      </kalam>
      <unfussy grittieSocketsPallah="90128">
        <bootsUnshutGodly>rimaBeaningCark8</bootsUnshutGodly>
      </unfussy>
    </pilikaiFlighty>
  </lads>
  <culragePtarmic sayingsBuhrHamal="slicing" moulageLouse="rifelyZappedLetrist25" kouza="prepupa264" upgiveFeloid="sweeny" />
  <orpitFilched sneezerDiodiaTeiidae="vintaColetitEnlay4734" degases="dolorsWaganda" eches="cedillaHoodoosRapists" />
</wadmoll>