<?xml version="1.0"?>
<heroize>
  <goblet purify="70190" frailsFractal="sulaGermal">
    <rodderMutus>
      <inogliaAnnulliValinch>upbore</inogliaAnnulliValinch>
      <ruffedVinca summed="razeesHeo">
        <peised>maddish</peised>
      </ruffedVinca>
      <stankieBespin>
        <witherMaimers>swillerDrailedForcing</witherMaimers>
      </stankieBespin>
    </rodderMutus>
  </goblet>
  <archerFueledAplysia possies="469060756" alphasHammingLincoln="dobsonsPhenomXenons23" uppishGivesDuel="protideSpunkedSpise8" midland="murshidHibbinMigrate">
    <desmic>
      <affines>ratlinDemodeChoctaw34</affines>
    </desmic>
    <comfierFerme>
      <whatsoRung>refreidWurlies</whatsoRung>
      <tumtumSynaxisDwined>
        <slews>spawlRasgadoTined</slews>
      </tumtumSynaxisDwined>
      <offlap remiShrover="rummierEidola" unreelCarlins="goffleBowlinGibuses">
        <waniandIconizeSamson>5</waniandIconizeSamson>
      </offlap>
      <defalkEnowBrod heavy="limbosArcite4" locoingRublis="9">
        <burian>abruptFosie</burian>
      </defalkEnowBrod>
    </comfierFerme>
    <yeardayGrogram andron="tranche" sleeklyBoastPensee="webfootOuzels552">
      <bysenPosadasAbetted>ethanolPicaros</bysenPosadasAbetted>
    </yeardayGrogram>
    <biggahEthynylChaffed mossierKanauji="hunder">
      <decreteAthecae>cnidianSamsara</decreteAthecae>
      <cohunesLycheesRipieni dibatisAcroa="earshotAflauntGeisha">
        <tauted>134814470</tauted>
      </cohunesLycheesRipieni>
      <oozyMakopa>
        <senecasWedge>3074</senecasWedge>
      </oozyMakopa>
      <boonkAkraDogmeat pikingEuda="lobosTrotol" lazyingLossierDemark="swoopedLowland">
        <arsisDoesGuzzled>687751759</arsisDoesGuzzled>
      </boonkAkraDogmeat>
      <pyuriaGrossen pansiesFreezed="caiquesAdolphLedidae">
        <fortify>keelageEviting682</fortify>
      </pyuriaGrossen>
    </biggahEthynylChaffed>
    <signalsUnearly hadjeesLeonidTrolley="regidorDorcas">
      <canamoMayacaGraver>staling</canamoMayacaGraver>
      <bepewed moved="besandOozeEmprime5003" haeminGyric="62907362">
        <techier>sistersGauzy</techier>
      </bepewed>
    </signalsUnearly>
    <melosaNonary violinsAnalAlmice="82" huddles="blipsBiuret" zoogamyStet="oryxes4239">
      <bromise>scatHamated1</bromise>
      <tenutiRelying>
        <axstone>28151</axstone>
      </tenutiRelying>
    </melosaNonary>
    <burkaHoaxesEos>
      <cosyWinters>sifac</cosyWinters>
    </burkaHoaxesEos>
    <mirkerPackratKrishna>
      <gilverSemenSudder>largyParolesMashlin</gilverSemenSudder>
    </mirkerPackratKrishna>
    <hennaAzuline>
      <eave>turnerOncostEyeful</eave>
    </hennaAzuline>
    <douarInclaveGuttle>
      <kebyarGlummerTydeus>ceeOrallyZirkite</kebyarGlummerTydeus>
    </douarInclaveGuttle>
  </archerFueledAplysia>
</heroize>