<?xml version="1.0"?>
<papulePelmetLowry>
  <dreggy throatElytrumDyarchy="tawkeeJambsEyra" needleUpbrimPoule="hiateStraw16" ratherChompsLapdogs="spettleWimbrel" yelksReboilsEatche="meninx" />
  <gapsDrink>
    <bajraAyinsLupus affretFlyers="wentleUnlistyRegorge23" reboundBlotch="lawings">
      <showPrisalBed>65491</showPrisalBed>
    </bajraAyinsLupus>
    <enzoneDetick pullen="toaderyArigue">
      <jowlTappit>2</jowlTappit>
    </enzoneDetick>
    <restung boorish="swabbie3131" subgodBinomy="ensignRappers">
      <teetBocChondre>trocarsMarlier</teetBocChondre>
      <jarless>
        <sikharaRaphideRimpi>bacinWaylay</sikharaRaphideRimpi>
      </jarless>
      <studysSalwin pargosDecatylFlagman="6">
        <scuffedMelton>tapper</scuffedMelton>
      </studysSalwin>
      <cosheryNovaeIda pushed="fiaschiRegloveMoloch" fumantUnrakePotto="sulfid512">
        <roosterMegilp>aphoniaIglus</roosterMegilp>
      </cosheryNovaeIda>
    </restung>
    <yok>
      <envois>pedeses</envois>
      <acridanAppealDirt>
        <mafiasSledger>druxyMuth</mafiasSledger>
      </acridanAppealDirt>
    </yok>
    <caulome seasCalenda="70686" spited="sloganSimurghDapping" bragAblatesEmbowel="mearVod85">
      <stratalBroll>tocoBegray</stratalBroll>
    </caulome>
    <himawanElfishChanner feddansRhoding="wawlsShoals">
      <dahlias>7668</dahlias>
    </himawanElfishChanner>
    <nasalsLayback>
      <dubheUptownsLigated>nasionDhowLazes</dubheUptownsLigated>
    </nasalsLayback>
    <demoses callidOns="phaneNazisJon55" eelskinEphelis="91040" tishiya="staidUnwive">
      <dustukLimerRubber>443381036</dustukLimerRubber>
    </demoses>
    <craved meumSuffectDarghin="determaSeekingDolcino">
      <schmitzVerbidsExtoled>1451</schmitzVerbidsExtoled>
    </craved>
    <legmen>
      <tarde>debatesScarily</tarde>
      <rileyCoster standLeery="herryVlachLycee" genesesSome="gantsl">
        <westing>hwtLoxomma</westing>
      </rileyCoster>
      <bayalDuettoRelabel panickyMasserTelembi="acheBonnockForbear">
        <sleyed>3928753</sleyed>
      </bayalDuettoRelabel>
      <vulvalFizz piecenDismeCogroad="couthieDisowns" stussSerial="knopsZealots92">
        <thimberMoietyRedeems>tonnagePotgunBryndza</thimberMoietyRedeems>
      </vulvalFizz>
    </legmen>
    <crumblyEtypic>
      <preyerZanyismLanguid>outweptSucketPagnes4572</preyerZanyismLanguid>
      <regrowsBataviOpata>
        <lucrous>nicher689</lucrous>
      </regrowsBataviOpata>
      <oncotic wisher="subviiRetruseIfrit" pizzazzBitwise="hoppity">
        <copartInless>tizzy</copartInless>
      </oncotic>
      <askipFunkers aswoughNacaratGemmy="8939582">
        <amboyna>18</amboyna>
      </askipFunkers>
      <lontarPickler>
        <brutusMasoraEmm>debBalmMediary</brutusMasoraEmm>
      </lontarPickler>
      <retrait aginDiarch="ruswut9">
        <funEndozoa>araliad</funEndozoa>
      </retrait>
      <murphTrojansUnbarb>
        <amused>239868324</amused>
      </murphTrojansUnbarb>
      <duckishAzollaNiduli fizOlm="axifera" cryptsNervatePleion="welchPatagiaOlder">
        <kannenPallid>trailJadery</kannenPallid>
      </duckishAzollaNiduli>
      <mizzensBagonetLaic>
        <diopsis>25</diopsis>
      </mizzensBagonetLaic>
      <roaringShapedRagger>
        <tsunForeribChee>mann7</tsunForeribChee>
      </roaringShapedRagger>
    </crumblyEtypic>
    <toilingDashy>
      <pulsionDuppies>breaghe18</pulsionDuppies>
      <adoniteStomode toxoidAcrux="huntsJoom7013">
        <hasnButoxyCaloric>cavettoVadose</hasnButoxyCaloric>
      </adoniteStomode>
      <trochilUngrand edgiestOuster="5647">
        <heroesGollandTche>2902269</heroesGollandTche>
      </trochilUngrand>
      <gutnicFossilsCrunode lenardSuaver="sausageBangersSubject" medishUnheardClaro="veneers">
        <usw>4349877</usw>
      </gutnicFossilsCrunode>
      <gobby abasio="sayestTremaBalawu">
        <cuteyEebreeAccus>maugisRelived</cuteyEebreeAccus>
      </gobby>
      <opiateSpirtsGestio>
        <manitosMapuche>58723</manitosMapuche>
      </opiateSpirtsGestio>
      <squawkPhallisCodrus obitsStress="tardiveBasaree">
        <dogtrot>thawers</dogtrot>
      </squawkPhallisCodrus>
      <outloveGehennaPunkies>
        <cheungPings>htsJugula545</cheungPings>
      </outloveGehennaPunkies>
      <scullsEscudosCulmed>
        <collowMiledh>eloah</collowMiledh>
      </scullsEscudosCulmed>
      <negusesTanakaAvellan errhineAmazing="fyrdOrientsTaxied">
        <sloidForwalk>scrinBricked</sloidForwalk>
      </negusesTanakaAvellan>
    </toilingDashy>
    <gaultsOhs>
      <beloidCompdCeibos>7727248</beloidCompdCeibos>
      <ouphEisodic poulpe="iminoContext" nicer="savviedPelham">
        <overallSesma>finitePericu</overallSesma>
      </ouphEisodic>
      <gadder riglingObcludeCaskets="yampCarane" centreKinglet="augitesAlbugo">
        <unshipAirts>netlikeBursati</unshipAirts>
      </gadder>
      <winces jauped="dadosEmbrute">
        <hamBerobed>girlingDeports</hamBerobed>
      </winces>
      <flowers umbrate="93">
        <cantrapMeadowy>untreedLouping8</cantrapMeadowy>
      </flowers>
      <helioid vidyaAsprawlLucan="1900" tendoLlamas="wrawlerComtianAwakes">
        <uhllo>clauses2</uhllo>
      </helioid>
      <molgeParringFronted atomerg="dargo">
        <snirtle>thaneTeam</snirtle>
      </molgeParringFronted>
      <nicety util="658499922">
        <coppetArriver>motivedBiotomeGibbing</coppetArriver>
      </nicety>
      <untrainUnits troched="mowse">
        <roupitPunkah>lopping</roupitPunkah>
      </untrainUnits>
    </gaultsOhs>
  </gapsDrink>
  <hives etouffeUnderfo="sorosesSquoze" twoferCampier="4012" musketoSulcateSterk="gender" />
</papulePelmetLowry>