<?xml version="1.0"?>
<quartanDiwanPanicum>
  <cyesisHyper jawansAtmidSquats="wagwitBoulimyCollet" punletSpuriesRecours="3952" stigmasKeelerMercers="5">
    <iowans caradocPrlateVespid="rewake">
      <komarchToilesLiaise>mullar</komarchToilesLiaise>
      <notates>
        <lauwineSordid>28545804</lauwineSordid>
      </notates>
      <askedMesites>
        <turmitAgramedHeels>xylate686</turmitAgramedHeels>
      </askedMesites>
      <winoMismoshPythia>
        <enamiAlmacen>67</enamiAlmacen>
      </winoMismoshPythia>
      <nervierUnl>
        <valinesBisectHowel>omalgiaMightnt</valinesBisectHowel>
      </nervierUnl>
      <redyingGuglioWettest>
        <reclaimChontalKoklas>equoidCamBlurter</reclaimChontalKoklas>
      </redyingGuglioWettest>
      <moujikFlittyUreides borates="stickedEssenicWarrin" chapeau="acheronClavuviLathe">
        <shoteSulkyAcademy>naiskosEpigone</shoteSulkyAcademy>
      </moujikFlittyUreides>
      <bignou acceptsColcineAgogics="metus">
        <stovingFinesMuddies>cujCpdYahweh</stovingFinesMuddies>
      </bignou>
    </iowans>
    <sticket costeenJumentCompts="belutePlakat" peggerButchesGenian="couthy" gitimThammuz="trishawStriveAstroid">
      <pikeSavinsAdlumia>gosUpriverWaw</pikeSavinsAdlumia>
    </sticket>
    <stawBrokerCaunos>
      <knasterKethibCoast>tuteleSalagoMoguey</knasterKethibCoast>
      <minnowOriolesMyotic linkboy="nicely">
        <effatum>800223</effatum>
      </minnowOriolesMyotic>
    </stawBrokerCaunos>
    <dariArkabKorun>
      <dietic>smook3</dietic>
    </dariArkabKorun>
    <pugilWaringCoxes>
      <constOvulesOdylize>talooka</constOvulesOdylize>
    </pugilWaringCoxes>
    <yogismSubethUnioned comtist="seraisPifflerFigures61" berthedSweaterTumli="means" squizHanuman="gibbiRadixes184">
      <japePanary>1046</japePanary>
    </yogismSubethUnioned>
    <taylor ottoTukulorHeedily="actor">
      <babi>gurjun</babi>
    </taylor>
    <valensHafisBurned>
      <neritjc>tobymenBentsQuestor856</neritjc>
      <barhalGazeful boron="cingleEmbarksTarlies2" hailedCrimpsMestizo="gunrack7">
        <trowels>musetSlingeScrunch</trowels>
      </barhalGazeful>
      <reavow>
        <sparusGyroma>hoistYowlerRohan</sparusGyroma>
      </reavow>
      <septime cicoreeEnows="421869" oppidanNailrodGooding="gravicGulleryWage">
        <grithsBenweedInteind>tommiesLepusBeecher</grithsBenweedInteind>
      </septime>
      <gansyHomonymCrape ovarialDulls="pollersKantistRests">
        <bassusHangleGentman>freetFilazer9</bassusHangleGentman>
      </gansyHomonymCrape>
      <tsungtuDarkieRunback>
        <dwarfsShluVin>seatTapises</dwarfsShluVin>
      </tsungtuDarkieRunback>
    </valensHafisBurned>
    <upgapeLitui hoboes="9237664">
      <runty>enjoinsStifflyTannase6</runty>
      <yappishTelesStrail ciruelaZindiqHajji="woundsFrights" vilaFakery="748">
        <dredgesLeapful>tulipsSaidsWanrest452</dredgesLeapful>
      </yappishTelesStrail>
      <relumesGoidel>
        <falconsAdalid>tookDalea</falconsAdalid>
      </relumesGoidel>
    </upgapeLitui>
    <avastJumbly maggingSucciBuscarl="fablersDuddleSiouan">
      <crotchyUnmind>7</crotchyUnmind>
      <acholicLamaic tipsyGowpinWrasse="tenla" wipeBombsEvades="basnatRudeLoiters954">
        <fatties>refreid</fatties>
      </acholicLamaic>
      <shaveeBoo podium="64" grimmia="orgueStibPfx">
        <bedriteEof>owlish8</bedriteEof>
      </shaveeBoo>
      <yachtedSalvors menthaBenzols="85194376">
        <ordersPalpedToelike>elaborInched</ordersPalpedToelike>
      </yachtedSalvors>
      <forage>
        <suldan>almud5416</suldan>
      </forage>
    </avastJumbly>
    <vyrnwyPryersNests>
      <evestarRuther>ficche</evestarRuther>
    </vyrnwyPryersNests>
    <hahnium>
      <osteria>524</osteria>
      <soleyn>
        <trinInwardsCalmato>215</trinInwardsCalmato>
      </soleyn>
      <albifySewageJazies>
        <agaveHexitol>alexiasBatler</agaveHexitol>
      </albifySewageJazies>
      <gaist probabl="445">
        <egma>1625</egma>
      </gaist>
      <guahiboNervidMagyars sequanDhabbPigpens="quaedam9666" purdaSeconde="bosons">
        <hejira>outleanYakker</hejira>
      </guahiboNervidMagyars>
      <synaxisPredataVarve fondueBicolorBiffing="9361467" rudesbyLyonRaches="8804">
        <filth>acheer</filth>
      </synaxisPredataVarve>
      <skiwiesOutnook nodders="solelyOvenmenPaludal8" clysis="quiapo3569">
        <hiller>evalue</hiller>
      </skiwiesOutnook>
    </hahnium>
    <copalmsGoonsUpgirds>
      <talChacraRasgado>peepeyeGebur</talChacraRasgado>
    </copalmsGoonsUpgirds>
  </cyesisHyper>
  <vengingToolsi>
    <swounFerulaBurgau>
      <arsinicEnfacedRaspier>urodelaBossdomNomisms</arsinicEnfacedRaspier>
      <khakis>
        <pelotonReshaveAditus>pennine</pelotonReshaveAditus>
      </khakis>
      <tarsiusCarval ballotsAurated="skeanesMineralParodic">
        <reeled>tinnilyAthrillNarrowy</reeled>
      </tarsiusCarval>
      <wallfulBarvelRathest asaphicUrazinKaruna="9">
        <amintorDauwOrchard>unzoneGrappa41</amintorDauwOrchard>
      </wallfulBarvelRathest>
      <lustierPricey amatito="tethersAmtrak" tohoPoodsUmu="ricardoDustpan832">
        <candentTeakCancion>1</candentTeakCancion>
      </lustierPricey>
      <collatePodatus>
        <kinetin>39166388</kinetin>
      </collatePodatus>
      <betaskDirtenUromere quaere="sourest" wangerUsunSwitch="puererWallon">
        <beman>got5</beman>
      </betaskDirtenUromere>
      <hortHemlock valCivvyInstamp="careersBeezer" ramexCheatedArdor="torneseEnhanceShammy">
        <bouche>taharWornoutEndymal</bouche>
      </hortHemlock>
      <norimonDibbuks forsake="aimer">
        <ohiaSkips>45</ohiaSkips>
      </norimonDibbuks>
      <elidedRoute despondWarveWights="93382" sopherEnribEuphemy="samucuKonia272">
        <versantGreavesMammon>dozzle</versantGreavesMammon>
      </elidedRoute>
    </swounFerulaBurgau>
    <sutoDlvyDiaka>
      <cicalasRiversSleepy>coxite</cicalasRiversSleepy>
      <pandour donsMosaicPanting="tiningScragsUnworth" funebreWrought="5574686">
        <nims>6638</nims>
      </pandour>
      <popodeFelsiteSwaddy>
        <ageusiaArbored>gibe</ageusiaArbored>
      </popodeFelsiteSwaddy>
      <outhue>
        <pyridicToozleSob>killowCyrilCathole</pyridicToozleSob>
      </outhue>
      <bebop>
        <fuglesMitanniSpicy>learntParify</fuglesMitanniSpicy>
      </bebop>
      <deben>
        <quartetOopodalTollage>kesseBesiegeGonal</quartetOopodalTollage>
      </deben>
      <hidatedScows iliahiTouse="dobosBowsingRetunes8">
        <vomersKoas>442</vomersKoas>
      </hidatedScows>
      <chol mastiff="onehoodPloceusWormers" almirahApulian="aconine">
        <pioletHelioid>gilim</pioletHelioid>
      </chol>
      <terriesCrappedWebworn firkingPeekingMow="bestow7" spettle="66935143">
        <theseanCrump>795639</theseanCrump>
      </terriesCrappedWebworn>
      <ricketyFlutter rockedMetepas="familleThymomaEnergy">
        <hirlingPostbagMuch>assays</hirlingPostbagMuch>
      </ricketyFlutter>
    </sutoDlvyDiaka>
    <startedAbruptSeiche>
      <snackedZoozooSwoops>murasKimbangCombos</snackedZoozooSwoops>
    </startedAbruptSeiche>
    <fizzingEngilds satisfyPhilolZooids="minow" umiacSpilt="pawers" unspicyBlowfly="unkempt">
      <ashraf>bluffer</ashraf>
      <londresReachNaval sparger="180789152" danieleAribineZebraic="19874325">
        <hyoidRandier>23889945</hyoidRandier>
      </londresReachNaval>
      <puntelProsar xosaLithify="billjimJonahVentail">
        <peabirdHydraeWedbed>unsell</peabirdHydraeWedbed>
      </puntelProsar>
      <euvrou trapan="231065956">
        <cassieLibberTattily>peeweePlanesKissage</cassieLibberTattily>
      </euvrou>
      <hagsFowlsTubules fuzeKernos="eyasDodge">
        <vittateDistilRhamnal>faqirsCrunode</vittateDistilRhamnal>
      </hagsFowlsTubules>
      <rtwShemuStrays quartzBadanHaslets="lacatan" wanmolSialImager="72">
        <mataiSeroChamped>pele</mataiSeroChamped>
      </rtwShemuStrays>
    </fizzingEngilds>
    <arghanMachree daciteUnburn="caretHeelTurney" graveryJading="209" muntinStodges="5">
      <fisting>gnideWherves</fisting>
    </arghanMachree>
    <sikaraIsatic>
      <redyingMucific>snakeyGawishDoing</redyingMucific>
    </sikaraIsatic>
    <sharonAmytal>
      <upshotsAmusgoCuffing>commitUnform</upshotsAmusgoCuffing>
      <cahoot capriWheelie="75">
        <shillsOndy>aspersePlywoodStrophe</shillsOndy>
      </cahoot>
      <tarriesCrickedStaff>
        <lynchet>tosses</lynchet>
      </tarriesCrickedStaff>
      <stampleDeric jawabParol="72">
        <infarct>javerUpprop</infarct>
      </stampleDeric>
    </sharonAmytal>
    <dopeSoilyFishing unpicksClunk="oppressRhabdom" hangmenOlentScissel="dobbed29" ormoluAlkoxid="commitsImposed">
      <serow>zoaria</serow>
      <tiers whelps="5" sandboyAbyForfar="2106655">
        <relitGab>weenieBisonBerlins</relitGab>
      </tiers>
      <ebonsEntourCloggy putamenSinaloa="corcle2">
        <vacoufBasoga>imbibed</vacoufBasoga>
      </ebonsEntourCloggy>
      <casherCloudsAvives quakyTorpexGrounds="admoveAyneTrammon">
        <askipCurring>35083</askipCurring>
      </casherCloudsAvives>
      <bomosTamaCrimea stoutenRostra="sojasIminoNis">
        <danglerBeseekTeguria>proceedPrewhipTapu7</danglerBeseekTeguria>
      </bomosTamaCrimea>
      <billersNaggin buckramParkaGrasses="malheurCartier">
        <prob>unsameKahu</prob>
      </billersNaggin>
      <allhealPeage feerieBugan="rhoecusTritor">
        <anelesAtomistMyoxine>575172813</anelesAtomistMyoxine>
      </allhealPeage>
    </dopeSoilyFishing>
  </vengingToolsi>
  <sawarraJailed pleonic="niveauLegman" ussrOzarkBrands="labialLeif" katydidAshingDiptera="iridizeBrabAdorner4961">
    <they epacmeGodding="lootsSulfids" kiloradAncien="jocelinFeague180" selfedBarras="9213">
      <bluntlySithesPapago>cere</bluntlySithesPapago>
      <obeliasIntime zeroingBorneolFuzing="goddizeCraizeyScriber210" jageer="axonic5">
        <urasesChatotTiffish>feebleThief</urasesChatotTiffish>
      </obeliasIntime>
      <soonBurrer>
        <pored>mayedLallan</pored>
      </soonBurrer>
      <kulmRecond>
        <morsel>illureNipmuck</morsel>
      </kulmRecond>
      <unyoke stayingBacchicDiapery="agentTabelJessamy" boitesRicking="coltTalkerPigherd">
        <anuransIcy>crass</anuransIcy>
      </unyoke>
      <waxhawVage>
        <awapuhiLade>85497885</awapuhiLade>
      </waxhawVage>
      <twainBoons>
        <anattoShantih>fidelioTirer</anattoShantih>
      </twainBoons>
      <lukemia>
        <decuria>pertuseUntrendNamaqua625</decuria>
      </lukemia>
      <envyingCoopeeNicky copularRecited="751" dicolicCoronel="hagrodeCadism">
        <timaliaMinnow>vriddhiJoyed</timaliaMinnow>
      </envyingCoopeeNicky>
      <persona skilpot="quinseEverts">
        <salols>shinier</salols>
      </persona>
    </they>
    <carlineVespoidHardy>
      <clang>unshipsAterian</clang>
      <zechinsDiabolo rogeroHapliteAnkuses="pivalic">
        <scibileBraider>pintasOmegaSuzan</scibileBraider>
      </zechinsDiabolo>
      <acraze fanoFoggers="4674068" buildupMalik="brocket">
        <reshutGlyptalPltano>pryler</reshutGlyptalPltano>
      </acraze>
      <germanJapan>
        <fossaeAxle>makouaUpbraidCust</fossaeAxle>
      </germanJapan>
      <apitongUna sementBabels="2368" spignelVerst="machete">
        <urocyon>zills</urocyon>
      </apitongUna>
      <gallate>
        <kinkyCacoepy>823252682</kinkyCacoepy>
      </gallate>
      <dujan>
        <aurificLactealHerbage>2652593</aurificLactealHerbage>
      </dujan>
      <querkenFreirPowders>
        <dinosUnbungDarning>ovoidsKambaPilings58</dinosUnbungDarning>
      </querkenFreirPowders>
      <vatted mondegoPorkeryPoller="242">
        <livedBudded>4238</livedBudded>
      </vatted>
    </carlineVespoidHardy>
    <belone>
      <sishamCacan>joulParises</sishamCacan>
    </belone>
    <nielloLogoes lucinda="commune">
      <klvaBehnLogway>shi</klvaBehnLogway>
      <ludlowBielbyWiwi skeneOilcampSuckled="1620">
        <sighUpgush>alferezFabliau</sighUpgush>
      </ludlowBielbyWiwi>
      <barthTalking sabeing="768477">
        <veld>taeniteGramaryTonsor</veld>
      </barthTalking>
      <shindy>
        <format>bretonsMirfak</format>
      </shindy>
    </nielloLogoes>
    <tatamis billSaccosSixteen="bedye813">
      <sents>81</sents>
      <fagotteMyomataHeals>
        <engined>utch</engined>
      </fagotteMyomataHeals>
      <byemanPsia>
        <nunkyOstentCorbeau>8</nunkyOstentCorbeau>
      </byemanPsia>
      <nixyMeshugaArcuses eupepsyGiantry="seatronUroCuspids">
        <whetileKippers>tabefy</whetileKippers>
      </nixyMeshugaArcuses>
      <octoylPsidium>
        <manicsIsatins>ownable3230</manicsIsatins>
      </octoylPsidium>
      <epeeStreaksFarcie remapGordiusCostean="pashasTagal887" abetMycosinDurries="wearersAmoebasGuggled">
        <aperies>gamyBrewedCanons</aperies>
      </epeeStreaksFarcie>
      <sracBullaryDiarian>
        <bastantLayshipLidia>laterMinuter</bastantLayshipLidia>
      </sracBullaryDiarian>
    </tatamis>
    <lappColugos hicketBinning="7196" upsoarTernary="daydawn">
      <gongedStutter>rastersSchleppGimmals6</gongedStutter>
    </lappColugos>
    <skyugleFreshen>
      <diloSalter>sliestEchnida</diloSalter>
      <cuartaFittily undid="squareMeumThaught">
        <straka>29</straka>
      </cuartaFittily>
      <teukWinklesNiobous bodiesSettlorUrd="muckiteCrud7336">
        <cerumen>aperch</cerumen>
      </teukWinklesNiobous>
      <inkedRemass palkee="hwy15">
        <aphyricPercoid>ciliiumDorneck</aphyricPercoid>
      </inkedRemass>
      <bremiaHeistedPigpen araneaCelts="birksKnuteFurling32">
        <tawsing>383</tawsing>
      </bremiaHeistedPigpen>
      <thalia resat="sawaliGheraoPunto">
        <snabbieGars>martel</snabbieGars>
      </thalia>
      <supai mphpsOpinant="6880796" carload="dualaSorediaOdology">
        <coetusShowmen>dinkeySwinkerAmbital</coetusShowmen>
      </supai>
      <sltCinterAlehoof benchyElbert="uirinaTempean">
        <pyaemic>january</pyaemic>
      </sltCinterAlehoof>
      <sozinsGarniWingtip>
        <treblesBalawa>fix</treblesBalawa>
      </sozinsGarniWingtip>
    </skyugleFreshen>
    <deltaMasts>
      <haughSystem>mendySenilisIncivic</haughSystem>
    </deltaMasts>
    <unpurseUnsakedVendue montantApodousFrolics="bawdiesCockly" kraaledFifths="fortifyHybrids">
      <oompah>oquassaIncudes</oompah>
    </unpurseUnsakedVendue>
    <tainteSugann blanca="piercer" erriteSired="canonsPismireBluings">
      <jigglerMalates>minors</jigglerMalates>
      <bostryxIvyweedMammon>
        <rage>yaffle8</rage>
      </bostryxIvyweedMammon>
      <mapwiseBraeAbilene>
        <gnatsGyral>emotionSynod</gnatsGyral>
      </mapwiseBraeAbilene>
    </tainteSugann>
    <mignons bluffsIdetaBedpad="44236">
      <holly>khedahs</holly>
      <adipateSpp tinnetHametzPhoca="challie" injointAbyssa="dipware">
        <sodomic>panoramAbashedCornrow</sodomic>
      </adipateSpp>
      <folkmotNiveauMuffed peguanMudpack="swinkAlai" acnesAstacusNags="yachty">
        <dovesGuib>2389932</dovesGuib>
      </folkmotNiveauMuffed>
      <epeesBerakotBahoo>
        <certieHalfer>hotspurInstarsTariqat</certieHalfer>
      </epeesBerakotBahoo>
      <replicaSpumose fringyStkSpines="maint" danCourt="catchesPuli">
        <auspice>bunyasLapsus</auspice>
      </replicaSpumose>
      <offbeat bandgapUnmeek="allie">
        <pagadorSaraMawworm>83</pagadorSaraMawworm>
      </offbeat>
      <cubanArmers>
        <dibAweigh>bussuDecals6</dibAweigh>
      </cubanArmers>
      <yessingSiderin grummelGambogeRatably="8991">
        <pollex>733541493</pollex>
      </yessingSiderin>
      <spree kuranko="starik" mongosPrimp="moatLoss6889">
        <pouredTestee>stokerThyroid</pouredTestee>
      </spree>
    </mignons>
    <faminesDespume>
      <cosinesRatchesAcadie>furzed93</cosinesRatchesAcadie>
      <upgiveTriaceRoller babydom="revelryBudgers">
        <markedDizzy>hold</markedDizzy>
      </upgiveTriaceRoller>
      <geodistFurlWarrens haircutGottenMask="glor">
        <yakshaVanmenZoccolo>fliteCrept</yakshaVanmenZoccolo>
      </geodistFurlWarrens>
      <stenogAnkletBeeper unfixtCubeb="nervousSundaysTangram" zattareMuktar="urheenSweeredCuscuta">
        <outcryNam>8174826</outcryNam>
      </stenogAnkletBeeper>
      <dunnestOutfitTatters vidry="50">
        <license>molidaeGawgawOooo</license>
      </dunnestOutfitTatters>
      <intrust>
        <drogher>55388820</drogher>
      </intrust>
      <somasNeiper exturbPisote="unrestsBrayLeapt">
        <shiSnacky>glebyGloby861</shiSnacky>
      </somasNeiper>
      <unbankImmerse vidimusPhoneys="gravingTreat">
        <flawedThemis>persianLappet</flawedThemis>
      </unbankImmerse>
      <suppled>
        <succour>herniaGrahams</succour>
      </suppled>
      <fattensTopers reevokeRascal="29700681" faradRakery="nertzHapten">
        <oped>reveto</oped>
      </fattensTopers>
    </faminesDespume>
  </sawarraJailed>
  <poleyneThilly booze="backenRebringIsobase" saraExtremaPack="moppets">
    <hylistNea>
      <exarch>jivingFerrets</exarch>
    </hylistNea>
    <apidaeNarCradle>
      <jadyJazies>cougars</jadyJazies>
    </apidaeNarCradle>
    <saglessDisorbMoghul unboyWaviraFrush="sowte">
      <ridingAutopsyTuques>sesqui</ridingAutopsyTuques>
    </saglessDisorbMoghul>
    <bowlesHexadeArray>
      <synusiaSoir>galee183</synusiaSoir>
    </bowlesHexadeArray>
    <titlikeNyasDotal preknewEnchestLades="withoutJerald" tinletCeratin="224071" gonagraCharlet="queenlyOblat">
      <leavePawnedTenably>fightsYukiSlued</leavePawnedTenably>
      <podium pariliaCarcerBunds="refixed" serineEdderJibby="osieryKusa">
        <venuleInfer>foxtailHenting</venuleInfer>
      </podium>
      <knops larvas="tiffed" raillyClew="nankinsOctene">
        <luckieMedusaeFlunk>nagTallet</luckieMedusaeFlunk>
      </knops>
      <euvrouLooperDiskos swipyBalita="cepterTassesCaphar68" fractusStichidGlance="undopedKern9">
        <kneader>pmtChiasmsCurvous5159</kneader>
      </euvrouLooperDiskos>
      <milwell>
        <yarphaEager>elatesSilkRedrape</yarphaEager>
      </milwell>
    </titlikeNyasDotal>
    <sifflotGrader>
      <guppiesDoss>men</guppiesDoss>
      <babishDreck ssedMott="phenineCorsak">
        <reposerBoughsWakken>cramblyAtreus</reposerBoughsWakken>
      </babishDreck>
      <obtainsTressMishara factiveHulkingAnend="pigsneyTamisEnglify487" tisarRazeMetamer="wiry">
        <abutWabenoGibleh>55162</abutWabenoGibleh>
      </obtainsTressMishara>
      <editors undyedTukulorMows="apulseFakesConal" hangul="1">
        <leptiteCevianSaperda>flinderArabic</leptiteCevianSaperda>
      </editors>
      <serenes>
        <embraceCavil>lgthPaellaHal</embraceCavil>
      </serenes>
      <wansSalameRehayte lathingSupremo="ovariaDeporte3648">
        <wittingSistraEnzyms>disfameRetierFlute</wittingSistraEnzyms>
      </wansSalameRehayte>
      <nazardRotunda>
        <stewingClasts>woofingLucks</stewingClasts>
      </nazardRotunda>
    </sifflotGrader>
    <myxoidWaukingDriech>
      <elodesImproveRilles>revent</elodesImproveRilles>
      <toppersWasco cowmen="chasmed" gravelsWonners="sirTwisty">
        <futuresReneged>leonatoFaggery</futuresReneged>
      </toppersWasco>
      <tilburyCueva momme="802244525">
        <centradMossier>paulin</centradMossier>
      </tilburyCueva>
      <conines karats="peroneiPassersCripple" cebidaeQuartzyGunnung="wiyatServEloise">
        <otoliteUndrest>filicinWeekwamSilexes</otoliteUndrest>
      </conines>
      <outwell>
        <arundoEmbowedBrahmi>dirtied</arundoEmbowedBrahmi>
      </outwell>
      <gluerChiba>
        <suetsOcreae>liesDervishVastate75</suetsOcreae>
      </gluerChiba>
      <azideBarkierUnitize meteredCoiler="sources3825" skeoOverly="solionsCabletDitted">
        <sixte>chawer</sixte>
      </azideBarkierUnitize>
    </myxoidWaukingDriech>
    <pomonicSuintChack>
      <aruncusSalty>fulmen</aruncusSalty>
    </pomonicSuintChack>
    <lubberWusGrackle>
      <rinceauAfifi>75824</rinceauAfifi>
    </lubberWusGrackle>
    <kinepox salternExpirer="bureleDistrPow">
      <tweenBecolorSucuri>gracesRizzer</tweenBecolorSucuri>
    </kinepox>
  </poleyneThilly>
  <firmers bravestMantid="boursesRetros" thuluthNewelty="orfrayArropeHued" anaudicSnipedBugi="57054" poignetDerbendEassel="bunkums">
    <snooveQuinsyRhd>
      <fullom>vugsWellsetWauks</fullom>
    </snooveQuinsyRhd>
  </firmers>
</quartanDiwanPanicum>