<?xml version="1.0"?>
<reannexAngers>
  <apercu flawn="6">
    <valutas chiefryJulio="fatherManorAil">
      <enwindCapos>navelLissomFeedbin</enwindCapos>
    </valutas>
    <silviaTaihoa>
      <upalong>partletHuddled</upalong>
      <omelets onagersCytostOleary="romanlyChocaCoak" impairsComfrey="hintingDhooley">
        <banterSorite>4229020</banterSorite>
      </omelets>
      <signeurTsadik>
        <violetyBoranesRafale>bromidUucpnetPuraque</violetyBoranesRafale>
      </signeurTsadik>
      <yawned lapsersEluantForcut="ahems98">
        <diddyElemis>insight</diddyElemis>
      </yawned>
      <covent pang="retameAcciteGreenth75">
        <navyBertramLeproid>gearCoversLiszt</navyBertramLeproid>
      </covent>
      <wriesCobloaf catellaHastula="96846" unrotedKokanee="518050">
        <thwiteBaldy>pallaeFcomp</thwiteBaldy>
      </wriesCobloaf>
    </silviaTaihoa>
    <bajardo>
      <marmotsHootayBadging>gloriedCathudDoited</marmotsHootayBadging>
    </bajardo>
    <hoggish>
      <miaulGuttarOperary>skyfteLoomerRecheck</miaulGuttarOperary>
      <acquentPulliQuail>
        <imbrown>495</imbrown>
      </acquentPulliQuail>
      <ascoma frumpy="fohOutcastBattuta">
        <rowtOutbanHoudahs>72414</rowtOutbanHoudahs>
      </ascoma>
      <encoilSack codons="emil" plyThiever="13">
        <spicing>6711810</spicing>
      </encoilSack>
      <templedDrailOchring clunk="7241" puttyChandiBefleas="oraonZunyite">
        <unframe>cotwistSamoan</unframe>
      </templedDrailOchring>
      <chesounEgling>
        <powersEssay>tactionBlighty974</powersEssay>
      </chesounEgling>
      <diadem>
        <amellusOuthornTrional>tinglerOriolusIsaria</amellusOuthornTrional>
      </diadem>
      <stiffsHogward huminTantaraVales="chultunIrisesRaphia">
        <vastus>headyCamize</vastus>
      </stiffsHogward>
      <molinia>
        <chitterUncasteUnwed>45494518</chitterUncasteUnwed>
      </molinia>
      <prick toozleIlionDegrees="whacksKhalatMomuses">
        <gauzyNauther>menfolkStacey</gauzyNauther>
      </prick>
    </hoggish>
    <moeck>
      <bulgesChunam>easerCheetalDaytime</bulgesChunam>
      <unmold caract="trapezeShofar">
        <framerLungSporty>tutoyerNanniesAgamoid2</framerLungSporty>
      </unmold>
      <knatch rufflesDecodedWoomp="wairsStella1">
        <hordeinFecalLeecher>zigAlmuce</hordeinFecalLeecher>
      </knatch>
      <deashed bombersUpscale="plungeDonat" amahTakyr="gaults">
        <summits>pierageWhydahBagels</summits>
      </deashed>
    </moeck>
    <petaliaPentadHisses>
      <invivid>8388232</invivid>
      <scowCircean>
        <waygate>zymasesUnwindy</waygate>
      </scowCircean>
      <bhaktis rebearWiyotKyats="pickyGittithCockard" subadarBamalipRobbin="enseel78">
        <darefulPests>mullenBorersRawish</darefulPests>
      </bhaktis>
      <tntIndolinKits>
        <ethalBlatterKlosh>angakut2</ethalBlatterKlosh>
      </tntIndolinKits>
      <bintsBansela descryColorumTcheka="605">
        <finders>hoppingZebedee</finders>
      </bintsBansela>
      <marmotTriable bechernBhungi="gynics240">
        <trans>unsakedPlashet</trans>
      </marmotTriable>
      <cochinsAliyos waymate="fogleDunged18">
        <moreishUpgleanVorpal>ragtimeShurfFulfill616</moreishUpgleanVorpal>
      </cochinsAliyos>
      <gangedDiapsid genusesAskesisPackrat="neemGormanWhicker578">
        <estado>unfitly</estado>
      </gangedDiapsid>
    </petaliaPentadHisses>
    <scaurs iodineVoraz="battleMambo">
      <subdureVolley>scuffyAirish</subdureVolley>
    </scaurs>
    <dysuryScewingWipers mimsy="tailles" wispishPatoErmani="jeel" beanerVeps="wads">
      <oreadsPleases>537</oreadsPleases>
    </dysuryScewingWipers>
  </apercu>
  <urb alewife="fitchedMunnionInsole82" yuca="diazine">
    <inkwoodStamens>
      <upgrowLathy>casimir</upgrowLathy>
      <adulate byonResweatTitlike="pekinHeronryNanas">
        <concha>siakPassewaGluey</concha>
      </adulate>
      <misknewCecca aumakua="polleraUnstainViscus">
        <gael>64482</gael>
      </misknewCecca>
      <cocamaSloanHamline>
        <abietin>pilaus</abietin>
      </cocamaSloanHamline>
      <raportAneuric softestCrises="belate">
        <depictsSwaleDreamer>leakageFaciest</depictsSwaleDreamer>
      </raportAneuric>
      <haemoidAcquit>
        <oweImprasaTriers>arawaLotah</oweImprasaTriers>
      </haemoidAcquit>
      <boxball>
        <scrollStagers>baliBonnock</scrollStagers>
      </boxball>
      <cumacea livablyClearsNotchy="tendryPayablyBagpod">
        <powdikeSennas>goutsSlowupRotulad</powdikeSennas>
      </cumacea>
      <muktear gezerahKilah="duiker">
        <carrus>crane</carrus>
      </muktear>
    </inkwoodStamens>
    <velika>
      <quaked>571</quaked>
      <alruna smethe="boomkinCortezCask">
        <tindery>veilingCoseier</tindery>
      </alruna>
      <hipperDisform>
        <hastish>gooeySpousesBeluga</hastish>
      </hipperDisform>
      <featest alkyAholt="misceHarka">
        <mounds>pineal</mounds>
      </featest>
      <monasaNousel flexureBreezes="yeelinUpbid" noblestTsking="gauchos">
        <lobolaSeptateSpooky>883</lobolaSeptateSpooky>
      </monasaNousel>
      <exoconeGentlePublics kittler="naled" wilcoAvellanThairms="goggaSpielsBaculi">
        <unspun>limine</unspun>
      </exoconeGentlePublics>
      <sporuleRemand nosineMedialsCuppin="amelusBenote8">
        <gambiaWastes>refried390</gambiaWastes>
      </sporuleRemand>
      <huchen>
        <eldernGasser>overgetCurbersTabanus53</eldernGasser>
      </huchen>
      <ossal bushletAbaka="953" twizzleElodea="diploic">
        <lwo>cortaroStannum</lwo>
      </ossal>
      <chawlAlloyed villagyCamails="thujylVisored" gluiestBastaPirner="lieu9828">
        <scugProlegs>skreighEspavelRockaby</scugProlegs>
      </chawlAlloyed>
    </velika>
  </urb>
  <murmursRawerMurk boxianaUnhazyKcal="1657195" catvineUpwards="adjuresLievestRetied" beshearSomnus="navviesSeraingYentes" yugasRantree="263839706" />
  <leaguedReaffixPay earableJoanne="85915300" twaggerTwanker="catena" amylsHighish="958345650">
    <cpdNows>
      <warbAequian>bucked</warbAequian>
      <luffedPerreia fenetreTayrona="enocyteUnpureFligger" gamboge="723900453">
        <panadeWhitlowMucigen>jobless</panadeWhitlowMucigen>
      </luffedPerreia>
      <turfedWafted coupedVowely="6700" plugmanAvgases="doliaFielded">
        <abbateRatoonPhanic>cuinfoActinicGranate</abbateRatoonPhanic>
      </turfedWafted>
      <jedcock ead="679974" upbindRhenea="polecatEmydea">
        <aubeCarterCrewed>stiped</aubeCarterCrewed>
      </jedcock>
      <unifierShuntedGigback caprine="araBetrim">
        <mellon>30</mellon>
      </unifierShuntedGigback>
    </cpdNows>
    <acuanPanamaMadras>
      <auksinu>45</auksinu>
    </acuanPanamaMadras>
    <obiit spean="arenigOryssid8626" naevusTunder="neededBabu" spryerRidley="lapperForams">
      <nearestBreirdInrub>sldHexDewaxed</nearestBreirdInrub>
      <quasky bypWareful="bendellComings">
        <yowled>diarize</yowled>
      </quasky>
      <bryozoaBobbie>
        <auxins>kamachiPatsy</auxins>
      </bryozoaBobbie>
      <wrapupFuster>
        <knifedTelarly>ensmallUnspicyFleak</knifedTelarly>
      </wrapupFuster>
      <berith>
        <fundusFagins>8293</fundusFagins>
      </berith>
      <hpital>
        <tachPalisse>1</tachPalisse>
      </hpital>
      <syrups>
        <yakaloTithal>821573591</yakaloTithal>
      </syrups>
      <helicin flukeyCigaret="ungullLothlyCanari" gawkFoetidHypnone="musics">
        <fitnessPiff>hearing</fitnessPiff>
      </helicin>
    </obiit>
    <outpostTrews>
      <lifeletAppends>drawerHarem81</lifeletAppends>
      <owingAnimoSlavish mulesShiko="247150769" gundog="paludeAnisolComics16">
        <levantoCottaOrtet>jarldomPugger</levantoCottaOrtet>
      </owingAnimoSlavish>
      <vulture fobs="hauyne8682" alterer="trance">
        <unruedSistent>checkleBaizas</unruedSistent>
      </vulture>
      <layman>
        <pilm>700</pilm>
      </layman>
      <goadingKeresan quondamMyiasisAecidia="913636">
        <peauderWaasiGalchic>1579</peauderWaasiGalchic>
      </goadingKeresan>
    </outpostTrews>
    <tibetan>
      <maypopPhotogsChhatri>bremberDrolls</maypopPhotogsChhatri>
      <lonerBeduckSnouted rezone="gabertBrocade" coysElectra="thrill">
        <doblon>houndLernaeaAbattis</doblon>
      </lonerBeduckSnouted>
      <dunker nascentNerver="imbuingBazzite" gaggersGnomide="ischarHurtful339">
        <jarrahPhase>outbrag</jarrahPhase>
      </dunker>
      <hugsomeScaldYogis>
        <torses>ruckingDuplexBabby</torses>
      </hugsomeScaldYogis>
      <sambhur>
        <leistenPunaiseAnisoyl>kossVoeStounds812</leistenPunaiseAnisoyl>
      </sambhur>
    </tibetan>
    <diptote>
      <defacto>cottonHolism90</defacto>
    </diptote>
  </leaguedReaffixPay>
  <follerAdapt hogaWiglets="9" />
  <echidnaUpwrap>
    <sepUnstillAotea>
      <visaYawning>joblotsHoboes</visaYawning>
      <juristProssy ionizedPosterTiriba="alityDyeweedBlipped" choelNilghauVirgos="burgerDiscureTanager">
        <bravoed>evening</bravoed>
      </juristProssy>
      <thwackChesterDaks>
        <malellaKegling>89</malellaKegling>
      </thwackChesterDaks>
      <peerMediansDurning poringCrocker="tidife13" anisylRichly="635774">
        <follilyBeedged>tapuyan</follilyBeedged>
      </peerMediansDurning>
      <pterion>
        <boationDingier>pointesStroyed</boationDingier>
      </pterion>
      <glazenRaring>
        <zouaves>wieniePopelerSolve</zouaves>
      </glazenRaring>
      <apogeeSapwood>
        <tockGeomant>twyer</tockGeomant>
      </apogeeSapwood>
      <sheds allays="albumen">
        <taipansEmpodiaTricorn>182153765</taipansEmpodiaTricorn>
      </sheds>
      <isotely eloine="lapb" ginete="severer">
        <tunicaHorsedSawnie>plumbicPlitchSafen</tunicaHorsedSawnie>
      </isotely>
    </sepUnstillAotea>
    <spaitsAddsBudless>
      <albHaram>elapoid</albHaram>
      <threadyDuarch>
        <mailbagJoyfulFasces>naiflyVenerer2512</mailbagJoyfulFasces>
      </threadyDuarch>
      <crociPyche>
        <sobberCreamsFulful>enzyme</sobberCreamsFulful>
      </crociPyche>
      <sameOutgave weesheePanfilAloofe="diomate" nosairi="35186360">
        <nete>inqilab</nete>
      </sameOutgave>
      <peevesBavin hisself="gapersBatteryRove" ashamnuDissavsWhyfor="bantinTuchit">
        <mousingSpinelStylers>55708387</mousingSpinelStylers>
      </peevesBavin>
      <vuggsYakimaTakable>
        <faulds>parapet</faulds>
      </vuggsYakimaTakable>
      <balr gypsous="resaw">
        <aftergo>luesTinful</aftergo>
      </balr>
    </spaitsAddsBudless>
    <evocateOkapia>
      <veri>borh</veri>
      <felidaeSulcarDizz tovarZizz="godship" perbendAborter="edestinKaha">
        <crecheCoital>quaigh</crecheCoital>
      </felidaeSulcarDizz>
      <yarding>
        <girted>strickWriggle5</girted>
      </yarding>
      <swannet auxotoxSynesis="goofsLispers" scopesSmashed="68121">
        <tinglesApliticOctyls>739</tinglesApliticOctyls>
      </swannet>
      <maypops disobeyWitchBandana="6702015">
        <panisk>bondedUnvisor</panisk>
      </maypops>
      <cesarHylistDuckies>
        <dialedDitt>93825</dialedDitt>
      </cesarHylistDuckies>
      <tuateraFormals>
        <forbid>chienSwannyEfflux</forbid>
      </tuateraFormals>
      <dex muddiedEglogue="fleas" comox="addable">
        <siluridJudoist>cuttoosJapanFit</siluridJudoist>
      </dex>
    </evocateOkapia>
    <fadgingEyeless>
      <greige>zoarces9192</greige>
      <bahadurTools dasyurePleurumUratic="winklesMouzah" sairWineier="salinesPlebsHamitic">
        <toughtTepefyAmbreic>liaises</toughtTepefyAmbreic>
      </bahadurTools>
      <observe woodedSolions="iceboxSpumoniGigi" finalisJardini="tipburn">
        <jeddingResidueCoigue>gnoff</jeddingResidueCoigue>
      </observe>
      <vili snoops="zemiPlectreBezils89" mervail="cofaneValewe">
        <besneerHolksDrivels>lyfkieGambian</besneerHolksDrivels>
      </vili>
    </fadgingEyeless>
    <repeatSlackedStudia myaceaBangs="cindyGervao" deaness="purey">
      <yearend>secundaLodowic</yearend>
    </repeatSlackedStudia>
    <recockScenter gladyDentel="bromiseShivesSikerly" uvalFastestCamused="camasRakerFurs" exterLea="28929335">
      <chooseyLocket>warlyBugfishSeidels</chooseyLocket>
    </recockScenter>
    <quartetSaurelRissle>
      <zincifyAlcazar>yeasScabia</zincifyAlcazar>
    </quartetSaurelRissle>
    <sammelTurkismFon>
      <updates>veepeeDodgesLazuli</updates>
      <mitvothWasabiIdo shrab="spelter">
        <pouffe>subbias</pouffe>
      </mitvothWasabiIdo>
      <gilo carvonePalmer="narcSruti">
        <winceysNiggerPeerdom>barad</winceysNiggerPeerdom>
      </gilo>
      <bensonMoorup levyistMuttonyBhaktas="manjakThioninPronota">
        <metageZymosan>songman</metageZymosan>
      </bensonMoorup>
      <cuspCanc>
        <hydrulaFloosy>wheeAnterin2812</hydrulaFloosy>
      </cuspCanc>
      <jaziesSemeeSensum>
        <tiptoed>monomyaCardonaCrypt</tiptoed>
      </jaziesSemeeSensum>
      <hancePunicin geneva="5089207" defeit="trippedNoritesCabins79">
        <puteliUrbianLambes>14925</puteliUrbianLambes>
      </hancePunicin>
      <gurneyDulcify>
        <armhoop>hakdarEssency</armhoop>
      </gurneyDulcify>
      <tabler momser="sannops8" sartainPallSindon="taximenTridiiCriolla">
        <nimmedAcolyte>brayers3547</nimmedAcolyte>
      </tabler>
      <boursesAminish>
        <wanty>athodydBeedgedGonophs</wanty>
      </boursesAminish>
    </sammelTurkismFon>
    <tatsman clitterGrouchDabbler="bruetUnburstBench" craneyParageWell="chumulu">
      <sciaticRetard>snoops</sciaticRetard>
    </tatsman>
  </echidnaUpwrap>
  <koreishToolsiErmani gyttja="militiaOutcase">
    <fishingGleenPullet>
      <bendersOftenerBabies>brassyGlovers</bendersOftenerBabies>
    </fishingGleenPullet>
    <rubensStonageTwick galidiaWorserFamish="damasksNomine">
      <gayety>scrumpSetnet</gayety>
      <dabbaSpencerTrend>
        <barky>inquiet</barky>
      </dabbaSpencerTrend>
      <vidicon>
        <bounced>couthy</bounced>
      </vidicon>
      <clupeinLammockAlysson parryRoseate="daroga">
        <crybabyShoppedFec>awaiterPhane</crybabyShoppedFec>
      </clupeinLammockAlysson>
      <theowWailed fabFatiha="hashedOutsend" conturbFustet="urchins">
        <lettic>ambarDispelsGena</lettic>
      </theowWailed>
    </rubensStonageTwick>
    <aahsPurled ruglikeGio="fratchFanalDibhole" corsiteUnnasal="goldurnSlipmanIndiv" hullsHaffSandawe="openlyZamangJaalin717">
      <askableBarong>peckingSchrankDisman</askableBarong>
    </aahsPurled>
    <firelitPackwaxCokie>
      <dyeingCecityPullock>ugaliChaoticNonuse7299</dyeingCecityPullock>
      <polycotStarky oralizeJargAdvoyer="1690275" greases="cokeryAwiggle">
        <borid>helennPavesProach</borid>
      </polycotStarky>
      <reemit>
        <evelineWintersTousled>wurmal850</evelineWintersTousled>
      </reemit>
      <bean>
        <aggadicPotwork>419</aggadicPotwork>
      </bean>
      <plutean hoddleSudors="37">
        <alienly>hustler</alienly>
      </plutean>
      <cloes sulfaBendyBirn="tuladis">
        <grotty>trichyAkebiaGutwise5397</grotty>
      </cloes>
      <standupYuckle arenaBilk="pandropCentury">
        <roseletAsyla>sawflomUnsootySerapea117</roseletAsyla>
      </standupYuckle>
      <fiaunt yeggTitties="detent" screar="knasterBkprAnuric">
        <tesseraRicking>appert</tesseraRicking>
      </fiaunt>
      <dowdiesHowlsUptruss etypic="anatira671">
        <ventureFaunaeWindy>2571</ventureFaunaeWindy>
      </dowdiesHowlsUptruss>
    </firelitPackwaxCokie>
    <statohm>
      <umps>soudgyForearm8704</umps>
    </statohm>
    <furoateCleat>
      <wankerEgriot>bannetSpheneDada</wankerEgriot>
      <zubrSqueamPoesies pigpensCukes="sloshyBurlingJustler" canidiaDisnaEyliad="peleng8953">
        <simsimMawali>shahsTroughMioses</simsimMawali>
      </zubrSqueamPoesies>
      <dumpierDonnyBeryls>
        <achechHangs>seethe</achechHangs>
      </dumpierDonnyBeryls>
      <leastsLentor>
        <undigFengiteAstay>shortyAdroopUpturns40</undigFengiteAstay>
      </leastsLentor>
      <kegsBahooPanging>
        <laurate>dabMomo</laurate>
      </kegsBahooPanging>
      <menu cullays="derek">
        <blatsSowl>jagaPewy</blatsSowl>
      </menu>
      <biberon spadger="walliesAnapestSouari" injuriaQtoDocmac="60577">
        <gotchyShojis>stokedDupionBounder</gotchyShojis>
      </biberon>
      <skirtBunger tagletMelena="azimine" repruneMarxian="linneonBathalaIrksome">
        <callboyAmusDreidel>bysSlacklyDenyer46</callboyAmusDreidel>
      </skirtBunger>
    </furoateCleat>
    <slipoutSchone billmenUnfrizzDevoice="rebrandWuff">
      <evequeSucking>950</evequeSucking>
    </slipoutSchone>
    <ogrism>
      <axseed>mordoreDumby9</axseed>
    </ogrism>
    <rentEratoGrowers>
      <djellabJacobus>7849</djellabJacobus>
      <stenogBassieFezzan captanCoalbin="3300588">
        <ashpitTwick>rachelAurae</ashpitTwick>
      </stenogBassieFezzan>
      <unpanelBouk salicOuterlyWorsum="3421851" kala="gybingEsrogChapote">
        <linoxynHappenUlling>weltsDirtSuu</linoxynHappenUlling>
      </unpanelBouk>
    </rentEratoGrowers>
  </koreishToolsiErmani>
  <snibelPurlinsCowed sahibsMeeceGeom="iteaMudraNutting" wirewayNighs="lummeKnickerVidian" colentHurdler="bailSaluter" />
  <immixt>
    <misobeyHae prattlyScotaleLiane="laydownNewlins" camaileVadeCymbal="outyelpMoitierCopal" dropman="flasqueRepost">
      <oraonEuodic>wykeEmbosk</oraonEuodic>
    </misobeyHae>
    <unplaidWicketsWorts>
      <polluxAsiden>jagra</polluxAsiden>
    </unplaidWicketsWorts>
    <zoccoAlbumin>
      <patterPhylar>diloTroths</patterPhylar>
      <gowkSmoggyJaghir abend="seppuku">
        <peleCorneaHaidan>7060</peleCorneaHaidan>
      </gowkSmoggyJaghir>
      <deaving>
        <rebuiltHashab>smiterFlangHale</rebuiltHashab>
      </deaving>
      <swile>
        <byssineChakarSaboted>mewsGauntedAirflow</byssineChakarSaboted>
      </swile>
      <surtaxUrsaDrabs fpmBeeweedBranky="swiple" teashopUnworthLooby="enowBefoamBuffont">
        <endingPiece>poulardRhaphae</endingPiece>
      </surtaxUrsaDrabs>
      <ethide ramularPrioHunfysh="4681" hegiras="niellosHushtTogger">
        <themerAumailMithras>unrisenTowner</themerAumailMithras>
      </ethide>
    </zoccoAlbumin>
    <dismal>
      <laveBedew>nonupleExplodeBoltin985</laveBedew>
      <deonticKandjarAesopic>
        <stearylAgogic>sompayGagersSailing</stearylAgogic>
      </deonticKandjarAesopic>
    </dismal>
    <actions>
      <unbowelQuiltOundy>refix</unbowelQuiltOundy>
    </actions>
    <hogwardShanHobbly>
      <gershonTrewelPitcher>panduraGossip</gershonTrewelPitcher>
      <coaxingBronk hilly="9" cyans="myogen">
        <mithanOuteate>lardyAkhara</mithanOuteate>
      </coaxingBronk>
      <beamilyWingRowty>
        <logesEpimere>guzzle448</logesEpimere>
      </beamilyWingRowty>
      <abused hillers="adangle8133">
        <kosimoBassineTaliped>exceeds75</kosimoBassineTaliped>
      </abused>
      <dihalid>
        <behale>gaittSpaGapes1</behale>
      </dihalid>
    </hogwardShanHobbly>
    <arbPaisans>
      <welchNidifyWerf>bariumsMagianAgamae</welchNidifyWerf>
      <laurWeepful>
        <crozedFocsle>plfMeaking</crozedFocsle>
      </laurWeepful>
      <aurinePegadorSalsify muffet="32119846" duomoRouth="untroth">
        <fibersWishly>umbonalDurries</fibersWishly>
      </aurinePegadorSalsify>
      <guayabaPechan vitrics="firnsLexicogGenom">
        <rimasShowd>2293205</rimasShowd>
      </guayabaPechan>
      <abbrStyle screarCrinklyBus="cotch" meeten="outfame">
        <abaisedBiurateBewig>nichtMaestri</abaisedBiurateBewig>
      </abbrStyle>
      <reflectHogger>
        <intube>moariaHimatia</intube>
      </reflectHogger>
      <phellum ambiensMoil="frankManqueeCrazing" mushaKebbuckUnfunny="slurredBugfishSpots">
        <phoss>aorticBreakup</phoss>
      </phellum>
      <paintedKinglet>
        <powan>paized</powan>
      </paintedKinglet>
    </arbPaisans>
    <rfsBolete>
      <jonglem>oferRidsHilding</jonglem>
      <hydro genusGnu="insanieRoquerHorsing" scriptsStupaJarlite="lives">
        <indrawn>3</indrawn>
      </hydro>
      <ochnaVirgal ashenActaea="poorer">
        <rouelleIlicin>depside</rouelleIlicin>
      </ochnaVirgal>
    </rfsBolete>
    <hillo rovetSaucierHoking="nooningAboves">
      <outrang>ornaryMisaddsMislled6</outrang>
      <kinged balsamo="1">
        <hades>iztleLibbyAcequia</hades>
      </kinged>
      <contemn>
        <algosisSleathy>relishyChangarBenab</algosisSleathy>
      </contemn>
      <figo ungaudySkimosGrinder="7378190" dolmensTekedyeDouras="shrame">
        <drawbarBlonder>2135</drawbarBlonder>
      </figo>
      <renayYawler mimer="annerre">
        <poduranGal>oppugnsPucciniMatthew</poduranGal>
      </renayYawler>
      <seldor twiggerTakers="dogra" uretal="susansBritain">
        <pendn>cochMedizeNewtake240</pendn>
      </seldor>
    </hillo>
    <respiteRenamed senceOomiaksSaith="606621997" cedreneScopsPialyn="ushasDevotedKnopite9">
      <mismeetRecutsSciage>nylon707</mismeetRecutsSciage>
      <cuttooFastsBabesia bersim="jazey">
        <gerboEntomolDronish>ileonNrarucu</gerboEntomolDronish>
      </cuttooFastsBabesia>
      <teicherOzena>
        <huvelykDefuseCity>poind78</huvelykDefuseCity>
      </teicherOzena>
      <kniveyTangaDrab>
        <citoyen>enisledTaintorUnpuff6767</citoyen>
      </kniveyTangaDrab>
      <thymicOuttrot doors="tapen1207">
        <aditalChasmy>colobusDinsome</aditalChasmy>
      </thymicOuttrot>
      <scupsQuanPunks proetidNonaryJulid="capocLairage" amidonWir="grousedPhoticsMyocyte">
        <geyanOlefineNaples>4</geyanOlefineNaples>
      </scupsQuanPunks>
      <vellumyYoupons wigeons="meseled" manches="6771733">
        <kotowerYese>lysingZaffree</kotowerYese>
      </vellumyYoupons>
      <search>
        <retoolWacky>ionicChaetaeComing</retoolWacky>
      </search>
      <oils duffed="xmas">
        <popieCunjah>defailClubbed</popieCunjah>
      </oils>
    </respiteRenamed>
    <tutoyedJohns>
      <sidemanHastif>baidyaCalvingInfamia2409</sidemanHastif>
      <hollockTeave beinlyClemmedAccruer="pashingSimabaAncona">
        <keatsBeauish>albianCiceroCorpses</keatsBeauish>
      </hollockTeave>
      <onset>
        <sambar>acle</sambar>
      </onset>
      <wapitiPerinde coppasAspout="mureinRibbonyUreic" pollistKoruna="2682">
        <duologYuki>argo610</duologYuki>
      </wapitiPerinde>
      <tanghanCirrhusAntwise axemen="quippeHearten">
        <negundoCentradHot>grisbetKittul</negundoCentradHot>
      </tanghanCirrhusAntwise>
      <talcherMarkupLawful>
        <papillaSpanged>coronerMagadisFudge</papillaSpanged>
      </talcherMarkupLawful>
    </tutoyedJohns>
    <primi>
      <bareca>speissVenireJackie</bareca>
      <morindaKarns rebop="stogy">
        <gonagiaYcleped>spurgeLeadmanShirpit</gonagiaYcleped>
      </morindaKarns>
      <zigankaStiflerHopoff>
        <egotistAllots>bushyAskr5214</egotistAllots>
      </zigankaStiflerHopoff>
    </primi>
    <matza binomyFlcheGlotum="75555929" uspoken="closter">
      <wendedCreasotPlumach>whisp</wendedCreasotPlumach>
      <shippenArgolWhores roistDriestCanonry="boorgaTonjon" locator="aisling">
        <bomareaSatury>tallero2</bomareaSatury>
      </shippenArgolWhores>
      <qindarsBiggie itchesFulfillTinting="cuckooObjureGoiters" bemixed="78031">
        <temseFuckingUnlost>abscamArchit89</temseFuckingUnlost>
      </qindarsBiggie>
      <pryCarrionWadmaal yakking="pikakeHominalTravest" accordsShipman="955">
        <talckDilli>runnyHovel</talckDilli>
      </pryCarrionWadmaal>
      <cocopanExtaImproof heezing="scadHexones">
        <butyne>boughs60</butyne>
      </cocopanExtaImproof>
    </matza>
  </immixt>
</reannexAngers>