<?xml version="1.0"?>
<capaGienahPhobist>
  <plbrochViaduct grump="qid" amarvel="57279" posy="81650586" night="pride" />
  <outgoMiqraAspect ipocras="dromosSirenic" offenseBealachApotype="6880">
    <pinkishIsolex>
      <splorePlutonPottled>ergodicThins</splorePlutonPottled>
      <receiveLintieFantail>
        <xinaParter>ratelUronic</xinaParter>
      </receiveLintieFantail>
      <decencyCarsick flytedFriars="fleme">
        <alsikeMuzoona>surgy3</alsikeMuzoona>
      </decencyCarsick>
      <scampiHopoffFlemer hidlinsRebuts="depurgeAlewhapUnlousy">
        <crawtae>gnomonsStrider</crawtae>
      </scampiHopoffFlemer>
    </pinkishIsolex>
    <dmod insoulJazzbowSumatra="pedantSawbackPropale7" pinfold="inspireJawfootEidolic" hielandPrayer="sapwortBestockObeli595">
      <tambac>estadelBads</tambac>
      <chaserDevelopPeitrel globalTewterDubbins="98646957" deciderForhooyElne="deductsHorde">
        <bigmitt>unagedStirrerAdapted</bigmitt>
      </chaserDevelopPeitrel>
      <tuttoDowily>
        <uncinchEdibleAmnesia>katsup3825</uncinchEdibleAmnesia>
      </tuttoDowily>
      <psywarAnimant tippersJokeRegimen="2828934" fitter="supputeCyprineTeazles">
        <pushrodCanalla>gowdsDutchedTorreya1</pushrodCanalla>
      </psywarAnimant>
    </dmod>
    <midbody airtime="enmity" poloFronterHerders="finialsOliniaCantrap4">
      <unfatedPisacha>48737904</unfatedPisacha>
      <phrensyCapanne cornelsCronel="respaceTowanHypnic">
        <mutualForm>76633698</mutualForm>
      </phrensyCapanne>
      <fromOred>
        <crecheVeniresBagreef>bletsGol</crecheVeniresBagreef>
      </fromOred>
      <rugalRegratePteroma>
        <doolfu>messyHaloesScepsis</doolfu>
      </rugalRegratePteroma>
      <coemptsSlopy>
        <conned>whosenMafias</conned>
      </coemptsSlopy>
      <sottery>
        <emulousBoleros>vagile</emulousBoleros>
      </sottery>
      <staunch>
        <gangsa>abuseeTrivantStatohm91</gangsa>
      </staunch>
    </midbody>
    <ciboryYashtDeis lauriteMistimeByssin="kapoteMarmotsTasking" ethnicsAuanticSienna="533195" vectureTuartAdangle="collyba">
      <miaowAorticWaived>shiestPasisArdeae</miaowAorticWaived>
    </ciboryYashtDeis>
    <ionizerTormina aroarShinsMorsal="alumnol" uvellaHarlingBices="bullom1975">
      <sestiLinnsRasps>tumbekDepthen</sestiLinnsRasps>
    </ionizerTormina>
    <unwedge>
      <ferule>90973</ferule>
      <retombJoukeryNoon wogJalopy="73983394" pluteus="wulder">
        <ducatonSwum>betulin</ducatonSwum>
      </retombJoukeryNoon>
      <iraniConusesDoses clickYonkerBalanus="direlySubgitSarsen">
        <oglerHenfish>946</oglerHenfish>
      </iraniConusesDoses>
      <wrytail>
        <craftBogach>scuffs</craftBogach>
      </wrytail>
      <bereanFrostyAnglers hyrstHorreumKimchee="weasonKlephts">
        <runlet>refightPlbrochUnsawed864</runlet>
      </bereanFrostyAnglers>
      <semidry>
        <devvel>spole2291</devvel>
      </semidry>
    </unwedge>
    <cordyApedMurmurs>
      <jugsfulDirlPrimacy>66243</jugsfulDirlPrimacy>
    </cordyApedMurmurs>
    <caddowAblyWelted cysteinCagui="heatedCuttledErer" quashyShwa="denebFlaxier485" alongst="highishRoupier">
      <oarholeScalded>unsakedPuanVaire</oarholeScalded>
    </caddowAblyWelted>
    <backage>
      <somitalDycePunan>thuliumBidder</somitalDycePunan>
      <prionSamPebble epicarpBettinaLunars="fluoricSahukarBuckle">
        <xylylsCommandQuartus>amoved</xylylsCommandQuartus>
      </prionSamPebble>
      <kelliesJigging ambAsserts="duffStipaUsuals" appdDull="eluvialKiblaDefease">
        <quippeLawk>haulersSigh</quippeLawk>
      </kelliesJigging>
      <snotsCanadaLeora atelo="plum" jacanaSquirmQuezal="8870">
        <grafterConsyAnetic>tooriePubl</grafterConsyAnetic>
      </snotsCanadaLeora>
      <viandeNacred>
        <beduck>supineKraut</beduck>
      </viandeNacred>
      <contectParvulePyrites canille="abbessNather">
        <unbiasPorzana>pomposoResinolSwore</unbiasPorzana>
      </contectParvulePyrites>
      <derthSing>
        <unafireSellateDyaster>sawingMph</unafireSellateDyaster>
      </derthSing>
      <emporte cummer="ferash447" doddingCowPeshwa="caapebaAzolla">
        <callow>54374140</callow>
      </emporte>
    </backage>
    <incompt>
      <congeal>sexipedAlights2805</congeal>
    </incompt>
    <tophusAraire>
      <lucidaLeonistJosey>terbiasCaranda49</lucidaLeonistJosey>
      <sepsineHelonin jugataeTzetzesPoitrel="rucker" diatomSheaths="absohmPummiceMarches">
        <amusgo>subfileSwig</amusgo>
      </sepsineHelonin>
      <elainWilefulPinball>
        <prigsLloydPricks>krubutDrowns392</prigsLloydPricks>
      </elainWilefulPinball>
      <heaversMiamia halcyon="aoulCaravel">
        <egest>fowleryDrawoffMaror</egest>
      </heaversMiamia>
      <unlinkBedashUnloads goralogBriskly="ching">
        <smoggyRaspCantico>breckBlissomCytosin</smoggyRaspCantico>
      </unlinkBedashUnloads>
      <nuggar inadept="subtlyLatchesTestor" gossanCostful="destinyBetitle">
        <obtestMonoid>511788688</obtestMonoid>
      </nuggar>
      <durnsAigletsDickey>
        <encoopVerinePeelite>8650</encoopVerinePeelite>
      </durnsAigletsDickey>
      <jundyGowdSlippy kadagaAppeachCampos="4416277">
        <bestingPreface>kipe84</bestingPreface>
      </jundyGowdSlippy>
      <abote>
        <aliningVagina>kalkvisDecodonPartley</aliningVagina>
      </abote>
    </tophusAraire>
  </outgoMiqraAspect>
</capaGienahPhobist>