<?xml version="1.0"?>
<cosingImburseWitchen>
  <adjectActive flakeMyosis="recant" footersImpshipTribade="76331005" />
  <pipeyGerfulAlkanal ailanto="ipomeaOctylsTowery" dourahsGauzily="tellenChubWides" yince="bemuses1708">
    <sophianCarissaAdmass>
      <beweepsMitotic>lige</beweepsMitotic>
      <gummicPalerMesal>
        <mpondoMashers>7762</mpondoMashers>
      </gummicPalerMesal>
    </sophianCarissaAdmass>
    <ankerPeatSeptet tusherRileDealate="ateles" maremmeLimners="rosalesSupaiCerasin" crutchComby="49003">
      <onerary>tiersStably</onerary>
      <bedight>
        <rams>85633</rams>
      </bedight>
      <cattierNigTunicle veldmanTightlyReceder="coitFibered" budePyjamaLouies="rhythm">
        <edhsPaterFlote>bestrowKedlockDeskman</edhsPaterFlote>
      </cattierNigTunicle>
    </ankerPeatSeptet>
    <wandooChateusParrah>
      <bloomSubechoThunor>gaoledTropateTypikon</bloomSubechoThunor>
    </wandooChateusParrah>
    <wagged junto="5" piggishRefugeMasu="120648379" chalutzOcean="becky">
      <engsRiboses>nudgesUnwindy</engsRiboses>
      <saporsTrucedEvent whiskeyCinnylAlamoth="nullifyDeutziaGleam">
        <triace>bnf</triace>
      </saporsTrucedEvent>
      <redfish packersKiva="yaupedUngotPetrea" squenchPantingTrust="bridBeworkDagmar">
        <capris>sages</capris>
      </redfish>
      <beblear bouncer="tewsGrx" grenierAulasLenaea="weederyUnrural">
        <vendue>kendyrPolesawGilten</vendue>
      </beblear>
      <airdate retrace="836" outask="wyverWavicleSpruik">
        <swoln>201150</swoln>
      </airdate>
      <cotteEphahs>
        <sheuchsNoseyKirve>whirrooRiot2232</sheuchsNoseyKirve>
      </cotteEphahs>
    </wagged>
    <pizzlePranaWaxily onymityHondas="tollery" roc="5233" unhangs="coonierOwlism">
      <mattingRetrierGirlish>fronton2</mattingRetrierGirlish>
    </pizzlePranaWaxily>
    <unrivet>
      <braulaTakahesPomard>waneyExtollsContund</braulaTakahesPomard>
      <hambroLettenKagos>
        <jishengAftmost>khulaJabbedGestura802</jishengAftmost>
      </hambroLettenKagos>
      <restab hagboat="745768" resetEphebosAssish="twisterSenTingis">
        <especeDryfist>bais</especeDryfist>
      </restab>
      <steady regivesTucana="omitted" charonUnearthShebar="palace639">
        <dunner>charro</dunner>
      </steady>
      <partes socle="89022" pterionLucrify="6381">
        <namaquaAspalax>jemble</namaquaAspalax>
      </partes>
    </unrivet>
    <lupeTindalo>
      <uzara>kangany</uzara>
    </lupeTindalo>
    <yikes minutia="toozoo" hamateHauseCopter="smacks6653" whutherDerateFlurt="umfaanWadesTunhoof">
      <jecorinTuncaRhagite>ofay</jecorinTuncaRhagite>
      <bugdomBetrothTocsin brazilsTenueOpinant="6014">
        <twale>kindal</twale>
      </bugdomBetrothTocsin>
      <woozily>
        <drecksWagaunSandak>jawlineCrepierDeigns</drecksWagaunSandak>
      </woozily>
      <umloadRegains rangeyHaslets="noon">
        <celts>cullLepcha</celts>
      </umloadRegains>
      <redowaPanelaStupend joistedRipper="vinetPaizedGraip" decoded="grilleeFascioTerral9847">
        <unfugalLampara>hankingMocComity</unfugalLampara>
      </redowaPanelaStupend>
      <didalQuaife>
        <wetterAttars>volpane</wetterAttars>
      </didalQuaife>
      <alcidae anconaApotypeCasket="odour">
        <peekingSnifter>melee</peekingSnifter>
      </alcidae>
      <deputed>
        <chumpsAdo>5</chumpsAdo>
      </deputed>
      <caprinAurigaLep moltoEpicism="reinsKissing">
        <ccoyaGooky>theoricSpiffed8078</ccoyaGooky>
      </caprinAurigaLep>
      <brannyRejail>
        <becauseSaumya>voivode</becauseSaumya>
      </brannyRejail>
    </yikes>
  </pipeyGerfulAlkanal>
</cosingImburseWitchen>