<?xml version="1.0"?>
<tailingMesquin>
  <mohawkSadhe latiCandleOdyl="sugatHonked" erneBrollGothic="innerveUmistGuilts" anosmicQuiniteLepas="872" pilumJewlingSurbed="tiffanyAmidoDonnert5">
    <feelingTernaSkelpin>
      <edgrewSaktism>seccos</edgrewSaktism>
      <weanie betaken="enlure" umist="sodokuKnittleDumdums">
        <kentishMadnep>3369856</kentishMadnep>
      </weanie>
    </feelingTernaSkelpin>
    <mangi>
      <axoneAnodes>plookAllasch</axoneAnodes>
    </mangi>
    <curbs bhabar="astrayTruishPremiss">
      <countys>hayliftDotateBisque</countys>
    </curbs>
    <boxtopPinions caterer="7606382">
      <zitsReshunSutaio>nutatedUnfadedSerial6</zitsReshunSutaio>
    </boxtopPinions>
    <getspaPodlikeBaretta>
      <kinds>feudarySailingBerthed</kinds>
      <sistrenThymus esmayleSnyesGliosa="kiaatDenture" limbersNaegait="maciesQuinols">
        <foxfeetHandel>partly</foxfeetHandel>
      </sistrenThymus>
      <ggrRaffleBandaid halides="trustleUnspeedCabful1072">
        <oundySilvexWrester>etcherCaffled</oundySilvexWrester>
      </ggrRaffleBandaid>
      <adetStgeZareeba hexadic="accord44">
        <nighsBurthenVowson>spokes</nighsBurthenVowson>
      </adetStgeZareeba>
      <grinnerBaxterAgriot>
        <predenyTuraco>rierApass</predenyTuraco>
      </grinnerBaxterAgriot>
      <kerriaCapoTreads batardeSkeps="pardaos">
        <fumarylMoonier>deciusPariahs9</fumarylMoonier>
      </kerriaCapoTreads>
      <coliesKeratto>
        <topmanSturty>sialIlleism7</topmanSturty>
      </coliesKeratto>
      <tunoMislestOyapock ridersRhaeticInstars="demands" geosideWornOomiak="swobsAxweedMisread">
        <subfix>throughCasus</subfix>
      </tunoMislestOyapock>
      <logbook>
        <shallySpottySmyth>cygnetsGlynn</shallySpottySmyth>
      </logbook>
      <bumph shrunk="56">
        <bowsesLexis>dekleHagbornBothie</bowsesLexis>
      </bumph>
    </getspaPodlikeBaretta>
  </mohawkSadhe>
  <archers vinierGoodhap="347" druxeyCurrant="glycinsDivelUlnas">
    <kihoEgbertHatted>
      <unwitchNeriChinked>dogvaneUnshut</unwitchNeriChinked>
    </kihoEgbertHatted>
    <asters>
      <pencels>nigoriSting</pencels>
    </asters>
    <sheafsPedros>
      <cheaposPolecat>thornBrimsePores</cheaposPolecat>
      <founte blowoff="cercisVeer76" kialkeeIneptCalfs="mallowsEpidia99">
        <happerSeismicLibkin>extreat</happerSeismicLibkin>
      </founte>
      <bigginMolochGlassy pawkily="gurglesFiordsTignum">
        <actin>433106</actin>
      </bigginMolochGlassy>
      <klunkLoryByblis caupoUncasteSunrise="1007246" gravelyAburbanMese="nonevil">
        <padroneTungahTyee>gig</padroneTungahTyee>
      </klunkLoryByblis>
    </sheafsPedros>
    <syriacBiffies>
      <diduced>keymanSeamier4</diduced>
      <becaterFinewed siltedTorte="selterCaroticParas" curtesySubsistBesses="1712">
        <boerdomPorgy>validOutbuzz</boerdomPorgy>
      </becaterFinewed>
      <thermTipperUsurps barbel="gonging" teaishSofane="hugBicchedWrit">
        <broMalichoOdal>banyaSulea69</broMalichoOdal>
      </thermTipperUsurps>
      <swonkenLoftmenDevoid vaultedSkalds="reseedsMannishLianes329" consulFishmanMimosis="washoSubface">
        <synapheHattic>talajeStalagsGul</synapheHattic>
      </swonkenLoftmenDevoid>
      <outgunsSferics>
        <fordam>coperFoolish</fordam>
      </outgunsSferics>
      <nettled partonsIsbaBusings="wankle" toweryZestierCete="pegaDuchiesWonner">
        <boloBecketWreaths>dimmerWithin8</boloBecketWreaths>
      </nettled>
      <ricketDhauriSafflow jinjiliSignedGuppy="betelsCeinteMusie" oxskin="pyrenic">
        <censor>munguba</censor>
      </ricketDhauriSafflow>
      <tamalesStenterErgodic>
        <hummockAgamianTyned>defacerBicarbs5</hummockAgamianTyned>
      </tamalesStenterErgodic>
      <arrtez>
        <dumbcow>84421</dumbcow>
      </arrtez>
      <krithia seamasDisrest="navaidsKhaddar">
        <patesEcthyma>aboma</patesEcthyma>
      </krithia>
    </syriacBiffies>
    <medismUndigHinger aedineFacedSpirole="trogginAdderJupati4">
      <keriteFattens>godded</keriteFattens>
      <haybandHagdownReetam>
        <niblikeGoddamDoodler>paricaErasionZizith</niblikeGoddamDoodler>
      </haybandHagdownReetam>
      <racker monoid="5045" shaderPatanaJabules="9426">
        <zincyTagua>gilenoHotpot</zincyTagua>
      </racker>
      <behavedBehold schavsDullard="calciumEngle">
        <atauntoEthrog>artPutons</atauntoEthrog>
      </behavedBehold>
      <tofts>
        <chacmaRapsBloats>nitriry</chacmaRapsBloats>
      </tofts>
    </medismUndigHinger>
    <assacuBarrios>
      <gastrin>burglesIraqDotardy</gastrin>
    </assacuBarrios>
    <argandCidaridTuppeny>
      <millsJinsing>redive</millsJinsing>
    </argandCidaridTuppeny>
    <romanyEduceFig>
      <ostitisStrub>975725</ostitisStrub>
    </romanyEduceFig>
    <nonaid>
      <upsweptPurlerAmazers>3487321</upsweptPurlerAmazers>
      <galeatePiraguaMecon octuor="2" marys="coconutOldiePyjama">
        <loansTuffSwerved>hopyard3</loansTuffSwerved>
      </galeatePiraguaMecon>
      <gurlReflets>
        <soeverSidingAcolyte>pogonia8</soeverSidingAcolyte>
      </gurlReflets>
      <akindleOutking refeignGothFlukes="51" commiseSunbow="tictacsAgars">
        <hungaryJaddingBeefish>miladiDeanery</hungaryJaddingBeefish>
      </akindleOutking>
      <wherves psst="stylops">
        <lepteraEmbolon>chessetBefall3</lepteraEmbolon>
      </wherves>
      <polingAwokenLyings>
        <nora>brosesLushVenefic2</nora>
      </polingAwokenLyings>
      <darrellToelessBorwort sulides="calcifyPartner" pelewPhenose="quarkBushersTowhees7">
        <uvate>806</uvate>
      </darrellToelessBorwort>
      <dialysePointSon>
        <arusaKuanBajada>gawpCassada</arusaKuanBajada>
      </dialysePointSon>
    </nonaid>
    <turbosEroseSpecks>
      <iacchicGammyEscots>retchIllureSmokers</iacchicGammyEscots>
    </turbosEroseSpecks>
    <routers>
      <muddledAptianaPerau>exhaledTaiping4818</muddledAptianaPerau>
    </routers>
  </archers>
</tailingMesquin>