<?xml version="1.0"?>
<bescarf>
  <sowed>
    <lampletClairThirty>
      <yucca>invarsRevealsHale81</yucca>
      <gedacktPluggy>
        <epizoanWizenEbbets>difform</epizoanWizenEbbets>
      </gedacktPluggy>
      <lovemanAukletsGanodus evictee="wiltsNed">
        <scraeBodrageWuzzer>downierBowe</scraeBodrageWuzzer>
      </lovemanAukletsGanodus>
      <daystarQuiraZanjero nonplus="bookismMarmit">
        <vil>endings</vil>
      </daystarQuiraZanjero>
      <thrives cerusesCalks="lazarlyNaugerBakra">
        <wafflesFerfel>muletta</wafflesFerfel>
      </thrives>
    </lampletClairThirty>
    <fieldie>
      <warsled>abacusAlands</warsled>
      <ethered>
        <baulkyOuthear>typy</baulkyOuthear>
      </ethered>
    </fieldie>
    <bibasicNankinDeashes aclinal="glum" havered="durned435">
      <armuresAlcoateVenae>imcnt</armuresAlcoateVenae>
      <disarmsJagged>
        <aumrie>millful323</aumrie>
      </disarmsJagged>
      <bightedMysosts>
        <tweesht>kotoMhorr</tweesht>
      </bightedMysosts>
      <chokers obdtCurioPugging="malonic" vacanceTriture="65214">
        <sawderGolesPhoebe>capletsBacken</sawderGolesPhoebe>
      </chokers>
    </bibasicNankinDeashes>
    <plasomeBedridDumpers mostly="mfrVacuit" muskoneDoniUnoil="unruthUfs">
      <weared>810</weared>
    </plasomeBedridDumpers>
    <cabiricHymnistAbusee>
      <pinxter>sprattyReisnerCylix</pinxter>
      <stomalSlaps coco="findal">
        <outeyeExonerGhazel>braizeRusset</outeyeExonerGhazel>
      </stomalSlaps>
      <lusian awfulTonify="16660" burtons="metaeTiepin">
        <illeistKamelHerding>riotPritheeLateran</illeistKamelHerding>
      </lusian>
      <hirenDreng unthornUnbokel="rehangJugfuls">
        <mutusGladius>6</mutusGladius>
      </hirenDreng>
      <camphol unwryReested="audaeanKayanBurlily" hatfulAppastDost="patristHelosisGodhead">
        <tetractWastyGyte>ivyCarobLoftily</tetractWastyGyte>
      </camphol>
      <narcissFitrootHousty shyish="doozyTergalFoambow587" amadanCoffin="pupasSamani252">
        <tushieCerezaApio>endgate</tushieCerezaApio>
      </narcissFitrootHousty>
      <dullsAhull>
        <pludRigadig>tappets</pludRigadig>
      </dullsAhull>
      <tempoHoganBimane lyfkieRaffman="nullusDonatBifront">
        <reclaspTumoral>skiechPyesBegluc</reclaspTumoral>
      </tempoHoganBimane>
    </cabiricHymnistAbusee>
    <kunkMilseyGiocoso>
      <proteidCoy>pituiteEffectsJiggle</proteidCoy>
    </kunkMilseyGiocoso>
    <haverer>
      <pummelsBriberAdjuror>frigor</pummelsBriberAdjuror>
    </haverer>
    <evodiaCleoid sekereVaadAjoint="cometh3763" oblastiShuvra="787">
      <ultra>675</ultra>
    </evodiaCleoid>
    <destourPoddingSamiel>
      <peptide>gnammaDoits</peptide>
    </destourPoddingSamiel>
    <carvol chengalUnicism="fortletCalles" tileOviparaCrafts="cyclerUptrunkAgnosis" lucinaSluicedRoofmen="whulterFatigueHockday">
      <nonceSatyr>berthsAsgardAiery</nonceSatyr>
      <eltime youBefore="elapsed" sothoNipmucMigale="pectateTaxer848">
        <sortedHolksRespite>cajole</sortedHolksRespite>
      </eltime>
      <arctoidBowtieQuaffs troakWaggie="tabbed">
        <sniddleDaphninCorso>ichsSikimi</sniddleDaphninCorso>
      </arctoidBowtieQuaffs>
      <grabbedBunyanLadakin onerierCatapan="amitaTheetDhobis" petted="assignWoodiesGlew">
        <hushaby>oilersDoegFerrean</hushaby>
      </grabbedBunyanLadakin>
      <lantchaTigrish ferret="9758" tagaurRupitic="upcrawlSaxonly">
        <rink>knowethOxeote</rink>
      </lantchaTigrish>
      <sabeca bequalmImpugnPrairie="68394" patchy="sonoranSmoochsLotas">
        <guergalFosses>ponsBlownKeckled</guergalFosses>
      </sabeca>
      <arctosSweer>
        <answer>crooked</answer>
      </arctosSweer>
      <diskosSayette pilonBraids="vanfossGingkoBalkan" blamersAlburn="retinalAhriman">
        <octeneTarpumPalinal>skylab</octeneTarpumPalinal>
      </diskosSayette>
    </carvol>
    <peeryEncolor>
      <umiaq>axesTavola</umiaq>
      <herriedTennis>
        <lentisc>promsMetisRemuda</lentisc>
      </herriedTennis>
      <dispandEnjewel gelling="twin76" rfzTiptail="chortiNappySuecism4">
        <wornilCapeDoghead>amylomSquinny331</wornilCapeDoghead>
      </dispandEnjewel>
      <kawikaBeryx paresesTalpine="nobbler">
        <ticket>stawBastian</ticket>
      </kawikaBeryx>
      <novator bhutaniTzarist="bungaAmassedAiming" untileFlopped="6761">
        <borrelGurshes>44</borrelGurshes>
      </novator>
      <parurasSirgang>
        <xema>everyHoosierTranfd</xema>
      </parurasSirgang>
      <calanid enlureDamns="251384">
        <youngsMasaridFooters>pavanesPensive</youngsMasaridFooters>
      </calanid>
      <letchyReefier>
        <lectorWeldersSanjib>yellsTeenerOrthal</lectorWeldersSanjib>
      </letchyReefier>
      <belows>
        <soups>spikier</soups>
      </belows>
    </peeryEncolor>
  </sowed>
  <criminiVeneresBrock>
    <isleMag>
      <droshkyDjibbahOpsin>kebobPointerUnbale</droshkyDjibbahOpsin>
    </isleMag>
    <bimebyCurrock>
      <alining>swoopsIsomers</alining>
    </bimebyCurrock>
    <talutoStewingPeesash buffo="gavelet" myaria="730">
      <uloid>nogheadOverjob</uloid>
      <angeletChutnee polar="bluecapAlethea">
        <acoinAurene>mimine</acoinAurene>
      </angeletChutnee>
      <cooserTulipy tortays="9" comicalDizen="proa">
        <yarely>apocyte</yarely>
      </cooserTulipy>
      <unsonsy maizesOariumWhirler="535">
        <lowedCarnary>sinnedJapanReviews</lowedCarnary>
      </unsonsy>
      <nuggetyYang runtsCharnu="kiddies">
        <yogurts>riddedRandierAccise</yogurts>
      </nuggetyYang>
      <eschew certie="spewedHyoidSteaks" outspy="loeil">
        <regressLeguan>ubiLonelyAmidone</regressLeguan>
      </eschew>
      <leekDottels whilomOristicCoiffes="induingZonulasAzonic" refered="31416">
        <rubricsChasmsRouelle>ferisonOutslip</rubricsChasmsRouelle>
      </leekDottels>
      <cashoo super="7244">
        <eoithHalloesCapella>95453</eoithHalloesCapella>
      </cashoo>
      <reknotFth csk="starvenRuntimeNeddies" heimdal="joyingDigestsCataria">
        <maximalGuisesHaffits>cziganyNemesic</maximalGuisesHaffits>
      </reknotFth>
    </talutoStewingPeesash>
    <kerriesSubpimp>
      <fenmanDumpier>9</fenmanDumpier>
      <telomicDepucelPhalanx shogiPrimero="stettedJointlyMucoid">
        <creakyHolpen>puparia</creakyHolpen>
      </telomicDepucelPhalanx>
      <chowse>
        <pilfer>gelatin</pilfer>
      </chowse>
      <sacelaBouget plunger="twaitPrythee" rumper="spitzer">
        <sprags>pudenda</sprags>
      </sacelaBouget>
    </kerriesSubpimp>
    <cocoas passingMygBomi="porism" araribaCantles="rowlockDuctedAntiwit">
      <agrin>kinotJussalNooked949</agrin>
    </cocoas>
    <shuntsFizzlesTugger>
      <wrybillGuls>sadisSinlike</wrybillGuls>
      <burps>
        <wisestSpreng>gaddishPreaverCodeins</wisestSpreng>
      </burps>
      <quin>
        <scallomRadiata>pollingTarchonBassa</scallomRadiata>
      </quin>
      <whimbleAgue clopGabbartByth="twixtWrimpleIntice">
        <tatbeb>851</tatbeb>
      </whimbleAgue>
      <pianino cheaper="xyletic">
        <venialCermetDarkly>mowtUmbrose</venialCermetDarkly>
      </pianino>
      <pteroid gurtOxydase="stiltyWingbowConurus" pickyCoppinMadre="godsonsVictrix">
        <guepardMaiaccaAttagen>candid</guepardMaiaccaAttagen>
      </pteroid>
      <santosLickerUnhex slaying="firs" birr="iii">
        <borithZirianWhorish>skepful</borithZirianWhorish>
      </santosLickerUnhex>
      <cotidal>
        <rockishSlath>hastler</rockishSlath>
      </cotidal>
      <medlarGeal>
        <quirtedBasotho>835145</quirtedBasotho>
      </medlarGeal>
    </shuntsFizzlesTugger>
    <tilmusHagadicTannic>
      <detents>enceintWabron</detents>
      <insume tudorRussudRuspone="scarsFresnelCossie" feckPatricoDoucet="boort">
        <pronounShifty>3</pronounShifty>
      </insume>
      <metriaCheviesPullets>
        <defiedCuing>surgersNavaids6</defiedCuing>
      </metriaCheviesPullets>
      <snouchSkateRonde succor="heres">
        <hearstDrape>chequy</hearstDrape>
      </snouchSkateRonde>
      <viander chatino="ingesta" refloodTrues="oory">
        <valgusCrinklyAloyau>alecizeBattler</valgusCrinklyAloyau>
      </viander>
      <cablet>
        <peyotesGleyAttend>muchesFarrand</peyotesGleyAttend>
      </cablet>
      <codonsDiarchySubnode debiteJiggety="neigh106" plain="loathedUnnail">
        <blobby>rutateBalanteColuber5562</blobby>
      </codonsDiarchySubnode>
    </tilmusHagadicTannic>
    <weirdosFieldyPigface typhoseSasseBelar="tideMedleysAtlatls102" nilghaiSoapierAnhima="saft" wowingCubla="bawbleJackman">
      <gunners>iffyBbl</gunners>
    </weirdosFieldyPigface>
  </criminiVeneresBrock>
  <firstlyUnheardQuests africaLoopy="82505" araunaArborerBelows="mandatsSweeny9">
    <notistCranedThetine downlieGreiges="arabism" poorest="winkGullishMicell">
      <freyja>6180489</freyja>
      <rumbledLeukonsJapygid satinyOralerCoue="mockageDredgedKarree">
        <aphthaeHogmaneEdemas>ferdiadForest</aphthaeHogmaneEdemas>
      </rumbledLeukonsJapygid>
      <enrheum subportCerrisSulcar="merghPagodsSechium">
        <cuviesDielKajawah>oilbirdRaylet</cuviesDielKajawah>
      </enrheum>
      <aboleteCzarismPontacq>
        <naiant>retireeLactary</naiant>
      </aboleteCzarismPontacq>
      <thulias>
        <pocosinUnmeth>notekin423</pocosinUnmeth>
      </thulias>
      <jackingExodoiBrayers kamaoAvery="duniticTalkeeThysel" acold="91">
        <normed>festinoQuilted</normed>
      </jackingExodoiBrayers>
      <woevinePlumuleBarware reshows="ernestPeptidsComose" cahiersAsquint="colomboZincaloPoetise">
        <tenuredRepace>frilled</tenuredRepace>
      </woevinePlumuleBarware>
      <covaryBegemBooksy bardieTanked="grimyPyoceleUnlowly" axiferaOutguns="abluentAccerse">
        <smiledRheaOutcrow>oblasti</smiledRheaOutcrow>
      </covaryBegemBooksy>
      <daverdyQuethe>
        <rampish>rizarRomeroDegged9039</rampish>
      </daverdyQuethe>
      <flossedWestlinSolace>
        <poddishPunnetBrattie>gemel</poddishPunnetBrattie>
      </flossedWestlinSolace>
    </notistCranedThetine>
    <savolaCamions>
      <rimlessUnwarn>faintMobbed</rimlessUnwarn>
      <quillyPernyi primingUnbraceUnfixed="larkersHyzone8">
        <diaperyJobarbeViolal>packs</diaperyJobarbeViolal>
      </quillyPernyi>
      <oriencyHafgan>
        <giletAllays>bitume</giletAllays>
      </oriencyHafgan>
    </savolaCamions>
    <unicism grimmer="warrokPlanaeaBalei93" shellyPullus="pipidaeArrect">
      <lux>512098</lux>
      <tootlerFenbank orderlyMetopesSunrise="lascar" complyJacobus="faculaePhenic">
        <anunder>acardiaGasbag</anunder>
      </tootlerFenbank>
      <shadkanSundae potdar="1653" feringiPorosisCappagh="morpionEelfareEmpover919">
        <gaukHobble>locoingSociate</gaukHobble>
      </shadkanSundae>
      <titarSimian>
        <corveGollarShochet>dislade</corveGollarShochet>
      </titarSimian>
      <joropoKitschyWonts>
        <towered>jndSarape</towered>
      </joropoKitschyWonts>
      <grabs jahPinkie="scranchManavel" tuners="tidefulSmoot">
        <woalds>unked5804</woalds>
      </grabs>
      <moasSuba>
        <fulah>whiz8</fulah>
      </moasSuba>
    </unicism>
    <chime>
      <rellyanAngeredCoifing>tembuCatenas</rellyanAngeredCoifing>
    </chime>
  </firstlyUnheardQuests>
  <moan scap="surfyDolphinPegwood291" quernalTiering="cinelAlnilam" armfulAraminaAnarch="intrant">
    <muslins fatsoesHwyl="audileCinchesCriance459" lakhHewgag="aerateMbeuerLigulin562" fuguedKebby="5815045">
      <jonquilDobies>dorask</jonquilDobies>
      <tokenedLingualCharon pangensTyees="ducdame" adenine="intuitoBalanidColpheg">
        <meadQuidam>tiddlyJadResid3313</meadQuidam>
      </tokenedLingualCharon>
      <daver tudel="rouster696">
        <tough>emulsinMongol</tough>
      </daver>
      <wytedGerenukOgrism>
        <timpanaMungoTsia>anadesmHodgkinInboard</timpanaMungoTsia>
      </wytedGerenukOgrism>
    </muslins>
  </moan>
</bescarf>