<?xml version="1.0"?>
<odibleBeeperRoofer>
  <agoho />
  <ghisEwder>
    <hiccupsCoigny>
      <ignores>cornealMambasAlnager</ignores>
      <gemmilyStire thugsClapper="dielJahveDuranta" gustilyVenomlySeptan="skullyHackmen3276">
        <trema>54064651</trema>
      </gemmilyStire>
      <hinnerFlurt>
        <gaucieDurenolGibbles>alsoIeee1240</gaucieDurenolGibbles>
      </hinnerFlurt>
      <usurpBlobMadling>
        <sagumGlossasLoonery>696</sagumGlossasLoonery>
      </usurpBlobMadling>
      <germuleOurebisDeirid barfulXylomas="wairing459" teletex="planerGametal5">
        <ohoyParbakeTawnier>842920197</ohoyParbakeTawnier>
      </germuleOurebisDeirid>
      <unslackBatel>
        <delayed>tilturePurdy</delayed>
      </unslackBatel>
      <curchesFleuryUncheck imitant="gpmJupard">
        <puisnesSpencer>8584</puisnesSpencer>
      </curchesFleuryUncheck>
      <titanLeptusRebias nutatesNuzzer="zorilloSpooledLesions4">
        <pectus>sartor</pectus>
      </titanLeptusRebias>
      <boldingNoughtyCurtals paha="elapoidCutins" coxalgyMistProximo="gravestGlanderHor">
        <rabblesCadette>616</rabblesCadette>
      </boldingNoughtyCurtals>
    </hiccupsCoigny>
    <furnerMautBlotted>
      <stoodedPelvisChusite>indivCopular</stoodedPelvisChusite>
      <imidRemeet nosherSirene="1" cuculeBarbute="jambing">
        <exaltedBushModems>pekeAnour</exaltedBushModems>
      </imidRemeet>
      <sexily dorsi="37389829" trymsFringes="prowUngiveHotdog">
        <ifs>1</ifs>
      </sexily>
      <cageotAwarder walkupCollingGemels="beetyWintle">
        <buteaChuffedPiny>dufter</buteaChuffedPiny>
      </cageotAwarder>
      <augustiScribeIodides rewed="tritonSilkine">
        <thugInfilm>moudie35</thugInfilm>
      </augustiScribeIodides>
      <bridgedUnhouseRaid>
        <godpapaHackle>scufterMorga456</godpapaHackle>
      </bridgedUnhouseRaid>
    </furnerMautBlotted>
    <xerogel>
      <bifoldStringsElfwort>totum</bifoldStringsElfwort>
    </xerogel>
    <toxAdemptBlaster>
      <airthOtiatryBezoar>cantorsGrivna1397</airthOtiatryBezoar>
      <himatiNambeNiagra>
        <reerect>growlyNappy3473</reerect>
      </himatiNambeNiagra>
    </toxAdemptBlaster>
    <kobusSilane>
      <hitBefilthWrihte>alumnaeLatebra</hitBefilthWrihte>
      <wreaks uteSnacks="teapoyFretty" awardeeUnroots="jackye">
        <zeroingBrakier>kinahCamaieu</zeroingBrakier>
      </wreaks>
      <confixKelderMashlum alupagUnrestsRemove="991070959" tapirsLinet="rehouseBeltmenMutuel">
        <rackwayInvidia>roupilyBrakedSenci</rackwayInvidia>
      </confixKelderMashlum>
      <leguminWotting besaintSavarinDugout="2" perosisCried="firmanPittardTertian">
        <aroUnseam>snipperPiliferLeveful</aroUnseam>
      </leguminWotting>
      <punic>
        <virgoTortor>namaste</virgoTortor>
      </punic>
    </kobusSilane>
    <painch copenBeatasArling="rimmers" dizensCaber="asaddleOutpartShemu">
      <astrideRouterDeraign>vagrantPudency</astrideRouterDeraign>
      <troot aburban="fraenumBiggies">
        <luvianEmlenDiazid>2021</luvianEmlenDiazid>
      </troot>
      <urinalsAbac grufted="ensoulMonroe">
        <kendo>65997902</kendo>
      </urinalsAbac>
      <cathopQuatreDummy puredee="waiseTankka" obeyersSpinorSapping="moonackWolds">
        <betis>473400973</betis>
      </cathopQuatreDummy>
      <waddedDewan yillSwankerLavers="psyllas">
        <brulesUnchildCattier>rowportSlighty</brulesUnchildCattier>
      </waddedDewan>
      <alevin closed="toilersAssoinFenter" pfundeLoeilDister="tatties">
        <thous>rialsBuscarl</thous>
      </alevin>
      <micmacEncodedScissil doseBebathe="20325" doughsRype="deinoWaiversUnaway4">
        <zygiteUntress>tayassuScaleSee</zygiteUntress>
      </micmacEncodedScissil>
      <ahuntLetupsGalant>
        <futharkLoofa>hellishCastra</futharkLoofa>
      </ahuntLetupsGalant>
      <buccateBihalve>
        <edility>dedoPoley</edility>
      </buccateBihalve>
      <acamarShire>
        <owedEuchitePapreg>flawingUnrowJabots</owedEuchitePapreg>
      </acamarShire>
    </painch>
    <thibetDinmont budlessDecap="skellyBoaters">
      <bisSpriedEcad>shealOrion2317</bisSpriedEcad>
    </thibetDinmont>
    <outlook cadereContes="shallal">
      <naviForelay>45</naviForelay>
    </outlook>
    <shodeFlanken>
      <parsonyFlem>yettsPataque</parsonyFlem>
      <downersRelost gloomyGitksanMarinas="ledgers">
        <lumutCrumlet>879589</lumutCrumlet>
      </downersRelost>
    </shodeFlanken>
    <droopToroidsReheard>
      <salves>chadar497</salves>
      <artworkIsopach glamour="instarsBiddingEstral" photog="3205">
        <addaxes>cubitiDrossy</addaxes>
      </artworkIsopach>
      <uncoin mitzvahGoustyEgbo="shmaltzHdweLaude">
        <spaheeEarthy>2876055</spaheeEarthy>
      </uncoin>
      <corollKneel visors="subhero">
        <gobbedUliconTilth>2871</gobbedUliconTilth>
      </corollKneel>
    </droopToroidsReheard>
    <batterJowlerAngulus begarieAcolousRegraft="toldoLea">
      <prasineUnstar>abiosesTabued</prasineUnstar>
      <pediadNaevi bijouxCrullImposed="foalingReplum167">
        <exomionVelvetsInstar>gallifyScoring</exomionVelvetsInstar>
      </pediadNaevi>
    </batterJowlerAngulus>
  </ghisEwder>
  <pannoseAbiosis casefyRoc="ureasesLeptene" calkageEgret="3654179" tubigCissoidDrooper="asserts">
    <imagery>
      <gehenna>intitle</gehenna>
      <repaintBowwortJusting cupperSur="carawayWadsetSquader">
        <weepingCalcate>59790</weepingCalcate>
      </repaintBowwortJusting>
    </imagery>
    <porina monkismChessetFreaky="hubbiteMonkly" heygh="tenutosNitric">
      <gebangaRaneesDitted>boranStank</gebangaRaneesDitted>
      <trinketDuad treron="reboneDipettoSleechy8" poundal="sinaiteFamilleUmm">
        <selfedTestbed>angeloKrautsMelons</selfedTestbed>
      </trinketDuad>
      <rarelyLupulinBangup>
        <ironersReggie>278</ironersReggie>
      </rarelyLupulinBangup>
      <itemy zygenidMelodia="manumeaSavitriIlkane" ranjit="baratSaintsSwannet207">
        <dartlesPokeout>altsCuscutaRazeed</dartlesPokeout>
      </itemy>
      <sofarWinksHounce>
        <issedoiZentnerElritch>knowerDelouse</issedoiZentnerElritch>
      </sofarWinksHounce>
      <tactiveEmbrues patonceKabab="silybumWanlas" permitMacle="forearmCurdoo">
        <chiverByssus>waving</chiverByssus>
      </tactiveEmbrues>
      <nervidSlewing lutherUnsafeDebyes="cellaWarmingLyam6" savitarSenega="ramadaKurn">
        <waffSere>21274</waffSere>
      </nervidSlewing>
      <champaOverdyeGreased drillLinoxyn="crevassJerome">
        <cleridsGleemen>hoolieBeclaw</cleridsGleemen>
      </champaOverdyeGreased>
    </porina>
    <saved>
      <pinoliaPodwareBrazer>lupinGanyieLaisse55</pinoliaPodwareBrazer>
    </saved>
    <ratholeEcurie piso="4524">
      <heimishFinds>shilh9159</heimishFinds>
      <saligotEntropyImpall lyttae="norieSpicingElytrin" mahmudiButoxyDinaric="faenaHenyardLohock">
        <aeolismHydriadUnstiff>vidduyTumid</aeolismHydriadUnstiff>
      </saligotEntropyImpall>
      <ryndPicote petalia="oratrixDallan" tinkles="518369">
        <unlime>42672</unlime>
      </ryndPicote>
      <euxineDivinyl yttric="sowarsSaulterOchring8">
        <cavilTux>daphnisBiotas</cavilTux>
      </euxineDivinyl>
      <linaloe>
        <coined>naivetyBedroomJokelet</coined>
      </linaloe>
      <malSylph flectorBunt="79">
        <sorroaCoup>filarHelionIpecacs33</sorroaCoup>
      </malSylph>
      <movers>
        <navely>tilledSloteZebra</navely>
      </movers>
      <refete saynayAradDiazins="porionsBlumedJaggy">
        <mulctsPilular>357350</mulctsPilular>
      </refete>
      <osteoid>
        <sickens>etuis57</sickens>
      </osteoid>
    </ratholeEcurie>
    <poetdomAlkenyl niggled="579299131">
      <laminar>toozlePulsarAkra413</laminar>
    </poetdomAlkenyl>
    <overuseCabinet madden="7610" sundangHapiton="hostessMormaerMosette">
      <lapland>rewrapsFrena</lapland>
      <anilin child="893">
        <hagseedCharpie>fussleComals</hagseedCharpie>
      </anilin>
      <chalana>
        <grylleTossupRebias>meetlyAscian</grylleTossupRebias>
      </chalana>
      <corsakCecumsSpalder billmen="issues68">
        <neinLouping>suspireCulmen</neinLouping>
      </corsakCecumsSpalder>
    </overuseCabinet>
    <ascianAlleyedMilts>
      <burundiUnnigh>oreadLeepit</burundiUnnigh>
    </ascianAlleyedMilts>
    <diaster pukingCowbind="pitySchmeerBoronia" coatersGeigerWhereby="palaGamond202" pank="mockers">
      <madefyFinkel>pawnorIntagli</madefyFinkel>
    </diaster>
    <quercicPeak>
      <ungyvedBeladleRizzle>daimonRevert</ungyvedBeladleRizzle>
      <swervesRetamaMinah spiveryLumsCalotin="241" sugi="foggageAlkyOlivet">
        <ashamnuBagh>pahi241</ashamnuBagh>
      </swervesRetamaMinah>
      <amalicTightenMandril utsuk="torpid" gridesBrainer="unrideHiving">
        <waggerAlauntCordy>tritureChhatri76</waggerAlauntCordy>
      </amalicTightenMandril>
      <ignoblyDoigtFrames>
        <syndocPenta>regmataMaskmv</syndocPenta>
      </ignoblyDoigtFrames>
      <clues unnetAyousInstr="926729">
        <briars>385</briars>
      </clues>
      <probedRigole>
        <boundsOthelloBygane>1</boundsOthelloBygane>
      </probedRigole>
      <boris>
        <ceritesOlorosoBevel>tantricDepark</ceritesOlorosoBevel>
      </boris>
      <tranReloads wastersQuidaeLatoun="kermisNavete">
        <coulierNotchySanicle>agralHalalas</coulierNotchySanicle>
      </tranReloads>
      <engined postilDuopod="ratal" rokeeSowle="brittsKnezi">
        <solutioIngenie>allnessGayishSitter</solutioIngenie>
      </engined>
    </quercicPeak>
    <xint>
      <cedryAttryHonchos>miche</cedryAttryHonchos>
    </xint>
    <dyspnea alcaabaUlidiaFrogmen="maharaoFrizesCopain685">
      <tigelle>86</tigelle>
    </dyspnea>
  </pannoseAbiosis>
  <slacklySubcaseWonting />
  <altica chankLasketDaint="xystusInneityLaroid" cupratePokeysSpute="88683004">
    <caroleXivBruxism>
      <elemiAnthrylAriled>smogAshrafi</elemiAnthrylAriled>
    </caroleXivBruxism>
    <quaighCarrara laosUnripsRisuses="lowland" eyrar="3868">
      <entwitePiranha>83907991</entwitePiranha>
      <emporyEuclaseTabinet officeLactide="foresZarfs" clopped="shocks">
        <thanahCompeerEperlan>5</thanahCompeerEperlan>
      </emporyEuclaseTabinet>
      <guniteAtule>
        <strDodsGighe>apehood2</strDodsGighe>
      </guniteAtule>
      <repkieKhodja>
        <ashkeyHolly>swornLordlet</ashkeyHolly>
      </repkieKhodja>
      <mulm minimsTwangedRelaxin="bestorm">
        <manocNodesAdhibit>lollard</manocNodesAdhibit>
      </mulm>
      <venulaSillery lagginsVoetsak="wotlinkUrazoleUnary1972">
        <hookierTalioAgapai>9627</hookierTalioAgapai>
      </venulaSillery>
      <hajjLuteciaSeamed>
        <nybble>sleekedLushed</nybble>
      </hajjLuteciaSeamed>
      <cithersSawyersIngrow>
        <outgladTalcerBracero>darnexWren</outgladTalcerBracero>
      </cithersSawyersIngrow>
      <conning>
        <fennec>zophori</fennec>
      </conning>
    </quaighCarrara>
    <cradlerSwidgeVerbify>
      <doddardMalay>eclegm1682</doddardMalay>
    </cradlerSwidgeVerbify>
    <rictal neutria="redbug" mehrdadDhooly="welshesThetch" jennetsHogfishZymic="sign29">
      <dottrelVagileHinnies>zebu</dottrelVagileHinnies>
    </rictal>
    <smite oolith="deblaiTeri">
      <agaveInanestChared>resurge812</agaveInanestChared>
    </smite>
    <morphea estrifNereiteFez="seamostPetalon" locustsVillainCraizey="comakerLariatCoppet" barcone="4652">
      <tossy>upstampArgonNullify</tossy>
    </morphea>
    <denize>
      <triol>7846</triol>
      <enthralJuneauGawkers thierryPuntersMimosas="plowerBepinchRenne">
        <swooseFarmersRheboks>labite</swooseFarmersRheboks>
      </enthralJuneauGawkers>
      <benzolsWafersBlokes bahoeHoppy="664397" greaveSerianEsmayle="daystar">
        <scrivenTurbid>4078</scrivenTurbid>
      </benzolsWafersBlokes>
      <derrireAlhena haulmBletheShamer="sails">
        <reach>ruinArsle</reach>
      </derrireAlhena>
      <treflee>
        <sinapin>kelekSekani</sinapin>
      </treflee>
      <garudaStilty mandil="yarded">
        <raphes>pecticScoopsFinikin</raphes>
      </garudaStilty>
      <erotic reveMedilleCrushed="462" acheer="delead">
        <sirras>entrer</sirras>
      </erotic>
      <softas>
        <yotPlumedRaver>mediaryMoudy</yotPlumedRaver>
      </softas>
      <cineneShazam audileCarns="dynAoristBarba">
        <kiel>842638664</kiel>
      </cineneShazam>
    </denize>
    <radomeNarkedGonofs>
      <croisadBanshie>ranch7935</croisadBanshie>
      <pikleTheretoWithsay>
        <scrogsAdhakaWallise>thriveCappaeBunkos</scrogsAdhakaWallise>
      </pikleTheretoWithsay>
      <bogging leatman="egoismsSteeked1955">
        <crimson>bunyoroGledeTwig</crimson>
      </bogging>
      <howfs bataanEeten="interne" duraPoleaxeVagal="6511">
        <twifoldVivencySynodus>marmionSoapierJungly</twifoldVivencySynodus>
      </howfs>
    </radomeNarkedGonofs>
    <squinty anathemBhalu="rouerieBaloo">
      <celliTestis>localGluside69</celliTestis>
      <aaaEpiky leveesCaderas="linosTrefa">
        <lipsLimpin>1671</lipsLimpin>
      </aaaEpiky>
      <rustlesPerinde suboralDeeny="biffins">
        <croseCan>dosis</croseCan>
      </rustlesPerinde>
      <iapyges snackyZorille="brasser" mudiria="wadmeal">
        <frasse>violsPory</frasse>
      </iapyges>
      <melisWaywodeRawly liming="pondmanAmydon" bransleUpbinds="flaresGoudaGrana">
        <alleyMeresFerijee>curteinVoguish</alleyMeresFerijee>
      </melisWaywodeRawly>
      <chulloCheeksThos tho="vernine" chicotEnoint="gussieCheerio">
        <poesy>gestaltPrier</poesy>
      </chulloCheeksThos>
      <prize dhoniVidual="assoniaExults" fungusSnurLector="rutDamaskAshlar">
        <privantKnucklyUnshowy>prolinRoguery3</privantKnucklyUnshowy>
      </prize>
      <ecdysisNazisVelic ratel="achenes">
        <anyhowPtinid>numida</anyhowPtinid>
      </ecdysisNazisVelic>
    </squinty>
    <zaffersAdvokeOxalate>
      <aamChung>unpawnTarweed</aamChung>
    </zaffersAdvokeOxalate>
  </altica>
</odibleBeeperRoofer>