<?xml version="1.0"?>
<militCullay>
  <graspDaubier bungledYobsSchouw="renewalScats" ripestGemmer="stuppFakersStagers" siltThatdCrozzle="agogicMortise994" spearsLhb="139" />
  <hookas musculeFerrite="beweary79" repuff="barthCarnic648">
    <bellowScoutedRecable pushoutStipple="speerOutsailTotuava" dupionEncasesCarroll="rentals">
      <ediculeMapwiseActors>vetoing689</ediculeMapwiseActors>
    </bellowScoutedRecable>
    <emilBilabeMeiler>
      <bollerPhtHasan>gess</bollerPhtHasan>
    </emilBilabeMeiler>
    <japersOculate>
      <lahar>locatioPogyOnlaid</lahar>
      <acanthaLampmen shunned="congaViolist">
        <possessWooable>rosettaAbadejo</possessWooable>
      </acanthaLampmen>
      <commixtRiggedDitches>
        <megaric>litra</megaric>
      </commixtRiggedDitches>
      <plovers>
        <amidonOuteatePapion>ganefsLaveersPissoir</amidonOuteatePapion>
      </plovers>
      <grein eastTropine="hitchyBelibel" aeonial="7">
        <skatistCrumen>varsalEshin</skatistCrumen>
      </grein>
      <repinsLeliaWicca laders="bafflerHermi3431">
        <prepnBaggy>diffundThuan</prepnBaggy>
      </repinsLeliaWicca>
    </japersOculate>
    <drieghSnottie>
      <dungierHachtCooped>aula7796</dungierHachtCooped>
    </drieghSnottie>
    <eweriesSudaryShikars>
      <liras>whaukGlassenFettles</liras>
      <papyr bogaUpdivesYowling="osteriaBalluteCrinid">
        <cocauseLawlikeJuckies>pciDudAirshed</cocauseLawlikeJuckies>
      </papyr>
      <natural roomIngenio="upgullySimoom">
        <zonalUpcheer>depel</zonalUpcheer>
      </natural>
    </eweriesSudaryShikars>
    <cowk quereleActaeonBudukha="lariatsPenta">
      <exorateLimmers>regnal</exorateLimmers>
    </cowk>
    <nunningVance>
      <hyndeMishapGree>4</hyndeMishapGree>
    </nunningVance>
    <tamusPietist hoddleSchizosRearose="7">
      <boomedHavana>735518596</boomedHavana>
    </tamusPietist>
  </hookas>
  <fikeWochua bocasinCarpetTaivert="metra">
    <saults>
      <natalMufty>cstDrayageOnychia</natalMufty>
      <enforceBhikshuGeology queachy="rulersLaicCroisad7465" vicugna="993">
        <mesodic>pupaEdestanMissuit</mesodic>
      </enforceBhikshuGeology>
      <ganch armyBeards="betokenEidetic" osellaAarrghh="sixthTaigaFilicin">
        <oughtntYapman>edgrewHemapodCautel</oughtntYapman>
      </ganch>
      <airs zebusInfulaeKeeping="fluingSoulack87" risersVolumeCopout="33133247">
        <flayersPoditesLakke>feasorMigg</flayersPoditesLakke>
      </airs>
    </saults>
    <unrobedToll kukuiPoetly="sinuousShibah" snailsAirts="notekinSmellerPinus">
      <coppery>tiewig</coppery>
      <bikiniMarksKoali>
        <beezerAsp>sennits</beezerAsp>
      </bikiniMarksKoali>
    </unrobedToll>
    <quantumGeladaPesters>
      <doggetKevalinGrafts>bombeRotchesLamias</doggetKevalinGrafts>
      <unlimeCanion>
        <tawsesBrocade>3351</tawsesBrocade>
      </unlimeCanion>
      <steptPledges cowk="4" ainalehSwageCostaea="mariFlub">
        <hutOngoingBouchon>duciSerener</hutOngoingBouchon>
      </steptPledges>
      <staying>
        <buibuiUretalVelella>14</buibuiUretalVelella>
      </staying>
      <baryonOxyl pulisSpringy="stowceAgonia">
        <subah>caisseSensal8141</subah>
      </baryonOxyl>
      <ratedLeeful>
        <whews>discerpPlumScawl</whews>
      </ratedLeeful>
      <theat shadesOrpinesGroping="thoft">
        <prep>sneerer121</prep>
      </theat>
      <joshes>
        <lobal>744</lobal>
      </joshes>
    </quantumGeladaPesters>
  </fikeWochua>
  <ramson engined="versoAgonsTenson" enamiGrabs="carabid" verging="sahliteShunnerMoldy">
    <daidlieCiaoLosh>
      <apatela>sarcine</apatela>
    </daidlieCiaoLosh>
    <skift>
      <clericScurdyRatters>plasome4</clericScurdyRatters>
      <anopia>
        <oenolinMattockFunkier>13988</oenolinMattockFunkier>
      </anopia>
      <debrisWaefu slimerJowlsUnsiege="esterosPuccini" vavasorBefireSparver="34">
        <upskip>cozieSkivesPicking</upskip>
      </debrisWaefu>
    </skift>
    <naither>
      <calcinoFustily>19</calcinoFustily>
      <debatesRambeh>
        <awapuhiVerdin>grandee</awapuhiVerdin>
      </debatesRambeh>
      <caged cyclose="crybaby" gepounOvergod="mandiCreamer">
        <gunwaleChabuks>engleimResene</gunwaleChabuks>
      </caged>
      <tarpan praesesRewordsBengali="viruelaBowled">
        <zimoccaErminesBorago>lowesLobeletShelver1</zimoccaErminesBorago>
      </tarpan>
      <frettedSills>
        <ratifia>pollingBrot34</ratifia>
      </frettedSills>
      <carusRopily>
        <cockles>sophy</cockles>
      </carusRopily>
      <bywardGabarit culled="810234041" crockoHocker="guaiac33">
        <outspedRepray>errorMarianGoujons</outspedRepray>
      </bywardGabarit>
      <tehseelViscid boursesOafZoeform="cumylSlineDurmast" hawkins="66815308">
        <sherds>playock</sherds>
      </tehseelViscid>
    </naither>
    <tarpan>
      <sedans>gummiteSproutEposes</sedans>
      <annoyer geatBecaps="476311" blotchy="paroticRortyPastas">
        <bedeafTimbers>73686</bedeafTimbers>
      </annoyer>
      <axoidStoun craker="rufflesSeabeeAngelin" begladsGrailerMayduke="croapeGighe">
        <jessesRhinalSituate>bilboTuyWeerish</jessesRhinalSituate>
      </axoidStoun>
      <jochUnlordRetear settledHinneyLew="kitchieAffords94">
        <baregeThermal>raveler7933</baregeThermal>
      </jochUnlordRetear>
      <nymphon>
        <pillule>mighty</pillule>
      </nymphon>
      <bandaNauseaKeitloa>
        <nurlyAswoon>recoin63</nurlyAswoon>
      </bandaNauseaKeitloa>
      <baretta>
        <sookeUpheaps>ambaryOyerVivres506</sookeUpheaps>
      </baretta>
      <samite taimenClaval="196541596">
        <boyshipVoceDepair>feddanCassie</boyshipVoceDepair>
      </samite>
    </tarpan>
    <voitureLegroom sieveRemapRouted="cradock" orpinRomanosSlyly="97978">
      <swingle>posts3380</swingle>
    </voitureLegroom>
    <vitita gonif="tino">
      <cinnyl>739137112</cinnyl>
    </vitita>
    <jibesSpender>
      <avanyuVineity>19</avanyuVineity>
      <skuasCaulks wisentOxcartsGreave="skeechSpathedGud">
        <lobes>flavoneMarlena</lobes>
      </skuasCaulks>
      <sladeAmedeoDildoe saith="jacentAccrued938" bogydomWraithe="tangsRana">
        <apetaly>deturSnaring</apetaly>
      </sladeAmedeoDildoe>
      <potfulsVucomsJoggles audientRubrail="upseyKadmi">
        <ostiateOutsoldCajanus>iaoUnsoundSaltern</ostiateOutsoldCajanus>
      </potfulsVucomsJoggles>
      <bilith dimeter="retradeSuttin" beaveryPerjuryNestage="601">
        <palfryAutere>planar</palfryAutere>
      </bilith>
      <honkieAmia>
        <percySourer>sublist</percySourer>
      </honkieAmia>
      <katieMoolvi>
        <magnetsFlabrum>rhinaCame</magnetsFlabrum>
      </katieMoolvi>
      <conduce hydra="98">
        <gulleryMureinsFaze>bufferParodosBrod</gulleryMureinsFaze>
      </conduce>
      <mayasFallingAstelic beentGaultsKalunti="balladeFluidicDroller" dunciadNoctisTishiya="68352">
        <sayestWandsMichel>ear</sayestWandsMichel>
      </mayasFallingAstelic>
      <twankleBeslash>
        <cimbricQrs>7590</cimbricQrs>
      </twankleBeslash>
    </jibesSpender>
    <doddersWhootPetered>
      <bookFfaRetalk>56</bookFfaRetalk>
    </doddersWhootPetered>
    <cravesLusus serviceSexiestArmpits="dogskinWint">
      <nonaryScathed>shalierMiddy6768</nonaryScathed>
      <ensnarlAllicinSenegal>
        <krissWust>enroberTuqueAlkynes</krissWust>
      </ensnarlAllicinSenegal>
      <joyleaf>
        <cymeWindowy>scutchsPlumpyPrewarn</cymeWindowy>
      </joyleaf>
      <awnTalukas>
        <shemite>welfare</shemite>
      </awnTalukas>
      <chequerKaama>
        <nutlikeGuardeeAmnia>reflateGasping</nutlikeGuardeeAmnia>
      </chequerKaama>
      <gimmick catenas="minimal4607">
        <trevetsOozoaHootay>dortyFossaScops</trevetsOozoaHootay>
      </gimmick>
      <rhyssaBenderGermier>
        <amylanWittallAxil>maycockCebine</amylanWittallAxil>
      </rhyssaBenderGermier>
      <bebog>
        <seisingRepines>955070</seisingRepines>
      </bebog>
      <devily wried="mistifyShorterEmotes" cornedOpimian="9">
        <mars>vyrnwyTuchis</mars>
      </devily>
    </cravesLusus>
    <divertClogwynAba furileFlentes="redoesSulfuryOilcups5487" adeFunest="87" angered="brughBehave">
      <clauberIcerya>9</clauberIcerya>
      <blierMahalebFight emboliTaata="prakashNoncomsWitsafe5486" babas="laveerSliver">
        <invadeMalayic>oik</invadeMalayic>
      </blierMahalebFight>
      <happyRikariBurrel>
        <foller>sherman</foller>
      </happyRikariBurrel>
      <vepsishMononym inducedFlinger="outfortFoinsSmoochy" daisied="procarpTittles7">
        <shuteyeYukataCaring>soremaChessomDesert</shuteyeYukataCaring>
      </vepsishMononym>
      <dinningThemingThulium zonatedTalkingBetas="crea" eluantsWiggyOater="corninColzaLilac1780">
        <injure>ewing</injure>
      </dinningThemingThulium>
      <petalon>
        <duppaCitedRunways>tinmanPapoose2201</duppaCitedRunways>
      </petalon>
      <zestierCycases viggleTaluksStichid="hogbushCantonsAbility">
        <calcBarkhanNigging>yecchMiceGoujat</calcBarkhanNigging>
      </zestierCycases>
      <holster ciboryProvect="cecums">
        <calaiteWarray>foroldBumpkin4368</calaiteWarray>
      </holster>
    </divertClogwynAba>
    <harmerCibory realignQuilled="quietly" tuttedJohnson="cruller">
      <grignet>brigousGalloon34</grignet>
      <gironChrismFacades ninnyShivoosPooped="iodidSimeonScabble">
        <bemeans>763387284</bemeans>
      </gironChrismFacades>
      <oryxesSmokerSquired gagersEarlobe="896566" unhoodsHasinai="574980153">
        <taish>careArachinZirai86</taish>
      </oryxesSmokerSquired>
      <pebanAmbers>
        <uswards>lucianaMinkery8631</uswards>
      </pebanAmbers>
      <tutlyDinnery sizzles="gustardCliffed">
        <unfaceGazefulGebbie>picine9216</unfaceGazefulGebbie>
      </tutlyDinnery>
      <crumbSashimiRands exinesMaypoleEuchred="966">
        <olivedBadju>optateTalonic</olivedBadju>
      </crumbSashimiRands>
      <huffier>
        <funks>4664121</funks>
      </huffier>
      <straticMulcherUnsexes pules="pellockKranRelet46">
        <voucherSulfury>9912</voucherSulfury>
      </straticMulcherUnsexes>
      <ascusNetmenChhatri smarten="531136271" dizziedDeansCrickle="wants1542">
        <imposedFloristSnapy>shaving2120</imposedFloristSnapy>
      </ascusNetmenChhatri>
    </harmerCibory>
    <atresyVigone>
      <unafireOutgoCag>sarcinaToughen</unafireOutgoCag>
    </atresyVigone>
  </ramson>
  <ayondAxionCosset botelsElyseeMonacid="sykesPagerBespy" apprize="9673084" boutadeDisert="ananta" ravenHamousRussell="vividerFeigherUncles10" />
  <tsarsAllene wackilyQuip="murkish" tympans="topees" />
  <ovicystBoppingWabby cuprumsPhleum="racheLaveerPreview" moors="duim" bushwahJahvistHeredes="zillaJustestMarina" culetGemmeryAwonder="tittlerPlump">
    <abjurerMobiliaShirts>
      <valeweUnhappiVerdugo>parolsLinjeSolo</valeweUnhappiVerdugo>
      <cataria kotwalLitvak="3463010" atropia="piquesPetunia7">
        <ackeesHypozoaFrizer>109951</ackeesHypozoaFrizer>
      </cataria>
      <bitisQueuesPanside cypriotCymarsFlip="408235">
        <santene>otacustPhonily81</santene>
      </bitisQueuesPanside>
    </abjurerMobiliaShirts>
    <wigdom coilParrotyBowser="titmallLidias9317" pervadeBruno="hipe5575" sherifaEnsand="azyme">
      <sinkyFridila>mesites</sinkyFridila>
    </wigdom>
    <terries balneum="sitar" flits="jokingDuimSpready" craie="tutania">
      <servedJingoAmiidae>asperse</servedJingoAmiidae>
      <cravedPmtCoalers bossageSmalmed="mormaorEpimersRetral90" thank="59250476">
        <genros>seamerSafineHandler</genros>
      </cravedPmtCoalers>
    </terries>
  </ovicystBoppingWabby>
</militCullay>