<?xml version="1.0"?>
<chackDossyTomish>
  <granatBuckassRabbles pantileChloeBanting="shishDingoesRechart" weakyFuries="tenetLoxedFidded" />
  <quinolsLibbet enewAbsence="inurnsFidgety" kinosCotoVidicon="sofa" kalian="halaUnsownBoukit" rearedCholeraKenlore="fittedGeoduck">
    <valveWhip unmiredAntigodSusian="swoopedNomsCytosin" notemanMissing="rackety" tonnersBaiocMatless="30412">
      <bursch>crajuruDriest</bursch>
      <scudo frayneArenas="abelia" balaoDefectsEndia="boomkin89">
        <oilwellSoarsTweaker>salsodaCameral</oilwellSoarsTweaker>
      </scudo>
      <uncoft tainteAnniv="solosMisgivePloceus">
        <aphonyCreaghtHooches>redare922</aphonyCreaghtHooches>
      </uncoft>
      <mocoa notoire="533349973" ignisLagting="seragliSkimos">
        <luteomaSkybald>separteBatoid</luteomaSkybald>
      </mocoa>
      <manless>
        <oaragePropoma>kakapoBasicPacha</oaragePropoma>
      </manless>
      <wellsUplight basquedChawerAventre="94266">
        <vibrateInsep>elms</vibrateInsep>
      </wellsUplight>
      <solons pibalKepiGuaruan="sweaterUnrobe96">
        <antiImparBrokage>selfism</antiImparBrokage>
      </solons>
      <kwaiken awolPishingObsede="grudger" trapaAmenGaffe="3">
        <kajarMardyDowager>whirred</kajarMardyDowager>
      </kwaiken>
      <muckPronplGuatoan grivets="upcastPurge396">
        <mustsImmixes>91742</mustsImmixes>
      </muckPronplGuatoan>
      <islingAhuOpal nozzleColiStapler="beeishIsotypeFated7611">
        <aphididProagonLasting>imply</aphididProagonLasting>
      </islingAhuOpal>
    </valveWhip>
    <chametzAprilis>
      <taketh>placedBassoonPortia</taketh>
      <tierer aiawong="285" barhops="grindalPiledHippia">
        <seising>sceptre757</seising>
      </tierer>
      <worsts antaresSavarin="unsely">
        <guahiboWharryCapelan>langsat</guahiboWharryCapelan>
      </worsts>
      <frivolHefts>
        <sniff>31722</sniff>
      </frivolHefts>
      <casparArcher yoeSpooky="sherifi">
        <vixenSiziestSejant>muzjiksIodideAdaptor653</vixenSiziestSejant>
      </casparArcher>
      <spumoseKayasth>
        <misyVomicaeHellery>duddieRapterCohert</misyVomicaeHellery>
      </spumoseKayasth>
      <fardhHumic>
        <accords>popjoyCordiesMorned</accords>
      </fardhHumic>
      <tempehsFaurd vireosSmokes="seaward">
        <onymy>beewortGobble</onymy>
      </tempehsFaurd>
    </chametzAprilis>
    <bhindi>
      <deticksPeda>ferrado</deticksPeda>
      <fondus burrer="5">
        <nonslipNonsuitWayfare>dayman</nonslipNonsuitWayfare>
      </fondus>
      <grenePucelleCopps oreweed="alture76" urachalBounceTomblet="mistersStamps">
        <quashesInclip>pard310</quashesInclip>
      </grenePucelleCopps>
      <surahSintersKenny>
        <vouches>quoth</vouches>
      </surahSintersKenny>
      <sambharChafery oimeFacksMimer="danta">
        <timers>arationInbbredZeiss</timers>
      </sambharChafery>
      <frustumKaldaniDialers trionym="coinsLianoid">
        <creesSerifZar>designsOccas</creesSerifZar>
      </frustumKaldaniDialers>
    </bhindi>
  </quinolsLibbet>
  <decollSmriti cinereaSolazziYeth="clysma" subnoteCannetGleby="plowOreodonTucson" />
  <laudsWinevat varisse="883" hunters="raffmanPyoidParure" mucose="disardCapelanDehusk818" chuzwiCatalanDhobies="meltersGeranicWashers">
    <spectraFugueLigular>
      <moniedTsimmes>8</moniedTsimmes>
    </spectraFugueLigular>
    <snewParilia thesisLegis="mirledDanglin" plygainYacked="blindedMangel" fudger="thrushyNilot">
      <splinty>smokyUnlash67</splinty>
      <rearly>
        <defease>engoueePellard</defease>
      </rearly>
      <lister ejidosBatBisks="oppidanFlocky">
        <varan>stokedElixOblast</varan>
      </lister>
    </snewParilia>
    <stunnedFadedly>
      <dibbingMespot>reubLosserFoiling</dibbingMespot>
    </stunnedFadedly>
    <sulfiteOutputBeshear>
      <anre>pasulRumored</anre>
    </sulfiteOutputBeshear>
    <dewax>
      <sturineColobin>betas</sturineColobin>
    </dewax>
    <mottoes>
      <squallsYokes>atinga</squallsYokes>
    </mottoes>
    <colyticAndiron>
      <mitherScopolaWaftage>probing871</mitherScopolaWaftage>
    </colyticAndiron>
  </laudsWinevat>
  <squatsSeitPutter burrio="17010" credit="lobbyerNickle" otalgiaDisuses="yevenRuledom1" pyrex="arterVulgHora" />
  <assistsSecund dupedMimineSewn="577896" slicedCongridCalcite="cele" fulsome="argolidAtamansKanuka" />
  <macrons charierSandboyPilaffs="argaliDiscosBlist" bedeck="luntingLoed" tassKatrina="iteming58" pompomsGists="caul">
    <olivier platic="bushtitFager" grimesTargets="anele9090">
      <defilerCuonJarrah>drabler</defilerCuonJarrah>
    </olivier>
    <alowHouris finewed="sermoIanus" aimlessCrone="nunchOldish">
      <fortify>1820845</fortify>
      <dockedSubline goresPipernoYakalo="dowered" egretsGirnBerm="457">
        <recrown>65283211</recrown>
      </dockedSubline>
      <gooney>
        <coliasPellock>6</coliasPellock>
      </gooney>
      <senalTeemersUnhooks darinBlestCaltrop="havingVouch">
        <cummersUmbellaCoverup>vonHuronCerillo</cummersUmbellaCoverup>
      </senalTeemersUnhooks>
      <gameCorema esrogWhesten="austerTaosHicks">
        <anopiaIotize>arguedBones</anopiaIotize>
      </gameCorema>
      <hosingProtist reshineDartoicCowkine="kookierDevoirs" gedecktCocause="crcheHenoticKain">
        <teasBenzol>fuegianSayidGhost</teasBenzol>
      </hosingProtist>
      <pionPallae haulsTemser="396257" weeniesInkfishJulius="relumedPulvilSalving7998">
        <intinct>anova</intinct>
      </pionPallae>
      <maghzenOutback>
        <zuzaEliotAhead>wardedAxogamy</zuzaEliotAhead>
      </maghzenOutback>
      <valvaeAlaskasBeakers roscoeFigment="6760122">
        <rufterBeldamsEmender>slopsLowborn</rufterBeldamsEmender>
      </valvaeAlaskasBeakers>
    </alowHouris>
    <canfulClaquesPudic>
      <bestealStummel>53084002</bestealStummel>
    </canfulClaquesPudic>
    <tempreCerciKetches titsVixensUrase="xylyl">
      <moilersWeeders>31099768</moilersWeeders>
    </tempreCerciKetches>
    <duotypeCordeau>
      <zemstvaJonnickAurited>frillsSkibobsSnowdon24</zemstvaJonnickAurited>
      <fogyTenues arbutin="jabotLipemic">
        <sane>quinchGloea</sane>
      </fogyTenues>
      <tiffinsSaltmanUnbud wailsJadingTrothed="gnatty4114">
        <infile>304</infile>
      </tiffinsSaltmanUnbud>
    </duotypeCordeau>
    <timetVolvate>
      <quiltedDurmast>venoseNovela</quiltedDurmast>
    </timetVolvate>
    <shuls>
      <unrareCussedWizens>frouzeFidalgo</unrareCussedWizens>
      <lempiraSulcal larnyxOutrantVallum="356">
        <atonics>regivenBuffersShilla</atonics>
      </lempiraSulcal>
      <elatorUrtical>
        <radiumsLumpkin>surcloyTrowelsGemmery</radiumsLumpkin>
      </elatorUrtical>
      <alexiaBurletVielle bloke="napalmLinkers">
        <fledUndated>bubaleAbaters6</fledUndated>
      </alexiaBurletVielle>
      <mantzuGroinsVagi>
        <quips>subcaseAsides25</quips>
      </mantzuGroinsVagi>
      <acaroidMarmar>
        <autos>remoted</autos>
      </acaroidMarmar>
      <rakersCalpackGaurie>
        <comradoPurge>noddyNighedCautivo</comradoPurge>
      </rakersCalpackGaurie>
      <flanken dyasterYawped="775859" wombierAnnexesVale="mediad768">
        <layrock>kashasBlufterBulgurs38</layrock>
      </flanken>
      <beatae>
        <wakondaChunner>ejusdemBourses15</wakondaChunner>
      </beatae>
      <lunoidArenite tegmentAlatern="hemmersTolzeyCavings">
        <newcal>fardh4046</newcal>
      </lunoidArenite>
    </shuls>
    <isbaRuana>
      <pugaree>aliningLpm</pugaree>
      <dilo>
        <picariiLangursCaproyl>4</picariiLangursCaproyl>
      </dilo>
      <butty yizkor="wjc" unmoldStepneyGasher="wiggen">
        <reified>3972392</reified>
      </butty>
      <sieva budh="unmildDreeghLoofas" recto="73">
        <tsarist>jaiHeils</tsarist>
      </sieva>
    </isbaRuana>
    <keaweCsiAmnesic>
      <taroksFrailes>tarsPrp</taroksFrailes>
    </keaweCsiAmnesic>
    <omnifyChilledUltime eightvoEparchMothed="airns423" ratafiaEricaTerton="trustee">
      <sileneHirmosCampody>fretumSetupsPiquets</sileneHirmosCampody>
    </omnifyChilledUltime>
    <sergeiPlait anthelaSial="stannoSink" bevenomMannose="slided" sherpaVisieUnhard="9546">
      <proceed>hircinAiglets9086</proceed>
    </sergeiPlait>
    <cwm>
      <begetsApse>tachiPlimRawbone</begetsApse>
    </cwm>
  </macrons>
</chackDossyTomish>