<?xml version="1.0"?>
<bangsRocker>
  <phytomaBuglers augustRehonorCenoby="plusZemmi681" />
  <pausers oaten="ploutDobuleWoadwax" quoniamMoanChinny="96" hartail="doatedEuropeStriken">
    <turbid>
      <lootedGutnishAdelphi>lowsest</lootedGutnishAdelphi>
      <todidaeScoliidReform plonko="civoryScrod" includeUroodalRondos="32745919">
        <marver>erieTripy</marver>
      </todidaeScoliidReform>
      <buqsha kookyDowUntimed="bulges8">
        <escarSpeerJackals>9558</escarSpeerJackals>
      </buqsha>
      <gangs tomcatsLabeledDeads="7793" barrett="330816770">
        <unmaze>607420482</unmaze>
      </gangs>
      <doodadAvenage>
        <sereanForgieLaun>damnerBerimesFibered</sereanForgieLaun>
      </doodadAvenage>
      <pharosFrsHoyden unbodyTubulesRisker="744042792">
        <sclerae>sluitEssays</sclerae>
      </pharosFrsHoyden>
    </turbid>
    <tib>
      <atuneNurled>lecker</atuneNurled>
      <ellan lastySneckGlug="hikeCircutMutase">
        <obsceneTavellBigram>worbleHissel</obsceneTavellBigram>
      </ellan>
    </tib>
    <abietin>
      <ekhimi>savantDoggishGiunta</ekhimi>
      <naceSeracBecco upseekZoealChivage="dhikrsMuseum" codeina="adoboMidmorn">
        <drachmSpiderBifrost>osmolsShimmedWhorry</drachmSpiderBifrost>
      </naceSeracBecco>
      <longrun>
        <sunns>sensingBarsAdmetus</sunns>
      </longrun>
      <hsuan>
        <roiPullock>vaguelyOchnaFinetop8</roiPullock>
      </hsuan>
      <sporesChonk>
        <flyblewKumbi>cheddar</flyblewKumbi>
      </sporesChonk>
      <tmemataCrumletBeadier>
        <guaninsWhelky>aesopSleyedRantree</guaninsWhelky>
      </tmemataCrumletBeadier>
      <feelerHousesNatural watteau="candroy" commovePoussieIllano="nepit11">
        <mattedCheslepMonozoa>elfshipHarelip</mattedCheslepMonozoa>
      </feelerHousesNatural>
    </abietin>
    <maunchAnisado quos="aeneas299" penname="tapajo">
      <wallasWeeness>84</wallasWeeness>
      <kaons yakalaAgcyRaia="hummedOozeDegust">
        <epochTittupyLido>genipapTar</epochTittupyLido>
      </kaons>
    </maunchAnisado>
    <pitauIodates babblesMilliad="frakturBaitsAddice5" slentLoroViolon="tomanFauvism" hereof="rackleNullus">
      <eldred>veauMizzlerSlete9748</eldred>
      <priodon soyate="falsumVangeliRegard" ernieSiafuNetsuke="melpellTinnerExodium">
        <salugiEntria>157326</salugiEntria>
      </priodon>
      <spitkidGeswarpAegis rhyttaDismay="441960861" zeke="86618">
        <jeeingRended>34289</jeeingRended>
      </spitkidGeswarpAegis>
      <pirnAgnized>
        <ragbag>runouts</ragbag>
      </pirnAgnized>
      <plurisy imagist="menskTyddenBorax7">
        <chaUtriculHummed>1830</chaUtriculHummed>
      </plurisy>
    </pitauIodates>
    <prorataBushy>
      <okehEverniaFriday>menageScream</okehEverniaFriday>
      <pigdom unsmugSitkan="628615261" muskWhealedJugal="repine">
        <sedilia>wingyAllaschPycnic</sedilia>
      </pigdom>
      <manmade impetre="empiryPerdurePyrites">
        <crudsTriduan>coatSiloedMordva</crudsTriduan>
      </manmade>
      <talpoid>
        <decerp>nutcaseRescrub</decerp>
      </talpoid>
      <stoundsUnnailMandore morasPhrased="starvy">
        <emmewRandite>schnoz</emmewRandite>
      </stoundsUnnailMandore>
      <beachyKiddish>
        <salbandBubbler>sitella</salbandBubbler>
      </beachyKiddish>
      <nauther gladier="flyting" stigmatCatalan="fourierBarnage440">
        <seduce>189</seduce>
      </nauther>
      <septile lesghBirtNatal="unhip">
        <toweryDolinePreact>sidaCrabber</toweryDolinePreact>
      </septile>
    </prorataBushy>
    <unbeast zanjonTroughsCessio="picidaeRevulse">
      <misereImpotKreng>oltondeMone</misereImpotKreng>
    </unbeast>
    <melviePalUnhome>
      <razzZacOristic>harlotDelaineOam</razzZacOristic>
      <rocketyQuinonAxtree>
        <calix>204</calix>
      </rocketyQuinonAxtree>
      <rudista>
        <cambevaHavocsQuet>adays</cambevaHavocsQuet>
      </rudista>
      <ratelElmier>
        <teughlyFlapsTriens>phulwaCyclide4</teughlyFlapsTriens>
      </ratelElmier>
    </melviePalUnhome>
    <iatricFerryGonitis>
      <emane>chammyShammed</emane>
      <dribsSloomy>
        <crucifyBurnousNighest>44773</crucifyBurnousNighest>
      </dribsSloomy>
      <miswaySneckedMimesis pout="varkasNagsSlimmer">
        <musard>guller5681</musard>
      </miswaySneckedMimesis>
      <perhTiswin>
        <screaky>ressalaUnstop</screaky>
      </perhTiswin>
      <afaced>
        <uredineForet>ecurieTalmud</uredineForet>
      </afaced>
      <yenningMostic lanewayMxdLeptene="shindys">
        <arrisUrent>inflectAzulite</arrisUrent>
      </yenningMostic>
      <aeronat>
        <aquateUnseely>prizeryForever</aquateUnseely>
      </aeronat>
      <rallyesGraphy muleysMinimusPerfume="hoydens">
        <cubbyFluskDusk>shoderFrappeFleshy2</cubbyFluskDusk>
      </rallyesGraphy>
      <hodureKitabis>
        <unsaltyOrlopHynder>movant</unsaltyOrlopHynder>
      </hodureKitabis>
      <carlineWamesRundel probityYeard="30769">
        <gapyAbler>upshove</gapyAbler>
      </carlineWamesRundel>
    </iatricFerryGonitis>
  </pausers>
  <hadromCotypes />
</bangsRocker>