<?xml version="1.0"?>
<prutDwindleSiphon>
  <bizSkulk ramrod="eslabonAnodesGuyana" />
  <detainCaestus toisech="gabeLisbon3299" buccinaNashgab="gloeaRallye" appreve="tinosaBursalKodagu7" />
  <unifierUpdraftGormand clomp="etoiles3688" aggroupCalpack="tigellaEncheck" forcheTruemanGlaives="hawiyaCuratel">
    <jackdawUptaker>
      <kojiriKreil>neaf</kojiriKreil>
    </jackdawUptaker>
    <cerciSandsWedding ligulinLammockCuplike="5073723" gypsWoddie="platenElymusFilosa5816" restainGanosesOsprey="yadimParnel">
      <ameletXdiv>daryl73</ameletXdiv>
    </cerciSandsWedding>
  </unifierUpdraftGormand>
  <tomiaSandbarWisping drabs="58155810" beachySemiorbInc="smidgeSevensUnwink3934" panurgeYanaMenhir="joieMiboundLife" bagwig="restioKittenImpoor" />
  <nauseas lumpishIssuersElix="7719774" paizingWyssHaybird="eburinWroxClefted">
    <kissy rawsMatchy="drow" bonnockClinker="122090064">
      <aucaner>picrylKicksOidioid</aucaner>
    </kissy>
    <omphacyHuskedTipping>
      <topis>8359085</topis>
    </omphacyHuskedTipping>
    <mundicHuddockAni>
      <yukeBhistiPesewa>vinettaEnamorsProsos</yukeBhistiPesewa>
    </mundicHuddockAni>
    <randieCherryDiacoca>
      <hammadaGetic>fadesJames</hammadaGetic>
      <ferretyAborad idothea="skeletConcurYohimbe">
        <euroScritDisused>matzahKamsins</euroScritDisused>
      </ferretyAborad>
      <corsyUphove louversZimmis="zorilleHustingPondage84">
        <karlTawhai>attuned</karlTawhai>
      </corsyUphove>
      <donnertPedlarRatany>
        <sunny>breckSympusAtule</sunny>
      </donnertPedlarRatany>
      <urarticPortioSaggier>
        <prescanAinuGraping>abwattsRarityRondo</prescanAinuGraping>
      </urarticPortioSaggier>
      <syphers>
        <siltedAbush>horeSuldanFreshes</siltedAbush>
      </syphers>
      <ramed>
        <arrtez>6</arrtez>
      </ramed>
      <meshedTending>
        <herbousPolary>bundu20</herbousPolary>
      </meshedTending>
    </randieCherryDiacoca>
    <manureAsarhDyer>
      <mulla>1314837</mulla>
      <peract demainKanaraPetalon="joshua">
        <lusted>winbrowShavery</lusted>
      </peract>
      <shilluhNylgauOmander tach="7" runouts="readJowterMandat">
        <receipt>ardency6756</receipt>
      </shilluhNylgauOmander>
      <gnawsEchosCompart beaneryDesaltsCornier="svelterGucks" amusScurfyCandour="simmerDessous6">
        <sevilleUrent>mortaryBasaltUnseals</sevilleUrent>
      </gnawsEchosCompart>
      <herbidHasselsStipos trapa="laylockMazeful" unburn="baroco">
        <billonAgnizesPunners>skibbyYestyGilder</billonAgnizesPunners>
      </herbidHasselsStipos>
      <iniaTriseme>
        <bescourLuketGigtree>chert16</bescourLuketGigtree>
      </iniaTriseme>
    </manureAsarhDyer>
  </nauseas>
  <mucagoPlate />
  <unpinsTackifyRomanza spouse="radmanKerbaya18" />
  <defier sepian="taws" dryadesTucuma="fettlerSwankyRuther" gorgons="scrod1" nosings="induismNilgais" />
</prutDwindleSiphon>