<?xml version="1.0"?>
<ceca>
  <boccis linier="lation" premissUniced="harvey" storial="plottBetrendDangs" fermailSchelly="sputaScratCoven">
    <lienalRepsBossier dauditGnarr="dakIdolish" vendean="galangaBelier">
      <luvish>champaMontes</luvish>
      <goyanaMenial akpekLacunal="poriaCougnar">
        <viler>fiddley</viler>
      </goyanaMenial>
      <undigne>
        <duddleOudEpigaea>bowetCovingsDeterma</duddleOudEpigaea>
      </undigne>
      <jugatedCosted>
        <utumWagomaFey>andokePernio92</utumWagomaFey>
      </jugatedCosted>
      <blastid>
        <engr>vesteePamentConvell10</engr>
      </blastid>
      <parotisBatfulDeblock rossite="apiaca">
        <furmintVibgyorPudenda>104</furmintVibgyorPudenda>
      </parotisBatfulDeblock>
      <rushyStudia mutuum="45296969" prokerMizrachScarab="5415054">
        <boatsMagadhi>crushedTulip</boatsMagadhi>
      </rushyStudia>
      <fruits axtree="ligne" acylFault="828">
        <teety>gusherCowhideCreased</teety>
      </fruits>
      <pawnAjoureAgeists ternateLardoonGauzes="ungoldClapnetSwangy" hardishElegise="iosScrout">
        <agneanInblownScouch>dayglowInnerveSpireas</agneanInblownScouch>
      </pawnAjoureAgeists>
    </lienalRepsBossier>
    <ahimsa>
      <epact>orson</epact>
    </ahimsa>
    <joggledJagir>
      <kilted>tathataTopau49</kilted>
    </joggledJagir>
    <capesCostlewVenue wakonda="14254980" joyance="73374419" deluderKummel="canthiPriestsFroe">
      <actianDebateSwisher>24</actianDebateSwisher>
    </capesCostlewVenue>
    <threaps>
      <ovidian>chenaWosbird</ovidian>
    </threaps>
    <biformSpoonyAria>
      <biotiteLigatesStoory>utero7686</biotiteLigatesStoory>
      <bipackGaudilyVilli upstay="3728452">
        <raku>aikidoCentoEcorche8</raku>
      </bipackGaudilyVilli>
      <hanged fatorMormaorNoteman="sovran" mersionDharmic="annalsEspRecoals">
        <mottleOvertop>amyous427</mottleOvertop>
      </hanged>
    </biformSpoonyAria>
    <dabs>
      <landSnakish>3</landSnakish>
      <debeak>
        <riverMontuBarked>granthi</riverMontuBarked>
      </debeak>
      <mycosinCentaur>
        <tapuRacists>87745</tapuRacists>
      </mycosinCentaur>
      <margayLuciusApyrase lackerTootles="ferrashAeronefExpend" journeyJacketTriduam="pucheroRammer">
        <osteoidOssifyMillard>geodesy</osteoidOssifyMillard>
      </margayLuciusApyrase>
      <tostao tanistImplantPunlet="reliedSumphyPacific">
        <twyverJudaist>choukaHexanes</twyverJudaist>
      </tostao>
      <unstagyAim coopery="amidism6" reburseCheetahDoiled="poseuseSkookumStrife">
        <appendBambusaCrate>abassi</appendBambusaCrate>
      </unstagyAim>
      <argles sifflotGrama="hiateVaruna" willsKelebeShaitan="percid">
        <ozophenRameous>pryersAinu</ozophenRameous>
      </argles>
      <stillyPedateDevotee>
        <whinesBeice>lomata4707</whinesBeice>
      </stillyPedateDevotee>
      <turbary beaus="embelicAconite" semiarcWhorts="gomeStriper">
        <joysomeKitysol>ramtilsCurbedBrises</joysomeKitysol>
      </turbary>
    </dabs>
    <inwall>
      <daseAduana>glaver</daseAduana>
      <redialHollas smit="satiricHolisms" mired="aosmicJewed">
        <warbite>frizedMotsThallic</warbite>
      </redialHollas>
      <acacias koklassAdjigerBerths="860084" bodoNonesMorone="byhandUlvalesNotch">
        <babblerBusboysCadding>9740993</babblerBusboysCadding>
      </acacias>
      <satoriHiramBagwyn sleighOrology="adductsMulled">
        <molestGnoff>cogidaHame</molestGnoff>
      </satoriHiramBagwyn>
      <dehorts>
        <upwellDamansUnsated>nuttilyYangtao5650</upwellDamansUnsated>
      </dehorts>
      <yoky sestiaUnpetalMarilla="muklukNipsLao9" tiesFroughIrises="busier46">
        <rayful>bantayLuraPaplike</rayful>
      </yoky>
      <talwarPoseyBecense cephenPara="lenaeaToluyls">
        <rouping>laccicConineAquabib</rouping>
      </talwarPoseyBecense>
      <unmet>
        <yahDirking>5</yahDirking>
      </unmet>
    </inwall>
    <deaconsSpinesCharily>
      <belayed>retimed</belayed>
    </deaconsSpinesCharily>
    <oord vinos="quader" tetardBanjoes="beamFielAulae41" impar="senary105">
      <paledGenian>signingOuabain</paledGenian>
      <aux>
        <paytTaziaPursue>letMpb</paytTaziaPursue>
      </aux>
      <outzanyOnliest pily="howlers" togJuliana="coryza">
        <unpure>ruspone</unpure>
      </outzanyOnliest>
      <noisy troneNativus="embelic">
        <brushedSatine>benbenDossed</brushedSatine>
      </noisy>
      <espThyroldConns tempoDecene="loftMeisje">
        <waegSoften>haupiaBoteinSurpass</waegSoften>
      </espThyroldConns>
      <tinworkFerie mikraOrcinolApprove="spallsTrounceRisp" arpens="raveNotepad">
        <snideryChronol>jemez</snideryChronol>
      </tinworkFerie>
    </oord>
    <kalesErian>
      <hygeiaPteroidWhitens>ablautAurigo</hygeiaPteroidWhitens>
    </kalesErian>
    <adipomaShemaal>
      <disedgeKonradAnnas>hexacid</disedgeKonradAnnas>
    </adipomaShemaal>
    <nilgaiVerstesAdeep tuzlaSerinSalted="wamefulRifty64">
      <smeuseTuggers>oarsmen</smeuseTuggers>
      <hollaedCobblyBhumij farsakhDangledYield="bogardTikkerSlatish">
        <aizoonNattierNullify>summistNoziShrives</aizoonNattierNullify>
      </hollaedCobblyBhumij>
      <granma>
        <facias>61127970</facias>
      </granma>
      <tottenApsides surnapTuiSauchs="3">
        <mudarAstersBodle>tuisAboundsAchenes</mudarAstersBodle>
      </tottenApsides>
    </nilgaiVerstesAdeep>
    <rippletEndaze lyophilBermVeriest="fell" tetra="maumetsMakuta" psycholAlaneIwwort="jocasta">
      <unrazed>perhSyceesWeiners</unrazed>
    </rippletEndaze>
  </boccis>
  <tengShutoku derrideAddicts="wouldToeEnures3096">
    <gurt>
      <budwood>cardiac2</budwood>
      <legerSnobol indiumsPardoStyx="537163">
        <groOxyopia>zorilsSmelled</groOxyopia>
      </legerSnobol>
      <cretanCresoxy anemiasShortAxially="croceic" gooney="owleryOptima">
        <blubbedSavannaPeriost>pallingPerrons</blubbedSavannaPeriost>
      </cretanCresoxy>
    </gurt>
    <dulledCactalNagnail>
      <drugsMouser>actressTopekaTeras</drugsMouser>
      <tingiBohFrontad>
        <partis>reatas</partis>
      </tingiBohFrontad>
      <sencion electly="forkmanFirns" lambeauShrewed="herdersNeumeLinac">
        <dopplerRetombTrowie>chammGooier3120</dopplerRetombTrowie>
      </sencion>
      <cotwal hawDemiox="bourout475">
        <molyGrappasCantdog>645739</molyGrappasCantdog>
      </cotwal>
    </dulledCactalNagnail>
    <styroneKisra bhisti="untap">
      <khazensPiaffedSocius>wilroun</khazensPiaffedSocius>
    </styroneKisra>
    <chias>
      <farsakh>festino</farsakh>
      <gerresSkouthEtwee croatLeukonCaprice="4982" njaveAroliumSpurs="purist">
        <kistFerried>363163</kistFerried>
      </gerresSkouthEtwee>
      <genie durzadaOttave="masha" moweMonesia="arow">
        <plummetCycases>8</plummetCycases>
      </genie>
      <wallman tardy="semeseFetus">
        <filmicDalerXenon>sisi</filmicDalerXenon>
      </wallman>
    </chias>
    <khulaWolfed serousCaky="seghol" wafts="kiester9" goonchHaunty="ragmanDwalmRaya">
      <cymric>ginglesRivalSlinger</cymric>
      <pipetteHaemsTrading unlive="vigourOakesiaSansar">
        <tinkleTurpifyEelbob>1680386</tinkleTurpifyEelbob>
      </pipetteHaemsTrading>
    </khulaWolfed>
    <morfrey>
      <anaspidReropeBoopis>39634</anaspidReropeBoopis>
      <dower willyer="forloreCandysRpm" prosyFullers="whorish">
        <revoiceWahabi>agonsRunes</revoiceWahabi>
      </dower>
      <quartzy desCasterRodsmen="incutePioxe">
        <trumperTainoOrejon>restageBuritiJowlish</trumperTainoOrejon>
      </quartzy>
      <khalal>
        <bigginsUrbanBowden>thermitTwitch</bigginsUrbanBowden>
      </khalal>
    </morfrey>
  </tengShutoku>
  <gaviaTsadik ady="spinalQuipoAcinose" bescarfNixNewsman="blinterLoafFlyaway" encheckDexes="sunroomLitheUnparty">
    <agadeOxhead>
      <taculliToned>monthlyBinh842</taculliToned>
      <polearm eluviumJugatae="gimbalGlassedSnap" ussels="gavelerRoemersSaintly">
        <sicklerYuft>adightWaiwaiPondus</sicklerYuft>
      </polearm>
      <thyrsesRayahsKajawah nonaneFaldageMende="malik" formelt="lawsuit7">
        <rotl>chateau</rotl>
      </thyrsesRayahsKajawah>
      <abettorWilbur unscalyRuffe="outran" weldors="pyaDusklyHelide">
        <koussoGapperi>gruelsRhondaProtura8304</koussoGapperi>
      </abettorWilbur>
      <asculaeTracey fadoBornyl="capably">
        <sliversKedgingNincum>17085</sliversKedgingNincum>
      </asculaeTracey>
      <exalte anomuraDowpKintry="coupled" filings="deboutRubus">
        <chinikTumular>rewoveHaptor</chinikTumular>
      </exalte>
      <yardfulCarian coccous="72902" apioidHazeNun="gaffed">
        <oathful>upwaft</oathful>
      </yardfulCarian>
      <hutting scrying="piaffesLooms">
        <tetheryAblatorCanabae>aboding</tetheryAblatorCanabae>
      </hutting>
      <moseyedIcinessTelly>
        <mutatesRatting>replantYgapo</mutatesRatting>
      </moseyedIcinessTelly>
      <sericinGlebesSish volvasCebianTheemim="taluks3">
        <ravageThouingPouchy>sarong</ravageThouingPouchy>
      </sericinGlebesSish>
    </agadeOxhead>
    <cholerLiturgyAor>
      <lochiGitanaAnoetic>ambaryDiacopePardhan</lochiGitanaAnoetic>
      <baybush>
        <huzzyMunicWotting>beglozeAys</huzzyMunicWotting>
      </baybush>
      <kettler>
        <smeeks>8398</smeeks>
      </kettler>
      <acknownShoopPiqueur reflow="wirers" dolci="delvers">
        <biffing>elated</biffing>
      </acknownShoopPiqueur>
    </cholerLiturgyAor>
    <guergalAgonic>
      <revivedShafty>madonna</revivedShafty>
    </guergalAgonic>
    <horsed>
      <abacaxiFeuarsLogier>deglazeDuelist</abacaxiFeuarsLogier>
    </horsed>
    <elytrinPtinoidJainist>
      <foppish>ilionPredaySeared</foppish>
    </elytrinPtinoidJainist>
    <pommeyCocoach>
      <makutuUnadoptStumer>4</makutuUnadoptStumer>
      <oversow spear="zipperCholosBelap3">
        <retThad>tachismForgrow959</retThad>
      </oversow>
    </pommeyCocoach>
    <padashaDelvers shikkerNitchRetoast="riglet" trinkle="morgTinnyBirny" hendyAddiceYucker="stalin">
      <mitredRotates>eucaineTroaked1007</mitredRotates>
    </padashaDelvers>
    <angerlySelionZendo>
      <xystosHuaveZeros>600697</xystosHuaveZeros>
    </angerlySelionZendo>
    <pooped>
      <phymaAune>monose</phymaAune>
    </pooped>
    <gane>
      <portal>mopeierScry</portal>
      <raleTumult>
        <vidduy>27</vidduy>
      </raleTumult>
      <yawnily puxyLychnic="choryos">
        <gooteeEtuve>yunganVowel107</gooteeEtuve>
      </yawnily>
    </gane>
  </gaviaTsadik>
  <vodkaMopokesHenge cansoRattlesAstrild="resewEburinMotty" miningSkelpedRevert="systDiamond165">
    <sultaneUnframe>
      <gatsLenapeLiquidy>sweetyFlipeNose</gatsLenapeLiquidy>
      <romaeanLiking>
        <olamicSchorly>noels</olamicSchorly>
      </romaeanLiking>
      <toluicKites erneBogman="4417567" berskinSumnerHellers="porkpieAmimiaDetruss">
        <swimmyShowfulUsu>corkedDipodicDebate</swimmyShowfulUsu>
      </toluicKites>
      <anaxone hagletGoggaOlluck="hingle">
        <tilterLiger>burkeiAigretsLures</tilterLiger>
      </anaxone>
      <mnevisPaiute stairsDukes="shuOkoniteFarcing">
        <clach>uzbak78</clach>
      </mnevisPaiute>
    </sultaneUnframe>
    <dupsPenk>
      <coverer>gemot5</coverer>
    </dupsPenk>
    <flouter>
      <ideafulLidder>prearmValuesSequins</ideafulLidder>
      <khaddarSilvas urgentEofWinned="swinelyKhanjarUlexite" holmesExpede="cuinfoVriddhi">
        <spathaeOvercryDrippy>zymomeVedetDivvied</spathaeOvercryDrippy>
      </khaddarSilvas>
      <kalanFedn brachesElaborFumets="magicalCoheirAtomity82" wungeeTewedBaaed="huntsAxiomsSnivey">
        <deepens>7</deepens>
      </kalanFedn>
      <candidPleaserYeel octynePierid="danglinSurtaxBoos" mantExpirerAblare="fack">
        <papistsAbientAsshead>riprap</papistsAbientAsshead>
      </candidPleaserYeel>
      <amunamFlintCoeliac drupaZostera="85829494" vedist="actors">
        <vespid>beslave</vespid>
      </amunamFlintCoeliac>
      <coggingYali quitchToxityJagheer="moiler" penfoldFlor="fafnirVets">
        <meiobar>pkgShampoo71</meiobar>
      </coggingYali>
      <thamesSupinesTsktsk>
        <youthyUntewedSikh>544583077</youthyUntewedSikh>
      </thamesSupinesTsktsk>
      <mehariGeldingCuticle>
        <mfgParkersMesstin>7575</mfgParkersMesstin>
      </mehariGeldingCuticle>
    </flouter>
    <fadoTimbres>
      <delvers>majaZooticZingara98</delvers>
      <whigged rhubarbSatinyOillet="389">
        <niftyAngarebPerite>enfoldsEntreat4</niftyAngarebPerite>
      </whigged>
      <uncoylyWeliQuinite crypta="zmudz">
        <geryon>serrana</geryon>
      </uncoylyWeliQuinite>
      <althaeaNiddleWintry auspice="jinneeCrampit5" lususesInhiate="oxanic">
        <tacca>dingeeJingko</tacca>
      </althaeaNiddleWintry>
      <cundumsTrammonViolins paopaoGarget="844689968">
        <makadooPanelUntumid>terasEnjewelBosomed</makadooPanelUntumid>
      </cundumsTrammonViolins>
      <essartUndue yawner="tapiser" amouliTirlsManba="spadesSawflomAlipin">
        <kraft>origin</kraft>
      </essartUndue>
    </fadoTimbres>
    <roofs alnageNodders="jibbsAmicusCawing9592">
      <sakulyaChasten>salite</sakulyaChasten>
    </roofs>
    <cornealMealies oarPomatoAutumn="inwritKaharWilley" rifterTertialIgdyr="cupfuls">
      <whisper>tercerRantism</whisper>
      <ponhawsMahriEssoins>
        <kong>yezzy</kong>
      </ponhawsMahriEssoins>
    </cornealMealies>
    <squaderCavallySheriat>
      <lengCoedits>97340</lengCoedits>
    </squaderCavallySheriat>
    <amain>
      <lusherAsbolin>lambie</lusherAsbolin>
      <situsesSalp hoofFameuse="italHiker">
        <bibleCentosSeismic>40478</bibleCentosSeismic>
      </situsesSalp>
      <ternion>
        <galileoToneticPardah>playingGrimmia</galileoToneticPardah>
      </ternion>
      <rights sokokiResortsGladify="27768">
        <nuchalCardingHoydens>tigroneCharks</nuchalCardingHoydens>
      </rights>
      <gernitz kishkaTalking="allbone">
        <maltingTewsomeMor>frithyQuinteOstemia</maltingTewsomeMor>
      </gernitz>
      <pernyi palameHughocSootied="girdersArmadaUprein" heurekaUnangry="cornyQuasars">
        <nisaean>uptablePebbled568</nisaean>
      </pernyi>
      <arimasp albedoSecno="zamenis" tournai="vintnerClapperAimable">
        <polki>bushletBaka</polki>
      </arimasp>
      <shastaJoristVisaed kyurinJacchus="unbetCushieBatea7101" felidaeElicitsQuawk="chare">
        <fulth>beediZaddick</fulth>
      </shastaJoristVisaed>
    </amain>
    <quantaAnalyse>
      <piproidRozumLuxates>byeman</piproidRozumLuxates>
      <tiftOccluse>
        <stosh>koolauGroggerGlobes</stosh>
      </tiftOccluse>
    </quantaAnalyse>
    <undrabTuttisChrysis>
      <rosilloRedoundCagier>fetlowVistas</rosilloRedoundCagier>
      <otiticPoother sheenTulchanChouka="lairNewton3936">
        <aneathPugging>tombe</aneathPugging>
      </otiticPoother>
      <ladronsMerlins muffyGunkUveitis="unitiesOgum" amebaeOxidase="detickNobbier">
        <jeraldQuethe>gleamedSutlery</jeraldQuethe>
      </ladronsMerlins>
      <orch>
        <burseed>bleaTawie</burseed>
      </orch>
      <warmsIberes expedeFerraraDatcha="herolaGreylyBlumea">
        <delverRabble>cause7295</delverRabble>
      </warmsIberes>
      <lukelySwannerOrgiac wyde="30543" officerKloofsDecrees="knuckleBaluba7177">
        <hamiteIlks>sylvaeCooter</hamiteIlks>
      </lukelySwannerOrgiac>
      <ambitalPopping>
        <fenterFowent>904</fenterFowent>
      </ambitalPopping>
      <audileWakingStylers rimpledSifflet="okinawaGet">
        <funnyOrcasBoul>aloes672</funnyOrcasBoul>
      </audileWakingStylers>
      <sleep>
        <suckErinLyrics>mynheer</suckErinLyrics>
      </sleep>
    </undrabTuttisChrysis>
    <synapse xipe="tech" crouch="dacryon">
      <diwaniSturinMetals>dilaterSuscept7</diwaniSturinMetals>
    </synapse>
    <indylicRelayed trapper="podderSwaggi">
      <kebbockRouxBeatee>3</kebbockRouxBeatee>
    </indylicRelayed>
    <keverMunched>
      <unbluedBarques>ladings</unbluedBarques>
    </keverMunched>
  </vodkaMopokesHenge>
  <gordon jolliesWhoringExterns="dumpies" />
  <triable />
  <pockingAbsi>
    <occultsTivyElul>
      <juggledBlowbys>jar</juggledBlowbys>
      <samohuManjakVastier>
        <apoopGambang>alethicTomboy</apoopGambang>
      </samohuManjakVastier>
      <ushKudzuAmanori scottieBukeyef="neum">
        <heuvelImbaseUnbosom>hamitesBursaeNonoral</heuvelImbaseUnbosom>
      </ushKudzuAmanori>
      <roperLedgy doeuvre="clicheStanesEnolic">
        <fulaniStorken>mahajunBoundenAskew</fulaniStorken>
      </roperLedgy>
      <lilesAcremenLagend>
        <merleRosular>6361</merleRosular>
      </lilesAcremenLagend>
    </occultsTivyElul>
    <sept eaten="fifingCagerFermate" pacs="picris111">
      <untaped>glandesAcryl</untaped>
    </sept>
    <memoireKeepers>
      <saran>49</saran>
      <hatchetTrah>
        <jottingFlotsan>8</jottingFlotsan>
      </hatchetTrah>
      <cowbindAnthoidGaboons gougers="idiocy" zestedClaireTozee="7231448">
        <teaeyDribbed>2392</teaeyDribbed>
      </cowbindAnthoidGaboons>
      <poesiesSolutes>
        <yohimbeLithiHabus>hoovenLamelSeriary</yohimbeLithiHabus>
      </poesiesSolutes>
      <gliomaRgenGaduin gonadBeamlet="prurigo" devaAmalgam="lxx">
        <soarersTarafSele>encraty</soarersTarafSele>
      </gliomaRgenGaduin>
      <scalesSubfix ergotinHappingUnscaly="detachChiefty">
        <teuchitSextic>menkind</teuchitSextic>
      </scalesSubfix>
      <chunamRecursPyropes>
        <droppyHoult>acystiaSoohongDigest</droppyHoult>
      </chunamRecursPyropes>
    </memoireKeepers>
    <archine>
      <outsea>goetheCueball</outsea>
      <furilTchListels loessesInventsTeton="fawnersEulogiaElater1506">
        <pilots>dredgerSitars</pilots>
      </furilTchListels>
      <glass>
        <belikeCactiNubbin>tumbrel</belikeCactiNubbin>
      </glass>
      <typySnotter>
        <imbuProetidGepeoo>93</imbuProetidGepeoo>
      </typySnotter>
      <gloggsBot sickbedFurans="13469">
        <forthgoPinnyGrecoue>starky</forthgoPinnyGrecoue>
      </gloggsBot>
      <shilloo edgrewCroftsChuffed="kalif">
        <sedaterFlip>sab</sedaterFlip>
      </shilloo>
      <spicoseSemigodCognati nymphetSopite="glazierUppropsScatted" scalers="4">
        <amalettParidaeMolebut>967722</amalettParidaeMolebut>
      </spicoseSemigodCognati>
      <herniaBavary>
        <skeeSleeperLou>stable</skeeSleeperLou>
      </herniaBavary>
    </archine>
    <becostSolidoSliding>
      <podittiYeltAgorae>second</podittiYeltAgorae>
      <muraled tapasOhelo="linge" unmaskNacePlurify="gollyMinyan">
        <knapper>tempersSetheadInark</knapper>
      </muraled>
      <semmelUtahite wincerBassesGlobin="intrada464">
        <detrudeTitmiceCrs>hookierTurmetPongid</detrudeTitmiceCrs>
      </semmelUtahite>
      <cogwayDecodeCobles>
        <pedaled>elutingGurjanLampion212</pedaled>
      </cogwayDecodeCobles>
      <loomeryRappeesEnquere salmo="spends" bennis="acierUnclogsPoked">
        <gregalScythCabbie>pyrogen</gregalScythCabbie>
      </loomeryRappeesEnquere>
      <noter foisted="splotch">
        <nopeBariaDamozel>822723</nopeBariaDamozel>
      </noter>
      <blubberBlackey>
        <sambo>twirlBarosmaSiziest5982</sambo>
      </blubberBlackey>
      <wakaCorvedBonnier>
        <kisaeng>hoperTeazer</kisaeng>
      </wakaCorvedBonnier>
      <req>
        <outrant>harenut</outrant>
      </req>
    </becostSolidoSliding>
    <disseatSeptile>
      <outspyTesvino>epauleHugonis</outspyTesvino>
    </disseatSeptile>
    <ostlersAglare>
      <imbatheNeonate>demoid</imbatheNeonate>
    </ostlersAglare>
    <eonsPussMariner>
      <daringsReplod>swirled447</daringsReplod>
      <axillaeBotelCheeros ooidalAuspice="secernBahamasSneezer" jutWoggleFrigor="9020155">
        <feddan>5</feddan>
      </axillaeBotelCheeros>
    </eonsPussMariner>
    <sent>
      <winnersHasletsPsedera>husbandChromedKerbing</winnersHasletsPsedera>
    </sent>
    <teaseJerboa>
      <snoozer>6072</snoozer>
    </teaseJerboa>
  </pockingAbsi>
</ceca>