<?xml version="1.0"?>
<segholBariaImbrute>
  <jarnutMoistenFay>
    <inwrapSootily>
      <agrilusDavened>basongoCauk</agrilusDavened>
      <shay pteroidMudfat="123543595">
        <zombiAgyriaLizard>flimsyEnodalBreenge</zombiAgyriaLizard>
      </shay>
      <gamgee doyley="danteanPrudity">
        <apodema>sierran</apodema>
      </gamgee>
      <scoursKallah bolsonsGuanaParate="abacaxiGifts" untied="acerin">
        <cowtailKanganyBombax>taming</cowtailKanganyBombax>
      </scoursKallah>
      <pyxie jimjamShooNarked="eppy" resorbPomboYaply="scaffySpauld">
        <pernineExpdtGiojoso>pawkily</pernineExpdtGiojoso>
      </pyxie>
      <mensal>
        <waxbushTyauve>peasantPurples</waxbushTyauve>
      </mensal>
      <rapingTies feebleOdsoPyr="sunbath">
        <triplesByworks>77788280</triplesByworks>
      </rapingTies>
    </inwrapSootily>
  </jarnutMoistenFay>
</segholBariaImbrute>