<?xml version="1.0"?>
<alegerNerium>
  <deltalWooded tillersMisture="rallierProheim">
    <letty>
      <namaqua>jennaSattlePirot7</namaqua>
    </letty>
  </deltalWooded>
  <kantars>
    <rosin>
      <affixes>jasminBinds16</affixes>
      <onsRote>
        <opahCods>zosma</opahCods>
      </onsRote>
      <waruaBullism>
        <selfistOutcook>codas</selfistOutcook>
      </waruaBullism>
      <feckful rissoaJawbone="271258">
        <winsomeBors>summons</winsomeBors>
      </feckful>
      <riotistRego>
        <nimbus>2185008</nimbus>
      </riotistRego>
      <rajasicHayrideThana>
        <steppedPlasmas>patroleLondon</steppedPlasmas>
      </rajasicHayrideThana>
      <datum porusWitterGhee="askings">
        <mitesCheeks>baluba</mitesCheeks>
      </datum>
      <biff>
        <saxesFellingKarpas>lowsingGadroon</saxesFellingKarpas>
      </biff>
    </rosin>
    <rufflerCornusShaglet>
      <piddockLendedSpatted>abrayMunsif</piddockLendedSpatted>
    </rufflerCornusShaglet>
    <edemata>
      <rimlandSakeen>fent</rimlandSakeen>
    </edemata>
    <louiqaGonerCaplins undidWheatyAssigns="mottos" roofersFrenate="ledgedVacuefySlakers" loran="yeelinInone">
      <dragsawSodomicFunster>recipesCynismOxime</dragsawSodomicFunster>
    </louiqaGonerCaplins>
    <uranous>
      <ersh>deashed</ersh>
      <inditedJulio>
        <cinques>573</cinques>
      </inditedJulio>
      <bilkWaffles theyllMirkly="swifter" fourierReflushTiffins="brochoMardiGravure6928">
        <phizog>rasenDehacheKette371</phizog>
      </bilkWaffles>
      <barisSyllab>
        <sesame>floosy</sesame>
      </barisSyllab>
      <suci gordonHyporit="953317914" yorkersToadletSopher="115844">
        <raaschBedsideRushee>sklaterMayfly</raaschBedsideRushee>
      </suci>
      <beylikRutting>
        <arustleMailerChimps>joky9</arustleMailerChimps>
      </beylikRutting>
      <cabobs glebousWrenlet="1017330" reasons="pewful">
        <zaramo>sowt</zaramo>
      </cabobs>
      <unputPizazz>
        <glitnirAch>6948672</glitnirAch>
      </unputPizazz>
      <snibbedLitotesPenaria>
        <kambohFalsen>80688</kambohFalsen>
      </snibbedLitotesPenaria>
    </uranous>
    <durrie tangueCubitiBedral="9" scarUndoseImitate="lagenDualizeDoodles" bakshiIdee="guilfatAuctaryYours8967">
      <pshav>laityTitrant</pshav>
      <tolmenSloydJabble heronryStreets="wansAlcae4" lanatedNumina="corylinDendricAxmen6">
        <debeGuerezaKrona>stoai</debeGuerezaKrona>
      </tolmenSloydJabble>
      <pacate stacker="wardingZigs">
        <biuretPhilomeHurtle>whangam</biuretPhilomeHurtle>
      </pacate>
      <unuredCroceicTubers ireDsri="deiparaWoaSibness" bungaAlburnHutuktu="43">
        <decalinEpactsLowder>rebbeJesuate4</decalinEpactsLowder>
      </unuredCroceicTubers>
      <opiliaZizany terryMuraled="downierMitySannops">
        <spicose>handarm74</spicose>
      </opiliaZizany>
      <kirimonAgoho>
        <misbias>saprinJulienStrobe</misbias>
      </kirimonAgoho>
      <lottieNautic lamaUsneoidMotto="shrovedAnele" fuzingRightly="testierParodos">
        <paviorImpasto>342626</paviorImpasto>
      </lottieNautic>
    </durrie>
    <jokes>
      <benzylCalcium>slowedClonked</benzylCalcium>
    </jokes>
    <chawleCooeed golemsSaumHailing="yest" rhyttaUptownJapans="cruck" woidreFusulaeDesugar="russety">
      <bemixtBookful>bepaper</bemixtBookful>
    </chawleCooeed>
    <whyeverWhompedMiamia>
      <dossalMoonbowPiddler>481</dossalMoonbowPiddler>
    </whyeverWhompedMiamia>
    <immaskDetat>
      <coalersAlomaSairve>zenithInjurer</coalersAlomaSairve>
    </immaskDetat>
    <finicalTabetic>
      <clamberCrunkleCarya>induingSurfyDeckie</clamberCrunkleCarya>
      <manglesProtura pahYanKiyi="inboundLavaDinky" avenousTassahAltaid="bawdier">
        <valericBenshi>peeing</valericBenshi>
      </manglesProtura>
      <madnepToucheAmylome>
        <tighterDisty>otocyon34</tighterDisty>
      </madnepToucheAmylome>
      <anaxon>
        <ababdehArgledFict>halakahDeturnLoyalty</ababdehArgledFict>
      </anaxon>
    </finicalTabetic>
  </kantars>
</alegerNerium>