<?xml version="1.0"?>
<carksTownKittar>
  <sabered yaoort="insolFitchetIrchin" unlustSquawky="quechuaMisdaubWilily">
    <ophian moltersSplurgy="frisian" zuza="semipedDuring3">
      <pledgedPrissesInklike>monachJainVitita31</pledgedPrissesInklike>
      <ywisCosse hurkle="ickersUnspicy" squintyMeltedUnkill="distend">
        <janapaLatcher>930746425</janapaLatcher>
      </ywisCosse>
      <abreact>
        <tipulaScarfed>basogaBoer925</tipulaScarfed>
      </abreact>
    </ophian>
    <ads>
      <shipfulWorritsOurs>purpart</shipfulWorritsOurs>
      <pain>
        <teratic>963350</teratic>
      </pain>
    </ads>
    <beevesBoongMegmho>
      <glead>venusStactes</glead>
      <defamed brawnedPlunkGayal="abyssesEnwound9" sandies="smeerPhiltraLippie398">
        <scryBetrustGurlet>roberdCoryphaHagein6904</scryBetrustGurlet>
      </defamed>
      <domite>
        <stroldFannerBrewst>nemean</stroldFannerBrewst>
      </domite>
      <detruss>
        <bulwand>limbous</bulwand>
      </detruss>
      <imbarksDizzilyTorsade embravePouff="7203601" minxes="towyWhand">
        <muspike>pariahs</muspike>
      </imbarksDizzilyTorsade>
    </beevesBoongMegmho>
  </sabered>
  <jigglerCoinersRecites sinalFoistExuviae="orsonKhatriRereads65" scanned="87">
    <merulaRapeyeBonelet beretFootyXenium="614291244" flites="accruesReerect2">
      <redeemCrizzle>klowet531</redeemCrizzle>
      <piosityHeminsAmil>
        <raiding>383707003</raiding>
      </piosityHeminsAmil>
      <snitz faux="9">
        <succuss>4663</succuss>
      </snitz>
      <warrokDickty aljamia="eyeballPeen657" carboysDebtee="jabberSextantChacona">
        <dialupGuttarHadbote>darklePeaky</dialupGuttarHadbote>
      </warrokDickty>
      <skylookPhanic egardsIslMinicam="antholRammiAxel">
        <beblear>unbraceUnhappi</beblear>
      </skylookPhanic>
    </merulaRapeyeBonelet>
    <swatterSolatiaMossie>
      <ladyfly>wendsLanchZizzles</ladyfly>
      <untimeDecastChored avulsedBenched="oordTsuresDespot">
        <pathletJacketWasnt>sportsLungi</pathletJacketWasnt>
      </untimeDecastChored>
      <earwaxZed>
        <tutriceSoddens>upjetLbfUnais</tutriceSoddens>
      </earwaxZed>
      <dhamnooLazies tjaele="gagersTuneboFittily">
        <fumous>peculia</fumous>
      </dhamnooLazies>
      <cleat>
        <tobaSergioCalve>nibbed</tobaSergioCalve>
      </cleat>
      <eyewortRaasch lassoerPorr="detacheFamuli36" tachist="6463">
        <parolesTearedChorial>74119</parolesTearedChorial>
      </eyewortRaasch>
      <meqLegginsCadmide howbeit="94505771" flavedoDimmedRinger="gyralTangedPestle">
        <affableTaskageCrax>75555828</affableTaskageCrax>
      </meqLegginsCadmide>
      <akhoondObitual twigs="436578541" misweenBoti="bumpoffAffixal">
        <nuddle>daleths</nuddle>
      </akhoondObitual>
      <makingMusselsDrawarm cyaninsMktgPuan="corser">
        <useeSmitingEuphues>tarafCiudad</useeSmitingEuphues>
      </makingMusselsDrawarm>
    </swatterSolatiaMossie>
    <marli>
      <oversewWeedy>assewer</oversewWeedy>
    </marli>
    <berakahUrdee aposoroPetreScreeds="removes74">
      <sloppedVinod>cushWished</sloppedVinod>
    </berakahUrdee>
    <hababRotalBrushed>
      <unebbedSyrtisReplier>1014799</unebbedSyrtisReplier>
      <unbagStogy bergamoSabatonGetling="trek" usaronMononchVealed="oxeaAbkar">
        <rockeryCucujidPeplus>whys</rockeryCucujidPeplus>
      </unbagStogy>
      <vacant lieflyAdjurorShawed="fastedAxion822">
        <antonBoggles>fourb</antonBoggles>
      </vacant>
      <shoggieFloats spignel="anilao" sacquesTolt="unvainSomdelSexifid">
        <catlingEbulusAnchory>akebiFremdlyJuts127</catlingEbulusAnchory>
      </shoggieFloats>
      <proartSearAlanyl rifestAxile="whin">
        <jeeredSpines>yaguaBirddomSirrah</jeeredSpines>
      </proartSearAlanyl>
      <gestYerNotion erodium="surma">
        <oxanPayong>bladesOutliveSchwa</oxanPayong>
      </gestYerNotion>
      <auriteTushs scumHooka="dandie">
        <usage>snowcapFlexor</usage>
      </auriteTushs>
      <befopGrunzieUrluch teleiAccused="wifelyRefeedsSmile" terraeWhistle="zen">
        <coollyAbackZigzags>panels</coollyAbackZigzags>
      </befopGrunzieUrluch>
    </hababRotalBrushed>
    <adams>
      <misrateRedlineClick>avale</misrateRedlineClick>
      <batisteFanweedInduce tolan="retort">
        <vista>9839405</vista>
      </batisteFanweedInduce>
      <morduUnking>
        <sattvaUpbringTopcoat>attaccaSunsmitDefies3675</sattvaUpbringTopcoat>
      </morduUnking>
      <dobosSpathic rebelsDobla="sicle" sweered="flintMbpsAsseal7">
        <ambryHornGelosie>gauntedPewdomCalif</ambryHornGelosie>
      </dobosSpathic>
      <leakingOzones>
        <sociiMoos>muskatRuddier</sociiMoos>
      </leakingOzones>
      <disemic bakalReginaStreen="bemadamPropene" listFlusterTykhana="moricHorningOlivile">
        <berthasPorogam>copLarums</berthasPorogam>
      </disemic>
      <oddmanWeer>
        <peatBoolyaSungar>8085837</peatBoolyaSungar>
      </oddmanWeer>
      <darkens afric="gibleh">
        <intnlLitchiMilers>nemasMuftis</intnlLitchiMilers>
      </darkens>
      <idalia>
        <skeppeBantersShargar>46</skeppeBantersShargar>
      </idalia>
      <hamal>
        <buatDirtierErratas>unaptEasted</buatDirtierErratas>
      </hamal>
    </adams>
  </jigglerCoinersRecites>
  <compost dioxanePithy="malvinStromed" bullpup="allbonePilis" actuate="smellerCorpus" />
  <carack devilyRakijaMurkish="gleanVoyeurs" reninsAxoniaGeo="2999" socageSoarer="retrial" sinkbox="mentisInlay14" />
  <cohoCalkers>
    <tapetUnplume>
      <furzy>mussyWasho</furzy>
      <martialMiltier temperHubcapsKeita="twelveBylinyRopiest" outkneeAspirin="velcro551">
        <peipingChounceEntrez>manismCyanolKinfolk</peipingChounceEntrez>
      </martialMiltier>
      <tripackBogan markersNaio="buggy" romaneLintels="abattue">
        <cartersPaulistCultist>monaene434</cartersPaulistCultist>
      </tripackBogan>
      <variedHussiteArvos>
        <cookeySnouted>shots</cookeySnouted>
      </variedHussiteArvos>
      <advisyLinaga pavone="dazedlyToshesSquawk138">
        <whisper>loutyDavens</whisper>
      </advisyLinaga>
      <dewedOldwife gauntlyEvilest="5735850" tarbetReenter="quotumSordiniUndergo961">
        <bongos>51</bongos>
      </dewedOldwife>
      <martletActify mannetValid="plaintsCeramic" linnsAliundeWyted="atomics81">
        <patoButylStickel>cryal</patoButylStickel>
      </martletActify>
    </tapetUnplume>
    <acaciaAssahy>
      <wantons>miloHermaeHesther</wantons>
    </acaciaAssahy>
    <catterHoboedCtge>
      <gerundTrefSunglo>acutate</gerundTrefSunglo>
      <dysnomy begut="fjeldBeseekPioury" watchesJackboy="rewingPerigon">
        <coronalSolachMinxish>cormelEctally56</coronalSolachMinxish>
      </dysnomy>
      <ascelliLich turnpinScenas="gauchoNithingLayoff">
        <mutist>32</mutist>
      </ascelliLich>
      <whiskerUnesco nutriceDisour="wraitlyPuther" paunche="443202687">
        <warisonAmildar>rajasic</warisonAmildar>
      </whiskerUnesco>
      <aditalMayflyBioral gasogenDintedAerugo="signman">
        <igorotTellach>steeve9154</igorotTellach>
      </aditalMayflyBioral>
      <unkissSoporNonius caredLicheeCalumny="86" bizarre="5">
        <fibularTurkifyUsninic>tasuNataliaFlaunt</fibularTurkifyUsninic>
      </unkissSoporNonius>
    </catterHoboedCtge>
    <stola>
      <bhikshuMedrickCaraja>48</bhikshuMedrickCaraja>
    </stola>
    <wifesLamprelCredent dozesBixin="repandDamieAbir9307" aerosol="liarPacketLoriner">
      <volvellStrong>wateryUnhouseOlent</volvellStrong>
    </wifesLamprelCredent>
    <myrrhicChaitra>
      <soiling>twankerApetaly</soiling>
      <jardon>
        <bezante>177675</bezante>
      </jardon>
      <slavey semenceSeattleBefool="pandersRiotsIngorge">
        <seducesGarbler>daybookGretaKirsty</seducesGarbler>
      </slavey>
    </myrrhicChaitra>
    <amazer hodmenPook="76" darningRace="1">
      <hurls>tagassu</hurls>
    </amazer>
    <screensBhagaGnashes tomjon="dunningPawneeBedbugs" spisula="73182" muds="hushtWiganLard178">
      <bardismChessesKitted>verbSixtyRelock756</bardismChessesKitted>
    </screensBhagaGnashes>
    <albites>
      <ballade>woozy</ballade>
    </albites>
    <broodsPiquPurdah>
      <spayingChumpaRadly>thorium</spayingChumpaRadly>
      <fissive yapmanFryer="mykiss" atenismDormins="1887060">
        <subdean>32890976</subdean>
      </fissive>
      <voluntyNyroca atemoyaAderminCupolar="rottedStood" hamfatBullanBridale="jubhahSquillRetouch">
        <frierIsnInique>spewsDisputeDevaunt</frierIsnInique>
      </voluntyNyroca>
      <metopicHindCocoyam>
        <polling>3</polling>
      </metopicHindCocoyam>
      <chilly sessileUglyPinto="cerata4196">
        <reposer>paguridTayir</reposer>
      </chilly>
      <hakims purveyWofulTegular="reallotCommunaYammer">
        <splosh>rhonchiGemlichTalks</splosh>
      </hakims>
    </broodsPiquPurdah>
  </cohoCalkers>
</carksTownKittar>