<?xml version="1.0"?>
<mouches>
  <outeyed sitingChiackMow="79434" stanesPloys="achaetaEastlin" />
  <quartin emulsic="gowd" aplanat="kenloreDogwoodApp" navisScatoma="89385" trant="dopatta20">
    <loange>
      <venomlyYeuked>taroLobolos</venomlyYeuked>
      <fibersJudging lullsStayed="buyers">
        <boiseUngoutyBackset>teemsUnhairDidoes</boiseUngoutyBackset>
      </fibersJudging>
      <caddow treatee="malurusHigdon44" toistOxygonCurter="spouter">
        <chutneyBeiges>solved</chutneyBeiges>
      </caddow>
      <agoniedCaliphs mirdahaCates="kiester">
        <parasol>jibbedWraxledMexitl</parasol>
      </agoniedCaliphs>
      <lichees hadron="cutcha" coroado="subbingOnsideJowl">
        <stempel>peekedConvectOaves</stempel>
      </lichees>
      <middesLucernsWarine unicefHurdledVild="5016387">
        <mercyTronerForkers>yankChattyChaw569</mercyTronerForkers>
      </middesLucernsWarine>
    </loange>
    <finspotBandaka renegAugerer="schola" wilgaCaffa="4909190">
      <polacreAmbasHadrons>pleonicSpug</polacreAmbasHadrons>
      <lealPunatoo tilliteRannRhuses="sciot">
        <fard>rechateTerrenoHartin</fard>
      </lealPunatoo>
      <racons bangkokSanseiRose="8" mavin="2061">
        <aleshotBettyBedded>ricedLovat</aleshotBettyBedded>
      </racons>
      <maumetOuterRodder skol="patiseMerghVertex" vawardDandify="32126748">
        <yogasAngild>rennetsParc</yogasAngild>
      </maumetOuterRodder>
      <shakeupDaddles>
        <xosaSpydom>heathArrayan</xosaSpydom>
      </shakeupDaddles>
      <allyingLophineTilter>
        <latuka>copusArgid9912</latuka>
      </allyingLophineTilter>
      <hussiteGodfrey lockpin="yurak">
        <benniEmpathy>cytolOriginOpaquer6</benniEmpathy>
      </hussiteGodfrey>
    </finspotBandaka>
    <cruntOdwyerMarfire>
      <gigatonTrudger>aeoline542</gigatonTrudger>
    </cruntOdwyerMarfire>
    <uridineCaplinsTeethe>
      <kago>rate</kago>
      <subdie yashtRustreLianas="90128207" whatna="hery">
        <cleddeTriunesContemp>corosifDauliasKibbeh</cleddeTriunesContemp>
      </subdie>
      <swoopDumpingSpecky bowess="alateGurgeonOfflap">
        <semipro>unsnakySisal2</semipro>
      </swoopDumpingSpecky>
    </uridineCaplinsTeethe>
    <linagesAbthainRuggers>
      <keruingMuyscaAsarta>orpheusChetty</keruingMuyscaAsarta>
    </linagesAbthainRuggers>
    <dubio manrentLampong="locums" calgaryDroukedEosine="moistlyThraveUnsoggy">
      <oleateMoanedSettos>dibBert</oleateMoanedSettos>
    </dubio>
    <wivedSerosalLaments roamageAutist="bhangiBrutes" nybblesRonnelFlabrum="bikiniPilosin" datariaGarsilTeap="cymule">
      <testoon>stylist</testoon>
      <somataTelesMnestic widdrim="bardsTowieFrenghi20">
        <natuIonSheaf>oopuhue6064</natuIonSheaf>
      </somataTelesMnestic>
      <modistBedirt>
        <algae>kab</algae>
      </modistBedirt>
      <groof molls="385491737" gleadSparm="dietineRailageSertule">
        <bravadeHackeemMaxixes>403871025</bravadeHackeemMaxixes>
      </groof>
      <peeryPhoebusWrithed>
        <unriped>lupulusFistsEuvrou</unriped>
      </peeryPhoebusWrithed>
      <ooziestGambiaBale realerAwonder="ruxBoul">
        <ariel>scadPrisageBonduc</ariel>
      </ooziestGambiaBale>
      <romauntMates paid="prefGeoScythed">
        <piqueurCordis>epioticPots</piqueurCordis>
      </romauntMates>
      <tussah bandaid="stenterRemijiaPlim" tarieGainst="694752527">
        <chupak>yaffed</chupak>
      </tussah>
      <phippeSubductCaaba holdoutBight="847" flutesTableKuskus="mangourUnplumbTuition">
        <deggingDrowte>dirtyEdgilyKinkily</deggingDrowte>
      </phippeSubductCaaba>
    </wivedSerosalLaments>
    <wrathed>
      <subahs>nataka6</subahs>
      <reisSalteeDuodena ensoulsMangalTeleuto="outpullForleit" acarol="53495556">
        <bejig>wollyMurreyMaydays</bejig>
      </reisSalteeDuodena>
      <unrockyOutwornOutking jelling="713024481">
        <syncomPullout>3654</syncomPullout>
      </unrockyOutwornOutking>
      <moochTaivers>
        <umestDooly>89475074</umestDooly>
      </moochTaivers>
      <gothics roarersIdotea="bilifyJibingBeadles734" mylodonChurchyRelay="bilimbiMuseist">
        <spifNorma>251312136</spifNorma>
      </gothics>
      <clavesDipnoid fungo="coheresMarkeryTrigger">
        <venulae>389</venulae>
      </clavesDipnoid>
      <jacobusCropperManos illeist="ensteep" skatoleMitringAmylene="jabiaPreachyPreview">
        <toherIlka>868</toherIlka>
      </jacobusCropperManos>
    </wrathed>
    <chunkedSpiralsIos abvMishear="ceriph2">
      <anticlyValsa>rayahJoyweed</anticlyValsa>
    </chunkedSpiralsIos>
    <trionymMoireCohert demodex="lauansBudukhaSippers" forgery="83" lintels="heiferBypaths7">
      <fluencyCosmist>snobsBirgandTithers8203</fluencyCosmist>
      <pausersPanhas gowfPaleolaClinia="27" embossOutrageLuther="998581">
        <totterYipeUsherer>palolosModus</totterYipeUsherer>
      </pausersPanhas>
      <cypKismetsTermly warwolfAnew="pelfsMantapaLeud" culicesEartabTitbit="trigo">
        <dancerWigs>67</dancerWigs>
      </cypKismetsTermly>
      <rosa ambary="tagetes9">
        <karandaWarseYazata>homburgPlayersPotance</karandaWarseYazata>
      </rosa>
      <burdie whsBedaff="beldameRegrowIsoamyl" centime="25">
        <toilingCutises>caecias</toilingCutises>
      </burdie>
      <sparse dhotyJeffery="pelopea91" nimrodNanJuan="carmelaScarmanFarrand">
        <stagilyKlister>96891</stagilyKlister>
      </sparse>
      <polygarAmurru rosellaDatumDulias="hipsAbroma30">
        <hearsedJolty>7661</hearsedJolty>
      </polygarAmurru>
    </trionymMoireCohert>
    <lengerChunkedHuchnom>
      <mutist>planter</mutist>
      <phoniesHolm sicced="poindOutwear" rekiEelierRugbies="20">
        <sixainCartels>koibalRobes466</sixainCartels>
      </phoniesHolm>
      <twazzyChouanPistols topesEelKaj="twillPinchedMinar" humorer="gongman79">
        <wakambaPeddlerDiscage>siltier86</wakambaPeddlerDiscage>
      </twazzyChouanPistols>
      <unweelMeatilyLanny>
        <emulsorTacoBeerier>8366</emulsorTacoBeerier>
      </unweelMeatilyLanny>
      <gurgledGabbleInable kellysMadonna="dueler" napalAbatesPascal="skylineCruelerUneye">
        <fibrinSwiverBruits>potlikeBryales</fibrinSwiverBruits>
      </gurgledGabbleInable>
      <krakensFluxive stagEnwindsAlbugo="shippenClumJokish" tuzaSwearDurrs="gardy">
        <umpireWentMiscite>dollop</umpireWentMiscite>
      </krakensFluxive>
    </lengerChunkedHuchnom>
    <schouwAuteurFeazed>
      <sanicle>tosy</sanicle>
      <caranxHeirdom duntingHueless="helmedMutisia4912">
        <barble>plumer177</barble>
      </caranxHeirdom>
      <dawkin>
        <quare>fugatoImplingSedang591</quare>
      </dawkin>
      <centavoBaser grogTuitiveKhubber="theisms">
        <borithCsects>tinkRebids35</borithCsects>
      </centavoBaser>
      <markkaa susumu="4">
        <fibber>entombsLimulusTrenton</fibber>
      </markkaa>
      <bajadaTopes grinterRammier="enlodge" sprackHanse="426">
        <artwareRemeantVitally>welficSheaves</artwareRemeantVitally>
      </bajadaTopes>
      <gomasta glidderCranceSkanda="362846">
        <minotHeatherTemse>patsies</minotHeatherTemse>
      </gomasta>
      <saxtieRooti omnistCried="58925">
        <adverseMogulsSibbed>babbleTykes</adverseMogulsSibbed>
      </saxtieRooti>
      <macho>
        <phatic>untimeDrawlerPanade</phatic>
      </macho>
      <ionogen letted="cuproseSophia">
        <blenderTonkawaRefel>340573178</blenderTonkawaRefel>
      </ionogen>
    </schouwAuteurFeazed>
    <lappaNimbusPyropus>
      <caraho>unloved51</caraho>
      <hurtIdlestHussies nogakuJaegars="goralsCoenureVinyl" teindsToning="beheadsHawkeysStumble">
        <gamey>pickoffBoleticTekken22</gamey>
      </hurtIdlestHussies>
      <newbornGillerCrampet pectize="goadedSubdualIstoke" rivetedCunni="atter">
        <until>42</until>
      </newbornGillerCrampet>
      <truce>
        <naggish>nipsFalcadeHayride97</naggish>
      </truce>
      <tabletRins crissetPledgee="71">
        <forteHoopoeDosed>founceRaffishLedger4</forteHoopoeDosed>
      </tabletRins>
      <tewlyGamsZimocca lungis="riksha" wispedHami="359875885">
        <sook>dumpage</sook>
      </tewlyGamsZimocca>
    </lappaNimbusPyropus>
  </quartin>
  <stolesFriggle codaLobs="1180">
    <abyssesPetum>
      <postieLevelTrepang>langrel</postieLevelTrepang>
      <olivileSaintsNoxial>
        <buhlsSawlogs>albatas</buhlsSawlogs>
      </olivileSaintsNoxial>
      <tupikFacie>
        <coolingRatoons>bldrBurghSapele1544</coolingRatoons>
      </tupikFacie>
      <iseIssuant gonysEmulsorCaducei="kiddishMolgula" donis="befistArratelAnhimae">
        <wherryAbdaria>wershCuspedSirex</wherryAbdaria>
      </iseIssuant>
      <quaternCaxtonHaemad thurle="2702" siros="toliteSubvein">
        <bruyereCutaway>4263294</bruyereCutaway>
      </quaternCaxtonHaemad>
      <jungles>
        <loaderHeizingApexes>rachisPinnaceBurgoos</loaderHeizingApexes>
      </jungles>
      <slocker>
        <renoirPhidianRad>scruntTaked</renoirPhidianRad>
      </slocker>
      <ledgeAlertsYogurts larlikeRather="mizraim1">
        <flingerHeelOrdain>cuvetteDeleteSavanna</flingerHeelOrdain>
      </ledgeAlertsYogurts>
      <marfik peckishRestung="turkismPurre">
        <droops>gantslEdges</droops>
      </marfik>
      <halvesEyeshot pamhyMonierRafale="ruddsBisextHypoth" subsCados="torulae">
        <biggety>eyecup</biggety>
      </halvesEyeshot>
    </abyssesPetum>
    <egoistsFolie takao="livingBarkersSapbush" glareSporterMontero="917192154">
      <cypherArchsinPuntel>ulmo</cypherArchsinPuntel>
      <fraena>
        <telang>juhaNavesVoile</telang>
      </fraena>
      <moggyLoquats proband="alibiedCosey" pebblePlovers="unlashMelding">
        <pottaro>unmeedy72</pottaro>
      </moggyLoquats>
      <nerviiSauba voyance="planont">
        <avery>rigelNightedEmptio</avery>
      </nerviiSauba>
      <socmenBogbean bawledNutcaseYule="mammeysWeetyLuffas236">
        <cliona>dawdler</cliona>
      </socmenBogbean>
      <regaldGuasa>
        <createdVolventReg>fadoHircineReviled</createdVolventReg>
      </regaldGuasa>
      <urtiteBulbs ripariiAlgors="ponder">
        <carpalSarsenAugerer>swatherAstrict</carpalSarsenAugerer>
      </urtiteBulbs>
    </egoistsFolie>
    <scorchs resmelt="oocystOcas">
      <goldneyVolteCitrine>palmier</goldneyVolteCitrine>
      <subgrin bedrelAlinerIngreat="bifteckCalcedCaw">
        <terassAkmudar>580080</terassAkmudar>
      </subgrin>
      <arghoulOrbiteNaphtha clinged="yotRemandPapist" alcazar="2473498">
        <umlandFinchesHuzza>mangelCopping3542</umlandFinchesHuzza>
      </arghoulOrbiteNaphtha>
      <panics puan="scamp">
        <hoxSlashesIsm>spekt</hoxSlashesIsm>
      </panics>
      <pumpingArousalPromo>
        <slops>hymnistLontar</slops>
      </pumpingArousalPromo>
      <haulseWhinger feists="gunnen" thesterMoonily="32771">
        <boyceAkebiaAnabas>thought</boyceAkebiaAnabas>
      </haulseWhinger>
      <oddestAdunc mintierRoarer="magrimAugiticSamory" exactasKoumysAlaria="2">
        <listenRemorasGloeal>loftLeverer</listenRemorasGloeal>
      </oddestAdunc>
    </scorchs>
    <nonego>
      <inned>ginny</inned>
      <poe passen="gasserPedicle5143">
        <snaresPollees>raconsWimblesSpues</snaresPollees>
      </poe>
      <hogcoteViewed>
        <rockoon>restive63</rockoon>
      </hogcoteViewed>
      <bedebt>
        <epauleBrahms>areelScarierDunch</epauleBrahms>
      </bedebt>
      <poneCockshy>
        <bandon>mooressKoali</bandon>
      </poneCockshy>
      <pretor>
        <coalsSandal>sris</coalsSandal>
      </pretor>
      <toughlyMisselYede>
        <heptadsOleum>unspoilDismaskHumific</heptadsOleum>
      </toughlyMisselYede>
      <lacheGoatly plotxGabeTeller="belugaUnbedGitana" slipup="clawsMyopyRifting6664">
        <haithalBarnardNod>puky</haithalBarnardNod>
      </lacheGoatly>
      <rely>
        <juponDebones>kumkumNavewOronoco</juponDebones>
      </rely>
    </nonego>
    <lappersCosta homy="smirker" aethusaMongoes="polyniaExflectEndowed" gladiiInstJackies="bonnwisRaman">
      <haggyRabatte>boggleHitches</haggyRabatte>
    </lappersCosta>
    <anuric>
      <movablyHaoris>besaint</movablyHaoris>
    </anuric>
  </stolesFriggle>
</mouches>