<?xml version="1.0"?>
<fuehrerJomon>
  <yarrowsGane extoll="headedAdagios" taeniteColickyWrithen="cornily" />
  <ukulele weeplyPerone="cassadyTrancedCarnal" bustoBlipped="zilchSatinetGaelic">
    <seceshRebuteLegumen retiesChouanBeseech="reman614" fustily="norroyThroes">
      <guarComptie>qophPearlyPaphian</guarComptie>
    </seceshRebuteLegumen>
    <tigeryAoli>
      <galikFred>fluibleToryess6061</galikFred>
      <mealiesAbide maizes="lademan" ancientVorpal="gnawersBrochExude559">
        <outdoorVerses>jowerSadie</outdoorVerses>
      </mealiesAbide>
      <purpie markhor="129086719">
        <limpersPhloems>verged</limpersPhloems>
      </purpie>
      <oxidiseTernary nomismaPreomit="fends">
        <acerinCascado>guarded</acerinCascado>
      </oxidiseTernary>
      <actual tinchelIcelike="799" whewer="soushy">
        <kindles>hueAscii</kindles>
      </actual>
      <bunkums>
        <tornesiApertum>241</tornesiApertum>
      </bunkums>
      <groperZebeck unledCruelerChampa="pommee8">
        <what>4509494</what>
      </groperZebeck>
    </tigeryAoli>
    <libelLevee schrik="dazzledScalarTsurugi" cochGaditanRelodge="tousledExasperEntity19">
      <blinis>choregy63</blinis>
      <blin rifted="negatesTahin58" bobcats="15305777">
        <menacer>upsun</menacer>
      </blin>
      <squirtsBraise feynessBehavedPerdrix="89497" torulaeInhaledBabools="grydeAngels">
        <oyessesFormal>inbread</oyessesFormal>
      </squirtsBraise>
      <sluggyCasinos asarhChaise="rennKeptPowan">
        <rimierVips>20708</rimierVips>
      </sluggyCasinos>
      <gercrowSiting pincherCostean="flyboy" pronger="fraidUbertyAwaits">
        <martAlackMourner>penfoldPennetGantsl</martAlackMourner>
      </gercrowSiting>
      <guepard cappae="agamousDrywallWhiffet" deicideNowhatOsmotic="ban">
        <seggardCylicesAmiga>readyAmyclasGazette</seggardCylicesAmiga>
      </guepard>
      <aspersAbreid>
        <pinkily>ceboidsKnarle</pinkily>
      </aspersAbreid>
    </libelLevee>
    <flatcarAlfione>
      <rocolo>batistePateeMexical</rocolo>
    </flatcarAlfione>
    <glyptal masjid="washmenEos" impalerTeapot="edgy6" dizainInchase="babysit">
      <heuau>gurlet</heuau>
      <toddies outfastPipersFarrant="stainTithing" tils="skimmia">
        <rising>suntrapDanceHookas32</rising>
      </toddies>
      <catstepJulidSheep baluchi="hyporitFedTombic" shikar="upshots">
        <cuj>623373232</cuj>
      </catstepJulidSheep>
      <evertorCallStaves>
        <turbo>scomberKorunas</turbo>
      </evertorCallStaves>
      <umbles>
        <derangeMarrot>clumper</derangeMarrot>
      </umbles>
      <forebowSawbill sacelaCampier="maghInlyMussel">
        <eyebathHurriCupmate>dunkardScripee</eyebathHurriCupmate>
      </forebowSawbill>
      <speel tariri="namesOolakanGalet" hyades="6377380">
        <briarsNegritaWizzens>bedegar</briarsNegritaWizzens>
      </speel>
      <remixes homer="16045899">
        <molinetUnsoftDyke>palasSaronicFollyer9150</molinetUnsoftDyke>
      </remixes>
      <shardDewed pappusWarmenRunlet="satanasAroused">
        <temperyJessicaWielare>unbroid</temperyJessicaWielare>
      </shardDewed>
    </glyptal>
  </ukulele>
  <luddismChronal diwani="touchupWelsherRabbit" redbaysMarcorLining="codoLucy837" jemble="oxalateHickwayScrolly" />
  <tritolo zendikRotted="41" felspar="rameshWorkersSci" bocoyMorales="uncagedHornets" bootiedLumpman="reina">
    <acnes catteryOocystBlossom="prowsSimeonStagy">
      <auklet>dollarsPavans11</auklet>
      <menthan>
        <ticklyDinkeyWye>293466</ticklyDinkeyWye>
      </menthan>
      <rasaPitirri salomeChamar="hockingHevi2" riels="ucuubaRosal">
        <bihaiChasteGelate>drawingFuzzingTitrant</bihaiChasteGelate>
      </rasaPitirri>
      <harianaPatapat treysRangler="giliak">
        <blautok>unfoolMyogramDyke</blautok>
      </harianaPatapat>
      <ofoGrooms tintedCotan="holeman4020" weedish="cushionRudloffRefits8380">
        <potusDerivChurada>galler</potusDerivChurada>
      </ofoGrooms>
      <stashesPicara finewedPassado="folMallus">
        <choliBoards>cackled</choliBoards>
      </stashesPicara>
      <turrel>
        <dauntsCitolerDringle>lipomaVellon526</dauntsCitolerDringle>
      </turrel>
      <bathedNosairi hazersRosserLogions="mongery" gangwayGpdCorkers="relong">
        <halve>yawpPathed</halve>
      </bathedNosairi>
      <sclateFeering redeckAmadanFluate="55750" gaybinePomeroyCavey="cordonPantheaBegirt">
        <frightyCotheClumpy>parodosHailUnprest3825</frightyCotheClumpy>
      </sclateFeering>
    </acnes>
    <piman buskingMaidin="fungic">
      <asteria>niallEnabled</asteria>
    </piman>
    <estrins junkiesScytUninn="appete71" alliantMacupa="greenukArmit1" awaysChamm="951">
      <upaya>cowl</upaya>
      <balatteLaggersOpsonia dittoedBugalaKif="misateHerman" jawnTheine="knacky3">
        <statusCressyUniter>3</statusCressyUniter>
      </balatteLaggersOpsonia>
      <chirmedSceptre hasteBlank="367434" resizesSoothIciest="7146">
        <friaryFauldHerola>pattaSool910</friaryFauldHerola>
      </chirmedSceptre>
      <bayanoEelskin>
        <darius>barmieTemSandix</darius>
      </bayanoEelskin>
      <requeen>
        <discost>twp</discost>
      </requeen>
      <ebenYokingFalbala>
        <voluted>punditaAkashaHowea3</voluted>
      </ebenYokingFalbala>
      <inbeingMinusMuscles kenn="886">
        <disheirUnipartMehrdad>minyanFribby</disheirUnipartMehrdad>
      </inbeingMinusMuscles>
      <zeoideiChithe woollyColloid="twasEnamor" propjetCarpet="gurshes598">
        <evectedTannicTrain>taghlikJamnut6</evectedTannicTrain>
      </zeoideiChithe>
      <turbid drossedHostelPkwy="anurousPlutean" unhentBacksPudda="farmChert">
        <nishikiTenners>9703</nishikiTenners>
      </turbid>
      <saugerFigura poulterSunstar="morals" regimePenseTadpole="digramPretold">
        <rhea>etna</rhea>
      </saugerFigura>
    </estrins>
  </tritolo>
  <searcer plurifySpoutsTowels="dammaraCognatiFantad21" educateAmnionJuggins="mimulusGrebes4">
    <teguaCinclus behintCzardom="927856" mutedly="wurmianQuarmenEssee">
      <janeiroGenomic>quartet</janeiroGenomic>
    </teguaCinclus>
    <baguetReteachGovern>
      <apnealEquant>cockySnirlThig</apnealEquant>
    </baguetReteachGovern>
    <kiwanis>
      <topoi>clockerEosBurials</topoi>
    </kiwanis>
    <pastes>
      <uppoise>6053</uppoise>
    </pastes>
    <hookahs toffiesFicklerLinley="cocardeBesuit" lagopusScoldLochlin="sexturMichery" gedsRemold="barnageSabring">
      <gunnedTwoness>picketChorioRubbles</gunnedTwoness>
    </hookahs>
    <bedmateRecking>
      <ironersYodlersGun>89599</ironersYodlersGun>
      <peebeenOpaledCocher>
        <aluco>turbleTsunami</aluco>
      </peebeenOpaledCocher>
      <alumin besselClouded="maiidae">
        <carvy>3650172</carvy>
      </alumin>
      <chancyEmptionTrug akvavitCosinePage="actionsTourismTarsus" bauleaWendell="areason10">
        <sewageRecept>agamyMalax</sewageRecept>
      </chancyEmptionTrug>
      <inflateRada accrual="4">
        <esqWhirretSaphead>atteWinrowReaches11</esqWhirretSaphead>
      </inflateRada>
      <haultAmylum fitcherBetelSlavery="riflesSmelly">
        <exogenApastMesitae>toledanQuartic253</exogenApastMesitae>
      </haultAmylum>
      <movings carby="abidersScisselAmoroso6" balingEsquire="68163283">
        <iwbellsLacked>73</iwbellsLacked>
      </movings>
      <hitched feyness="hirersUncostBlatch">
        <reheard>barringSemeseTrisect</reheard>
      </hitched>
      <pillars decrownEnhydra="susurrTilting">
        <wanlasFlumeWeskit>uniovalMellowBesugo2856</wanlasFlumeWeskit>
      </pillars>
      <pinken abomasi="maioliBhokraMonday1380">
        <pargosFone>abseyXeromaRebite85</pargosFone>
      </pinken>
    </bedmateRecking>
    <stibial>
      <basenji>416275</basenji>
    </stibial>
    <swarfUnhorny>
      <buranFusion>desmineScroyle4368</buranFusion>
      <trustor gotosRankingJoie="bosketsPlying5">
        <suhuaro>corylBenu180</suhuaro>
      </trustor>
      <chianDuco meacon="pandoorPlusesDedal">
        <fumedClawsVulned>blabHelving811</fumedClawsVulned>
      </chianDuco>
      <jobo>
        <pompeiiJowlopChomped>armlessCrop</pompeiiJowlopChomped>
      </jobo>
      <daddles kohen="nawobRadixZanella">
        <sitars>spavin</sitars>
      </daddles>
      <boomagePsyllidUpbye fascetGimpedTua="ceroid" decoyerColorum="rives">
        <stateCeral>bebilya7609</stateCeral>
      </boomagePsyllidUpbye>
      <clade rarishProject="balut3" effusesPrebbleMoki="endearsAssurd">
        <oil>byzantsAlburnSponson</oil>
      </clade>
      <plattedSnast>
        <jophielUighur>yukeBallateExcised</jophielUighur>
      </plattedSnast>
      <teindHasped amortAlone="schemaAddn" telephLassikyStogey="sootierChuvashLvalue">
        <seedkinMridang>peikthaProsoma</seedkinMridang>
      </teindHasped>
    </swarfUnhorny>
    <dangers>
      <maraeGoboSnooped>arielTaberedBubble500</maraeGoboSnooped>
      <anatifaMortary parson="damnifyUnjaded" gutlingEllenWalter="877464">
        <paauwFebrileChippy>spence</paauwFebrileChippy>
      </anatifaMortary>
      <mensalEttling statesMunguba="shiresDihely" hoodoes="inigo">
        <cooksGaleageSteuben>anticsSeisedTillers</cooksGaleageSteuben>
      </mensalEttling>
      <scliff seatang="humates3799" gobioid="95270495">
        <mimedIsaria>5</mimedIsaria>
      </scliff>
      <coffeesDimoutsShammes paal="3113">
        <stoa>bawsintToughly</stoa>
      </coffeesDimoutsShammes>
      <emetinsChub ortolHonkyAsthma="muzzleKnarRandir" frowerLints="tuathFerned">
        <yuruna>cabaLoggetsPilaws</yuruna>
      </emetinsChub>
    </dangers>
    <cizarUnbrickGantlet wooly="baikie3" baklawaSacketLuny="foxfireGlance">
      <chancesDiallelKansa>phoney</chancesDiallelKansa>
    </cizarUnbrickGantlet>
    <debris spelledMasooka="cuteGlycicHobbed" unnerveOxyGomeisa="passmanPreformFondon">
      <kibitzViator>92</kibitzViator>
    </debris>
    <begrave>
      <sapeleDaywardKnurls>seededPeaiismUnsolid</sapeleDaywardKnurls>
      <grainyEftMyosins earflapShrike="baloch" waggerZillion="lydianPobbiesRerow">
        <formityMaills>pulpalOverjoyErugo</formityMaills>
      </grainyEftMyosins>
      <piuAbote taheen="adducedUpupoidAmishgo">
        <holey>90756795</holey>
      </piuAbote>
      <theine olivePattiesDirige="821">
        <snakeryStandi>horatioDacoit</snakeryStandi>
      </theine>
      <unioned>
        <nervily>tiffle</nervily>
      </unioned>
      <ladylyAcrux sumlessSquintyMatza="abwatts" wakonChurl="362952">
        <sola>8</sola>
      </ladylyAcrux>
    </begrave>
  </searcer>
</fuehrerJomon>