<?xml version="1.0"?>
<fositeNowhatCrapaud>
  <caroms furiosoCruddy="females" jejunum="302">
    <mias>
      <golgi>wincedFriarJumbly</golgi>
    </mias>
    <nookletDojo>
      <kiwiPermitsSorters>avertedRebrand</kiwiPermitsSorters>
    </nookletDojo>
    <jabots>
      <ensured>priori</ensured>
    </jabots>
    <testor array="teopanEthoxylNodding">
      <famousBiprism>toastyPutteeColera</famousBiprism>
    </testor>
    <cruddyForkerSnagged>
      <twicet>curtals</twicet>
      <sairly yperiteBygoing="curaticCraningVirific">
        <stadic>9</stadic>
      </sairly>
      <aumeryPetr lingualRumored="doolee" stamSores="38">
        <lodes>4773</lodes>
      </aumeryPetr>
      <taotaiGlaur bulkishUnmeteInking="5" mangold="353445247">
        <treys>scanter8</treys>
      </taotaiGlaur>
      <blightsFloosyThetic palermoColicinBoggier="thereasAurochsClowre">
        <nicolasShotsShrivel>442163950</nicolasShotsShrivel>
      </blightsFloosyThetic>
      <mercersDermisAud rambles="shouter" pavenSerow="obeahsTalonic">
        <firbolgBirkyExalate>putouts9570</firbolgBirkyExalate>
      </mercersDermisAud>
      <sorrenAssumesSwarms savorer="pigpens586" locable="vulgarKookyLarget">
        <shittimTyes>249428</shittimTyes>
      </sorrenAssumesSwarms>
      <dayton>
        <unbeset>610167080</unbeset>
      </dayton>
      <riempieLamiidEpoxy carina="244720">
        <canthiZephyrSteve>bergamoCallateNonmen</canthiZephyrSteve>
      </riempieLamiidEpoxy>
      <soonersSapekHagweed>
        <rumbDeesisThugged>bish3</rumbDeesisThugged>
      </soonersSapekHagweed>
    </cruddyForkerSnagged>
    <bitchyJedKursch>
      <mikedPavises>3435533</mikedPavises>
    </bitchyJedKursch>
  </caroms>
  <cheerly stelled="nutpickTerga" />
  <siliquaNelumbo mankySheeted="snumRediaCaffled" ballanCollutBrulots="ewhow" blowpitNovelry="tejon">
    <fraud>
      <stagesLaminarRerob>7454356</stagesLaminarRerob>
    </fraud>
    <busilyIonises>
      <melior>armoric</melior>
      <yuncan isobaseYell="5524109" scyphiTornPaella="infosRheoTav">
        <muggersQuantsDriven>hightFeasedGorgets</muggersQuantsDriven>
      </yuncan>
      <laocoon pfennig="latirusVibrios" cringeRecrate="cooser">
        <haymishOchroid>246533894</haymishOchroid>
      </laocoon>
      <near sealch="bayheadTeindsForfend">
        <amhar>matelowProcne</amhar>
      </near>
      <agonsVernantGutsily>
        <flidgeFlab>osmolarDancedCitrins</flidgeFlab>
      </agonsVernantGutsily>
      <tansyCurrach gleirPendantCreel="sctdMysianPrecule3" lowsedLeadage="zakat767">
        <bactris>puppisTraviss</bactris>
      </tansyCurrach>
      <sikharaElmiestMord>
        <counter>214650</counter>
      </sikharaElmiestMord>
      <tapenResigh waspenPaeansShoggly="danderLutrine" shaveryOkas="kurungCarpelNewsmen">
        <myrtal>crags</myrtal>
      </tapenResigh>
      <stonage wartierSwotterSoigne="ohioansDanliChahars1" monsterKosos="pommeyNuragh">
        <reshesMadder>soever</reshesMadder>
      </stonage>
    </busilyIonises>
    <diagramSculkerPray>
      <fangsJangkar>zeekoe</fangsJangkar>
    </diagramSculkerPray>
  </siliquaNelumbo>
  <pareilStashedAvowed eloinerGleekProwler="304" humific="relance" nig="belier" hoondeeEatersDelace="cubisms">
    <vamooseCistori>
      <palpiMixChorous>1742</palpiMixChorous>
    </vamooseCistori>
    <bunderSamsam almostSaltant="greek" gobonyVirole="4" hurters="salema">
      <magiMesel>eathly</magiMesel>
      <unhapSapbushToluate>
        <waifing>716661029</waifing>
      </unhapSapbushToluate>
      <jotnianDads alpineYoy="rangpur" mountie="cuficChewer">
        <cionsYugadaAmgarn>nasua</cionsYugadaAmgarn>
      </jotnianDads>
      <preloanFumets>
        <prate>ninny</prate>
      </preloanFumets>
    </bunderSamsam>
    <chunamTrifoilLathy>
      <utah>quailedSamara</utah>
      <repas kansansKidneys="hugo" pararekQuizzes="radonObiter">
        <helotrySchav>bobache1</helotrySchav>
      </repas>
      <snuffsEnleen eastJingal="wistit">
        <prismyRoams>streyne</prismyRoams>
      </snuffsEnleen>
      <bramahDamozel>
        <sinaloa>bonitasManomin</sinaloa>
      </bramahDamozel>
      <czarsLegumeGayly>
        <vaaliteInsurgeNodical>tumulusRustreTeed</vaaliteInsurgeNodical>
      </czarsLegumeGayly>
      <slaumAnisal agriot="895487" isatinsClamant="ravenerAlginicBatta">
        <sebagoGrilsesEnteral>blucherMahra</sebagoGrilsesEnteral>
      </slaumAnisal>
      <teel jubasYirdMade="turshaUnladeKenmpy" sailing="inisle">
        <zincoidLummyCyathi>upbotchBlit</zincoidLummyCyathi>
      </teel>
      <denuded jaburan="18280966" whopperOvumCenser="notepad">
        <buteoCercusVeld>huggers</buteoCercusVeld>
      </denuded>
      <umbrateSvan insanieCustody="57291">
        <apogeesNamatioCapably>glycUteroCeltdom</apogeesNamatioCapably>
      </umbrateSvan>
    </chunamTrifoilLathy>
    <slub>
      <meable>teatmanUnhitchDoric</meable>
    </slub>
    <tartanKilhig>
      <topis>agrace</topis>
      <dptTonging macharRadome="natatorLudwigMadly187" twyersCarpaleImpaler="intuito">
        <verismo>chukarsPapier</verismo>
      </dptTonging>
      <ciergeAlgarotLooter volet="4687043" lenger="factor">
        <syringaSalts>pightleSoulzCiruela</syringaSalts>
      </ciergeAlgarotLooter>
      <hedgesNeezeGhafir bangaGarpike="child" oimeSuppingFlandan="stroyer">
        <demits>boltersRottan</demits>
      </hedgesNeezeGhafir>
    </tartanKilhig>
    <onethe>
      <bleaksDuryl>63996</bleaksDuryl>
    </onethe>
    <amaineWayangAlmose>
      <smokilyAlien>chausSnickedKeckle</smokilyAlien>
      <closhAcquire>
        <rathiteDirgesWith>dsect91</rathiteDirgesWith>
      </closhAcquire>
      <juniorsDoupNone dullingLiberumAxinite="mashmen" jocular="beadletDarns">
        <tang>19</tang>
      </juniorsDoupNone>
      <whollyUskok bodkinsPronotaZincize="36">
        <fatwood>daysideAgmasMummied</fatwood>
      </whollyUskok>
      <loggishSlimeSleeted fettersEnactsTinsy="flatletStoppleProrump3389">
        <fylgjurPanurge>scanianUsances5483</fylgjurPanurge>
      </loggishSlimeSleeted>
      <murexid stroysLaputa="404" tez="kers6516">
        <lagoonHubblyPerlite>padshah</lagoonHubblyPerlite>
      </murexid>
      <nipping pupsBustianQadi="cadmicZebra" dreesCrucheTracy="visiblyHexeneBespeed">
        <eyn>4601</eyn>
      </nipping>
      <dep shedderFlots="decast" uptrainWolve="arabismCaraho">
        <crotaloWhimper>hoomLyssasNatraj</crotaloWhimper>
      </dep>
    </amaineWayangAlmose>
    <starersNulls invitesClosesSuaver="865547254">
      <upcoastAlly>wafdistArgali</upcoastAlly>
      <begumsTolls>
        <oohKiotome>642439</oohKiotome>
      </begumsTolls>
      <outmateJongIgnaro>
        <safety>95340</safety>
      </outmateJongIgnaro>
    </starersNulls>
    <hackia>
      <coakWhelpsMangour>mob</coakWhelpsMangour>
      <svgsNailed>
        <coopingMutable>382723</coopingMutable>
      </svgsNailed>
      <soldadoHyloidBeduin>
        <mauri>havenerVeins</mauri>
      </soldadoHyloidBeduin>
      <floccusAlgedi>
        <carest>vietnamTolanes</carest>
      </floccusAlgedi>
    </hackia>
    <dhundiaHeptose unglee="fycesRemakerMaugre" jecorinAcarian="amusBurbotReasy" slodBoor="unfusedBeanbag">
      <kebabsWahoos>pombo</kebabsWahoos>
    </dhundiaHeptose>
    <semeeSchlock soars="seraingDowingCamanay">
      <osaminAesopic>reposesPlods</osaminAesopic>
    </semeeSchlock>
  </pareilStashedAvowed>
  <morticeReframe kitlopeBrosse="solonsMemoire" enation="184" lungoorTrinalRailers="unsage" guarsScarcer="recitedDeiceWeewees">
    <singledBlurted omnist="52246">
      <kevyn>adduceSigmasSquoze</kevyn>
      <tappishUnplankStreen>
        <barkhanDeprave>clogged</barkhanDeprave>
      </tappishUnplankStreen>
      <pedrosChoices americaSqueteeBarbate="collZimmisKula14" surgyAtweelLym="reinterTabbiesKaska">
        <haltereDyeing>buryingPinons</haltereDyeing>
      </pedrosChoices>
      <amazeBowknotGiddily uncouthYayCzarism="wakon" kabalasOutplodEmerge="mare93">
        <jiggerMuleta>territEvensSanctae</jiggerMuleta>
      </amazeBowknotGiddily>
      <koniniLobalDereism bycoketGenitBokark="hostieKashiraGunja" apathiaIntoner="coreid">
        <hateEtalageSkye>lettishContendAwan</hateEtalageSkye>
      </koniniLobalDereism>
      <hakamBewares>
        <evictAreolet>uncloseWarstleMetric</evictAreolet>
      </hakamBewares>
      <bumpZeniths cotta="raggleRectum744" exposit="weinersSwinkedAxones">
        <voicesCouxiaVakass>courlanGugglesCouvade5058</voicesCouxiaVakass>
      </bumpZeniths>
      <rashIrredUnbid>
        <belayed>upyokeSabakha</belayed>
      </rashIrredUnbid>
      <unhomeWhomped runoutsVampeyFulgide="hexad953" celtish="busloadSeedsConia">
        <deplumeStrumsNervose>toggelDobuleDereign</deplumeStrumsNervose>
      </unhomeWhomped>
      <smashHotcake caulisMirakRenate="lowboy" wigdom="qtoOvisac">
        <sizableZeuzeraMarkups>sawneysFlorian</sizableZeuzeraMarkups>
      </smashHotcake>
    </singledBlurted>
    <mousoniTrave xylylicSponton="tunlikeTwelve" disrayAtaunt="locPanungTypicum" beadles="burboltChegoLampret">
      <cornetCayuseOakwood>60</cornetCayuseOakwood>
      <dight boreas="clankum">
        <lassetSapiens>896284703</lassetSapiens>
      </dight>
      <kippeenPosesAsprawl>
        <hormoneIntuse>cuffleBadaxe7740</hormoneIntuse>
      </kippeenPosesAsprawl>
      <applaudBeckett lyc="womerasSnipFedn" puinavi="weensBeblain798">
        <cloesJoukedBarbal>testersAbedSubtray</cloesJoukedBarbal>
      </applaudBeckett>
      <adapidSynacmeUtu arageRaptureSpangly="psuedoCullCagmag" cliffyAnvils="94466">
        <wearerTuque>43</wearerTuque>
      </adapidSynacmeUtu>
      <feelies lienee="lauder" jeanLacunae="gullsKotoite">
        <leftsStirp>94933581</leftsStirp>
      </feelies>
      <orthisPenny coloppeFacias="enteralAgcy">
        <tubsterGynic>faunaNixonSettimo</tubsterGynic>
      </orthisPenny>
    </mousoniTrave>
    <fledgyBradoonShyam atmansLish="jazzmanMustelaPaused6">
      <lijaJaconetMine>asteriaBeleeUntress</lijaJaconetMine>
    </fledgyBradoonShyam>
    <crewed>
      <glist>algate</glist>
      <outkiss jobbing="8677">
        <embogueFaunGuaque>94550653</embogueFaunGuaque>
      </outkiss>
    </crewed>
    <ludwig jaiPacify="dankly" viagramHeliaeaHeels="noelsRamheadConcave">
      <leeGobbetHippus>17724</leeGobbetHippus>
      <langiteRozumSpet lawk="300325">
        <inswellColobin>lanketDardani804</inswellColobin>
      </langiteRozumSpet>
      <kapoksMayings doodle="balanid8675">
        <lehuaDarersCrafted>trouserBowwowsYakshi</lehuaDarersCrafted>
      </kapoksMayings>
      <chazansOecusDuckpin uphealDoatedBoyar="tibialeLangurNaresh">
        <deform>2951228</deform>
      </chazansOecusDuckpin>
      <bouses wontsLethals="furrilyPermsCrine5" capingMeriahGiles="leadin">
        <pokiest>laities</pokiest>
      </bouses>
      <parvenuZebu>
        <goasAleckGabback>722502</goasAleckGabback>
      </parvenuZebu>
    </ludwig>
    <ireland>
      <alertInezDion>versetFirking8</alertInezDion>
    </ireland>
    <blader>
      <furtum>witfulHorserAwaking94</furtum>
      <narcBehaleSamlet rounceCamisiaPallar="petcockVaranusBard">
        <anethumUnmad>3</anethumUnmad>
      </narcBehaleSamlet>
      <hexonesRgenMeatmen vermilyDiddle="1895754">
        <etyRhizinaCaver>infante</etyRhizinaCaver>
      </hexonesRgenMeatmen>
      <enseem zoisite="capelinCayugas">
        <shittenSapsagoGrozer>3984989</shittenSapsagoGrozer>
      </enseem>
      <melasKhar mandraFeazedWrecked="61948366">
        <ankeeSpong>yardarm</ankeeSpong>
      </melasKhar>
      <bludgeVolageMordv coarse="dumpersGlegly">
        <akekiUntilt>icasmReferda</akekiUntilt>
      </bludgeVolageMordv>
      <stonyBedpad enstampInmost="afleyMetolRedeed" tensesNeurons="renteKelek140">
        <enigmasIridine>remercy</enigmasIridine>
      </stonyBedpad>
    </blader>
    <pridedYoking leakierLoringUredine="863432">
      <drawcut>fiscVaganti</drawcut>
    </pridedYoking>
    <tintieKhalal>
      <pressieRyking>94</pressieRyking>
    </tintieKhalal>
    <evaders>
      <silicasOutvie>cassinaDunciadDunches</silicasOutvie>
      <beatasWharryMirish>
        <termesCoropoLeche>abulias</termesCoropoLeche>
      </beatasWharryMirish>
      <cen ascareImpune="glbPythium" liliesBedadArgosy="fossulaLabariaBarbery">
        <snibble>unloyal</snibble>
      </cen>
      <angoras touchy="retrim20" duddiesLengest="dragger">
        <whattenMinaeanAmity>wifishAlatedWaned</whattenMinaeanAmity>
      </angoras>
      <tagish fatty="3572609">
        <peppersPareil>3907106</peppersPareil>
      </tagish>
      <piquedTerzo mightntLaurels="venturiCarcass">
        <hypnos>oatmeal</hypnos>
      </piquedTerzo>
      <monsiaRearmsMufty abner="3189222">
        <rehemsDambrodEuda>canabaeDipode</rehemsDambrodEuda>
      </monsiaRearmsMufty>
      <chitlinHorrah>
        <gaetuliAmbier>diopsisGlidingSwail</gaetuliAmbier>
      </chitlinHorrah>
      <pelon>
        <sedgedBrachia>369387230</sedgedBrachia>
      </pelon>
    </evaders>
    <freddyUigur>
      <curchPommelsTumbeki>tuners</curchPommelsTumbeki>
    </freddyUigur>
    <enemy>
      <calked>49655</calked>
    </enemy>
    <gringosAdditumEffund>
      <evident>gaddang</evident>
    </gringosAdditumEffund>
  </morticeReframe>
  <bamothFanteeg klepticCohune="47167">
    <bihamClosetBauchle redowas="45" gapers="cavumVicunasAvenin10" neoned="murex811">
      <juletta>kylite</juletta>
      <mammerThiasosLamba weaversAdipylAlthea="9771864" jubiliScrog="willowsIncherAreae7630">
        <amlacraWafdSurfed>talaNuisome23</amlacraWafdSurfed>
      </mammerThiasosLamba>
    </bihamClosetBauchle>
    <pungyiWardenNumnah>
      <flumed>carrieAffPhages</flumed>
    </pungyiWardenNumnah>
    <suweCulmed>
      <gov>harvardAperch</gov>
    </suweCulmed>
  </bamothFanteeg>
  <bravingLaigh />
  <latiteDixainSprees phymataKoleaPhymas="airishZincous" sunsuit="curupayFilmishFourrag508" mongrelAlypinTuffoon="coontieInfimumMusjids" covet="walshTurfite2191" />
  <ket smallyKosimoRagweed="wishaLichee" batikFawneryMarlin="trompedBuyoutsSpinier">
    <arrasJailorsDefang jamadarOilierSharpen="14" hyenoidArchedBolls="ignawArroyo" contectRacism="jimmiedPolarly817">
      <upend>cyathosAbusionOdelet</upend>
      <popover taborer="hoker5" lactimFascetVeliger="derogIngraveStowse5">
        <amoksAtelets>dehairHydroneLanes</amoksAtelets>
      </popover>
      <gestsHormic seismicPullTart="wofflerCletch6">
        <oilcupReligioUlvales>abyssalFogdogsSpring1</oilcupReligioUlvales>
      </gestsHormic>
      <caamingComateWhatna pinoliaEntuneGlaceed="volaticCupular6509" demulceNippledJets="distomaLawmakePugged">
        <clampedSoxhlet>omphacy</clampedSoxhlet>
      </caamingComateWhatna>
      <bestareHapuku faceupTidy="descFlaith" ladsTrampGobby="3944825">
        <maulsBrizzAssedat>31</maulsBrizzAssedat>
      </bestareHapuku>
    </arrasJailorsDefang>
    <son>
      <guarsGuffawSquiz>rebite</guarsGuffawSquiz>
    </son>
    <yamamaiUntimed>
      <ucayale>9</ucayale>
    </yamamaiUntimed>
    <upshiftHallelsTaglike>
      <trapanPayboxEtapes>healthyLindseyMartnet</trapanPayboxEtapes>
    </upshiftHallelsTaglike>
    <chilteFoins>
      <relabelSarapes>ixtlesMeowedUsques80</relabelSarapes>
    </chilteFoins>
  </ket>
</fositeNowhatCrapaud>