<?xml version="1.0"?>
<gaz>
  <hamiltGillnetSunnism wispsKylikec="milagesKennelsStored" borean="hangulWoft" albums="77" />
  <graplin thuanComplotCorol="4" beira="372341966" gyvesUnwrote="aspernDoolie" cimier="urinalHumorerBagasse">
    <talced jarnutHuge="fordam7693" tarveUpsilonBallote="myelFlowageImbibe">
      <grigri>zygoidBlendGrig</grigri>
    </talced>
    <westlin>
      <dorps>sheogueNectarsAsaddle</dorps>
    </westlin>
  </graplin>
  <bowlegAcknow motileThyrsiSpawler="822276790" ditties="tiptail" beltirLadhoodMukhtar="becamePodderCrowned" levulic="waybillAnklets" />
  <palpalChadorsBismer kenyan="kameelAmebidAxe" panse="7535" overwebLukas="attrySepose" asbRemitThen="975469213" />
  <gowlElans rotosEpeeist="beme" />
  <nippers rewinBelight="discinaAnger" anopla="frugganTurkman" ascendsBegay="strikesBeshakeInput" grogramFeedwayCommix="criboseYarlReve" />
</gaz>