<?xml version="1.0"?>
<holmsEastersLotas>
  <overlay>
    <whetileBarilla>
      <neutralWiriestUnwoven>buddhiNitre</neutralWiriestUnwoven>
      <rechalGoburraNutpick>
        <porkeryIotizedSpink>umberty</porkeryIotizedSpink>
      </rechalGoburraNutpick>
      <measleMulcted wrothyCuboid="6889308">
        <dacrya>allobarGulliedChookie</dacrya>
      </measleMulcted>
      <phizCrafts palminPinitesSaluki="beanos" dokeDancesHypoed="cho">
        <beaksSabirTutsan>alarum</beaksSabirTutsan>
      </phizCrafts>
      <lutrin>
        <prices>1</prices>
      </lutrin>
    </whetileBarilla>
  </overlay>
</holmsEastersLotas>