<?xml version="1.0"?>
<byroads>
  <stirrup unburnAgeable="mungoosPoriaLet" emmQuahaug="907" ethnicsMousedShevel="2">
    <parliaCyulBulldog fifteen="tas871" upjetIkon="taunter" taro="ranches">
      <dune>sime17</dune>
    </parliaCyulBulldog>
    <lokshenUnleadsAnaxial lordy="hollows">
      <haglet>waiataAspectToiled</haglet>
      <polygon retoreOndingCroft="czarist" leptid="assays">
        <ogumAliens>bomb</ogumAliens>
      </polygon>
      <myrrhis>
        <snoutyHuffcapScored>ibexesApolar</snoutyHuffcapScored>
      </myrrhis>
      <packingHaptenMovies>
        <piplessMucusesKunmiut>8331790</piplessMucusesKunmiut>
      </packingHaptenMovies>
    </lokshenUnleadsAnaxial>
    <payniGladify resell="bertieBesugo">
      <saiga>diedFoin</saiga>
    </payniGladify>
    <dital>
      <basat>35527531</basat>
      <avisosNunce>
        <krangThumbedRamada>1657</krangThumbedRamada>
      </avisosNunce>
    </dital>
    <damalic>
      <epipanyCoyedChewers>hydroneHobosPrismal</epipanyCoyedChewers>
    </damalic>
    <morpion izleGazellaQuinone="328" chadarsInned="stobsTonger" shengAlanin="shasterBohunkSlights1723">
      <podlikeShoved>riparii16</podlikeShoved>
      <wipsInbyOdax lifenLarkyVims="unslowUroxinSecours">
        <boostJenLimply>speltFences</boostJenLimply>
      </wipsInbyOdax>
      <wannaMauser jebelCesta="nauseamTassets">
        <sulfoneWomaned>dozersUncinus76</sulfoneWomaned>
      </wannaMauser>
      <siegurdDinning nemoral="19535296" mizpahGunningPatinas="talipatOrogen23">
        <dumblyAristaDocetic>19970391</dumblyAristaDocetic>
      </siegurdDinning>
    </morpion>
    <thirstsRescrub>
      <brutaPesosGist>8095</brutaPesosGist>
    </thirstsRescrub>
    <toheroa>
      <boronsJoyancyWedel>konGemotsOndatra</boronsJoyancyWedel>
      <ketenesAnker lushly="fedoras" jeraldAntiwit="guavaSubrent">
        <cepsAogiriRigadig>mtsThalerEcize</cepsAogiriRigadig>
      </ketenesAnker>
      <salpid sant="calmantTreadleInport">
        <resuing>drawee</resuing>
      </salpid>
      <gipser zongoraLawnsMinks="pescodPledgeeThumbs">
        <crsWallachSwaling>rowboat</crsWallachSwaling>
      </gipser>
      <wolterRaisinTassah sucrier="dispopeTarger" motesPatness="cartingFortsSuspend982">
        <sinzerTilting>lisere</sinzerTilting>
      </wolterRaisinTassah>
      <jelling>
        <culpas>etesian</culpas>
      </jelling>
      <hamotziCheroot>
        <oilless>6135163</oilless>
      </hamotziCheroot>
      <debate utsNagged="crashed" wipes="61618541">
        <poldavyCav>docquetChaceMatzos</poldavyCav>
      </debate>
      <naught sarkineRanchJaggary="beothukSpitz1548">
        <weevils>836525884</weevils>
      </naught>
    </toheroa>
    <guatoApardon>
      <shooterRichest>fesels</shooterRichest>
      <stainPigeon phallis="oronocoCadmia2666" puttierVarsity="59495745">
        <commitDisrate>dingarUrotoxyWiten</commitDisrate>
      </stainPigeon>
      <tearsLyses>
        <burglesFneseLimber>reforms</burglesFneseLimber>
      </tearsLyses>
      <rechafeGervaseTharm>
        <neurad>8</neurad>
      </rechafeGervaseTharm>
      <limliBacciesBottega tip="kauchAcinous">
        <wivesUnie>7608701</wivesUnie>
      </limliBacciesBottega>
      <burkersFrase harmineChirre="fatidic" roxieCrouchZananas="orceins">
        <lienalBipedTraduct>62</lienalBipedTraduct>
      </burkersFrase>
    </guatoApardon>
  </stirrup>
  <quilterLagersWithing hissers="squeteeLuctual" nakongQuirl="tabernaLavesPfx" droppyOdoom="unfaithHirer232">
    <snibble>
      <bushfulExuded>267257851</bushfulExuded>
    </snibble>
    <mansesStabbed plugCotty="23042239">
      <bowpots>coughedAbacot7</bowpots>
    </mansesStabbed>
    <fundal>
      <chaunaCreta>edifiesDungedKinot33</chaunaCreta>
    </fundal>
    <foul untimidFonlyJess="70" mayestChoired="rankineFesapoExited" tastenOkays="octaplaProplex">
      <retackTaupouLecher>60812025</retackTaupouLecher>
    </foul>
    <sackUnicismPolyact remergeBogey="spitboxLuckier">
      <canellScyphi>350466</canellScyphi>
    </sackUnicismPolyact>
    <cedrineMaimulResh>
      <chutist>tumuliGlackOvermen</chutist>
      <halideGonagiaClothes senile="doormanOclock" stephan="mortonUnnails578">
        <burelyBekko>5125</burelyBekko>
      </halideGonagiaClothes>
      <panosLamerPret remint="taissle" mbiras="codonsCrozesTestier">
        <skeech>paularPeppinSplay</skeech>
      </panosLamerPret>
    </cedrineMaimulResh>
  </quilterLagersWithing>
  <congee tweakRancioFeetage="45" nakulaCocuisaOphryon="tuchisEtna" dawkinUvala="tharmsKynurin">
    <neapedStrage>
      <zamangLeonid>kamis</zamangLeonid>
    </neapedStrage>
    <amellusMuckersEunomy>
      <ruffledCassoneMouflon>guaiacAlmose</ruffledCassoneMouflon>
    </amellusMuckersEunomy>
    <yatagan equated="kenemaElvanSepts">
      <trefle>dowdier58</trefle>
      <innuate civet="grampsJonval">
        <heavyAevia>85815202</heavyAevia>
      </innuate>
      <creeds lommockPacking="90818313">
        <umboneLollopyPausing>divvy</umboneLollopyPausing>
      </creeds>
      <unship>
        <asuriClickRidgels>fansPetites</asuriClickRidgels>
      </unship>
      <dolefulAlboin yore="rapeyeParlour">
        <cintreRatingsYowed>miqraBochesAbusee1</cintreRatingsYowed>
      </dolefulAlboin>
    </yatagan>
    <theatreIsizeFoisty outmanWaesuckRauk="909493" ensnowOrangsPalaite="batwaChugObvious23" della="penbardCipango">
      <verger>gameneShaigia</verger>
    </theatreIsizeFoisty>
    <tucking>
      <klanism>burtreeYervaBourout</klanism>
    </tucking>
    <dawtsCebell>
      <hdqrsSimbilEgads>auantic4076</hdqrsSimbilEgads>
      <tarnCotype sextuorWeanoc="461626424" ettlingWhip="ecorchVeau">
        <tesackUnfloor>gummingSpruces</tesackUnfloor>
      </tarnCotype>
      <foresMyrtol replanOnding="silenic8">
        <oxamicTanier>251</oxamicTanier>
      </foresMyrtol>
    </dawtsCebell>
    <shamir>
      <untentyHoblike>5016</untentyHoblike>
      <sudariaBarboy gueUnkist="wrenletNoggen" beknotsMoscow="evert">
        <falsifyTitled>rentreeLaddock</falsifyTitled>
      </sudariaBarboy>
      <hickoryRateenSofty>
        <ululu>minkGetic43</ululu>
      </hickoryRateenSofty>
      <forgeCasualsDorsula appreveHisnBiked="195852417">
        <rebeckLoco>benzolVesselEtang</rebeckLoco>
      </forgeCasualsDorsula>
      <lube>
        <rogueCoronetWerecat>monoski4</rogueCoronetWerecat>
      </lube>
      <loessLocatio>
        <tubigCohue>2217</tubigCohue>
      </loessLocatio>
      <joblessSlimingSummit>
        <maculas>8652624</maculas>
      </joblessSlimingSummit>
    </shamir>
    <herba>
      <snirtle>5867103</snirtle>
      <brecht pyridicScrin="fangledAncille" ahushHastenCydon="salved">
        <tauterSnaresRaddle>rounder</tauterSnaresRaddle>
      </brecht>
    </herba>
    <pinesapPanmugMopy dicticJimmiesOsmund="spartaSpirous">
      <taluksLeveler>toyosPiecen2</taluksLeveler>
    </pinesapPanmugMopy>
  </congee>
  <glowInvectShabble suckageChalothSiege="chambreBawdHustles" hexones="mucoseBielby" ocypode="beccoIntrigoTydden" coursesDicolic="rereeveSupawnChalets">
    <booboosShastan>
      <fawnsGob>greiges</fawnsGob>
      <rhaetic quothVeining="70906" beetAngry="kilerg508">
        <drabant>timorStaked</drabant>
      </rhaetic>
      <agatesExciseBubbles paroecyBlips="tensomeYenite">
        <toddiesCraningNegroes>winepotBurrel</toddiesCraningNegroes>
      </agatesExciseBubbles>
    </booboosShastan>
    <zinciteLens dortTeach="kosha" unheedy="101">
      <disband>disawaOutrideOrder</disband>
    </zinciteLens>
    <bruisedAngelsMolman>
      <cavettiCalksUndazed>juggedDarghin</cavettiCalksUndazed>
      <stibial frowzePuruhaLangeel="mykiss" ignoteBiri="niais">
        <gainsaySitups>glutinChesser</gainsaySitups>
      </stibial>
      <sillarAvgases rhdDaube="infeedSomnusOxonian" snitchInfair="suk">
        <paruraCrashesMixable>method</paruraCrashesMixable>
      </sillarAvgases>
      <spews camelsBaisakh="nopalry" bravura="deline">
        <deanessBuoyed>gignateErthlyMaybush</deanessBuoyed>
      </spews>
      <kwintraAccolle>
        <sixain>adamasPygalGiaours</sixain>
      </kwintraAccolle>
      <calcino anonang="trewsGrits">
        <dacian>ambarisOnagriKivu</dacian>
      </calcino>
      <scriverTirosLygaeid hareldSayingEely="1126751" longlegQuakes="poseursSerific">
        <sibbyBaulkPlopped>sanjakBrocht</sibbyBaulkPlopped>
      </scriverTirosLygaeid>
    </bruisedAngelsMolman>
    <pudianoLigableFartlek>
      <nuntingTermite>peweeJourn</nuntingTermite>
    </pudianoLigableFartlek>
    <alumnae linocutFluffAzure="mangiAbbrev" bungleTottedTueiron="47">
      <guttledArock>sirraTurban</guttledArock>
      <bushido>
        <feedmanEnshade>bastionSalband</feedmanEnshade>
      </bushido>
      <toutingRibbing>
        <fotuiHols>reflag</fotuiHols>
      </toutingRibbing>
      <unclimb bes="671022" soricid="tical">
        <civory>harbiFrankedParvuli</civory>
      </unclimb>
      <avoyer>
        <visionChulpa>cayapaStopperCibaria</visionChulpa>
      </avoyer>
      <rowersRacket geonicGooier="midbodyYeanedBergs8690">
        <nebackScumber>spaltTrikir</nebackScumber>
      </rowersRacket>
      <baddest botargoPeahens="8">
        <isologsIcepickYuapin>70</isologsIcepickYuapin>
      </baddest>
      <skilfulDhanukPalmery>
        <wytes>shudnaRinses</wytes>
      </skilfulDhanukPalmery>
    </alumnae>
    <casbah>
      <blottedAnlaute>407</blottedAnlaute>
    </casbah>
    <belatQuorum horned="947">
      <grailerScutumUntrod>haddockWardens</grailerScutumUntrod>
      <koklassInflesh>
        <ishimeCorachInklike>boombox</ishimeCorachInklike>
      </koklassInflesh>
      <nett gironnyPagers="lessees">
        <ashmenPaunche>40651</ashmenPaunche>
      </nett>
      <martuChromicSulides engagerCotypes="2" whiskeyCitharaRutuli="273301076">
        <buttock>crammerDhal</buttock>
      </martuChromicSulides>
      <langursSmythSire equuleiYewCornfed="aethusaHirsleAddr" buzzed="9736">
        <hindWintAnanda>599</hindWintAnanda>
      </langursSmythSire>
      <sudariaSeqqBlodite tarsiasColters="inditchTinneryDummied660" koroaGelosinVendean="accts">
        <sml>soodled</sml>
      </sudariaSeqqBlodite>
      <lackedRail almaine="702847" acock="terraeTingis">
        <palankaClung>feuage85</palankaClung>
      </lackedRail>
    </belatQuorum>
    <sneaked>
      <doitkin>quinuaAnukitAtilt</doitkin>
      <gamelinDampyDouche podeonIncuss="capiasLyxose">
        <bronzed>dilisSaphenaScruff</bronzed>
      </gamelinDampyDouche>
      <sullageAlferesKins duramenHapped="radarsDowable">
        <ghegish>696455</ghegish>
      </sullageAlferesKins>
      <hecklesSyrmaea allodsTacketUnbased="foolerTamasha5">
        <kwachasGuanizeLatona>705034459</kwachasGuanizeLatona>
      </hecklesSyrmaea>
      <enrols arabiteUps="exostra">
        <upridgeAssobreClerete>jeffrey</upridgeAssobreClerete>
      </enrols>
      <lurchesPried>
        <sangriaPieteCatwalk>messier</sangriaPieteCatwalk>
      </lurchesPried>
      <launcesToled lyingsCnidian="vedantaCryogen" gerb="biogasPucelle">
        <nilot>plusesWitcher</nilot>
      </launcesToled>
      <bagoongTaich bullsTassagoGarten="loaded1298">
        <twistyAedeagi>ralesCourtal</twistyAedeagi>
      </bagoongTaich>
      <halke portiaWeakish="senatorNewarkRookie" minoanRowletCreem="freaky">
        <sploit>upjerkOnzaRappini3581</sploit>
      </halke>
      <menusChiefsShen auroch="quaich9" semaise="negara">
        <masarid>jouncedPuraqueLongrun</masarid>
      </menusChiefsShen>
    </sneaked>
    <bassonAythya>
      <ethionBrae>rescrub4997</ethionBrae>
    </bassonAythya>
    <chatino>
      <petumUpsmite>pythiusPicricPoche119</petumUpsmite>
    </chatino>
    <heartenPlatenDuelled neweltyAlfiona="sierrasWaliBonser">
      <divertsAmbeersTymp>800</divertsAmbeersTymp>
      <areolaeUpsentSpinose koppieMeminna="emer7">
        <scaphe>unbowAfire4780</scaphe>
      </areolaeUpsentSpinose>
      <vaalite neaterRegret="outcomeCorynidBurrish">
        <shansa>boskierAvocets4429</shansa>
      </vaalite>
      <sinh>
        <samechsShawlsRenes>prosarRefile</samechsShawlsRenes>
      </sinh>
    </heartenPlatenDuelled>
  </glowInvectShabble>
  <tatbebRetrot>
    <jaildomLupanar>
      <pyosisRousantVulg>sharked</pyosisRousantVulg>
    </jaildomLupanar>
    <nempnePicsCarvels>
      <copaiyeMankindUntrust>tupaiaTravelPuru</copaiyeMankindUntrust>
      <sclateDrapersOtis herem="arctosSpelean">
        <hulkingBishopsEelfare>annAubreyDaint</hulkingBishopsEelfare>
      </sclateDrapersOtis>
      <ramilieCebathaCoxa>
        <oreadsClydeZippy>dicot</oreadsClydeZippy>
      </ramilieCebathaCoxa>
      <focoids>
        <peelersLasing>8296404</peelersLasing>
      </focoids>
      <bullnutLerot paddle="remanieLyrismNogs">
        <myallErnst>spireaShrapBalkier</myallErnst>
      </bullnutLerot>
      <kusaRoodle>
        <tinpot>hunchetAggros</tinpot>
      </kusaRoodle>
      <nervid nighty="30988836">
        <ipseand>hypate</ipseand>
      </nervid>
    </nempnePicsCarvels>
    <cediMuscid snoutKeckledGaysome="19" barrelsKiotomyItself="cubagesKnowers8496" trustor="boardlyBranchChoreus">
      <cordageChicaneCaranda>overfedRouperScalops</cordageChicaneCaranda>
    </cediMuscid>
    <tobymenBryony>
      <forceneSunfastUzarin>4</forceneSunfastUzarin>
    </tobymenBryony>
    <geoponyAspide>
      <tambalaAwnlessNidana>7424</tambalaAwnlessNidana>
      <palaceMullidPais remedyJarlessFang="72038093" bromidBecloak="naiverCuriousTauri">
        <charreTaenninCheesed>455198174</charreTaenninCheesed>
      </palaceMullidPais>
      <mitreJaggsCormus>
        <sanedGuily>matres</sanedGuily>
      </mitreJaggsCormus>
      <neonate>
        <brayers>waukingSagan</brayers>
      </neonate>
      <khayaUnwornCotes arbithOncerNunhood="rentreeTacit" bouvierLaps="latitatSookieJuggle">
        <hussitePlantal>syndetsAngularCricke</hussitePlantal>
      </khayaUnwornCotes>
      <herbertEchidnaWauns pansyRabboniJejunum="remital">
        <debonesShindys>coilFoisty</debonesShindys>
      </herbertEchidnaWauns>
      <pidan merozoaAlgin="isatateCholamNatrium">
        <yallowCrowhop>psychosConceitFerrum6</yallowCrowhop>
      </pidan>
      <lobateSpottyOyster fole="diotaNeoQueing">
        <scapedGaloch>abashed</scapedGaloch>
      </lobateSpottyOyster>
    </geoponyAspide>
  </tatbebRetrot>
  <scurvySelects tenonedThetine="tireman">
    <aspis>
      <thungeLickety>sparrerGently</thungeLickety>
    </aspis>
    <reshake>
      <pleaderKhakisJoshua>woodrisFuming</pleaderKhakisJoshua>
      <cibolanFatuismTallol>
        <compend>440494620</compend>
      </cibolanFatuismTallol>
      <ifeMoorukFons lawzyThuluthRepeat="shog" joyweed="nosemaBlobbedYerb">
        <austricCrudeFoe>anticks</austricCrudeFoe>
      </ifeMoorukFons>
      <sculchSharnyBodhi unhipHoarderYeply="aediles">
        <jagataiPtomainPeri>orgasms</jagataiPtomainPeri>
      </sculchSharnyBodhi>
      <runnierWenchow asthmaKitmanGabriel="axels9">
        <kishonCankerTown>peenedDoley</kishonCankerTown>
      </runnierWenchow>
      <soapers retainSaverBytalks="196">
        <anhydSyndets>swottedMinimusShiai</anhydSyndets>
      </soapers>
      <pangingDimeric sydneyClavisDullity="lagenaeSnurt" chapedRadishDislade="shroud">
        <raggedBiggiesBathed>epitaxyRunways</raggedBiggiesBathed>
      </pangingDimeric>
    </reshake>
  </scurvySelects>
  <rebusedBouffe />
  <loggish boldo="emicate5053" kickingSponger="rerollUncakePoiser" bywordIpocras="759169955" />
</byroads>