<?xml version="1.0"?>
<pigmeatWeeper>
  <malatesClaroesSayyid flayClouredMiscite="purimCoinsLieus" synaxesEmprentYallock="467" kyanol="wintSouther45" shakaFunnel="311320878">
    <urticaDeprive enolic="426" jethroAculea="womerahGausMeth8" townie="framing">
      <tumoralPeaces>samkhya</tumoralPeaces>
    </urticaDeprive>
    <leafier>
      <nyalas>nixeVaudism</nyalas>
    </leafier>
  </malatesClaroesSayyid>
  <cultus sunkie="unidleSpheryDubbing" strivenAskewCzechic="speak81">
    <striolaRehidWadna>
      <julesBulkinGobony>fitter</julesBulkinGobony>
      <excelTrudgerOrgiast>
        <condyleMazer>249077</condyleMazer>
      </excelTrudgerOrgiast>
      <lacisPetreaMyocoel uncomfy="ballyWombyMales">
        <ouph>pocus</ouph>
      </lacisPetreaMyocoel>
      <lopesEnforkTempean>
        <galantScotismVertep>aronia</galantScotismVertep>
      </lopesEnforkTempean>
    </striolaRehidWadna>
    <perriesApices yieldyOwelty="antuMoonlitFavel852" nodulesKurdishElude="unpeelBrinies" seismsMegafog="sangersVealsMuzjiks512">
      <rivelCloudedDeirid>araucanFons</rivelCloudedDeirid>
    </perriesApices>
    <ropy maimed="6905" bollCostataKikumon="flappyRowsHusht">
      <prosapyHanselsArdors>adawe</prosapyHanselsArdors>
    </ropy>
    <taxi damningThemed="stoneBreachy" bespiceNullismRimers="exhedraHooding3700">
      <pressorBunder>669575</pressorBunder>
    </taxi>
    <gawnMothedOdacoid titmalVenules="centiar" musion="towhee431" tourneyZirai="fryersStupp">
      <shapes>664534267</shapes>
      <lowableSurgentUfs tringle="chevvyLaurasTaupo82" wewenoc="1245406">
        <butteAkasaRotulad>tryEyers</butteAkasaRotulad>
      </lowableSurgentUfs>
      <azurineLasherBnf>
        <havier>brushyWailyLevir</havier>
      </azurineLasherBnf>
      <hetmans peeledSunniahPulaya="8969" fablingUndosedNabalus="croatanAdapisLicitly">
        <aspringTournai>812719</aspringTournai>
      </hetmans>
      <deodand tappenFalsieManage="singh" pangaInfuser="tuikSepionWaird96">
        <pieingVickiWastel>witchedDirking</pieingVickiWastel>
      </deodand>
      <goadsPezizaDuctor>
        <eserineMorrice>murrahAcrisyTaglike</eserineMorrice>
      </goadsPezizaDuctor>
      <kandjarHaika unnewlyDau="226" mosk="trikirRetzianAired253">
        <vicaraChook>cowyTintersWarmup</vicaraChook>
      </kandjarHaika>
      <verbumChicot slogCapreol="535656">
        <draymenAshake>heiled5</draymenAshake>
      </verbumChicot>
    </gawnMothedOdacoid>
    <vicunaParidaeOddside>
      <crakesEngloryFoundry>rappiniEasiestToluol</crakesEngloryFoundry>
    </vicunaParidaeOddside>
    <parang>
      <callas>hakdar626</callas>
    </parang>
  </cultus>
  <unsuit />
  <inclipPlanner oyers="macupiTarriesHoppled" acceder="minty">
    <amit>
      <keroDiscosPrebake>3</keroDiscosPrebake>
    </amit>
    <detinNursersStagne>
      <pluvialMoted>unkillGrits</pluvialMoted>
    </detinNursersStagne>
    <chirmedSartorsDyeable>
      <elses>lither</elses>
    </chirmedSartorsDyeable>
    <magianChef>
      <yauld>patwari</yauld>
    </magianChef>
    <czardas>
      <lochsScorpii>khansGaugedGambone8</lochsScorpii>
    </czardas>
    <uprise>
      <carrotBedward>7784</carrotBedward>
    </uprise>
    <tootle>
      <noctenHarpy>13</noctenHarpy>
      <subgapeHagdin maskedSpuriaeMandril="kakapoKidneys">
        <lacerna>fullamsSkirtedPholad</lacerna>
      </subgapeHagdin>
    </tootle>
    <lourDrubbed>
      <fageAverredRosella>38</fageAverredRosella>
    </lourDrubbed>
    <hutchedEtacismPurgery>
      <dowcet>vively</dowcet>
      <latosolGriddedCipo>
        <tomponFeltman>chantyEdwinManana</tomponFeltman>
      </latosolGriddedCipo>
      <lapser lepusApaid="65472489" refillChoakAlist="megilphFlotsenBluesy29">
        <bedripLungyis>bulbPlurifyWelling146</bedripLungyis>
      </lapser>
      <shatter cattilyCrumply="demoteDotagesSquaw">
        <unkend>3</unkend>
      </shatter>
    </hutchedEtacismPurgery>
    <woolfAdon>
      <acerli>track</acerli>
    </woolfAdon>
    <mammutYarrPapane>
      <dantistKeita>cloacasTarataWursts</dantistKeita>
    </mammutYarrPapane>
    <barnmenTanglad>
      <pulkGranzaSeemers>68270</pulkGranzaSeemers>
      <kissarEquateVinalia nigKapoks="7" rechaseHawkeye="laves">
        <gaudish>latomiaBedsite</gaudish>
      </kissarEquateVinalia>
      <baumierParties>
        <sedgingSorgheBelite>rebrushVeloursAbulia</sedgingSorgheBelite>
      </baumierParties>
    </barnmenTanglad>
    <torahsJapan>
      <loche>bestainBouchalFlu</loche>
    </torahsJapan>
  </inclipPlanner>
  <bomarea jowedGoofedFeigher="deasil12" nineCrommeKakapos="740191" cacamOsteome="vavsSerrula" velledaEnstyle="561340" />
  <balche coatieMulismEscar="fagus7013" jipperEkenameGrosso="whittawUpcarryKitty">
    <fuzzesMensk margeDolerinBraca="90207489" infusesLeonist="jigmenActg" suppers="uzbekDrawler">
      <jazzmenSkews>lewdUphangProsit</jazzmenSkews>
      <evenlyCalanid ustionApnoeic="79">
        <overby>supaiButling686</overby>
      </evenlyCalanid>
      <desert>
        <askarel>pageboyPotomacDaalder</askarel>
      </desert>
      <starikBrows>
        <devolveMixture>belaudsJigman</devolveMixture>
      </starikBrows>
      <gouareeAldaminMoving>
        <danging>frassWifish</danging>
      </gouareeAldaminMoving>
      <rubin>
        <poofKismetUnmeedy>houhereCorveesCarlet</poofKismetUnmeedy>
      </rubin>
      <tubaKristen nitrosMingoRagee="785" encyclMinimsMavins="lipanMuggishModeled">
        <exorateTabacin>4</exorateTabacin>
      </tubaKristen>
    </fuzzesMensk>
    <knape>
      <hansSkittyHippier>handful</hansSkittyHippier>
    </knape>
    <nestageHurtsNooking excipleSnootGadroon="butteUnline" dotardyUnveilLubes="bluismTapulWaveoff" leg="903">
      <extantAmomal>normalAroeiraTag</extantAmomal>
    </nestageHurtsNooking>
    <groughAviateZincoid>
      <seatedMucin>uvulasMaunds6117</seatedMucin>
    </groughAviateZincoid>
    <gebUnworn>
      <hotdogMenfraAnatron>lyophil</hotdogMenfraAnatron>
      <clep horsesDipoles="pities">
        <ritaTriaticUser>owlheadFlanch</ritaTriaticUser>
      </clep>
      <rowelsRooed lood="gibletsFingal" madnepUcayale="beenPlagues">
        <cider>durocFilth9</cider>
      </rowelsRooed>
    </gebUnworn>
    <idiotcy>
      <ochres>3327</ochres>
    </idiotcy>
    <made>
      <tangosSandpitWakers>vinic</tangosSandpitWakers>
    </made>
    <urineFobbed>
      <valued>peachUpraise51</valued>
      <edgemanBruchus mincio="lotah">
        <riskingUracils>toshery</riskingUracils>
      </edgemanBruchus>
      <cotinus uracils="growledVierPigmy" names="noiresPeriteHormism">
        <hastlerPyloric>9228</hastlerPyloric>
      </cotinus>
      <pile>
        <cashawVillage>cadgers6894</cashawVillage>
      </pile>
      <bouffesGerald>
        <pebrine>14</pebrine>
      </bouffesGerald>
      <prado>
        <rotondaBraataSakel>siwanTen</rotondaBraataSakel>
      </prado>
      <bisectsGangrelHoggery beedomReplum="99">
        <putamenMadcapsTraik>salliesBungo</putamenMadcapsTraik>
      </bisectsGangrelHoggery>
      <snuffed chicker="osse">
        <dittoesPoled>penucheAnkush</dittoesPoled>
      </snuffed>
      <baniyaCoigny djinnsHarka="galloot">
        <agrito>pudicCarotSamiri</agrito>
      </baniyaCoigny>
      <lacocaPinyons lulabim="xylidicGadidae">
        <jorams>escotedChicer</jorams>
      </lacocaPinyons>
    </urineFobbed>
  </balche>
  <syruperPiecers>
    <peersHokeyAmazer>
      <metran>434</metran>
      <escrows sequent="navet" lairmanResound="vistlikBerimed">
        <huskyChopa>7271505</huskyChopa>
      </escrows>
      <citralAnaudicParky>
        <cambial>adsum</cambial>
      </citralAnaudicParky>
      <snavel releveHarsh="whuffHaltsUlnage" carrionBegash="primyLiters">
        <latonaMerksFermery>pelitePimpsSkeppe5</latonaMerksFermery>
      </snavel>
      <taughtTypierDuctule swum="forlieRiatasGingeli6" nepoticTutored="giddierQuassinLipper">
        <snozzleAouad>aeneidHoled</snozzleAouad>
      </taughtTypierDuctule>
      <jagrasTattoos taulchShopmen="marengoDared">
        <beetlerXxv>decimusRetore</beetlerXxv>
      </jagrasTattoos>
      <puisneMarkman theresaPailles="gabbard" sizyZodiac="gramaryOilskinViduous3713">
        <unfactImbrown>755</unfactImbrown>
      </puisneMarkman>
    </peersHokeyAmazer>
    <lecheBigmittFoggily>
      <punkah>vulgo</punkah>
      <revokedPigmanOutawe blkAtabegDoncy="slubbedGyrose40" unkamedSimpai="petlingWalling29">
        <eslabonSumpleIndulge>boomlet</eslabonSumpleIndulge>
      </revokedPigmanOutawe>
      <honingEsurine saipVenularSospiro="patsiesHaideeLysogen">
        <revvingGorsier>cadge</revvingGorsier>
      </honingEsurine>
      <panne rackfulUndub="30011781">
        <chopas>twinterLoghead</chopas>
      </panne>
    </lecheBigmittFoggily>
    <bardie exactasTylotusViolate="rebanAuksVanir" whuz="667275" newshen="hempenMyalgic">
      <carnicSills>hailer</carnicSills>
      <monismsCnemisArith rastusCopyism="risquFeuder80" foppingAsseal="caziqueSwaddy">
        <cobwork>konyakDemeter</cobwork>
      </monismsCnemisArith>
    </bardie>
    <mauleyDemot chugsPrudyRages="4124">
      <muktear>udosStarry</muktear>
    </mauleyDemot>
    <chintzeRecorkOrderer buckers="jeamesTwisty639">
      <islandyOgamicQue>6265044</islandyOgamicQue>
      <meiosesAvenery nace="slokedSniff" cantelHabena="sabsCurvets6741">
        <mocksDarogaShirra>zonularTwosomeCapped</mocksDarogaShirra>
      </meiosesAvenery>
    </chintzeRecorkOrderer>
    <steriSeadog>
      <apa>82115</apa>
    </steriSeadog>
  </syruperPiecers>
  <zondaGunneryKorwa>
    <mongoe>
      <parah>titanicPetal39</parah>
      <gripmanHeadful vegetalCurtsyMuttons="27482128">
        <market>lookupGonadal</market>
      </gripmanHeadful>
      <pliskieLactidTantony childes="lawmanVengesRestaff67">
        <gorger>droukedEntwitePockier</gorger>
      </pliskieLactidTantony>
      <finicalDieing lettiga="flacks">
        <yanqui>spiny</yanqui>
      </finicalDieing>
      <scrollyWiros dopaTryster="prevailNee" cestodaGownletDons="tautedPornoUnhang">
        <dunlin>tallit</dunlin>
      </scrollyWiros>
      <grazieOustersExacts dullishPukhtunGoyle="brahmSongerPronged" galeasAnconas="lyrismsAvellanEslabon">
        <abanga>copes984</abanga>
      </grazieOustersExacts>
      <treronPrior unceded="gladius">
        <quickenFax>bebotchTawkee</quickenFax>
      </treronPrior>
      <mallowsTellers>
        <terefahEastsGlazers>shiceMascLento</terefahEastsGlazers>
      </mallowsTellers>
    </mongoe>
    <cipo>
      <evenoo>7585181</evenoo>
    </cipo>
    <schemyDoll>
      <wisentsCagiestGelid>injustCassataCab</wisentsCagiestGelid>
      <erikiteChingCongery wardmanSyphon="passersUnmail" jaunceGripper="conuzee9">
        <teda>herbletArefact</teda>
      </erikiteChingCongery>
      <sadism tecon="boasterDyeweed">
        <shachlySizyPeptics>liberal</shachlySizyPeptics>
      </sadism>
      <enhuileUtters>
        <bolsterSeringa>armets</bolsterSeringa>
      </enhuileUtters>
    </schemyDoll>
    <punkt>
      <quadrum>martinPagers</quadrum>
      <quoits>
        <pliskieLapse>sml961</pliskieLapse>
      </quoits>
      <terrineManitos ramsons="beltinePeafowl682" arcingCancel="secundaSenhorsSciatic">
        <lexicMyonemaDoled>rhenishOpacusUpglide</lexicMyonemaDoled>
      </terrineManitos>
    </punkt>
    <locks>
      <ballas>uncoin18</ballas>
      <ascentsFormy woldyInsultsPlisse="18290">
        <carafes>plumbetCoplot</carafes>
      </ascentsFormy>
      <iodoxyTrivet modem="paulian">
        <garbler>selter</garbler>
      </iodoxyTrivet>
      <millrunMestizoTalayot>
        <erizo>ague</erizo>
      </millrunMestizoTalayot>
      <unkey pickin="sprucerGaults">
        <fetialsTestor>11499553</fetialsTestor>
      </unkey>
      <ligasTrichiaState pam="893860880">
        <jodhpurDsnames>purplerLigan</jodhpurDsnames>
      </ligasTrichiaState>
      <turnwayShakta matmanCuingDoree="biloxiFeridji">
        <ohoneImplies>adamiteMise</ohoneImplies>
      </turnwayShakta>
    </locks>
  </zondaGunneryKorwa>
  <euploidMatroidPrick thebPeakier="wodgyChertConfide" />
</pigmeatWeeper>