<?xml version="1.0"?>
<swayer>
  <juncosPercipi />
  <farrelLoopierEnwrap moanCrawl="mirrorsAssents" crozersSuffeteAldim="coydogSourer" />
  <avaramIridinBrawner adeste="droil8" phossPyemia="srisScooperTusches7" serapesBunkum="tindersQueerly" />
  <koleaCoracleCrozers cobiasSpunkieAslake="nunry" />
  <kirtled topnet="thoralSaporProvene" glistenAdemptDecuria="schick" unspellGatemanDripple="wernardRelessa" geatQuinton="lodesUmps">
    <torydomBoneteDecors saudiAlfakis="mikir2954" diademAurous="sblood">
      <bowsaw>13</bowsaw>
      <diapirsRuppiaDrant barwood="8918505">
        <hackies>8116665</hackies>
      </diapirsRuppiaDrant>
      <launcesGuineaSwather deniesStackLocus="muletasBinkCzechic" bhaluBurialsNeedler="kintar">
        <refuge>503923</refuge>
      </launcesGuineaSwather>
      <bedoltAxwise coroadoPerosis="fullers">
        <chorial>siamPsaloid</chorial>
      </bedoltAxwise>
      <katat>
        <excurGirkinChubb>410</excurGirkinChubb>
      </katat>
      <fankle cerrisRosalie="gossard">
        <rotters>cainsGuppy</rotters>
      </fankle>
      <mowePestleDingman>
        <bambanBitableCutoffs>spoonyNigua</bambanBitableCutoffs>
      </mowePestleDingman>
      <kahu apandry="amines" thripidCorbeil="66542">
        <warper>antewarKrasisSmashes</warper>
      </kahu>
      <yoruban lungie="arctian">
        <absmhoHynderSodwork>chordaDearths</absmhoHynderSodwork>
      </yoruban>
      <brannyEndark appaySurfaceApogean="gests" pandani="aloisTomoloShellum281">
        <pantsDwaiblyBegalls>wares</pantsDwaiblyBegalls>
      </brannyEndark>
    </torydomBoneteDecors>
    <linnetBushesAboil lithi="hectarSmeth">
      <resun>commaesTangileSkinkle88</resun>
      <hsien>
        <piscina>sinesBulwand</piscina>
      </hsien>
      <copainNaganaAikona panamaFoisonVictor="galeReboxHoggs">
        <orrises>541871</orrises>
      </copainNaganaAikona>
      <chertGuilt nursesFordidPicotee="naether">
        <wresterImbrute>trfStroutDisfen9702</wresterImbrute>
      </chertGuilt>
    </linnetBushesAboil>
    <flavors gunnera="bodegonPump">
      <retiesMapo>honeys</retiesMapo>
    </flavors>
    <glumesWelchesEmden>
      <omitisMarshalYuft>banditMaracasIndites</omitisMarshalYuft>
      <entrap sedatedSpuing="lopperElongAbdomen" oscinisAdvowry="esopgiMobbishMascot">
        <enchainFoment>769650232</enchainFoment>
      </entrap>
      <pipefulChowse>
        <spoornHumblyNatrium>lobolosCowardDeterge</spoornHumblyNatrium>
      </pipefulChowse>
      <sexiest>
        <weanieMomism>egallyJailing</weanieMomism>
      </sexiest>
      <ranty dummies="990980847">
        <isoBlandly>hostalHaganahWhuz</isoBlandly>
      </ranty>
    </glumesWelchesEmden>
    <stables>
      <hippian>beewayDueledLiszt66</hippian>
      <fangledAgravic spinelsAntapexCpl="doux" rehired="15046">
        <ennerve>1887</ennerve>
      </fangledAgravic>
      <qiblaSarcina>
        <twifoldWitchetQuicker>4648</twifoldWitchetQuicker>
      </qiblaSarcina>
      <derereCarks karlingAborterDjin="9002690">
        <pumpmenPierianKirver>322</pumpmenPierianKirver>
      </derereCarks>
      <xyleneBurniesBlinder>
        <totumCyborgsNap>3</totumCyborgsNap>
      </xyleneBurniesBlinder>
      <moult>
        <thymesChamosPeriwig>infirmsNongod</thymesChamosPeriwig>
      </moult>
    </stables>
    <macularUnlid>
      <ligularMohegan>topsEnjewelUnkin</ligularMohegan>
    </macularUnlid>
    <uncause>
      <azulmic>ament</azulmic>
      <palingBethink greeceTrogsMahdi="abend">
        <dalfPowter>brewersCalves</dalfPowter>
      </palingBethink>
      <anethumJungian>
        <frauVisitaPostin>5</frauVisitaPostin>
      </anethumJungian>
      <morice>
        <volencyDiadem>712984945</volencyDiadem>
      </morice>
      <rondSexly tanoMinesPinchem="chaserBolides">
        <enskiedSinkers>rundaleParol4</enskiedSinkers>
      </rondSexly>
    </uncause>
  </kirtled>
  <danged yavapai="ryotwarOffset" gudrunCoaptsQuerl="16" />
  <sicklerWhutterSundri vergeJawingOuroub="japerJawsGobi" adnexaKippeen="90082" lagerTombolaDrafty="uncampFraiseDefi331" montyEvoking="hostaCital">
    <demulceKiddy>
      <limosaEnskiedStrette>slakesTads</limosaEnskiedStrette>
      <swabbyWheyey jigoteBullier="figgingRazzingKobi130">
        <darreinAblepsyRivell>pebrineStionWiddled</darreinAblepsyRivell>
      </swabbyWheyey>
    </demulceKiddy>
    <mopperSwivedTerpen gregoYawedDaud="silvicsMadderSlash" birlsDubbers="nogged886">
      <swooner>shap</swooner>
      <unweldHealthsTugger angevinStaidly="kileysBurkKim" epoxySpokaneAdlai="quagRemora">
        <mammeys>7531523</mammeys>
      </unweldHealthsTugger>
      <unshookAlbynPothole buntyRompeeAgible="blastInwit">
        <agrised>ilkane</agrised>
      </unshookAlbynPothole>
      <toits queeve="boobery">
        <whereof>blemish</whereof>
      </toits>
      <amolesChouRfb lookIsogram="divedDisowns" illanunMunchee="throngsSpecie">
        <mevWortle>afflict</mevWortle>
      </amolesChouRfb>
      <satanasCombure visileMarid="sloka">
        <tarmacsLarus>1</tarmacsLarus>
      </satanasCombure>
      <stygianAdvectDecades fugate="seiningDampang">
        <talcerIgitur>outbeamAnaspidCap</talcerIgitur>
      </stygianAdvectDecades>
      <cohertIsohyetLusted oghamsRede="904" every="erratum">
        <duffPifine>mynas7706</duffPifine>
      </cohertIsohyetLusted>
      <mudfish goat="naamPenangTholus">
        <ralphBarbuleSebacic>628124062</ralphBarbuleSebacic>
      </mudfish>
      <tinctManitus payenGutsilyAread="tunist">
        <teaishPhomaXerotes>2</teaishPhomaXerotes>
      </tinctManitus>
    </mopperSwivedTerpen>
    <nandi>
      <toraBombo>gimpy4</toraBombo>
      <nexusSpoot boiseTagus="conchyFittierLouvred">
        <argyricFrilledTosser>52218045</argyricFrilledTosser>
      </nexusSpoot>
      <bedelsReuse apposedEmydesRelay="gayetyCitoyenDisazo106" rhet="9178">
        <lapsersTrunBasidia>alodianShairns2</lapsersTrunBasidia>
      </bedelsReuse>
      <updos unscale="kelownaRiggaldIyar7852">
        <sargesIncudesCarrs>tweezedCoaxial</sargesIncudesCarrs>
      </updos>
      <redcoatJubardy>
        <collockScardsTerap>father4</collockScardsTerap>
      </redcoatJubardy>
      <tenter>
        <auf>civilerHarpersHoo</auf>
      </tenter>
      <quantum escudoInviteHexagon="yedeTokamakTenure">
        <tumbeki>joltersRoundupPuchero</tumbeki>
      </quantum>
      <leosMarciaYon>
        <chelateHulsiteSaree>511629363</chelateHulsiteSaree>
      </leosMarciaYon>
    </nandi>
    <jollierExeat banlieu="stylionCeiling" oilfishSavoyed="ferine" manbaHuso="sangirBaldish">
      <gapperi>91100</gapperi>
    </jollierExeat>
    <freespPrayer>
      <panditaLowed>bolosSurcrueIonomer</panditaLowed>
      <nouVouli learyPeavine="cunNotanJervine">
        <dopperAcetate>marinaImprimeCrenae</dopperAcetate>
      </nouVouli>
      <mysticSpouse synusiaJulus="184">
        <surview>591264986</surview>
      </mysticSpouse>
      <strond polygynBoxedTrill="sluffReboiseAurure27">
        <pilferyPyas>agramed</pilferyPyas>
      </strond>
      <kas alioth="shluh">
        <ayield>smoothsUranite</ayield>
      </kas>
      <chockKiluckSoccage sketeSaicesAbadia="skeeWrestedSquary" howard="bezzo56">
        <dravida>helicedTedescoSparer</dravida>
      </chockKiluckSoccage>
      <schmuckGigging kraalKerriUpscale="zosma" judoistUighurRapido="tebetAlevinsStaniel">
        <gruisDeletesVastily>1</gruisDeletesVastily>
      </schmuckGigging>
      <tollway>
        <cyanoleAvocadoRampole>tasCheareCampho29</cyanoleAvocadoRampole>
      </tollway>
      <phocean frissonOboist="smilersBlabber" tibetanProngsHonda="unchurn">
        <merisisRaisons>recoils</merisisRaisons>
      </phocean>
      <scopulaMousingPales trimeraMemoirsAuroch="870810586">
        <overfedRecladPorgies>chargesAglaia631</overfedRecladPorgies>
      </scopulaMousingPales>
    </freespPrayer>
    <corozo>
      <uppererChequeHaws>frenghiGervaseOutness</uppererChequeHaws>
      <maltDeaf vexilsNitrils="606427609" rcvr="664572958">
        <deavedSoccageLeeway>epeiraEmbrueUhllo7</deavedSoccageLeeway>
      </maltDeaf>
      <raggiesRefontAmelia oliban="contosPakawan" stigmas="818">
        <haffleGannetMilksop>fibula</haffleGannetMilksop>
      </raggiesRefontAmelia>
      <scarerOceaniaCarlina pimpledKnops="35565999" telarElapseGrids="twitter">
        <tartanAroundVibrant>baileys</tartanAroundVibrant>
      </scarerOceaniaCarlina>
      <demissPoetly>
        <mancusCantateHucho>gumboilBailo5169</mancusCantateHucho>
      </demissPoetly>
      <ruttilyAdicity eventBepaintHumerus="simkinShoo" farcesFumetteToch="radfordGemulAqueous">
        <rearersTunful>vulgareCollaudRajidae4205</rearersTunful>
      </ruttilyAdicity>
      <demistFliffus>
        <slurredTornade>2200</slurredTornade>
      </demistFliffus>
      <conatusRectum bacchic="errant8514">
        <excludeEnode>catelFlotant</excludeEnode>
      </conatusRectum>
    </corozo>
    <preppedHangdog>
      <akaroaSarigueCageman>kmetDopa15</akaroaSarigueCageman>
    </preppedHangdog>
    <enriveViolonCudgels>
      <obelionDeltaicAlen>coalboxBlesmol</obelionDeltaicAlen>
    </enriveViolonCudgels>
    <dicolon sahliteQuadrat="63595102" wurstsSpillyChuroya="cadjan" gummyEntwite="phonemePruners">
      <kend>liegelyEnsues</kend>
    </dicolon>
    <beslime>
      <kamelDrierWenlock>sebago</kamelDrierWenlock>
    </beslime>
    <exactedAbruptWammus>
      <burdonRashingInsulin>beshrewRidePedlars</burdonRashingInsulin>
      <lakPeesOximes chuddarUrbify="toques">
        <refilmsAxiate>forthgo</refilmsAxiate>
      </lakPeesOximes>
      <heavyOctuorLaveers>
        <outrig>achueteCandent</outrig>
      </heavyOctuorLaveers>
      <kaha comus="78">
        <nitered>sellaIsnPlan</nitered>
      </kaha>
      <nubbyLianesTsardom croreShaitanSplent="widowerWhatsis">
        <blettedHeftsEching>benzil</blettedHeftsEching>
      </nubbyLianesTsardom>
      <dogiesNacheDildos booseSpelts="collageKeblah" untapedLigroinShawing="28285">
        <ruttilyFolie>expwyPopadamBiliary</ruttilyFolie>
      </dogiesNacheDildos>
      <risque logrisVergi="77">
        <calombo>dangle</calombo>
      </risque>
      <wistChokra>
        <pylonPeleanErugate>8855869</pylonPeleanErugate>
      </wistChokra>
    </exactedAbruptWammus>
    <nasrolJobbing spilingMunting="titlikeWilefulRoti52">
      <alipin>uncoatFrett5</alipin>
    </nasrolJobbing>
    <gras zydecoDegold="brosesDamp">
      <hexeneLinhaCrimine>boccieGingTpi</hexeneLinhaCrimine>
    </gras>
    <partileCanard>
      <buksheePinedDankest>267</buksheePinedDankest>
    </partileCanard>
  </sicklerWhutterSundri>
  <nichedYager dank="hine" hoppersRazors="38310904" currockGellyHole="ballingCarreau">
    <acate needham="sadden">
      <mashes>4409</mashes>
    </acate>
    <loupsTangs schemeBalkMottoes="706996996">
      <tumbekiOxygas>uracilsLorienFuthark524</tumbekiOxygas>
    </loupsTangs>
    <roupy>
      <belied>prizing</belied>
    </roupy>
    <embuePulvini twangle="9826008" quinnatAsonantHyde="illyric" melteth="2005">
      <ganefHumeriSqq>880</ganefHumeriSqq>
    </embuePulvini>
    <extine>
      <chaya>kapote337</chaya>
    </extine>
  </nichedYager>
  <babyish seenieSerfSailage="45691477" sparges="yapFaintlyAcyetic" windsorChalazePteroid="laichs5">
    <estatsPropene wobster="rubaces" lungiReelersUmload="90">
      <taurean>humid4945</taurean>
      <gowpin>
        <prussic>958615286</prussic>
      </gowpin>
      <raconFalsen upfeedPryerReles="backlitVinic">
        <scyphiPrickyJeremy>droitSynodus</scyphiPrickyJeremy>
      </raconFalsen>
    </estatsPropene>
    <nikenoOsmious>
      <plebby>wakensPolilla</plebby>
    </nikenoOsmious>
    <gestaltExpandCoifing>
      <selffulDecurve>ecphoryLumine715</selffulDecurve>
      <thoom imprest="runnet" unsameDrossesPenis="64818">
        <lagurus>manosParlay</lagurus>
      </thoom>
      <glummy pottah="cuttailWizierGlug" reflNaiflyAbided="tepal">
        <smilerFoyerScaffy>tonier</smilerFoyerScaffy>
      </glummy>
      <brrrNebbed attealAmovingFalcons="868104296">
        <wahhabiRavins>partied</wahhabiRavins>
      </brrrNebbed>
      <alariaGenoeseBonagh sinjer="nomosSlackenCompose">
        <likenBristlyBalds>randemLegginPresign</likenBristlyBalds>
      </alariaGenoeseBonagh>
    </gestaltExpandCoifing>
  </babyish>
</swayer>