<?xml version="1.0"?>
<monachi>
  <tway airampoTittlin="vouchee" tawneysUrgentDemur="hagdonCourseyAmbers" />
  <damper>
    <kamalasRecusal>
      <kivas>kaki</kivas>
    </kamalasRecusal>
    <nostrumSeneginFucks>
      <dissHumdrumScathed>presleyCreaser</dissHumdrumScathed>
    </nostrumSeneginFucks>
    <wonning>
      <hurted>casuistPoloRecks705</hurted>
    </wonning>
    <worstedHawser walletsWafdist="prowled" buteaEppie="juletta" neckJolliesManway="ducats">
      <splatsIodizedOchres>balmy</splatsIodizedOchres>
    </worstedHawser>
    <farrageCymes>
      <kissage>hutcherParisisJocuno</kissage>
    </farrageCymes>
    <stewyRype>
      <honoursCanabaeReshare>furrier</honoursCanabaeReshare>
    </stewyRype>
    <rhos bodragDagoesSleaves="portletFeedGrass">
      <temnePdnUndwelt>ratwaEdder</temnePdnUndwelt>
    </rhos>
    <woulfe dirgieFixageBudzart="828" unibleNitentArrased="scoldOfftake">
      <laccinRudSmally>asmokeDorlotHatty331</laccinRudSmally>
    </woulfe>
    <mimerPaddle siccateMonaul="8753" misdoer="49565" tusserLingoeFervour="unturnTercets">
      <edger>paradosSankIsodef</edger>
    </mimerPaddle>
    <autereHaman>
      <detenusHacklet>86310965</detenusHacklet>
      <carocheMirker dappledMasseurCarouba="oblatDorsiYah">
        <legersEarsh>jupes</legersEarsh>
      </carocheMirker>
      <pulpitUnpoiseZeroeth>
        <sirpeaClopHeparin>cosecs</sirpeaClopHeparin>
      </pulpitUnpoiseZeroeth>
    </autereHaman>
    <screwed>
      <tanzine>72</tanzine>
      <upattic uniflowStreitCivie="510978">
        <testonSclent>slangSpeciesLethal</testonSclent>
      </upattic>
      <eggars whaupsUngularDreep="beadrowEmbacle5">
        <ewteCoshedTikur>poohParsley</ewteCoshedTikur>
      </eggars>
      <timetrp>
        <recordFicins>catalinGongmanWhits374</recordFicins>
      </timetrp>
      <unmoodyMoslem guglioFluxiveFoleye="896">
        <analogUpstamp>nogal402</analogUpstamp>
      </unmoodyMoslem>
    </screwed>
    <pyrrole>
      <kerseyVei>yatFokker</kerseyVei>
      <guseridSamanOlfact pirnsCancels="excelsTerre" preconyJacking="erebusFissateWapitis5">
        <orpine>cellsChappy</orpine>
      </guseridSamanOlfact>
      <overnet gaslock="kerriaRubbery" pour="8182523">
        <hoicked>lochlinAureus</hoicked>
      </overnet>
      <trollopIntensNatals>
        <tambuki>musa</tambuki>
      </trollopIntensNatals>
      <porrigoSupplerEndew hairsMirrorLolled="pudencyRods">
        <pitting>hacksaw</pitting>
      </porrigoSupplerEndew>
      <oosOphryonUndeep dupedLathery="sitcoms645" swopsWyte="364794755">
        <teucrinInrush>rivered</teucrinInrush>
      </oosOphryonUndeep>
      <diveSellateLyken seisersOrra="iambicsAuturgyCowman">
        <gaily>naosDrabbleRegian</gaily>
      </diveSellateLyken>
      <kintrySmashesAtimy dreamsy="xenurusScrime">
        <alvineClarice>cafoyAlembic</alvineClarice>
      </kintrySmashesAtimy>
      <fatuateExedraeLeftism larval="trojanGoladar" lombard="895550">
        <eegrassSeptulaForamen>granth</eegrassSeptulaForamen>
      </fatuateExedraeLeftism>
    </pyrrole>
    <dyingPuno>
      <toyoDepasCargoes>malayaInners</toyoDepasCargoes>
    </dyingPuno>
  </damper>
  <shelaVividerLatrede>
    <sheafsMannish rouladeWienie="eyespotRaportFoetus" zymosan="neuralKyries" retVulgareFatsos="cliptWithiesGippo">
      <horstesNixingNito>trunchNandow25</horstesNixingNito>
      <revisalDonneeCooees sheenyMoorage="troys" boscRefutedOtosis="688755327">
        <sherifiClifty>gratias</sherifiClifty>
      </revisalDonneeCooees>
      <ananymPimplesDraymen folding="368" chlorylSerific="unforkAbsohmKapp">
        <hassels>ericad</hassels>
      </ananymPimplesDraymen>
      <barry soggilyTerms="idolet">
        <tophesPalew>buckerItonama</tophesPalew>
      </barry>
      <pall petty="37003">
        <lateralBigwigDebris>plasmicAncNuisome</lateralBigwigDebris>
      </pall>
      <scyphusCheeBrand>
        <soohongEtymicLeewan>asramaTheresaImprevu</soohongEtymicLeewan>
      </scyphusCheeBrand>
      <bradoonHumbuzz isopyreBoodh="mockado" misfireOsset="bedamnsSmokesPrey">
        <arms>lemmataWorry</arms>
      </bradoonHumbuzz>
    </sheafsMannish>
    <secondo pipileRima="fivish" boyoSambhur="retintHoubara5383">
      <welsher>carisa</welsher>
    </secondo>
    <bebangFendyRomain>
      <dertraMirkly>chasersVumPeban84</dertraMirkly>
      <uplookSkelpin yanWekiOlomao="sheolGte74" enseamPowhead="90">
        <reviews>kethibMasonWhiff</reviews>
      </uplookSkelpin>
    </bebangFendyRomain>
    <fogyismMopedCrushed>
      <useholdAgonsDodkin>494658533</useholdAgonsDodkin>
      <hareMaghi sueveTangledGateau="paideiaMlxRansom">
        <randiesOnanist>treater</randiesOnanist>
      </hareMaghi>
      <parersTitlerHomily cokieSeak="roistPirrSaugers">
        <agrahCloff>jaloppy334</agrahCloff>
      </parersTitlerHomily>
      <becloseOmni>
        <aswailMaypopSimilor>turdineTaka</aswailMaypopSimilor>
      </becloseOmni>
      <zorilsCupsful>
        <sherifa>mygRestisBosques</sherifa>
      </zorilsCupsful>
    </fogyismMopedCrushed>
    <provostBettyFelon>
      <rugby>4938</rugby>
    </provostBettyFelon>
    <admitsHern credereNeuk="coacheeCohow">
      <eburinSubbedPionery>literalSundialEllan</eburinSubbedPionery>
    </admitsHern>
    <grasperKirmess>
      <sciaraRubeletLegion>rummilyAraneae</sciaraRubeletLegion>
    </grasperKirmess>
  </shelaVividerLatrede>
  <bullate idiot="39" stradl="podagryRelowerCruent" />
  <flowage beglucAdharmaAtheous="meinOverflySwivets7" cylBruits="ramananKnubFoxbane" gayway="168221198" johnsCook="upcurl29" />
</monachi>