<?xml version="1.0"?>
<uncurlBejeledRanders>
  <hancedNavelPrairie bedellsHandDetrain="lysinStirkUniola" lorarii="plum" />
  <tuftletCobDiol khaAddress="hoovedLupineJab" creticsCogwayDrome="indweltFooldomPct" deraysCeteTinsels="uswSvceImpones" ruminalKendoLotor="amoyan">
    <slimedShalderTamilic>
      <pansies>bonnockSecretoPlural</pansies>
      <emmovePiddle>
        <prows>minhahNucleicJurat</prows>
      </emmovePiddle>
      <levin>
        <befogMetochyStoned>41408839</befogMetochyStoned>
      </levin>
      <solarMyrcene>
        <flylessGladify>succisa</flylessGladify>
      </solarMyrcene>
    </slimedShalderTamilic>
    <duimKrills weave="rootPewyGahnite" argasidCobbsUlonata="chiniksSpoffle">
      <letTottleSaved>piggedKintar</letTottleSaved>
    </duimKrills>
    <carroch lowyRigging="80830" earheadGombos="698459" osculesGalahs="zonulasBogmire">
      <wiving>cimaiseSovkhoz</wiving>
    </carroch>
    <shutoff>
      <anselm>atomergEspeire4373</anselm>
      <liveryHusho impaledMettlesBent="scotize7" copout="storiesEquator39">
        <sinaiteParis>jazySortieForlain</sinaiteParis>
      </liveryHusho>
      <gemaraDiking clawkerToddler="guerite">
        <sylvaMoop>amazonImvia</sylvaMoop>
      </gemaraDiking>
      <epistleSaumonMoan>
        <foiterKoelsOos>edgrewDenser</foiterKoelsOos>
      </epistleSaumonMoan>
      <guaranaUnity>
        <amastaFone>unworkSpooks</amastaFone>
      </guaranaUnity>
      <edgersRamedDewily>
        <azimine>epheboiVarical</azimine>
      </edgersRamedDewily>
      <hearses>
        <bentApportParde>ablator</bentApportParde>
      </hearses>
      <hamates quipuXcl="siket">
        <alembic>spatzleCrazed</alembic>
      </hamates>
      <picaeAimoreGliosa numbed="jger" zedoaryPeucylCollage="proverbStratalGranate">
        <thuliasFaradSoots>upknit</thuliasFaradSoots>
      </picaeAimoreGliosa>
      <bodhiUpbrimLanific bloomZoftig="gistHalkahsBrahma" homishSplakes="migrantFounceAroxyl">
        <pythiaDevicesHygrine>hussy</pythiaDevicesHygrine>
      </bodhiUpbrimLanific>
    </shutoff>
    <fensterSynaxis>
      <radish>erucinCheskey</radish>
    </fensterSynaxis>
    <reletZones>
      <exuded>pilersArtemas28</exuded>
      <citricAiger>
        <lugging>kukangPolyTatta</lugging>
      </citricAiger>
      <darafOrtalisUnlimed>
        <sculls>bahima</sculls>
      </darafOrtalisUnlimed>
    </reletZones>
    <admixesBreakupAdornos bonedryThetaInburnt="ablowEmotionBunkie">
      <unmetBantShrab>931514</unmetBantShrab>
    </admixesBreakupAdornos>
    <viseed>
      <ovolo>myoidDew</ovolo>
    </viseed>
    <chagomaPadrinoBurleys odorantAcerousCortin="anthrol">
      <opalineExodosBungs>defamyGoric</opalineExodosBungs>
      <decodonCramble eonsFootful="agency6" caiqueLotterHcl="ursaKeckedHawsing">
        <colinAmitateDittany>idolize</colinAmitateDittany>
      </decodonCramble>
      <boneset foins="94253" capersSimpledEndship="hairenIsl">
        <pitprop>arcsinGaunt</pitprop>
      </boneset>
      <knaggyGonads odored="shoggedBlaubokBauson">
        <fubbyCastrumBittium>epodicNegrofy</fubbyCastrumBittium>
      </knaggyGonads>
      <kiowa undocksNanas="varsal">
        <setter>curara</setter>
      </kiowa>
      <retried comatesPuny="pixies" tatsmanOrsonAligner="flapsArmadas">
        <vertigo>5</vertigo>
      </retried>
    </chagomaPadrinoBurleys>
    <sobsRfree>
      <phocaNitryl>elysiaBolding</phocaNitryl>
      <meisje foldoutDimane="bearers" gerbAbience="newtEngulfs">
        <seriola>sauria</seriola>
      </meisje>
      <curverMisniacCobless habbe="83">
        <benzoMewlingPitprop>6843413</benzoMewlingPitprop>
      </curverMisniacCobless>
      <behindLabretSnocat lapsusTelome="escarErizo">
        <inbreadImbrierUnipods>isohyetPensil8452</inbreadImbrierUnipods>
      </behindLabretSnocat>
    </sobsRfree>
    <agamasCuletsVariag gyrateEnkiduOverlow="alcladSciapod" creasesKeblahs="199" volti="wergeltDeline77">
      <adatiSangarsRiddle>3274</adatiSangarsRiddle>
      <smokehoUnhatsOnliest kyatsSakulyaKilovar="curying" spialGoliath="88">
        <tailyeNylgau>silt</tailyeNylgau>
      </smokehoUnhatsOnliest>
      <niceishJacturaAccuses>
        <tayrona>frumpRighten</tayrona>
      </niceishJacturaAccuses>
      <shushDoe>
        <leyden>weerish</leyden>
      </shushDoe>
      <aurigoFlanque>
        <minkBillyoShark>coccicTardierSonable</minkBillyoShark>
      </aurigoFlanque>
    </agamasCuletsVariag>
    <charcia>
      <regula>448</regula>
    </charcia>
    <mantrapPredrew speersFlexityAstian="duelloPadesoy" unjoyedLouden="6936465" zeksKulahZokor="alnCoburgInjuria">
      <pongee>miaouGlobyBuro</pongee>
    </mantrapPredrew>
    <apatelaDurums>
      <guetar>aspirerSubseaAboard7</guetar>
      <bundies odorfulSmazesLavehr="leucous" crotchSudsImbosom="doulceLustfulBestay">
        <jockeysLiplessLochs>vobis</jockeysLiplessLochs>
      </bundies>
      <linerMpbs dicktyBawneenGuidons="tejano" shushesTeameo="nobler">
        <oblique>yameo</oblique>
      </linerMpbs>
      <heckledVugSerail hasselDinksSereins="senatusAlmudeSenhora">
        <diebAggiesCanopic>aduanaGeotic</diebAggiesCanopic>
      </heckledVugSerail>
      <empasma>
        <phemie>6214</phemie>
      </empasma>
      <auxinicRevUndimly fuseeCamuses="psalter" charadeChitlin="379695">
        <mugglesLevies>5848</mugglesLevies>
      </auxinicRevUndimly>
      <hoast unownedPacate="bollerHypoxia">
        <turfsAxonemeFoyboat>iller</turfsAxonemeFoyboat>
      </hoast>
      <cestosRabotArchaic acervalWhinsWyvern="unboggyCupola">
        <dubberSmalter>steppeNonevilBleaty</dubberSmalter>
      </cestosRabotArchaic>
    </apatelaDurums>
  </tuftletCobDiol>
  <valureIgnis ramada="circum">
    <inflow unfileSnecketMinimax="sionDamme" jangly="8" crickeMoleism="gravy3445">
      <sockmenAroEntera>bowedPokunt</sockmenAroEntera>
      <cutbackRenigFlerry carlot="koelliaPaguridSogdian" critchKeglers="pierced15">
        <statedAlleyed>pravityRazzingBaburd</statedAlleyed>
      </cutbackRenigFlerry>
      <gravataGarotes podium="tupeloIncludeHummers" dooleyWitsSidia="kingedEsbaySket">
        <daidleUnmakes>cohead</daidleUnmakes>
      </gravataGarotes>
      <coletit>
        <resit>809</resit>
      </coletit>
      <preheatEncoder hourisBesagne="acetal">
        <enteral>8881033</enteral>
      </preheatEncoder>
      <topheMyths tempsKotowerAddict="lambackResup" reefedKasida="pouched">
        <sibbensStaggyGombay>sterveAlexiasMontjoy</sibbensStaggyGombay>
      </topheMyths>
      <surdCurareWoibe gpcdBdl="bantamAsian">
        <sabbedIodizeTrader>ripingBlastie</sabbedIodizeTrader>
      </surdCurareWoibe>
      <oimeDurdum mereCampeEndyma="tiffingDollopCag" ardeae="retiral">
        <teecallAbba>nonfactVealerBuffed</teecallAbba>
      </oimeDurdum>
      <tutelaeFlexile bullyCancrumBlighty="croppaRodger">
        <blotCoatieGrein>faradCothonBothroi</blotCoatieGrein>
      </tutelaeFlexile>
    </inflow>
    <briseTravadoPresley areteIsatin="33925" acedyLeak="upcoilCreeler" decernsGuaiacs="176853">
      <vixenlyClerids>341222</vixenlyClerids>
    </briseTravadoPresley>
    <booteeSwarm>
      <ungloss>screeveKudzuMuvule</ungloss>
    </booteeSwarm>
    <halpaceExility>
      <inspakeDamasToddler>darkedKazoosBusby</inspakeDamasToddler>
    </halpaceExility>
    <sloanBlock tittieFormy="fluty">
      <hemipodUnfinedSeizors>shahi</hemipodUnfinedSeizors>
    </sloanBlock>
    <malella>
      <antiqua>hiplikeSeamanPiccolo</antiqua>
      <unhazy>
        <hulkyAnabas>719760879</hulkyAnabas>
      </unhazy>
      <berimedCationsGlt>
        <volvox>griftPretold</volvox>
      </berimedCationsGlt>
      <wiganEnteria>
        <gayliesRodlessOverhit>289299866</gayliesRodlessOverhit>
      </wiganEnteria>
      <wholl luckierRambongButanes="misters">
        <airplot>exactaShutter1</airplot>
      </wholl>
      <pestleDoinaEstadal wice="electraRisker" maiaccaUnedgedAllots="chkfilMowburnKations">
        <teddyDiamins>datable</teddyDiamins>
      </pestleDoinaEstadal>
    </malella>
    <afraidReeshie sikesTriaxal="valvedTorn" edemaTeasler="611" buliesHuurder="1115779">
      <react>paeansScolexUnsmoky</react>
    </afraidReeshie>
    <scall scolog="croochEyebrow" egriot="ratty2585" commune="bonallyTrotylsCouping">
      <curnieCampaneFranzy>shubaSweater</curnieCampaneFranzy>
    </scall>
    <dotoStipo upstandReroute="ravellyDwelledMidmost783">
      <ubiiGateau>mazeStaypakTautog</ubiiGateau>
      <cougher globuleVerismsChyles="mappenImparkOctodon4871">
        <relataAmitate>4</relataAmitate>
      </cougher>
    </dotoStipo>
    <paikedSplurtOutkiss juliet="gregal6916" retards="6086">
      <guary>pereia</guary>
    </paikedSplurtOutkiss>
    <gienStrobed>
      <bandedThram>euasterMooing491</bandedThram>
    </gienStrobed>
  </valureIgnis>
  <marver unitudeAbacusDeodara="excerpUnhonedTrac70" taku="thewyFrescos9336" />
  <brigid urbicMuriti="plombIvies" stoics="lethalGlidesMauler">
    <acharneNickel dodkinDors="gothic" reelTripod="187261" cacicus="releaseMurexes">
      <alucoChumWabbler>blend</alucoChumWabbler>
      <slingerGenros krigiaSpug="enfileGerman">
        <biunityTeemersPumelo>104</biunityTeemersPumelo>
      </slingerGenros>
      <carsesVulpineBarbudo metring="picoid2022" cymba="8681498">
        <sarosSambarsFluffer>saaNestors</sarosSambarsFluffer>
      </carsesVulpineBarbudo>
      <jimp kensRimedBummest="corvina">
        <ombre>babiteOcqueLiaison</ombre>
      </jimp>
    </acharneNickel>
    <talerBestickBubbies>
      <lantumEmigre>crucheAcharne</lantumEmigre>
    </talerBestickBubbies>
    <wasnt>
      <cerebra>41090333</cerebra>
    </wasnt>
    <brughsSoulishPuerto coypus="dcaKotuku" boated="bloodedRigsby" lasagne="viandDirkFudging">
      <arghelSmalti>nidudiBuncoedNiobite</arghelSmalti>
      <zebraBeleper venturiToodleZacaton="balebosParoled">
        <corpl>cammasPlayerQueechy</corpl>
      </zebraBeleper>
      <yowedReweighWheyey ponceau="lowsingRunlessIgn" acidyl="obaAptal7481">
        <dozenth>upflungBainiteMegerg</dozenth>
      </yowedReweighWheyey>
      <gerboTydieSaccage arugolaEnnuyee="tamasic" gobberSaeLepiota="laramieHolts">
        <osier>2</osier>
      </gerboTydieSaccage>
      <naaman>
        <stactesTomkin>chin</stactesTomkin>
      </naaman>
      <hosiers guydom="89682">
        <psychic>cackle871</psychic>
      </hosiers>
      <gravel merton="yieldTouficRewarms2955">
        <wisterGipperChekhov>wagered</wisterGipperChekhov>
      </gravel>
    </brughsSoulishPuerto>
    <creaker>
      <konjak>carid1</konjak>
    </creaker>
    <wowsersMucosaAseethe stadScornedNowroze="colds" rahul="20747759" rococosAyahsBison="plotted">
      <hilting>dernier</hilting>
    </wowsersMucosaAseethe>
    <whatsisCurarisBaioc>
      <oilcakeSalps>gauster</oilcakeSalps>
      <haustUnkistCalicos bordersEryngo="bellonUpwayWaltz" splotch="peposCacicusPaiute">
        <ileumDeas>glintedSunlampKolo</ileumDeas>
      </haustUnkistCalicos>
      <leathBeeches>
        <chayaMayorsMerel>328150</chayaMayorsMerel>
      </leathBeeches>
      <lopingGrievesImpf>
        <gataGaumy>corpseAriki</gataGaumy>
      </lopingGrievesImpf>
      <sawish reins="3866" robed="mangoroRosiestCods">
        <obeche>caveats3493</obeche>
      </sawish>
      <parryOriya>
        <crapaudTactNeeding>shying5</crapaudTactNeeding>
      </parryOriya>
      <metepa voicerClown="brugesYep" tindersCanditeMousse="claristWickets">
        <exodiumPressed>pouting</exodiumPressed>
      </metepa>
      <kleagleCerineCadillo>
        <myrtolElapses>thebaicLeipzigFumble</myrtolElapses>
      </kleagleCerineCadillo>
    </whatsisCurarisBaioc>
    <spiceryGhostGreith amazuluRamhead="1566" coper="olluckFraist">
      <lemuresPittismBoggier>600451468</lemuresPittismBoggier>
    </spiceryGhostGreith>
    <tagletFordidTanha>
      <impairGuayule>flakierIngross</impairGuayule>
      <eesomeInwardsTithes ponga="chasingMousersSinked">
        <uneaseSolumGuinean>ribsJetonBenab</uneaseSolumGuinean>
      </eesomeInwardsTithes>
      <ignoteGuajiraBetoss>
        <agioKwamme>kanCouldnTacky</agioKwamme>
      </ignoteGuajiraBetoss>
      <unnails>
        <avatar>machan</avatar>
      </unnails>
    </tagletFordidTanha>
  </brigid>
  <sheerInlayed tunableAimed="swabLenesPaired1627" lymnaeaNarcousWallop="soapier" swagers="redoxesSetline1765" yippingJasp="675529">
    <laenderSett>
      <glaveAbnerHartail>gurneysFlexionBauson</glaveAbnerHartail>
    </laenderSett>
    <bibsPref timbo="avertsPrimacyCentres">
      <apyrousLavolta>34877</apyrousLavolta>
      <sepsRosiny iacchic="dextroHenceScleria570" buckerAhuacaBloody="cograilFreezerEucone">
        <unnegroDoc>unemptyBihaiGraisse</unnegroDoc>
      </sepsRosiny>
      <homeoid>
        <aliipoeFirmityMechlin>slineIrchinOxalan</aliipoeFirmityMechlin>
      </homeoid>
      <numbAnesSubplot aramaic="deevey">
        <blanks>daylong</blanks>
      </numbAnesSubplot>
      <asconesBalebos>
        <woolSamarra>foggageDayak</woolSamarra>
      </asconesBalebos>
      <turmentArabiteTherme>
        <gepeoo>bogies1534</gepeoo>
      </turmentArabiteTherme>
    </bibsPref>
    <estonia urd="clefs" taskit="nunhoodAnticBungey" gerent="pearch">
      <natator>feistsMnioidCozey</natator>
    </estonia>
    <sarapes pushfulCoupureBunion="kolach" blab="arraign336" overlegWhissonLesath="duadic">
      <einkorn>gumlahSloaneaPyrogen</einkorn>
    </sarapes>
    <syssel auronalHairupTuzla="rosilla" oarlessDoughtyMezuzah="joseiteMormaer" nilotIconismBriza="beechy">
      <goli>unrootUlemas</goli>
      <inrolCytomaPotshot tusherCoolies="hushaby2613" outwarsGrindle="tunoPropale">
        <toddickBelated>elixirs</toddickBelated>
      </inrolCytomaPotshot>
      <bochesSenecasPuisny>
        <basculeOpa>seise</basculeOpa>
      </bochesSenecasPuisny>
      <valvalFrizz>
        <mushy>pally</mushy>
      </valvalFrizz>
      <betaine>
        <foistCaeciasGruffs>pradoLuffa</foistCaeciasGruffs>
      </betaine>
      <giga unplowSangas="tsotsiTwittleZostera" ribald="anglos">
        <boopicVeal>truestPavins36</boopicVeal>
      </giga>
    </syssel>
    <daucusNotedly slottenWebfeetCammed="paulieFanged" dingmanBiddingArupa="nimrodsCacamSangers">
      <urtical>bkptEpheboiUnbait</urtical>
    </daucusNotedly>
    <gobiesOchro>
      <batteauBelardBlues>aurigal</batteauBelardBlues>
    </gobiesOchro>
    <ellwandSneererGuglet>
      <aurirDiarize>conceit</aurirDiarize>
      <rhodopePapableSim sandbagDulce="abraidSoorahSynoecy2603">
        <herma>parsony16</herma>
      </rhodopePapableSim>
      <nashiraAcomousEmeute longed="32654805">
        <eburinPickery>434136</eburinPickery>
      </nashiraAcomousEmeute>
      <upcarryLaminaGrinter tropesPurrahTheyll="vatterIdantAmusive" holilyDiffameMissel="smocked">
        <entasesAnabongBaccy>fartlekPosable</entasesAnabongBaccy>
      </upcarryLaminaGrinter>
    </ellwandSneererGuglet>
    <imper chairNonaneMashie="lagnaMarySynodic69" cooncan="taking">
      <anhyd>unescoGynura</anhyd>
    </imper>
    <ravinsAstrolPalmito wreak="3687" chartaMatris="gluma39" zophoriRescuer="focallyHoidenNoyance">
      <ritSextans>sotolCortianTortive</ritSextans>
    </ravinsAstrolPalmito>
    <faceteLarding alaskaTawses="755163" dowsetsTamulHording="145432995" tulwaurSteaksBatan="typhulaPodzolBatture">
      <keratol>aboteCrepeNarthex</keratol>
      <embowsDiskingPik apaiseIwwoodAnnual="roves">
        <searyFervors>3</searyFervors>
      </embowsDiskingPik>
      <chinAmabileGagging>
        <woadman>shierGrinsDormin</woadman>
      </chinAmabileGagging>
      <caseyHidings paxiuba="kohlanArithSlobby" screaks="937458">
        <fetedAwrongSkimmia>637118</fetedAwrongSkimmia>
      </caseyHidings>
      <tck>
        <byworkSneeshDallop>1</byworkSneeshDallop>
      </tck>
    </faceteLarding>
    <maragedSoftas>
      <immovedSchepelLassiky>smoosPermiak</immovedSchepelLassiky>
      <hybridsTakerRemora gainer="bustiBodied" wrawlLucumia="379">
        <soupcon>roost</soupcon>
      </hybridsTakerRemora>
      <politeNomeusHimne physics="molucheMoskerSmacker">
        <theines>loke</theines>
      </politeNomeusHimne>
      <plufferNougats guzerat="gnatterAyubite">
        <clownsAvertsSolons>91</clownsAvertsSolons>
      </plufferNougats>
      <wallahsSkidlidRundle lubbard="excite" tenue="garnersBoltingRought">
        <fendsGleneMonal>shoddyGeed</fendsGleneMonal>
      </wallahsSkidlidRundle>
      <mommasMowch untame="unrigsKokra">
        <apneal>bloatedRelishy</apneal>
      </mommasMowch>
      <perotic>
        <knavesLanioidPacta>soreeGloppy</knavesLanioidPacta>
      </perotic>
      <merop cathodeBaluba="votally" fearingLustral="cutlassYawpingTwiglet">
        <yillsStratic>7223</yillsStratic>
      </merop>
    </maragedSoftas>
    <osakaReddock>
      <ambatchDroitsDisbar>90117</ambatchDroitsDisbar>
    </osakaReddock>
  </sheerInlayed>
</uncurlBejeledRanders>