<?xml version="1.0"?>
<izba>
  <shellacSubfeuPurry goniale="perjury1" abscessAtopic="prand" vahana="elfkinSejeantAyme">
    <swains campman="1" runsyInkrootNeocyte="685123187">
      <vomitos>runic</vomitos>
      <fordullTargets>
        <halurgy>archwagClocks</halurgy>
      </fordullTargets>
      <daybillThrilly rosalSensifyMoko="uskaraResave" knatchVallums="mallingDuctZerma">
        <quarionIdolize>mowchHeezie</quarionIdolize>
      </daybillThrilly>
      <inpushTouart dielJobo="953230497" bruetKarnPlinths="74887">
        <trigsFermila>68237</trigsFermila>
      </inpushTouart>
      <woesWishramDeposed dohterDbl="bowessPotatorAlength" ovidKirtled="4">
        <aloetic>juicy7</aloetic>
      </woesWishramDeposed>
      <erelongLysate>
        <outgushKavikaMarcato>comfy</outgushKavikaMarcato>
      </erelongLysate>
      <delouseFusterFeeder humeriPryers="muskatBattelsChauk962">
        <nesioteOrisonBilalo>grumium4</nesioteOrisonBilalo>
      </delouseFusterFeeder>
      <canthus>
        <logesKeyage>sankhyaPeyotlRelong</logesKeyage>
      </canthus>
      <pierrotHangby>
        <pollanBaviereJacktar>arraysCreamySella</pollanBaviereJacktar>
      </pierrotHangby>
    </swains>
    <badlingImpose>
      <heyghArkoseLumbar>sessedTrintle</heyghArkoseLumbar>
      <phaseun>
        <gubat>strumaWacago</gubat>
      </phaseun>
      <callansRobertoHearken raftyArmata="stash">
        <reparelOlein>1435</reparelOlein>
      </callansRobertoHearken>
      <dhowFlash teliumBalcon="6">
        <meuCymbel>enjambBuster</meuCymbel>
      </dhowFlash>
      <amalic cruckPeensNobling="1065" bendedHurdler="7122">
        <jollifyPrehealBiset>tyndColane</jollifyPrehealBiset>
      </amalic>
      <yackUnsexed tapounSynonym="oselle">
        <adoniteJigabooTackled>bookishRazorsSatinet</adoniteJigabooTackled>
      </yackUnsexed>
      <flaxierApa waftageNew="girdledWinersBegloze">
        <coppinKon>52152</coppinKon>
      </flaxierApa>
      <rehete upfoldsFacers="turmit">
        <zongora>4</zongora>
      </rehete>
      <leucinsBakaOrient batsterQuedly="assiegeMooniteCarya929">
        <bedmate>radaDeclineClouds</bedmate>
      </leucinsBakaOrient>
      <furoleElaterLoyally zoonuleTdrCubbing="tusking898" excitonRidging="hiedFakesMewlers">
        <jailTempora>715</jailTempora>
      </furoleElaterLoyally>
    </badlingImpose>
    <restaurSites grapple="teiidHootCoecum2727">
      <envierLeakier>walkerSalele8577</envierLeakier>
      <aureityFurtumForpet deals="placing">
        <deistRewade>boothsRodsmenSlape3</deistRewade>
      </aureityFurtumForpet>
      <koalaPapaltyMuyusa unlamedKolaTints="nomos">
        <sesquih>827</sesquih>
      </koalaPapaltyMuyusa>
    </restaurSites>
    <crispVictalPawkily usuressIgnitedAuncel="949" umiaqOres="slipedPusgut" wadsGulas="82">
      <otioseDibber>bunt</otioseDibber>
      <obbElatersTonsor hilsah="exonBoranaDuranta">
        <pisk>temneZodiacPontiac</pisk>
      </obbElatersTonsor>
      <acerb xebecs="spireaDrengh" fiumaraBaalize="9">
        <euonymyIntisy>mabMostraDixain</euonymyIntisy>
      </acerb>
      <mgtSody aquiferEffendi="guatusoQuatresDirndls">
        <eideticWarlordGumly>feuderToraja</eideticWarlordGumly>
      </mgtSody>
      <seedfulFifty>
        <saltZilaPeladic>smudgy</saltZilaPeladic>
      </seedfulFifty>
      <leeserLimnerJinjili>
        <granuleDairiesChico>9969</granuleDairiesChico>
      </leeserLimnerJinjili>
      <thoric mirandaHallali="befleckAskr" looby="96157068">
        <quomodo>602019535</quomodo>
      </thoric>
      <dermasCarrackGuazuti surerSinitic="majesty" affixHavMixtec="14">
        <firma>reavery</firma>
      </dermasCarrackGuazuti>
    </crispVictalPawkily>
    <subeditRaiment chikeeFeedbag="tractus" tubuletFaking="sensalWhisted88">
      <sheasHaglike>47082520</sheasHaglike>
      <arblastSept>
        <baculum>smiledEyrer</baculum>
      </arblastSept>
      <saidFarawayShelta unrightReaalMayed="bilstedTalky">
        <byroadsAmpulla>tuneupsToilingSegou</byroadsAmpulla>
      </saidFarawayShelta>
      <tievine>
        <blousyHemen>iuus</blousyHemen>
      </tievine>
      <arauaPimps nichtHareemsPlopped="50725289">
        <adonitePrepsPioxe>lincolnDightedMoorup</adonitePrepsPioxe>
      </arauaPimps>
    </subeditRaiment>
    <unorbed>
      <huashiCypraeaTaxin>nale</huashiCypraeaTaxin>
    </unorbed>
    <dicot>
      <bulbedRosinol>agateCuitleTorve</bulbedRosinol>
      <invoiceQuin offered="tailyWatteau">
        <hyeniaFordoesBawbee>85503373</hyeniaFordoesBawbee>
      </invoiceQuin>
      <seimasDoormat>
        <coys>10</coys>
      </seimasDoormat>
      <lefsel lucrineQuintaGoric="57598704">
        <sexualeBesteerChime>kalasie</sexualeBesteerChime>
      </lefsel>
    </dicot>
    <herniaeRhetors titaniaHairpin="buttery" fusionsShadyStudent="asemMerlinsEmerged" visards="987809">
      <doumasVisors>belugasSneaped</doumasVisors>
    </herniaeRhetors>
    <replot>
      <burlaceForebye>818058272</burlaceForebye>
      <quashesBucklerOdoured>
        <paulin>petitioInsolid</paulin>
      </quashesBucklerOdoured>
      <choribiChewSatura faciataHespelEthyl="gyrosynSecus" sarsnet="foiler">
        <woidreTappallNobbily>391677781</woidreTappallNobbily>
      </choribiChewSatura>
      <weighedDiquatsHeist>
        <taggersMimeos>ennageMuskedPotage</taggersMimeos>
      </weighedDiquatsHeist>
      <glacisDorsaleEvulge fluor="gloved">
        <peakyReworeUnpaced>dogmaWarded</peakyReworeUnpaced>
      </glacisDorsaleEvulge>
      <fidelioLambertUnfed upboilsSekerRodney="84" beseemOutawedSuers="shakerGaposis">
        <armingsQuernal>baleiSyr924</armingsQuernal>
      </fidelioLambertUnfed>
      <alaihi peakilyJaguarLeekish="447401">
        <urgeDircaBice>burins</urgeDircaBice>
      </alaihi>
      <ulanKokstad smeer="sawbill">
        <zerothAroidOceanid>uriahCuriara5146</zerothAroidOceanid>
      </ulanKokstad>
      <cicutaCrips shannon="629">
        <canionPewful>poniard19</canionPewful>
      </cicutaCrips>
      <mammothSlojds shoutsBailor="treatsFossilUrali24">
        <shlu>afret</shlu>
      </mammothSlojds>
    </replot>
    <gurjan>
      <dillierPanuelo>cotisedCuissenPolaran</dillierPanuelo>
    </gurjan>
    <count morvinDappingStumor="bendingPawning" tubikFlouterHool="15431" goumi="omissusWaves">
      <cuffingNightyCogence>fruited</cuffingNightyCogence>
    </count>
    <chiveMowhayCity>
      <piglikeCubebZariba>traily</piglikeCubebZariba>
      <maeFutural>
        <khiVodumAshkoko>oxims</khiVodumAshkoko>
      </maeFutural>
      <shulGovNuder teindPukeko="8">
        <septimeFagins>fourbCrookenFeature</septimeFagins>
      </shulGovNuder>
      <baalim befrizLudgateVillein="wheemSplodgeKilim" sherpas="91">
        <wishingPriseForhooy>21314</wishingPriseForhooy>
      </baalim>
      <begod frustHawkyKnoweth="sengiFusus" rivets="meroFrappesImbrium">
        <hereatDepthen>guyedGerenda</hereatDepthen>
      </begod>
      <stive santimiExciter="oboesBirseCero" ingiver="argons">
        <bahadurCepter>aimsUnpicks</bahadurCepter>
      </stive>
      <reprintSoulful>
        <pioletsSemaiseSkaffie>refund</pioletsSemaiseSkaffie>
      </reprintSoulful>
      <gyred>
        <betel>prep</betel>
      </gyred>
      <enripen dapichoWrithed="petrog">
        <shantyUncoComanic>ryenDefeaseBasten</shantyUncoComanic>
      </enripen>
    </chiveMowhayCity>
  </shellacSubfeuPurry>
</izba>