<?xml version="1.0"?>
<scouthDuntle>
  <squintyMaylike kamCaryota="batlerCaseinSwonken458" runtimeArrachBarrer="218935">
    <caribCuadra ameenBowersNocence="81492" pertest="abomasa731">
      <jewess>quirk386</jewess>
    </caribCuadra>
    <twinklyMinhahRind>
      <eskimo>49</eskimo>
      <filtreLynches agnateReeledHagein="zippyPatas1091" pipage="611511756">
        <colitis>alantolTinderyWoozier</colitis>
      </filtreLynches>
      <bottlerMesquitCollard azygosGyppersVolage="cavieWin6272" wambles="reataBundles">
        <tweil>petosDiamido</tweil>
      </bottlerMesquitCollard>
    </twinklyMinhahRind>
    <canardRoadingRoland planaruKetwayExacts="upstayVenulaeShewers" bedrailShahee="nablaButling" comade="soloingBuffos95">
      <patrial>luis</patrial>
    </canardRoadingRoland>
    <jclPappierEdna>
      <kilnribSey>nairobiOzonic</kilnribSey>
      <mozarabWellmenPurples>
        <beadlet>unbe</beadlet>
      </mozarabWellmenPurples>
      <sudder>
        <undark>54614</undark>
      </sudder>
      <langiteNavet booterMousers="merlesAmbital3" biliary="lintelUnglobe62">
        <overfedCourses>bundledOily</overfedCourses>
      </langiteNavet>
      <ablate cartist="267">
        <fangs>entameChequy</fangs>
      </ablate>
      <peltishWhampee>
        <ericiusSartorsLie>snacks</ericiusSartorsLie>
      </peltishWhampee>
      <duplet minoan="75813913">
        <robaloCastaneLafite>roseine</robaloCastaneLafite>
      </duplet>
      <swonkOboistCathro>
        <somma>ease2</somma>
      </swonkOboistCathro>
      <hyrax>
        <froise>updriesOrsedue</froise>
      </hyrax>
      <lapsana unwrapsPardaos="azoxineTaelArm6160">
        <hawedHerbane>amtracTonousBaluchi</hawedHerbane>
      </lapsana>
    </jclPappierEdna>
    <acherJugular>
      <fluted>curveGanjas</fluted>
    </acherJugular>
    <untumid>
      <prutotRapalloLapis>8</prutotRapalloLapis>
      <haywardFascia murray="syncsAlkyls" syncomsPobedy="hakimTermini">
        <hoboismSeapost>flubbedFreathXxv5956</hoboismSeapost>
      </haywardFascia>
      <biosTchr>
        <coelinMeakCash>chok</coelinMeakCash>
      </biosTchr>
      <cawkTorsoes>
        <gaurs>intent241</gaurs>
      </cawkTorsoes>
      <pause emp="bossyMucorNutrice840">
        <unbearSerfism>tindersUredema</unbearSerfism>
      </pause>
      <fdnameSpayed belays="19477">
        <diketo>milanColdest28</diketo>
      </fdnameSpayed>
      <armhole>
        <pissesBracked>blanks</pissesBracked>
      </armhole>
      <thack zillSwoonedAbilene="bertrumSterileJettage">
        <wallaNoonday>caloyer</wallaNoonday>
      </thack>
    </untumid>
    <garonGlyph>
      <flaserIrisingChewer>442003957</flaserIrisingChewer>
    </garonGlyph>
    <dyadicsDunnagePipey estella="outfoot303" daleaTackers="covisitMeccanoArthur">
      <auchtRegurge>alertaBeefChloe</auchtRegurge>
    </dyadicsDunnagePipey>
  </squintyMaylike>
  <winzesEqualTiles enseamBasally="smearerCozenedBursati">
    <unjointMeropia stricks="sheenlyStagier" oddsLidNongrey="rampire74" cererSendal="309128599">
      <undecyl>tonemesPridingOneism</undecyl>
      <glottisMiffNosite scuttleEmbeds="alumniBiunialLotuses365" aislingPhoto="pleura">
        <leach>weerNeatestCoven</leach>
      </glottisMiffNosite>
      <bushelDinarsFrutage>
        <smokersSickestTanega>saggy</smokersSickestTanega>
      </bushelDinarsFrutage>
      <vibeProstoa diapirs="komatik">
        <retrudeConfectDibbed>hpitalAttuneBohemia</retrudeConfectDibbed>
      </vibeProstoa>
      <recoalWelfarePapless>
        <guipureWen>bogwoodPostsMethod</guipureWen>
      </recoalWelfarePapless>
      <ilionWithoutTilths jahvistShiver="sympodeBravish" westsGreta="puting">
        <unhelm>boomkinAvellAnding</unhelm>
      </ilionWithoutTilths>
    </unjointMeropia>
    <knollyLew>
      <sidleAcridid>tenue</sidleAcridid>
      <curet>
        <tenias>perukesCinclisToist</tenias>
      </curet>
    </knollyLew>
    <fuzedInjuredRyme>
      <culebra>magas</culebra>
    </fuzedInjuredRyme>
    <growlerRedback>
      <rigidly>edwardsMusar</rigidly>
    </growlerRedback>
    <petaryTimeoutChalaza baaed="47">
      <pram>didicoyRedebitEtching</pram>
    </petaryTimeoutChalaza>
    <sclav>
      <slatesMaralEwerer>235756899</slatesMaralEwerer>
    </sclav>
    <slakes>
      <graphicDooziesFryer>mawksCileryBuffalo</graphicDooziesFryer>
    </slakes>
    <itchierAlumianTestee>
      <betrays>kalysis</betrays>
      <cowmenWimGaskin>
        <tagetolFloresOutwile>71731640</tagetolFloresOutwile>
      </cowmenWimGaskin>
      <ostler>
        <swonk>804</swonk>
      </ostler>
      <grozart>
        <lookyDawdleLazier>ensiledAllan1</lookyDawdleLazier>
      </grozart>
      <garages>
        <impedor>sakkoiBarnyAtip</impedor>
      </garages>
      <unlacesVarangiSpilly mesivtaHideGamming="bowpot456">
        <deisticPecosCokes>5</deisticPecosCokes>
      </unlacesVarangiSpilly>
      <foulage vetus="thongsAnnum" medleDenarii="nephewsAbiding8757">
        <monadNitrideEisell>ninniesChemin</monadNitrideEisell>
      </foulage>
      <osteoid>
        <inveinUncleadHogton>yorubanMurrhasOngaro</inveinUncleadHogton>
      </osteoid>
      <felsiteStuffy calcineTussehRelater="yautiaLeash">
        <erbiums>stevia</erbiums>
      </felsiteStuffy>
    </itchierAlumianTestee>
    <ankeeGugu>
      <laborWeavers>mammeysMatsue</laborWeavers>
      <caveletUndee nougatRicottaUremias="prestlySheenlyPuked" denningApparatBarded="cokeneyInkish">
        <idioticWitsAblated>290770</idioticWitsAblated>
      </caveletUndee>
      <revieIkhwanCues>
        <alonely>ravenryPlayerDoddard</alonely>
      </revieIkhwanCues>
      <contortPremise>
        <heirsCyatheaGilia>982</heirsCyatheaGilia>
      </contortPremise>
      <opt nornaUnwroteBedur="resins">
        <serian>4590504</serian>
      </opt>
      <ovariaPercher>
        <seamingPoffleCairds>misdoFeveryAlalus</seamingPoffleCairds>
      </ovariaPercher>
      <foggyDeke godling="absentsAshrafObclude" anginasDice="74656">
        <muddishKusaChoux>deersRimingSolvate1438</muddishKusaChoux>
      </foggyDeke>
      <danian eulaliaCid="masjidTiglonAdulate">
        <evulseAquavitBatties>manicsPneumaAmrelle</evulseAquavitBatties>
      </danian>
    </ankeeGugu>
    <creaky>
      <inhaledLetoMiswern>savableArete</inhaledLetoMiswern>
    </creaky>
    <andian granage="onionsDeeper712">
      <jaggarOdea>camperMummerSkieur</jaggarOdea>
    </andian>
  </winzesEqualTiles>
  <yeara bodingsSludger="774" homodox="131200" mixite="chanoyuTeliaWacker" yirthsSabotsDubbah="uphelmCornic">
    <cabaneAulicGaumish wickiup="dryadicBlousesTarrow2232">
      <podgyNettler>chekeFolioleParrel</podgyNettler>
    </cabaneAulicGaumish>
    <sitesTenue noteletWissheProfer="2384" cantingTendronUtilise="floozie">
      <perusal>reearn</perusal>
    </sitesTenue>
    <defilerFrierMuskit>
      <ascyrumGuffawFurrure>bakshi5611</ascyrumGuffawFurrure>
    </defilerFrierMuskit>
    <nonsaleHymnsJufti wisentWhampee="978" leonidWebelos="fatlyMeager">
      <atwist>mhgPyla</atwist>
    </nonsaleHymnsJufti>
  </yeara>
  <ovenedAcknownEloign cooksGoat="954" nettier="4690905">
    <injuryMadresRankish>
      <packedWhined>wholism</packedWhined>
      <attice dismalNewarkTonging="oxbirdBycoketCarlot5">
        <writee>ulnadJacinth</writee>
      </attice>
      <gaolersCageotSubgyre fidessaUnpaged="507" telephTayerWaveoff="biremeFossickHelluva">
        <becalmMarkerYeara>pannusSiroc</becalmMarkerYeara>
      </gaolersCageotSubgyre>
      <lavehrToredEuterpe>
        <rommackLinolic>unseam145</rommackLinolic>
      </lavehrToredEuterpe>
      <blondeSimiousYuks composGurneys="nonbank57" upalongLettern="darrein2">
        <comaticHissedFers>hernsSeeable88</comaticHissedFers>
      </blondeSimiousYuks>
      <flesher dryinidFoyer="85" acus="36342357">
        <rottingHorouta>room</rottingHorouta>
      </flesher>
      <quarryDaftestJubili soldanButic="honkiesGnawedMahaleb" cabbySequa="racerJuttedSoorkee">
        <styliteSeas>spuddyTeethDowf</styliteSeas>
      </quarryDaftestJubili>
      <antiAketon swaleShekels="hoondeeChancedApolar" secured="touted">
        <prepped>lumpier4888</prepped>
      </antiAketon>
    </injuryMadresRankish>
  </ovenedAcknownEloign>
  <prowessSealers tinfulEmeticsEmbox="rivel" dyasNexumBowerly="9382">
    <mattCracket>
      <inbreakBombora>43361</inbreakBombora>
    </mattCracket>
    <whamble>
      <jokyCoursey>953</jokyCoursey>
      <parks besogneUrnlikeAeonic="37" unclog="bringedStenarLetted">
        <debauch>carbide</debauch>
      </parks>
      <bauboToreroOstiary caravan="afsharRowersRebias4851">
        <statusTectrix>wahines</statusTectrix>
      </bauboToreroOstiary>
    </whamble>
    <laxerWelches>
      <encoder>wastage</encoder>
    </laxerWelches>
    <auh mikaelAlgomanWoks="9483618">
      <dungerJugfuls>secable6859</dungerJugfuls>
      <janesPedicab>
        <piggle>apelikeNaiskos8</piggle>
      </janesPedicab>
      <lionneUndried>
        <pouters>503218490</pouters>
      </lionneUndried>
      <squaddyIncan friableMisaver="jaypiet">
        <zendoMarsian>faithedRillet924</zendoMarsian>
      </squaddyIncan>
      <iridial setoverSnaste="zincoid">
        <idoism>433</idoism>
      </iridial>
    </auh>
    <bashlykTheyre>
      <mincedAffileBosomed>518309</mincedAffileBosomed>
    </bashlykTheyre>
    <veinedVapidly>
      <exergueAlgenib>resider</exergueAlgenib>
      <lickerGutsierAcoine>
        <cede>sobbedDiceras7434</cede>
      </lickerGutsierAcoine>
      <idetaKonyak>
        <spyismPerosisCurrier>4</spyismPerosisCurrier>
      </idetaKonyak>
      <sows>
        <lineasIsamin>agroundPodtia</lineasIsamin>
      </sows>
      <legal sadleir="11843">
        <creeledCalipee>sabsHyenasUrchin</creeledCalipee>
      </legal>
    </veinedVapidly>
    <antitaxMenages soundsKilijAngary="psoaticLazy" tallitMalatesFamelic="evitateCoffs">
      <anubisSwiggleRosaker>bedropThewy</anubisSwiggleRosaker>
      <sixteenJezail>
        <bellmanEnochic>recramp</bellmanEnochic>
      </sixteenJezail>
      <frenuna upgirdsMangona="lautiteSeizer">
        <acerdol>exsecCaiUnmasks</acerdol>
      </frenuna>
      <boatersWidbinGrifted chuncho="sagina">
        <sewsterMusguMegerg>bivaneFlutesGrained</sewsterMusguMegerg>
      </boatersWidbinGrifted>
      <sinward>
        <hakka>eddicAndrew</hakka>
      </sinward>
      <lwop burion="ovallyDevote" subg="371016">
        <bryum>99525613</bryum>
      </lwop>
      <bosomedTubemen clariesAmebian="surgedAnagogyRetling">
        <sobeitBestialFinning>khassPlato</sobeitBestialFinning>
      </bosomedTubemen>
      <choushWirable>
        <legitsCacklesTricot>38551648</legitsCacklesTricot>
      </choushWirable>
      <pholidoAvailsCynomys bepearlScomfit="7995899" verbatePattu="targed17">
        <choukaAlevins>helingTemplarKevel734</choukaAlevins>
      </pholidoAvailsCynomys>
      <tripal canthiPynungPostic="jeamesMarina286" reannoyScaean="146">
        <loganLawton>sughNoiler</loganLawton>
      </tripal>
    </antitaxMenages>
    <leopard effluve="swanner" bursesApician="foramsLeefBurling">
      <surcloy>493499988</surcloy>
      <tube roastSimsonHotta="chaftedShale">
        <gryllusSluther>orochonFigentMatted31</gryllusSluther>
      </tube>
      <dublin>
        <gabbingSuegeeUnhate>2099</gabbingSuegeeUnhate>
      </dublin>
      <scribesBuntonChiba mammonsAmbrica="baizingSlipway">
        <foresHaust>bromin78</foresHaust>
      </scribesBuntonChiba>
      <chrysin sorelsKeelson="42">
        <binge>biopicAbkarChapmen</binge>
      </chrysin>
      <bemba sabaismOuthueBrazed="birodoTauted" adamsiaRheebokAllheal="tikes">
        <wrickZionismDefacto>7295</wrickZionismDefacto>
      </bemba>
      <bardoNonwarErotize konaCerillaPipping="becketDicecup39" ectalYeh="ponces">
        <bullanBarbar>tathataInfulaeShikra64</bullanBarbar>
      </bardoNonwarErotize>
    </leopard>
    <untoothLysines pandean="ankushFlakier">
      <rufousSaugerSlimmer>tailzie</rufousSaugerSlimmer>
    </untoothLysines>
    <canvass stalerMankindSlinger="hinnyArear" cuffinEthersSongoi="outhue" planKayoes="601">
      <curaris>cafiz6</curaris>
      <ephahsGph nuchaleSimar="pinkie" koftgarFlandan="cleoidPloesti">
        <jehovah>quereleTriformAsmalte</jehovah>
      </ephahsGph>
      <treasr>
        <aseetheEngaze>quichesMafeyBowet</aseetheEngaze>
      </treasr>
      <idorganLeppyAngster pavinsAmimide="phphtCigaleSapek">
        <segnosOzonous>botonySheller819</segnosOzonous>
      </idorganLeppyAngster>
      <agnomenKitamatOcotea husherDentel="peacockConcileFesting">
        <bouser>prolansGarnetsSuk</bouser>
      </agnomenKitamatOcotea>
      <berglet>
        <upwent>mosks23</upwent>
      </berglet>
      <feastenSavable>
        <curatelPether>bolar</curatelPether>
      </feastenSavable>
      <verdantEmbiid>
        <lacunarCleeked>daffyAbray</lacunarCleeked>
      </verdantEmbiid>
      <clonicAusubosChamber sorosesAbaze="7506">
        <sadhuDorsale>neath</sadhuDorsale>
      </clonicAusubosChamber>
      <phewCannot>
        <reacts>coylyHonoredTogae</reacts>
      </phewCannot>
    </canvass>
    <cumylCarfSkibbet>
      <uplaidDoctor>curshipBoyards754</uplaidDoctor>
      <liqueur byouslySipple="songoiMouldDirhams" claudiaKeramicMonkly="cannoliGentiin">
        <dousingPoncaAmazing>dagosAlkoxid</dousingPoncaAmazing>
      </liqueur>
    </cumylCarfSkibbet>
    <wivernWestern>
      <dobbie>alec6</dobbie>
    </wivernWestern>
    <seabags hyphal="dadderRussianFacette">
      <birrusMynah>aevumAderminRubbing</birrusMynah>
      <cullyAsyla>
        <gaulinSadhaka>keelsDoomsCopeman4</gaulinSadhaka>
      </cullyAsyla>
      <handleWheenge cedronCojudge="chinedGeeseRegalo">
        <bipartyRoueUnwrest>fondedPlazas</bipartyRoueUnwrest>
      </handleWheenge>
      <juticTerete lueArsinoLeper="siccPerterLimuli" famCoaterCurst="lintenEarshMaraged">
        <bidriYawneyShowers>caama</bidriYawneyShowers>
      </juticTerete>
      <kokilAccent rangaleAlec="sithen">
        <estrayFasces>83648489</estrayFasces>
      </kokilAccent>
      <spaned>
        <moineauVenged>6</moineauVenged>
      </spaned>
      <gaminesAilantoInbye ganevAvowterAvicide="closky">
        <yuccaSerrula>justleSledfulMoff</yuccaSerrula>
      </gaminesAilantoInbye>
      <gustosoTeddersPaps sherifa="looing" yest="untunesFlackIdiots">
        <cablingPearlsBronc>159253</cablingPearlsBronc>
      </gustosoTeddersPaps>
    </seabags>
    <obiisms>
      <trigon>towelry7536</trigon>
    </obiisms>
  </prowessSealers>
  <dewclaw>
    <difCrickleKetchup beerPsoae="ollockGnomideAveugle" muran="daikersLeucin" poddige="4">
      <reachedTrayne>ahoy</reachedTrayne>
      <enemiesBurkersTomelet>
        <filchedMustifyJonval>canonry</filchedMustifyJonval>
      </enemiesBurkersTomelet>
      <tarefa>
        <oatersRhagon>temps</oatersRhagon>
      </tarefa>
      <corgisGownedPostal expiateCytula="paucal8">
        <birseKiowa>gherao</birseKiowa>
      </corgisGownedPostal>
      <onset ovatedDonkeyHutting="balladsPlateryDruids">
        <hickeys>quiesceAdytta6</hickeys>
      </onset>
    </difCrickleKetchup>
    <buyoutMyxomasTopman>
      <wannessKythedMusnud>cangiaRemastByplays</wannessKythedMusnud>
    </buyoutMyxomasTopman>
    <gemworkSemiarcDelia>
      <morrowsIii>wolter</morrowsIii>
    </gemworkSemiarcDelia>
    <oarageVicki>
      <corningGaist>nome</corningGaist>
      <wittalLouiqaHogbush arsoiteYaruran="792275">
        <latinerRummest>septiVeloce</latinerRummest>
      </wittalLouiqaHogbush>
      <pollTakerPreidea>
        <pielike>phebeFatsosZoonal6</pielike>
      </pollTakerPreidea>
      <gluttedResurgeEveck sauteurBikramPopeism="831894194">
        <spannYetter>guntubPunkins5</spannYetter>
      </gluttedResurgeEveck>
      <brazaHas unmanlyMeadsSniffle="77237037" ripal="441039">
        <fyces>burgusOlds52</fyces>
      </brazaHas>
      <kansasEasel shrimpsSmerks="avantCaesar">
        <herediaPhren>amateAstrDobe</herediaPhren>
      </kansasEasel>
      <mappyUncowlCheat cyclope="demeleEffulge" orachesBranks="cratersBunkumGodful381">
        <slebAccoast>resoundOstiateAssisi7983</slebAccoast>
      </mappyUncowlCheat>
      <omniumStacy moltsTripled="pechansSerringBriefer" keirsFixupYabber="archsinCadi5412">
        <cutikinCallusCatter>kerseyDerailsSevier</cutikinCallusCatter>
      </omniumStacy>
      <lemurStichoiAnterin>
        <murreysParries>psyllasJemmilyPuler</murreysParries>
      </lemurStichoiAnterin>
    </oarageVicki>
  </dewclaw>
  <tootsieMasted suffariCerites="joyance" malling="outwork73" />
  <forbowLoadedGomeral amebula="elodPedeeTrue19" uneyed="suntrapBladesSyrma" unnailPruh="society54">
    <cove>
      <sutteesComdElve>reseauPursuedSinaite</sutteesComdElve>
      <quetChiselPlass lefsenBelikedSnooted="duncanNayward" pharaoh="razoo5824">
        <fidley>tuba</fidley>
      </quetChiselPlass>
      <yaffler>
        <immit>herms</immit>
      </yaffler>
      <reheelsHeavityPicrate>
        <curstAitchesGooses>seedboxVistaedDrad</curstAitchesGooses>
      </reheelsHeavityPicrate>
      <shih>
        <ejidosCudava>crisicDespise</ejidosCudava>
      </shih>
      <magmaTornitInedita yasmaks="94" udalerTidiose="plummyBretonToluene3">
        <whandSprout>832863859</whandSprout>
      </magmaTornitInedita>
      <raftsKlieg nonpeak="8">
        <tenailsBeerier>fibular7</tenailsBeerier>
      </raftsKlieg>
      <bilobedHulsite curstPhytinEmoter="shooflyAvowterAdios">
        <retuse>azides</retuse>
      </bilobedHulsite>
      <vettingTarmacs maddestKomatik="polypi" rasesScutate="upalongMercer">
        <scclera>49691</scclera>
      </vettingTarmacs>
      <catlineAnnonceNatal saversJujitsu="soudgyBittedCoaxers">
        <quaintHamper>plasmon</quaintHamper>
      </catlineAnnonceNatal>
    </cove>
    <imiBipartyJounces>
      <outsoldWidowedNablas>5791</outsoldWidowedNablas>
      <advoke magyars="platly">
        <cordia>nogaku67</cordia>
      </advoke>
      <warabiNaether dentilsJubhahsSours="notWhickenMuggins">
        <penniTurfmen>lunuleSilures</penniTurfmen>
      </warabiNaether>
      <valericAmbayBest slampLieneeUplook="914889" mexitliRitus="65">
        <hemanHuloist>hairofSnoozleAthecae</hemanHuloist>
      </valericAmbayBest>
    </imiBipartyJounces>
    <relotLleuAgnate>
      <talced>sajousAmanousTuned</talced>
    </relotLleuAgnate>
    <gomeisaHelloedWilful copeiaNatterAcarine="17980" weederyFlutina="116" sildLumeterCrotin="sortlySpavietSoral">
      <ulsters>neshly741</ulsters>
    </gomeisaHelloedWilful>
    <tutsanGistMulm>
      <ecolesReicingDorab>273234761</ecolesReicingDorab>
    </tutsanGistMulm>
    <dtset corbetPunyish="kinura">
      <hansels>cesureRegmata</hansels>
    </dtset>
    <scarper>
      <ballatPeltersRumbly>9714</ballatPeltersRumbly>
    </scarper>
    <teguasItsy>
      <wherrit>menuki</wherrit>
    </teguasItsy>
    <setaeLeukKerslam>
      <sulfionWinston>mosUmiaksTactics</sulfionWinston>
    </setaeLeukKerslam>
    <nielledAugitic berthedTempura="ostreaWeedage" landersPersistXat="whils" chnAdati="winesChoired">
      <inbyPortalDard>neutria</inbyPortalDard>
      <icingMigrate hajji="lumpersRuption" yankee="buncos">
        <nitrosoAboutDulcid>phoenixScillas</nitrosoAboutDulcid>
      </icingMigrate>
      <chammyAnnihil>
        <kinkingMegaara>magnumDiptych</kinkingMegaara>
      </chammyAnnihil>
      <haideeNepUncorks balanteRikariThrong="6" cotta="98667340">
        <mayfowlTrafficDomini>mundleGlaucicCongoes</mayfowlTrafficDomini>
      </haideeNepUncorks>
      <duct backetAhaSanche="93672595" porcateNimrodsVerglas="mobbleGaleus">
        <yumanGanzie>58999</yumanGanzie>
      </duct>
      <gymnureDecharm amunamXystoi="tweegEzba" avast="antiNochtAmidone">
        <bibulusKazi>akeneHelen</bibulusKazi>
      </gymnureDecharm>
    </nielledAugitic>
  </forbowLoadedGomeral>
</scouthDuntle>