<?xml version="1.0"?>
<sandboyProsesTonlets>
  <galliot kamiasRefused="gulgul" eyrie="3" />
  <stge lanugo="thoftDecilTropins">
    <glasses>
      <rancidDwayne>dun9175</rancidDwayne>
      <cav riginal="heaumeMottleClaypan">
        <jauntyTreille>kronionNemasShrieks</jauntyTreille>
      </cav>
      <exodoi siegurdMoneysWanely="50985" sassImmew="stellaLoxiaDure">
        <bellicGipsireTimings>unsnarlReglowsLintols</bellicGipsireTimings>
      </exodoi>
      <disardBowknotMilling>
        <engrasp>beshakeBesaint</engrasp>
      </disardBowknotMilling>
      <gonadic>
        <escorts>bumaloeUrsukFirs</escorts>
      </gonadic>
    </glasses>
    <forloinCation>
      <moiderThammuzBushwah>missaid</moiderThammuzBushwah>
    </forloinCation>
    <eugeniePaversBacons>
      <chullpaMacule>7113856</chullpaMacule>
      <jervine takeoutWintersReoffer="exedralBypPalter" phiz="undateCamauro81">
        <dekeSarawan>iononesAbolete</dekeSarawan>
      </jervine>
      <yows suretySunroof="docents">
        <valorem>simkin</valorem>
      </yows>
      <xctlSering aimersKibbler="dialedReesle" messias="velouteAvenged">
        <dunkers>payoutCabbing</dunkers>
      </xctlSering>
      <shakes sambarThacks="zoealSpicous" chosenTradalVolcano="micklerBarcanDeduced39">
        <vingolfEnskyedOsseter>exalateEnatant</vingolfEnskyedOsseter>
      </shakes>
      <dennetShimmey alviaPupa="honkersBrassicRebaits" camogie="bucayoCarpale">
        <oxcartsUncrimeQuat>congeal</oxcartsUncrimeQuat>
      </dennetShimmey>
      <expugnBuzzerRodster>
        <bulwark>glide</bulwark>
      </expugnBuzzerRodster>
      <reloads>
        <rimersGaleae>22518181</rimersGaleae>
      </reloads>
      <jarringGedder vepseMoated="grizardAmoebas" upwoundZehner="goys">
        <mashies>pierisDerry</mashies>
      </jarringGedder>
      <sailedGested porksPatins="twinedFerlieBarchan">
        <kingdom>timpaniQuerela</kingdom>
      </sailedGested>
    </eugeniePaversBacons>
    <maiden>
      <roddBraches>yareTetric59</roddBraches>
      <buro splinedPhilomeSnaked="bauderyChooky">
        <snitzRapiers>7</snitzRapiers>
      </buro>
      <janglerFittedSoldi odourTaurini="dabih" cimbricPosaune="875324">
        <skiffsBaidakSwertia>ldg2509</skiffsBaidakSwertia>
      </janglerFittedSoldi>
      <foxtrot>
        <quean>bebusySmirkerServer1726</quean>
      </foxtrot>
      <anaemicGretel>
        <skaithyUnvenomHelium>culterOctects</skaithyUnvenomHelium>
      </anaemicGretel>
    </maiden>
    <hushful>
      <linoxynBirl>hanBruited</linoxynBirl>
      <arrtezAscidia evoluteElfins="ciders" thirdsAnisoin="angelsQuashee5759">
        <civoryIcefall>tonight</civoryIcefall>
      </arrtezAscidia>
      <meebosEperva funebre="riant" wanhornHemipodCapivi="aphidsTektite">
        <verry>shewed9425</verry>
      </meebosEperva>
      <diptote>
        <cystedHaddenFeds>muralsYate</cystedHaddenFeds>
      </diptote>
      <chiliesCommark ratersMacersMarvel="rouseGrummel689" towmondSwings="lushyDeanerFlotsen">
        <lancelyKokakoSeawans>convoysHones</lancelyKokakoSeawans>
      </chiliesCommark>
      <mutesCan sellateChromas="sauls" aramids="riboseQuarles">
        <ceorlsWraithGeebung>barrico</ceorlsWraithGeebung>
      </mutesCan>
    </hushful>
    <coesiteSoth ithiel="hoodsCateranOsirian" binned="spannelWarmths">
      <wishramInroadsStinks>pelargiManbaSinuate743</wishramInroadsStinks>
    </coesiteSoth>
    <bassa>
      <duncesVamure>muntjakIdletyCubito8</duncesVamure>
      <scufferBeyonds lyric="teliCoempt">
        <bajoccoFldxt>sinalDharmasTabus</bajoccoFldxt>
      </scufferBeyonds>
    </bassa>
  </stge>
  <whuskieBelowRekeyed>
    <annoyerInyoke gnoff="farcied" alfaki="611517" connex="preesBemaulAditus">
      <seizors>toplike</seizors>
      <voyaged seftonTerrace="feuteBezzo" kraitsUfs="dawdyMesser">
        <zaribaAlives>pivoterVergedRinka</zaribaAlives>
      </voyaged>
      <gotchyOverbuyDeduit quiniaBabassu="wombats8">
        <alewifeUsurporMarys>6</alewifeUsurporMarys>
      </gotchyOverbuyDeduit>
      <trachea sagumBottlesBelibel="outsailZymase">
        <downGarbledYirm>barretsWaseKirtled28</downGarbledYirm>
      </trachea>
      <bergyltBlee>
        <cumaeanSpaught>clemmedFosters</cumaeanSpaught>
      </bergyltBlee>
      <poiluMuzzlesCurette chanstCloversKrooni="zoll">
        <jinksChinar>maipure</jinksChinar>
      </poiluMuzzlesCurette>
    </annoyerInyoke>
    <brickly>
      <adalatSwung>452485309</adalatSwung>
    </brickly>
    <sharkyTilda>
      <spatingBihariTind>thanageFeoffedFloey9715</spatingBihariTind>
    </sharkyTilda>
    <keld>
      <fungous>leonis</fungous>
    </keld>
    <adjutorForbyDahs lapfulsRatites="thickerSaddikSecedes" limmock="736" fakeryDirhemRoseola="totter">
      <heptyneNeogamy>2091370</heptyneNeogamy>
      <filosaInclineStopple>
        <waggieTutorsTarnish>uracilExcussClast</waggieTutorsTarnish>
      </filosaInclineStopple>
      <pronoun phalliSonatas="zoacumZenonicJosiah5" teargas="tiepinInfo811">
        <fatuousBittiumLyophil>dizzard</fatuousBittiumLyophil>
      </pronoun>
      <borine>
        <amylicWhensSolum>peasMuckerDorlot</amylicWhensSolum>
      </borine>
      <bedarePonceNoetics fecund="naziismPitsaw">
        <mukluksJalapaBicone>capaxEsere</mukluksJalapaBicone>
      </bedarePonceNoetics>
      <polio poetessBadder="squirmsSaharaGlaizie" urnismJabbersKulaks="xerosis">
        <tess>lodur</tess>
      </polio>
    </adjutorForbyDahs>
    <isatisOneillDefoul>
      <pelmetGugglesRems>hopsageModelerLilacky62</pelmetGugglesRems>
    </isatisOneillDefoul>
    <paradedNumdah>
      <desman>deck33</desman>
      <wyne swathsDeemer="39" yogist="adultlyTink322">
        <altheasYuitSilkie>22508895</altheasYuitSilkie>
      </wyne>
      <syntony>
        <chanca>lite</chanca>
      </syntony>
      <bantSkanda>
        <finger>banyoroElohimAbluent</finger>
      </bantSkanda>
      <hurry aerariaMichiel="kieranWhiffer" effeirBorghiRappen="donzelCrewingRedefy">
        <kimcheeTrioxidOilily>oursels</kimcheeTrioxidOilily>
      </hurry>
    </paradedNumdah>
    <nitridsMonksWarch>
      <onymyCarmelaSheepy>326</onymyCarmelaSheepy>
      <thinglyAssignsTarmac shiismOmenedJocasta="2487">
        <gunyehUnslogh>kristin</gunyehUnslogh>
      </thinglyAssignsTarmac>
      <johnWhomTwills sandiaDivan="ilicin">
        <mucigenSorcer>stanlyChazy</mucigenSorcer>
      </johnWhomTwills>
      <vitta mediaryCindieUnjaded="turgorFiacresTaxing">
        <yeta>evolateBuffed</yeta>
      </vitta>
      <nuagism retinalAttery="testudo" gunnelsZooterPater="strayed">
        <framPrepupa>auxesesRefugeBeento61</framPrepupa>
      </nuagism>
    </nitridsMonksWarch>
    <typica>
      <pharynxDemo>untipsy</pharynxDemo>
    </typica>
    <hydroxy>
      <rollickPoriteLooting>sayestHonanBallat</rollickPoriteLooting>
    </hydroxy>
    <skatolAbyssus>
      <subfixSelionSyphons>palmaryJerkers8</subfixSelionSyphons>
      <baylike iddhiAirbagsWheens="casketBisesPionery" lampfulHued="fusteeChenicaVassal">
        <gigueKhojah>actinicGomeral</gigueKhojah>
      </baylike>
    </skatolAbyssus>
    <speckleScaroidDeglaze>
      <lids>812108305</lids>
    </speckleScaroidDeglaze>
    <jabbingClevisVolcano>
      <cistic>6618</cistic>
      <daggedTopiaKudos olsonBopNyanza="opponeElon" calla="43">
        <recastsFloss>cuisineAmahsDanelaw</recastsFloss>
      </daggedTopiaKudos>
      <habukaNina empties="choileLarcherArtiste" spatio="rentesBindisNidgety46">
        <implate>fleecesDownlie</implate>
      </habukaNina>
    </jabbingClevisVolcano>
  </whuskieBelowRekeyed>
  <dannerNempneThig devinctLactam="ragnarMegerg" wystyFevered="anorchiYobbosSorbing" stiltsAtomizeGemaric="385619">
    <trofferTuant>
      <yajenin>pythiad</yajenin>
      <plead buffed="epochsTankardJophiel" coolOriform="789040555">
        <amounts>chiasmaNae</amounts>
      </plead>
      <soke>
        <wormierBendeeAlly>witjar</wormierBendeeAlly>
      </soke>
      <maybushBurger leoniteMorelsFewter="tappoon1381">
        <wrinkleTrolled>lather1603</wrinkleTrolled>
      </maybushBurger>
      <bescarf pogrom="biopticTympan" rotlSoohongEoan="gingleSticta5429">
        <doubts>intrust</doubts>
      </bescarf>
    </trofferTuant>
    <pratesSarus>
      <gemmaryBoris>parkyUsques</gemmaryBoris>
      <mincier>
        <squinsy>finDogy</squinsy>
      </mincier>
    </pratesSarus>
    <unalist pokieSavorerLadang="show" resides="jazeranAchage" waning="2629">
      <bareAdown>sadismQuipper</bareAdown>
    </unalist>
    <airbill>
      <magnonJennier>striaeCassoon</magnonJennier>
      <craggedEsrogAbience>
        <hairenPollan>raninaeCathole</hairenPollan>
      </craggedEsrogAbience>
      <talloteSewCarding squawlPausing="ethinylGoringRelaxed" attarYakin="7626167">
        <gableDurnedDogmen>468753</gableDurnedDogmen>
      </talloteSewCarding>
      <tremble pertuse="urgenceTrillet">
        <pickupPwca>wergilOutpealFurtive</pickupPwca>
      </tremble>
      <areola>
        <gunz>gangismSlippy</gunz>
      </areola>
    </airbill>
    <lopAbleezeEntoils>
      <deleadSerapeBdft>pelick</deleadSerapeBdft>
    </lopAbleezeEntoils>
  </dannerNempneThig>
  <adaptZek>
    <staypakTumours wakambaMassula="succubi" pathy="572979">
      <fraillyErses>vivificStary</fraillyErses>
      <oversumOsphereTautens grisRomanzaTories="basks">
        <mondego>daimiosDods</mondego>
      </oversumOsphereTautens>
      <belsireVastus thoftDozener="92858">
        <stuber>onionsOpacifyWattmen</stuber>
      </belsireVastus>
      <hectic epizoalChumulu="855225804" samara="struvSexfoil">
        <contiseMagentaSmoot>26292</contiseMagentaSmoot>
      </hectic>
      <ravel solvusTritorMaru="devalSluit" tskedPoetess="371350">
        <webwork>aaruCozens</webwork>
      </ravel>
      <peris soler="2891" nearly="9213">
        <uri>naivestGeoids</uri>
      </peris>
      <hulseanBleared bugan="schmoos" paynizeKagura="keenlyElfwort">
        <oilmen>thivel</oilmen>
      </hulseanBleared>
      <untill>
        <cicelyPetersPayer>patholKurgans</cicelyPetersPayer>
      </untill>
      <sulliedZoonuleMueddin>
        <trypticCruxes>mulloid</trypticCruxes>
      </sulliedZoonuleMueddin>
      <sepiaYelping bescurfGlottidBago="205026">
        <bolete>volumeBargee987</bolete>
      </sepiaYelping>
    </staypakTumours>
    <tracesWaft>
      <pickledFstoreTrio>uncoredRetypesTulisan</pickledFstoreTrio>
      <homeownTrailed heuvelLoners="untapedAirmassScads2764">
        <scapoid>halfUpcutHunker75</scapoid>
      </homeownTrailed>
      <dionymQuam>
        <strokes>pennonCokes</strokes>
      </dionymQuam>
      <groups>
        <reworksTorrifyManiu>shewerLimbXyla</reworksTorrifyManiu>
      </groups>
    </tracesWaft>
    <gabblesPaquet>
      <avsharBlondes>wavable</avsharBlondes>
      <focusesDuredMonilia coltishNervily="cumquat">
        <mean>fam</mean>
      </focusesDuredMonilia>
      <naresMoolum>
        <yfere>4825</yfere>
      </naresMoolum>
      <rethrow>
        <coshAntlidMks>6</coshAntlidMks>
      </rethrow>
      <gharnaoAdv>
        <holFatherFretful>rimplePavoneTakers201</holFatherFretful>
      </gharnaoAdv>
      <vulturnTanners arak="jaegars" tench="saccos">
        <dunter>spoons</dunter>
      </vulturnTanners>
      <letoff orkhon="4" quietenUnjust="hildingBotoyanBlurb">
        <pentode>dinersBossagePeludo</pentode>
      </letoff>
      <pilikiaMidleg>
        <picein>ospore</picein>
      </pilikiaMidleg>
    </gabblesPaquet>
    <lerwa>
      <satinsMaddens>feds787</satinsMaddens>
      <class madurosRomana="fazingHunchyAffects" feazeKirking="train">
        <mattinsOctoadWhippa>hontKelts</mattinsOctoadWhippa>
      </class>
      <clarkia bilderMincerAcequia="aloxiteBrunet">
        <beliteOdaller>puistieRecenseWaxbird4</beliteOdaller>
      </clarkia>
      <stroy garooHins="4462649">
        <dictumsKopi>788725</dictumsKopi>
      </stroy>
      <spuddle>
        <flatbed>999190</flatbed>
      </spuddle>
      <ungular>
        <largetLimitalOffside>moolvee</largetLimitalOffside>
      </ungular>
      <tempt yairdsSeigeSouping="7746264" loup="dernWincesCrisply">
        <laitiesRiskedGasman>922523817</laitiesRiskedGasman>
      </tempt>
      <glakyFreshedArils>
        <fordedHolla>5480</fordedHolla>
      </glakyFreshedArils>
      <malayanAlmude>
        <engrege>palacedRunoffSuingly</engrege>
      </malayanAlmude>
    </lerwa>
    <welchAgritosBajada>
      <perrierConch>plotsNet747</perrierConch>
      <sawingsGladen scabineBehestKama="clompedSepoy">
        <trifled>fernyNatrons</trifled>
      </sawingsGladen>
    </welchAgritosBajada>
    <foysen>
      <zilchUnannexSeiner>palatalShrubAzides</zilchUnannexSeiner>
    </foysen>
    <autismChimersAhmed>
      <reflairSubunit>papawsEgestBedded234</reflairSubunit>
      <abreastMendee mitisesUpblastSoroban="32759" quarionNymphidOutpour="anadromEvejar">
        <keyword>shinyWambugu</keyword>
      </abreastMendee>
      <kopeks ethanimUncowlDodding="asseizePavenQueened">
        <kotyleKanyawBonace>constGummous</kotyleKanyawBonace>
      </kopeks>
      <pursingSaxonsDebrief>
        <pcm>kahawaiSurelyHowfs120</pcm>
      </pursingSaxonsDebrief>
      <flingerTeams>
        <cygnus>barkeyAmazulu</cygnus>
      </flingerTeams>
      <mountNotedly monieSpruerBourout="knittiePuerer">
        <metze>bones</metze>
      </mountNotedly>
      <guayabaTollon>
        <coinedAsseverNeascus>bodhiPuky</coinedAsseverNeascus>
      </guayabaTollon>
      <mattiPeuhl plakatSissierNappie="moudieHoper">
        <podsUpbind>8739</podsUpbind>
      </mattiPeuhl>
    </autismChimersAhmed>
    <trompesTownieUpwhelm pippins="ulexiteKieSwarth">
      <miskept>kushaKahawai</miskept>
      <realia steamsAvives="meathe" prattyPiercelTensely="hectorsPipitVulgo3">
        <toonaGulist>knobbed</toonaGulist>
      </realia>
      <noyantConfestExtract logship="beguileShangyParises">
        <trottedWark>rewakes</trottedWark>
      </noyantConfestExtract>
      <rewovePrinkedTinamou banketOaritisOdonate="papish">
        <daymarePlaners>claspsThroe</daymarePlaners>
      </rewovePrinkedTinamou>
      <pte sniggleOlepy="cleftsCommotIndults">
        <hockersWaspier>sabrasTighter</hockersWaspier>
      </pte>
      <armata visarga="erectSolachIzard" appale="cholateExaun7835">
        <babbles>analyst</babbles>
      </armata>
      <tassah flankedAlmon="yowtCaloyer">
        <henpeck>thubanGrippedDenudes</henpeck>
      </tassah>
      <smidgeFilmyVacatur frixion="vagancyDendral" elytrum="tergum">
        <coheads>14612</coheads>
      </smidgeFilmyVacatur>
      <mergers gestaeCarambaHedges="haedJuneau8" gleneWhisk="angorBedsick">
        <wedfeeLavage>wergil6</wedfeeLavage>
      </mergers>
      <fjorded>
        <sallyCryptalLores>illupiTankas</sallyCryptalLores>
      </fjorded>
    </trompesTownieUpwhelm>
    <unpeelReffedOutsigh>
      <cribber>straw</cribber>
    </unpeelReffedOutsigh>
    <monachiSabs>
      <hemuleBulbedThick>casingPetitsClique</hemuleBulbedThick>
      <blunkerCaslonDustuck>
        <nerviiSoupierDag>edictumAheight</nerviiSoupierDag>
      </blunkerCaslonDustuck>
      <daffsBoun>
        <hewtTiglonMenise>pourersResinsRigger</hewtTiglonMenise>
      </daffsBoun>
      <palmeryHoju>
        <changa>elegit</changa>
      </palmeryHoju>
      <mistook rizzomAttunedOrmers="mesuaHelldogUnnest" flatcapEgglessArgema="631">
        <adepterFostell>dolors</adepterFostell>
      </mistook>
      <sarees cedared="70">
        <divanPrieBrendan>532391</divanPrieBrendan>
      </sarees>
      <minorsMisease deanedBusiestJealous="sinapinDtset" wallaGibaroUmbel="pudgeBundiesChop">
        <mudsShickerLiver>789136146</mudsShickerLiver>
      </minorsMisease>
      <dibber acridanUndon="fitlyMercalEarlobe" amuyong="atriaMolds">
        <allureBemixed>frogsEmbrakeLeaped</allureBemixed>
      </dibber>
    </monachiSabs>
  </adaptZek>
  <gimFinks jaipuriKizil="bonnily" plating="hoblobDwaibleDisnest" skid="baalsReavows" frillsRumblyHabble="subsale">
    <badaud>
      <lynxesNevelWheem>caskingSlipupsKalpa</lynxesNevelWheem>
    </badaud>
    <outspueLyncher>
      <redream>mamzer</redream>
      <happierWinerEffare alifAholdsDzerin="evilerPizzlesSeroot">
        <unsaneMammer>1</unsaneMammer>
      </happierWinerEffare>
      <powwowsCestrumPraiser outhear="gailyCribbed" chives="7">
        <esculicLeyland>espinoLudwigThorons</esculicLeyland>
      </powwowsCestrumPraiser>
    </outspueLyncher>
    <donaryMortise>
      <chymify>brinerTampTomines</chymify>
      <dansantAirthed jondlaFusainsShoor="abatersBanghy" multicsDimesKeeks="wompBoart">
        <alarmGhyll>prefillCometsTurney682</alarmGhyll>
      </dansantAirthed>
    </donaryMortise>
    <doney layoffsJesper="dumbcowSwaddleCorpora9">
      <nitridsEnvenom>terence</nitridsEnvenom>
      <tutory>
        <isogrivFaunulaFlied>929</isogrivFaunulaFlied>
      </tutory>
      <koryak noosedRadiataObb="resow6425" dabsterTotes="ebbed">
        <upsoars>rochetsKipperGrysbok</upsoars>
      </koryak>
      <ilissusUpstampAmenty>
        <ayapana>29190</ayapana>
      </ilissusUpstampAmenty>
      <drawSail refoolSkanceDarin="puna">
        <pealingEnticerTonical>sonlikeBenshi</pealingEnticerTonical>
      </drawSail>
      <gouger stroyChowses="9">
        <moghan>aswailPycnicRuth</moghan>
      </gouger>
      <lowwood cloghad="camara637" tamber="25971">
        <garum>haloedGranchFecks5</garum>
      </lowwood>
      <utilSmelter terning="76653559">
        <mumpedFridayTagala>bugletProcere</mumpedFridayTagala>
      </utilSmelter>
    </doney>
    <snowdon>
      <wysty>anaquaSwingPangaea</wysty>
      <referFient>
        <futuresRuntish>58</futuresRuntish>
      </referFient>
    </snowdon>
    <dauntedMayntAgin>
      <gorglinEnigua>845664899</gorglinEnigua>
    </dauntedMayntAgin>
    <pinacesAumaga>
      <duendeLacunes>solutioInducedSpawns</duendeLacunes>
      <idalian siphoidSarsi="chabEmusDuo" laurent="808674312">
        <ssortScolb>regivesSocageCessio</ssortScolb>
      </idalian>
      <amoroso beldamsPiniest="243353871">
        <refightNonform>facesSuaedaKohl</refightNonform>
      </amoroso>
    </pinacesAumaga>
    <hoiseLustra>
      <alisoRefeign>gnosticBogatyr</alisoRefeign>
      <diallelVertusAldol bazoos="thrinaxLooiesTurgite" achageTunning="5875">
        <jigsBeefierCanidia>defat</jigsBeefierCanidia>
      </diallelVertusAldol>
      <ogamsPomonicOctadic kneelet="loyaltyOval">
        <snecksDeles>amidaseTataupa151</snecksDeles>
      </ogamsPomonicOctadic>
      <upgraveToshery>
        <juicierJark>dawksUrunday</juicierJark>
      </upgraveToshery>
      <agujonMuggsFooyung forliveHookerDae="cathudAmused" rugineEgoityUpas="sabotPsyllidTopass">
        <isobaseShams>chalque32</isobaseShams>
      </agujonMuggsFooyung>
      <tillers alliceBewigs="bobbish">
        <corinthMopaniCulm>sweatsClee</corinthMopaniCulm>
      </tillers>
    </hoiseLustra>
    <apinchPadre>
      <ebons>licitFiascosLadings</ebons>
    </apinchPadre>
    <splents zoneLazied="regardsDicerAntisi">
      <alignsBlowier>jewship</alignsBlowier>
      <garad mbd="orthros">
        <racquetTurrionLonges>9</racquetTurrionLonges>
      </garad>
      <walpapiWaragiSterlet>
        <lintieIsogone>gregoFalcoDisruly</lintieIsogone>
      </walpapiWaragiSterlet>
      <respellYeshivaTishiya hopbush="9524" tydieJeererYocked="pales">
        <holdallFirerRustler>rahulLieAeolis9</holdallFirerRustler>
      </respellYeshivaTishiya>
      <hausaPudgePhotons vertCharlieAllayer="sonlikeMode" aidantMitis="wrothePangenBandora">
        <quartoGlagol>octroyTaenian</quartoGlagol>
      </hausaPudgePhotons>
      <luddenHeeler>
        <aarrgh>cajanFriend2</aarrgh>
      </luddenHeeler>
      <cirlWarbler unicum="hitters" sheSouple="argal">
        <grows>tory</grows>
      </cirlWarbler>
      <tilpah damarsLitmusHaida="6">
        <dandie>assary</dandie>
      </tilpah>
    </splents>
    <rubyRcpt>
      <plash>buffingAttacus</plash>
    </rubyRcpt>
    <summery>
      <nighingSwinkerFoeman>bidarPlexalMurrhas</nighingSwinkerFoeman>
    </summery>
    <nereidsBasta houdanLooks="routesJokyFarleu">
      <venomsErwiniaFrison>lowellMarrys25</venomsErwiniaFrison>
    </nereidsBasta>
    <osmanieUndye>
      <pythicUncalkFermage>kyloPrp</pythicUncalkFermage>
      <elegize thioFalunsDudes="tungos" mingleMeindreApparat="veeryArrowedSpave1">
        <popess>dipnoid523</popess>
      </elegize>
      <leewayCave>
        <accusedCieInliers>susRnd</accusedCieInliers>
      </leewayCave>
      <vulnose>
        <plucheaAsswageSheets>tesseraSakerIacchos1234</plucheaAsswageSheets>
      </vulnose>
      <lyricsDagaba neyanda="denda" esodicBogiesCruster="totter">
        <puggiRearms>resewn</puggiRearms>
      </lyricsDagaba>
      <yenning strakedJalops="inwallMallardMesally" sophismYaffedGhazi="avijjaReutter">
        <tutelar>48</tutelar>
      </yenning>
      <uredineCabotIridize>
        <squeamyZanies>55</squeamyZanies>
      </uredineCabotIridize>
      <bibblerCannerStrayer ramean="wurstPhulwa330" leadierPomoloCraal="pagurid">
        <psocidFikeUngaro>whorle</psocidFikeUngaro>
      </bibblerCannerStrayer>
    </osmanieUndye>
  </gimFinks>
  <acerli nobbut="cherieMisdoesSoaker" />
  <xenosBlesses>
    <painsBlisses>
      <adnate>cursCityRand</adnate>
      <nigglesThow daunCordsDeflow="447511" bunkeryDipus="nutriasFifersGaub">
        <orallyBreba>3037</orallyBreba>
      </nigglesThow>
      <fretfulDurocs childlyRelistBagre="candled215">
        <yald>indicHabnab</yald>
      </fretfulDurocs>
    </painsBlisses>
    <babbles nifeBoatelTotter="angulePolice" cumarAuraExplida="68073" nestlerUndatedDorse="menukiRinsed">
      <stimAluminePegwood>66</stimAluminePegwood>
    </babbles>
    <scrapy>
      <kizilSaugersLaster>pintsFocsleJerker9</kizilSaugersLaster>
      <toadFlyoverMartyr>
        <scase>9652961</scase>
      </toadFlyoverMartyr>
      <hedebo>
        <conteckShahid>chrobatAudubonSpanule73</conteckShahid>
      </hedebo>
      <beprideTomenta>
        <pythonsBedders>kinkierDarbyConcert</pythonsBedders>
      </beprideTomenta>
      <scab zyrianRaddingDyed="gurianPleiads">
        <borascoAvital>leeshyyJism</borascoAvital>
      </scab>
      <intransCowpock mytholAnkylos="skookumOrbitedNowaday" penocheCampagiRemints="hides">
        <salvo>closky</salvo>
      </intransCowpock>
    </scrapy>
    <airingMalarin>
      <azido>24732705</azido>
      <tai haredTipplerAxils="sloshedYacataAuntish">
        <technicThermit>bircher</technicThermit>
      </tai>
      <muscats kelekIterantSken="841273" oneidas="titano23">
        <intentOutputs>mazier</intentOutputs>
      </muscats>
      <sobber>
        <utopianXxiiiMillets>obfirmCaecalTymbal</utopianXxiiiMillets>
      </sobber>
    </airingMalarin>
    <bagfuls pioneer="bowboyPhytic" azoxyChital="97499">
      <selfsTiroCoreid>hurtedPiteousPager9</selfsTiroCoreid>
      <alleleOdaJanker prelacy="calipeeAcinicDot" franciaGates="pultun">
        <exploit>besantOpusesFiaschi</exploit>
      </alleleOdaJanker>
      <yonicLamanoCrownet goldeyeEidos="hattiLamsFiancee">
        <mirligoGladlyLipid>tuneupRecork292</mirligoGladlyLipid>
      </yonicLamanoCrownet>
      <kyathoiScutch>
        <lug>briberWillJunkier</lug>
      </kyathoiScutch>
      <gravelyAcaridPinhold triglaEucgia="chimla7">
        <daysFelwortAlvine>ecodeme</daysFelwortAlvine>
      </gravelyAcaridPinhold>
      <gibelGenepiTrodden hissed="archsinSawmon">
        <pringleArgenol>lemurSwat5068</pringleArgenol>
      </gibelGenepiTrodden>
      <kiwach>
        <kifMimulus>3641395</kifMimulus>
      </kiwach>
    </bagfuls>
    <behearsDinkaLatera>
      <nonbookFrumpSeqwl>fangoSmaltzGrimful2</nonbookFrumpSeqwl>
      <makua guiba="kudrunSpookedUntaken">
        <scamlesEbbets>barbal</scamlesEbbets>
      </makua>
      <repeatGinney>
        <papingoNepotic>regill</papingoNepotic>
      </repeatGinney>
      <iter chirre="croppiePupeloUni589">
        <loca>862182</loca>
      </iter>
      <chaserSoot uneatenTosh="speenAsideuCoater">
        <photom>fuguingOrpin302</photom>
      </chaserSoot>
      <sqrtComet>
        <peele>weheeTarapinImpest32</peele>
      </sqrtComet>
      <titisOctagon>
        <storedDino>robbingChiScrip</storedDino>
      </titisOctagon>
      <orotundSororal jokersFossae="fiorinLunataTossing">
        <gneissyQuesalLuffas>disksCuddled</gneissyQuesalLuffas>
      </orotundSororal>
      <offereeHornitoSerring stumourMeatheRobinin="grazesTruishSubvene4">
        <geraraBrocheOracles>kyklopsSaccade</geraraBrocheOracles>
      </offereeHornitoSerring>
      <naevoid mispart="cymoidRegulaAyin">
        <gossipyKennetFrisure>1950</gossipyKennetFrisure>
      </naevoid>
    </behearsDinkaLatera>
    <knopper>
      <nadOgling>opsyGeodIrma1</nadOgling>
      <plowmenEnfinAmort munsif="fixated" teem="46">
        <culprit>siverKudosLechea</culprit>
      </plowmenEnfinAmort>
      <laighs>
        <jatobaXctl>45669701</jatobaXctl>
      </laighs>
      <upsetCuffin>
        <katie>stimuliGriecep</katie>
      </upsetCuffin>
      <vivekPerulaFoochow thalliStogeyEonisms="maja" paliestRemoved="880">
        <amenderRompersEducive>vice</amenderRompersEducive>
      </vivekPerulaFoochow>
      <godless raisineLvov="tritylDianite" anginas="dotoExeat">
        <ciwies>sold664</ciwies>
      </godless>
      <titisLimliNyxis utinamSoledHazing="motts" neifsClasptDisform="limaceWhiffer">
        <colonusPedalerDramas>7</colonusPedalerDramas>
      </titisLimliNyxis>
    </knopper>
    <potmenThanaBargh>
      <legDenebIpse>locutorSpurdie</legDenebIpse>
    </potmenThanaBargh>
    <flob>
      <plosiveLaccinLohock>smytrieCagily</plosiveLaccinLohock>
      <funeralEnglyn dynamicGrakleFuse="lotteDusting">
        <disrout>sim</disrout>
      </funeralEnglyn>
      <dittonHapale>
        <kartCariban>4873</kartCariban>
      </dittonHapale>
      <banksia zelant="159999">
        <arbiterZareeba>clusiaHarshenDuomi</arbiterZareeba>
      </banksia>
      <boaters divotsJefeRother="mailEgolGoran" aditus="82">
        <fornixHopSponges>taxying</fornixHopSponges>
      </boaters>
    </flob>
    <tollmanCaslon>
      <accreteCicerFugued>dick</accreteCicerFugued>
    </tollmanCaslon>
    <wasted>
      <accoyed>68</accoyed>
      <torridWarmful engridBursati="editorMarchedSuper74">
        <nasitisSowse>sieclesPlumbed</nasitisSowse>
      </torridWarmful>
      <disused wheresoBlightsHearten="cotefulProvers5" peaksSturochBloomer="retiralRantoonTopeng">
        <pareusGarrotKiss>atrypaRagazze</pareusGarrotKiss>
      </disused>
      <atavist>
        <pensumFreespDigest>gilded</pensumFreespDigest>
      </atavist>
    </wasted>
    <viuvaSovran>
      <reaches>obverseTanghin</reaches>
      <faeriesBlesseAmniote haafsWishImpeder="ragoutsUtchyAnormal" epylliaAffinal="129">
        <carouse>yarr8611</carouse>
      </faeriesBlesseAmniote>
      <cacique niterAnodizeCanasta="manius">
        <holpPodsnap>ocelli</holpPodsnap>
      </cacique>
      <latronSilos lyaseParnasTangoed="batletCelesteHaab" servers="fibrinGalvoTheism">
        <kedgy>7513</kedgy>
      </latronSilos>
      <hereClef backedRecrown="4228">
        <fezzesDentata>librate</fezzesDentata>
      </hereClef>
      <titteryGraspedUnpaint lamiumPisWomerah="732" suesStoviesBulged="mantramNumps">
        <sagamenKinfolk>henwife</sagamenKinfolk>
      </titteryGraspedUnpaint>
      <welficElbowy>
        <halmsTyroid>shilloo</halmsTyroid>
      </welficElbowy>
      <trt cuthealZygous="scleraLiknonUnmixed">
        <vefryLanchReeling>mobedSejant</vefryLanchReeling>
      </trt>
      <retamaLaure factishNonettoGermin="resoak">
        <aes>38767507</aes>
      </retamaLaure>
      <shakierLab>
        <sordsEdnaOverdue>400433</sordsEdnaOverdue>
      </shakierLab>
    </viuvaSovran>
    <adangle>
      <skelvyOtarineDare>pullers</skelvyOtarineDare>
    </adangle>
  </xenosBlesses>
</sandboyProsesTonlets>