<?xml version="1.0"?>
<awrong>
  <cleamer />
  <pacuSabuja mouesLoamilyRetree="burySur3" mesennaRatti="490329" upspin="544540" daimyoBalasesSprue="bumpyNecktie" />
  <kissingBauxite tailzieResoakRelink="uncauseFaddish" wethersTonga="tetchedAriels">
    <ochranaCottarsIntreat>
      <blvd>129407</blvd>
    </ochranaCottarsIntreat>
    <cabalic>
      <majeureLichi>seedier</majeureLichi>
      <recentAddaTired>
        <boheas>pester66</boheas>
      </recentAddaTired>
      <malistDengue>
        <pobedyHinneyScoke>hexs</pobedyHinneyScoke>
      </malistDengue>
      <seinerLampic sultanyFrisco="6585510" selectsOzonid="16683356">
        <vires>aworkVinyonBillard</vires>
      </seinerLampic>
      <papistsCampit>
        <unbegunKinky>osirifyPmsg27</unbegunKinky>
      </papistsCampit>
      <widdies>
        <pahariaArach>sinkLichi</pahariaArach>
      </widdies>
      <unwrest hiccupTiering="reposesCoz23">
        <reown>ethanal</reown>
      </unwrest>
      <helmsOrotund ejectaTossDeclare="cops" unsawed="versantStowce">
        <unfrizzCoisns>zonite</unfrizzCoisns>
      </helmsOrotund>
      <odaxConoidWrothy wivingGlt="19952" pilcornPoruleTricky="740786">
        <yuncaPeratesCyath>757043284</yuncaPeratesCyath>
      </odaxConoidWrothy>
    </cabalic>
    <baymanJon>
      <stooksAlmsmanSmeeks>farinaRagefulHariffe</stooksAlmsmanSmeeks>
    </baymanJon>
    <stretch>
      <puzzlesChapper>unlathMelds</puzzlesChapper>
    </stretch>
    <rhilaFifers>
      <mancusPutout>cinchaDuloticPottier</mancusPutout>
    </rhilaFifers>
    <postboyChumpsVexilla>
      <lethiedKnutTestoon>turfenAmatoryNawt</lethiedKnutTestoon>
    </postboyChumpsVexilla>
  </kissingBauxite>
  <schizo limierMulches="furdel30" inoneScunner="sordiniCibol" weepierBaggeAgons="phenyls12" pinto="kronionRackett" />
  <quokkasCoupledRufus dorianWhiskerWarray="735450" byroadTeth="grandoApnoeicYlems" barato="namers">
    <romanza>
      <rayonsApsidBumper>famish</rayonsApsidBumper>
    </romanza>
    <hefter relaced="singultMalaga6" apprestCamuse="uncleadTells" cariyoComFlirts="demeansHormistBetoyan">
      <hiplikeCussos>living2507</hiplikeCussos>
    </hefter>
    <goeduckPetting gittite="swopSafety">
      <erthenBona>4735045</erthenBona>
    </goeduckPetting>
    <whutter>
      <precoce>997781</precoce>
    </whutter>
    <pierrot shaulaHallelTechnol="caryaArcformRusma">
      <gangliaElritch>cumal</gangliaElritch>
      <gilliedJuicingKiku sunletMonteraAzonal="mizarToother">
        <jirble>ducatoAurist</jirble>
      </gilliedJuicingKiku>
      <kenyan bail="decreePanowie">
        <ycleped>budwoodDavyum1</ycleped>
      </kenyan>
      <aslaverRecureIsmaili spate="accolleImboskRedrawn699">
        <tenueAdoptedFulgor>unnaiveSnaith</tenueAdoptedFulgor>
      </aslaverRecureIsmaili>
      <solanalJeeryCalzada unicornMesolePosteen="visemanBummest">
        <fraghanLuxatedUnhorny>leatman</fraghanLuxatedUnhorny>
      </solanalJeeryCalzada>
    </pierrot>
    <tandourEnableFinites>
      <babiismHummeri>figgumDipnoanCharca</babiismHummeri>
      <coodle nelly="tipupTrustSupari" jazzer="girja">
        <retestsTussursAblaut>2895</retestsTussursAblaut>
      </coodle>
      <probata>
        <satiateScholaePuzzled>quahogsGuttide</satiateScholaePuzzled>
      </probata>
      <stalags>
        <amorpha>chawiaNoritic</amorpha>
      </stalags>
      <encarpiUpsup macsGauges="lakerInkweedUredema" eozoic="lorLygeumSapors">
        <chilkatAcrite>morassyMaysinDora</chilkatAcrite>
      </encarpiUpsup>
    </tandourEnableFinites>
    <unsheerFlungGadean>
      <modelerScorperOkays>8</modelerScorperOkays>
    </unsheerFlungGadean>
    <bigwig>
      <petcock>tracer670</petcock>
    </bigwig>
    <kilorad>
      <pocosen>71</pocosen>
      <musicalPrioral flidgeBemaul="1451648" betidedBhotia="lappingMudded673">
        <wacOutgrin>9350338</wacOutgrin>
      </musicalPrioral>
      <relastTylus bugwortInfin="founder67">
        <bitwise>viniestPerseid5</bitwise>
      </relastTylus>
      <feteDiiodidTechnic>
        <nixies>aurated936</nixies>
      </feteDiiodidTechnic>
      <zoogeogBelike pycnid="694" apiolCuifsMaintop="sawSmiled">
        <reclassMotivoMobbism>flour1</reclassMotivoMobbism>
      </zoogeogBelike>
      <biprongBeaVel>
        <horaCohanimLigure>ripperGems</horaCohanimLigure>
      </biprongBeaVel>
      <chirrTwinter guiserIambOrnify="zambianBay" shewersPitless="3191">
        <kutchinAngela>trema</kutchinAngela>
      </chirrTwinter>
      <chakdar>
        <adetPodatusKoulan>assent553</adetPodatusKoulan>
      </chakdar>
      <dossyRinceau>
        <debussy>ecphory3</debussy>
      </dossyRinceau>
    </kilorad>
    <upbid>
      <totter>klosseCogwayTrouble</totter>
    </upbid>
    <xisHatingBlunts>
      <barad>zaburroRasboraSunglow</barad>
      <floristFixeGadwall>
        <racily>emotedAbrotinEuchres254</racily>
      </floristFixeGadwall>
    </xisHatingBlunts>
    <archit>
      <lintsBelleekTermors>tangly</lintsBelleekTermors>
    </archit>
    <gouraDattock>
      <ciseauxBeche>381</ciseauxBeche>
      <curtain iolitesVentageClaquer="sturnus">
        <doddieInhame>vamureCyatheaKasbeke</doddieInhame>
      </curtain>
      <geomysIrrisorHaj>
        <skimmiaGravity>stetsonInialSkidi</skimmiaGravity>
      </geomysIrrisorHaj>
      <pli>
        <jockeyPausai>628337566</jockeyPausai>
      </pli>
      <phytaseTeniae cymoseEam="wastierMaskegsWaup" studied="1774819">
        <dossingUndaub>plutoBlurtRosated</dossingUndaub>
      </phytaseTeniae>
      <grece macleRisberm="907570">
        <convene>twindlePinfishHandel</convene>
      </grece>
      <acamarAriaInfares blewits="slimish">
        <notoireHenoticMihrab>cerfoilGuenonsXylinid</notoireHenoticMihrab>
      </acamarAriaInfares>
      <listful depulse="vicarsReadmit">
        <cyeses>richdomWaniest</cyeses>
      </listful>
      <caffoyNoisesZantiot>
        <tilture>orcinusCanyonsWaired</tilture>
      </caffoyNoisesZantiot>
      <edestan teddyAnither="farced">
        <chivariWhereup>5360</chivariWhereup>
      </edestan>
    </gouraDattock>
    <aeratorRisers peleliu="ungamyRelacesScivvy" scovelWoundedChullpa="aymaranCubingBureaus">
      <midlineTenantOuabaio>narwalsSupremo41</midlineTenantOuabaio>
    </aeratorRisers>
  </quokkasCoupledRufus>
  <dankest leftiesRehoopSebundy="traptScatheRumicin" keresanTaxirPistons="matweed" usanceLacmoidThisll="18" />
  <cordalLunka gullets="puffyChakobu" deafenChalky="847122053" craddy="duolog" />
  <elatingLisped>
    <shirtyRenter>
      <boleroAbigei>maiaSleet</boleroAbigei>
    </shirtyRenter>
    <chaouiaQuadrin eluteGomeisa="upgaleCamacanCases">
      <askosTrothed>beydomPeacher5</askosTrothed>
    </chaouiaQuadrin>
    <absisUnau>
      <villeGraff>bilkingQuabird</villeGraff>
      <glutinFliffusCusped midgutsNeotenyFelwort="excussPaunchy" postilsConto="jassDowable196">
        <unhelmsGutwise>rebbesPedalsCtg</unhelmsGutwise>
      </glutinFliffusCusped>
      <galbanUmped mesteesHibachiGurgeon="encomyShadier">
        <drouths>banshie40</drouths>
      </galbanUmped>
      <chikee axifera="3">
        <adaweEntombs>523311</adaweEntombs>
      </chikee>
      <hicket>
        <thawyFucous>83875</thawyFucous>
      </hicket>
      <cellistTrivatPelts rheoCebil="karitiCermet">
        <drageeEncyc>dizzies</drageeEncyc>
      </cellistTrivatPelts>
      <sparser>
        <psisMingledArmlet>stremma</psisMingledArmlet>
      </sparser>
      <horstes>
        <comitalMorneKirve>refurlQuetchVenal</comitalMorneKirve>
      </horstes>
      <rechate mirksLamboysPrie="6511" saphead="6">
        <veriteHentsWinders>rutter</veriteHentsWinders>
      </rechate>
    </absisUnau>
    <squeezy deinoKeresanTonna="weltingTelamon2" behind="palliTorfleUnmitre">
      <tincted>unbellImpreg</tincted>
    </squeezy>
    <congersBraemanPlace hylidaeVented="oosperm" maidy="tepa" nauseum="propaneFeeAdod">
      <durianKrautTrilli>schlepp</durianKrautTrilli>
      <orkhonColada leashedLambkin="tamely">
        <cerealDonnerd>mizzen</cerealDonnerd>
      </orkhonColada>
      <bordmanMesterPunless gozill="assholeGypperyCrofts">
        <oriel>lhdMadrasEarsore</oriel>
      </bordmanMesterPunless>
      <hyliSerran>
        <roudas>46260488</roudas>
      </hyliSerran>
    </congersBraemanPlace>
    <fetched>
      <versutePhotic>nitpick</versutePhotic>
      <toughy>
        <tepidlyClinidLatvian>tabardsBagonetDehusk</tepidlyClinidLatvian>
      </toughy>
      <cruetyBoozersLimace rodderLamdan="855754065" mzungu="flcheTipulid">
        <ottoHureekRennase>tipheadLectorsInvitee</ottoHureekRennase>
      </cruetyBoozersLimace>
      <yonkerPisote dreamyMalval="lewDhobiMinie2" niggerySaluted="heygh">
        <porched>fretsawSagaie</porched>
      </yonkerPisote>
      <fytte>
        <testee>bagnutAtap</testee>
      </fytte>
      <lucresDioxidDjelab obisRamiro="honitonUnsash">
        <eelpot>daftlyAluletCanulas</eelpot>
      </lucresDioxidDjelab>
      <realest bacalaoWanger="29612171">
        <woolens>phooeyHiplineKaraya</woolens>
      </realest>
    </fetched>
    <langiteFlocked bractZohakLoric="emptoryRegimenAntal" pfui="assizedDiary" irokShammy="399655111">
      <ovateDorneck>slingerUnrowed</ovateDorneck>
    </langiteFlocked>
    <henbitKeekOiler emicate="826" buckedPpbDrays="outdid" kyats="636202">
      <subrailMonthlyErmines>trellisJailish</subrailMonthlyErmines>
    </henbitKeekOiler>
  </elatingLisped>
</awrong>