<?xml version="1.0"?>
<szeklerDessa>
  <wos>
    <variedClatch>
      <puffed>proneMickeys</puffed>
    </variedClatch>
    <lunaticShaktis>
      <explaitTod>unhave</explaitTod>
    </lunaticShaktis>
    <tsugaSericin>
      <adapter>menacesHollowBeared</adapter>
    </tsugaSericin>
    <claviolPahBabasu>
      <cymas>saggarEvinced</cymas>
      <cuiejoLiftingMalist ductureCopsoleZoea="32063621" franksRecruitZoned="angevinSlarth">
        <achiote>drattedBrephicGrata</achiote>
      </cuiejoLiftingMalist>
      <isuroid>
        <alew>5825</alew>
      </isuroid>
      <indin>
        <daysChurnedMath>35</daysChurnedMath>
      </indin>
      <modestMallein orsJambosaEncamp="4" unrayTwierArchive="ajavaBkcy">
        <mudcapDibrom>860175012</mudcapDibrom>
      </modestMallein>
      <beentoUnaided libberGrasGuilts="87">
        <whortleWiled>airts</whortleWiled>
      </beentoUnaided>
      <intonedDetrudeThionic unfrostDogana="temptsThetinAnaqua">
        <xenonsGruffs>hakamimGrief</xenonsGruffs>
      </intonedDetrudeThionic>
    </claviolPahBabasu>
    <wecche>
      <chamoisRougeotYamalka>loggiaFerae</chamoisRougeotYamalka>
    </wecche>
    <wrapupUniform>
      <woald>upyardDyking923</woald>
    </wrapupUniform>
    <curpin balconyGutium="buyout" gauzy="63942893">
      <sultonePinkifyOlivier>beefingChapeHies</sultonePinkifyOlivier>
      <moverCorvesDiphead dilliesClearer="tombaksRus660" vanesTabards="6">
        <agitateAden>larnRiperFathoms</agitateAden>
      </moverCorvesDiphead>
      <sixtiesTenneRehone>
        <upshut>rackingOomphs</upshut>
      </sixtiesTenneRehone>
      <barbing lamnoidLeviedTumbak="mauvesSeemed4">
        <dereismRoiled>abaris</dereismRoiled>
      </barbing>
      <svarajsPiperly cartwayBulkyAcmaea="infests">
        <molTiltureSlicken>garlics357</molTiltureSlicken>
      </svarajsPiperly>
    </curpin>
  </wos>
  <argalasAiery pyjamasQuistInshave="cropsTrafficCloy51" alaihiGluck="22501" lawine="shammarPectenCharlet">
    <forthby killese="945747" twirpLuted="garon" bodhi="pentzia">
      <isogramMalmockGentman>oleronCrapedUsh</isogramMalmockGentman>
      <shovel hodmanEyebalm="hosel">
        <flotaPrand>acylsMeeth</flotaPrand>
      </shovel>
      <papacyIciest gouramiXyleticGazella="guaninsDownedThrang" uranateBregmaModems="mistle">
        <escSnigHellier>gunshotDiamidoThor</escSnigHellier>
      </papacyIciest>
    </forthby>
    <kokako>
      <rectionFloodPixie>jigsaws</rectionFloodPixie>
    </kokako>
    <wirer bimboConsols="tristanSwithinRoer">
      <carny>talletSpilus</carny>
      <caggyDispark forlana="ithacaHwyWaffled" soudSelterTriols="appressTermalOchymy">
        <apicesTatbeb>feriaHarmony</apicesTatbeb>
      </caggyDispark>
      <wonTrusted hantingSkewing="antisiVentoy" laddery="hexereiSnickerVermeil">
        <strey>janeMite</strey>
      </wonTrusted>
      <forlay molly="midwifeWhauve" equablyBallotThea="8">
        <handoutGharnaoTannage>gaggingChukkerJicama</handoutGharnaoTannage>
      </forlay>
      <kosalanTaberedDuped citrilCabdaPorky="outcropChrySienese" sestineSangsue="701256459">
        <swipeCucujus>chabot2430</swipeCucujus>
      </kosalanTaberedDuped>
    </wirer>
    <acidoidFreefd>
      <applaudKutcha>9004</applaudKutcha>
      <fiardAnademMong>
        <elver>6</elver>
      </fiardAnademMong>
      <haaf>
        <sables>vinod</sables>
      </haaf>
      <amoyeseSubsale>
        <connuAlders>974282</connuAlders>
      </amoyeseSubsale>
    </acidoidFreefd>
    <oopack>
      <duntle>iseult</duntle>
      <wax pouleSestuorDefect="loggetsZadrugaRacer">
        <caws>taringFrazingNudd134</caws>
      </wax>
      <whippedIntros caidsCrewedPagan="afreteBogeysSufiism" kelpedYells="embeliaEnrheumFaucals105">
        <tuftAgmaHarts>fumado</tuftAgmaHarts>
      </whippedIntros>
      <barhalZygoteCorke travelPietas="sweptTonus" abvoltCalumba="beechesArgue44">
        <returfAbazeUpright>boredAlkydInchest</returfAbazeUpright>
      </barhalZygoteCorke>
      <tharmsSleepsPulses silkyNashuaDullity="inly" guava="ardebsMeu">
        <birdeye>londresHowso</birdeye>
      </tharmsSleepsPulses>
      <panueloRapic>
        <kindsPlote>kidhood</kindsPlote>
      </panueloRapic>
    </oopack>
    <vogueyChimney helionBlondeMoulten="canoedTsarismMacague" sculpedInfChinafy="inbushXatLeaflet2680">
      <obsedeWoody>fettles</obsedeWoody>
      <declass blipsUptreeHomager="capouch8805">
        <boxwoodSmoothy>foxshipArtefac</boxwoodSmoothy>
      </declass>
      <chatti ukeLevisAgami="gezDanglin" roughet="concio">
        <stettedSturt>oratesBride</stettedSturt>
      </chatti>
      <thutterEmetia>
        <ovenmanTuilzieLeftist>smeerOvertHaec</ovenmanTuilzieLeftist>
      </thutterEmetia>
    </vogueyChimney>
    <hunnianWindage>
      <glostSodokuScruffs>arsinic</glostSodokuScruffs>
      <unmaid gordon="yowt">
        <chloridGoeticGestic>leste242</chloridGoeticGestic>
      </unmaid>
      <curlewsMantoidCycasin erikOneraryNone="batfulVotive91" mignonsKingcupHelenus="cleanseGuld386">
        <snies>tunlikeChaise</snies>
      </curlewsMantoidCycasin>
    </hunnianWindage>
    <reviverAmidismSebundy>
      <larriesUnspied>bilatiPygopus</larriesUnspied>
    </reviverAmidismSebundy>
    <berakedLungerPeplums>
      <pachucoLitotesPlume>18282</pachucoLitotesPlume>
    </berakedLungerPeplums>
    <orexisGeodist overingDulled="oxter">
      <pappierCutdown>fourBoniataCobaea</pappierCutdown>
    </orexisGeodist>
    <sium>
      <lymphHastifFriezy>whewtBoronic</lymphHastifFriezy>
      <netlike>
        <gleydeLinariaWarblet>fussFluxes</gleydeLinariaWarblet>
      </netlike>
      <unpassRummishBoucles molluskJarraJeffrey="29753">
        <recart>strafesRegrantNeth</recart>
      </unpassRummishBoucles>
    </sium>
    <pomade>
      <spiralJesus>sludger</spiralJesus>
      <lodowicUnlaughNipples shrinkShibar="tinsThievedSalma">
        <fringeBeflum>espouse330</fringeBeflum>
      </lodowicUnlaughNipples>
      <erganeNadderStalag avoir="9957095">
        <gobiesDwell>487</gobiesDwell>
      </erganeNadderStalag>
      <ijore jauntyPaniniStine="fastensAcomiaSonder" fennelsWattisUnscale="cloitNuchaDolphus5253">
        <ecuellePerfumyMunguba>domines</ecuellePerfumyMunguba>
      </ijore>
    </pomade>
    <corbetFernierBobwood>
      <cultureWanierTipped>ixiaSciaridAnnabel</cultureWanierTipped>
    </corbetFernierBobwood>
  </argalasAiery>
</szeklerDessa>