<?xml version="1.0"?>
<beheldSixth>
  <peascod takeingHont="tookenAbp721" hutchieImproofPowhead="netwise" dufteryCantdog="27627" ocelotMuntChawan="pringle">
    <caurusPanaxIllish telome="stealerKhowar">
      <witham>senatusWishram</witham>
    </caurusPanaxIllish>
    <barffFugate murrsTrokerCumhal="shinnerCapotDyne" opposer="fairm4975">
      <cowitch>cloke</cowitch>
      <carby laik="rookierCodicilGeisha2" druseanMirvs="ingenyTontineYodeler">
        <fondlyTootses>brethTraiky</fondlyTootses>
      </carby>
      <ungeltMoe byzantsKhayal="dbrn93">
        <pirogPigheadBora>skyishBachingSafes</pirogPigheadBora>
      </ungeltMoe>
      <tactorTuggerUngues romperBelve="cargosHookish" dunlopAshed="131420">
        <keleh>enmask4</keleh>
      </tactorTuggerUngues>
    </barffFugate>
    <pily>
      <tar>anaudiaKeeking</tar>
      <undeckProsify comfitApeman="furfurYinTregohm">
        <scove>cimbriMinimus</scove>
      </undeckProsify>
    </pily>
    <packingAglet>
      <shickWhang>bohoSlummyAndria</shickWhang>
    </packingAglet>
    <javaApasote>
      <musherArianaDrop>649060</musherArianaDrop>
      <anezeh bankySlaveryGreyed="1028" awashPoaShuck="defeats">
        <finelyBolita>osporeTropicSwilled</finelyBolita>
      </anezeh>
    </javaApasote>
    <denary pommeeAntshipFeoffor="vision356" pled="vaulter" inexistAmli="bonnie">
      <looieTreatorConical>litotesRib</looieTreatorConical>
      <freaks taxesFingall="xerafinOrlop">
        <hadrons>coreidMolkaProetus</hadrons>
      </freaks>
      <quedfulCircar pardyAinhumEnlaces="clucksDelilah" stayRoscidSubman="sigurd">
        <zarLeanishOclock>atonerMessansNostrum</zarLeanishOclock>
      </quedfulCircar>
    </denary>
  </peascod>
  <nagamiJimjam manzanaGena="nyanjaPozOlpes" />
  <aurumDevwsor ringy="lithiumGlopSilvius" palauNaucrar="chopdarBretonAdusk" />
  <guildicIwbellsBeating sennaScrolar="btuMidlegsPedage" hainedLowbornYourn="surlierCalyx" tivoliBleezySlues="81246">
    <bluetit>
      <ferradoChirrup>dimming</ferradoChirrup>
    </bluetit>
    <mayaHyalineValues>
      <welshesMagilpHas>toriAmbiens</welshesMagilpHas>
    </mayaHyalineValues>
    <swanDhavaManzil barkeryJanet="27530075" gweducs="pinnae1334">
      <tettix>tantras</tettix>
      <agbaSkout seqedCascoCutlash="pharo166">
        <unlookFierclyAmps>inseams</unlookFierclyAmps>
      </agbaSkout>
      <brailWharveBittor fatidicProdAtavism="fruity">
        <patagia>261433</patagia>
      </brailWharveBittor>
      <ecarteRolfeLarrup frousyUtensil="amt">
        <aaruRoguingEuryale>tusslerUpturn53</aaruRoguingEuryale>
      </ecarteRolfeLarrup>
      <rancors courieCassena="costars">
        <quinoidKilldeeFrolics>533687176</quinoidKilldeeFrolics>
      </rancors>
      <unsuitMailersNaging chaetaeUnshoreWingy="reswage">
        <epochaNumeroTornada>auguredMistion6153</epochaNumeroTornada>
      </unsuitMailersNaging>
    </swanDhavaManzil>
    <uncallVetchy>
      <vagientDigram>trichy30</vagientDigram>
      <calesaCatskinEebree hurry="lutingsBootsImberbe97" reheelsAnchorySpicy="unscrewPgnttrp">
        <dumpy>50</dumpy>
      </calesaCatskinEebree>
      <stoning girn="92354" blottoAtloid="bawtyTuppingArenose">
        <roublePyaemic>batak</roublePyaemic>
      </stoning>
      <biosisPicrateTopmast>
        <brickerPrig>travoyQuerent</brickerPrig>
      </biosisPicrateTopmast>
    </uncallVetchy>
    <kluck>
      <fapesmo>982845</fapesmo>
      <polisTwinter strobilSuto="strode4">
        <tabuedOutputTaygeta>669130990</tabuedOutputTaygeta>
      </polisTwinter>
      <zoilistHymnalsBondoc gibbonBonbon="prurigoSkunked">
        <elans>manicsMoggiesEngin</elans>
      </zoilistHymnalsBondoc>
      <merilRiata>
        <chappal>triclad901</chappal>
      </merilRiata>
      <rawnessPsiaManway>
        <khat>struntsPolish</khat>
      </rawnessPsiaManway>
      <weekendSchtoff oblongBondonOuverte="loungeTypy">
        <catchy>thalaDollierSht630</catchy>
      </weekendSchtoff>
    </kluck>
  </guildicIwbellsBeating>
</beheldSixth>