<?xml version="1.0"?>
<misfile>
  <schemaVencola aphra="bewashLucency" helvine="iridiumWolverSylvic" />
  <antu grudgerTelevox="diner396" embaysSipper="7074602" />
  <enol echard="baledClariniHairy" semes="tapers" unthickCoccal="romeoParsony" cassiusNotchedFlows="loftierUsings67">
    <taurin>
      <shamaSolves>3673742</shamaSolves>
      <piertPitau>
        <bronzedToadiesOlomao>limitCubansSlinte</bronzedToadiesOlomao>
      </piertPitau>
      <perliteComartBubal unsavorPacateMajagga="sprugs6" farhand="3749">
        <currock>9</currock>
      </perliteComartBubal>
      <paloloSwooperShilha awfuReastJackers="encrownTanagerPortlet" raylessBuriels="sithen">
        <birotaArtha>777</birotaArtha>
      </paloloSwooperShilha>
      <reverbsWagging flied="havensApronMullar3" potwort="tricladAniCuboids">
        <burghal>225</burghal>
      </reverbsWagging>
      <sandhisParados equipsDolorsManway="7577948">
        <cowbellGlycMarcor>crusty64</cowbellGlycMarcor>
      </sandhisParados>
      <titular jumpersGobian="whareerGugu" overestVitriteLuke="46">
        <lenaTricotProsist>gloppenHayforkAugen9</lenaTricotProsist>
      </titular>
      <rcd ooliths="2055570" pigweedCorsnedWitlet="metronDehganAkhlame">
        <menuraeSuras>1177800</menuraeSuras>
      </rcd>
      <elbowed>
        <joyrode>retrampReruns</joyrode>
      </elbowed>
    </taurin>
    <skeller>
      <catchedKnorhmnBlan>7</catchedKnorhmnBlan>
      <duledgeAnomuraPsaltry bullitHigh="obovoidSlake" peppilyHano="boutsFunnier">
        <shelder>boratePoemHell7</shelder>
      </duledgeAnomuraPsaltry>
    </skeller>
    <melted>
      <browdenSpawlerBesses>comate</browdenSpawlerBesses>
    </melted>
    <narica serifUnsame="plaidsFodge" frizzGrazesDense="ekphoreHegiraDuncan" tikorKiddier="5358525">
      <cavyGoutifySurance>pensumAlls</cavyGoutifySurance>
    </narica>
    <ballerCosmoid shfsepCamansi="ponja" cosetWakikis="1109998">
      <sagapenGuango>quizzee</sagapenGuango>
      <chetah abrasaxQueeredSkatist="nangcaCoaches" scewingAudionRestful="25">
        <jundiesHawkieLoosely>sangleyMarital</jundiesHawkieLoosely>
      </chetah>
      <alveloz headsawGershomSuccub="verily" humlieTurcois="barway">
        <carrelsBoordlyGlimed>shambuMotey</carrelsBoordlyGlimed>
      </alveloz>
      <sirioneManureStow>
        <hillmenCindy>margayPaxwaxLabs9676</hillmenCindy>
      </sirioneManureStow>
      <gyassaSherif>
        <louredCanineSnoops>upgang</louredCanineSnoops>
      </gyassaSherif>
      <spell mislest="diggerSelfed" corpnAdeninNeroli="soapy">
        <armilConcuss>silkman</armilConcuss>
      </spell>
      <useeAugBursate aburbanDinmanUnbored="12">
        <weenie>3551</weenie>
      </useeAugBursate>
      <havesBonders trippetWhaYells="buzzingMorgaRechurn1" kasbekeFacet="79">
        <montia>overedIdeOutbids</montia>
      </havesBonders>
      <ragtags sewings="patsiesStearyl" shaula="purrelBacon">
        <fotchHerbalZeuxian>unionid258</fotchHerbalZeuxian>
      </ragtags>
    </ballerCosmoid>
  </enol>
  <waura mostingKaingin="ors" pawkily="3516653" nappesSheols="41770085" poursMeetlyEthide="involveRotularMouly" />
  <sloidsAirthedLuc coryph="missortStopFlirts" />
  <wisking>
    <tangingJuncus>
      <repleatLutetia>citoyenBons</repleatLutetia>
      <axiniteDonned>
        <kareetaPridyPaused>thermae</kareetaPridyPaused>
      </axiniteDonned>
      <pendDixainRankly cringeMopokesDecamps="unfeleTyres">
        <naira>857</naira>
      </pendDixainRankly>
      <nosherPopped>
        <writGlanderDingo>disbaseRefused9533</writGlanderDingo>
      </nosherPopped>
      <tenorsJubilus>
        <patsiesBirken>nuntius19</patsiesBirken>
      </tenorsJubilus>
    </tangingJuncus>
    <pestisFebris dankestRebuffBaggies="havererPerpend" diazine="soulter">
      <pyjamasCongers>27814757</pyjamasCongers>
    </pestisFebris>
    <alkine>
      <clechyOeillet>newcomeEnflameJicara309</clechyOeillet>
    </alkine>
    <lippedSanious mont="piniteSau">
      <orchilZestyMildish>reweavePyvurilNexuses130</orchilZestyMildish>
      <leakage cuspedDolineHoey="valuingProbang" echeaMenadicSargus="begloze">
        <falces>penda</falces>
      </leakage>
      <miszoneDanderLignum loachesDeport="sharonFinchedMammula3">
        <acylaseRomneyaPigsney>lawk</acylaseRomneyaPigsney>
      </miszoneDanderLignum>
      <mortem>
        <appmtFribbleEweries>uptrussHavingsRacette</appmtFribbleEweries>
      </mortem>
    </lippedSanious>
    <trianonGayals rainesVerity="silty">
      <lodesOctodonAlgy>25</lodesOctodonAlgy>
      <cruelerEfflux>
        <epikiaSilvia>27839561</epikiaSilvia>
      </cruelerEfflux>
      <laddery outpullOutjestBossism="araceHonorerGreats9">
        <vendee>kankie</vendee>
      </laddery>
    </trianonGayals>
    <laddiesWarlord teashop="2" kouMobbedQuetch="77">
      <gossip>wadis</gossip>
      <digenySoteresTerbia hokierRance="unifiesYrbkJustico28" khair="kogiaOesogi">
        <alcePlenism>lomboy8</alcePlenism>
      </digenySoteresTerbia>
    </laddiesWarlord>
    <daggerEvicke dermoid="nonfluxBeatrix" tacomaCoxalgy="uptakesOddestAxiate7113">
      <uniaxalAnteact>exudateCaupClomben</uniaxalAnteact>
      <feededGenuaSialic uperizeDreyFlutier="30532">
        <dilemi>delayedLiest</dilemi>
      </feededGenuaSialic>
    </daggerEvicke>
    <regiusSaktism>
      <sinawaCuttiesHaff>seizin</sinawaCuttiesHaff>
    </regiusSaktism>
    <estudy>
      <inhoopEpact>widdle</inhoopEpact>
    </estudy>
  </wisking>
  <guiltyTampang dolousCrickle="gaelic" airmarkTinfoilReflee="9850">
    <frapped>
      <ajog>bandeauRindedSkidoos</ajog>
    </frapped>
    <haleday ennoy="291138" brochoPrierOvaria="stonkerLobbyWergil" briggsLof="jabulHiateHoorays">
      <yeechTaryba>showily6</yeechTaryba>
    </haleday>
    <jamadar>
      <usunAitis>fundVugsLounges</usunAitis>
      <saddlesBaitsEdplot poti="drang" assumerBoneletElating="imprime7810">
        <digmeatPennineMeth>renwickKabbalaMirable927</digmeatPennineMeth>
      </saddlesBaitsEdplot>
      <fucose unwanLibinitDeb="miltierTurdineCingle" reseesCoheadsOsiris="smockedRapeoil">
        <bonzian>wopsPomaceTartryl</bonzian>
      </fucose>
      <peeries duettedVeletaDebi="lobarFarfet">
        <damlikeIliauHarken>pata</damlikeIliauHarken>
      </peeries>
      <errancyIdylize broils="paal" cuddle="jokierPyaemiaStomion9">
        <grumousBarrioMoolum>fitcherStemmer</grumousBarrioMoolum>
      </errancyIdylize>
      <edwinaAvouter>
        <inquiry>687306</inquiry>
      </edwinaAvouter>
      <orientProline mumnessTommer="millnia">
        <pellaeaBaloney>unminedLiknonRehale246</pellaeaBaloney>
      </orientProline>
    </jamadar>
    <mullens>
      <floey>qintar324</floey>
      <unrich mileage="downsVilleTiffy" currach="90482">
        <gnattyOmenta>tensedAreal</gnattyOmenta>
      </unrich>
      <tuffsKiefsPatd defoil="9650606">
        <vedantaBrickySentine>brutter999</vedantaBrickySentine>
      </tuffsKiefsPatd>
      <missalsHimwardGether nilled="chigoeErodent">
        <protiumBumpingFluyts>39971</protiumBumpingFluyts>
      </missalsHimwardGether>
      <morinHuluBonsai asideBeggarNewtake="38984">
        <uprootIliad>bubbaUnclogsKirombo</uprootIliad>
      </morinHuluBonsai>
      <lenin dilis="980100750" preensCouldntOnerier="danta">
        <deicedTowies>63</deicedTowies>
      </lenin>
    </mullens>
    <flewedRoxanne mudbankSarkarWagtail="scraze">
      <punditTraist>talked934</punditTraist>
    </flewedRoxanne>
    <rodsmanOrangyObit beeishUnfancyAlbinal="erinize" artgumAprilWillock="becuiba81">
      <tynwald>knabGrrAmnesic</tynwald>
      <terraceThorpOutsang>
        <anamniaLieueToolers>noosedServus</anamniaLieueToolers>
      </terraceThorpOutsang>
      <salusHaf>
        <gruntedSpared>95299694</gruntedSpared>
      </salusHaf>
      <pelvics tostonFigwortJointer="aeropeRudesbyStaffed" deplaceCornixAdenyls="orientsAvisoBlueys84">
        <seawaysRumorGalaxes>87209</seawaysRumorGalaxes>
      </pelvics>
      <peakyWackesCrl dataset="61">
        <palewMoravidIdles>beparchTheistEndyma1824</palewMoravidIdles>
      </peakyWackesCrl>
      <jubilePalpiPurines awheelDentsPodzol="blabbyWickape">
        <bavaroy>begobsTwins</bavaroy>
      </jubilePalpiPurines>
      <regleCobias>
        <mog>hagmena</mog>
      </regleCobias>
      <algidTabuing>
        <ashkokoShaggyRebake>roscian</ashkokoShaggyRebake>
      </algidTabuing>
    </rodsmanOrangyObit>
    <seepsBlissom>
      <uncurstAdieus>hocksBiff</uncurstAdieus>
    </seepsBlissom>
    <titleDoctrix>
      <ruskin>burundiCul2</ruskin>
    </titleDoctrix>
    <anreSherify>
      <riders>roupit</riders>
    </anreSherify>
    <peahen>
      <deke>covetedLulabsAnoure</deke>
    </peahen>
    <canfulsDelawnRephase>
      <nance>572765</nance>
      <acerolaUtters>
        <epochal>closCosmos</epochal>
      </acerolaUtters>
      <may>
        <healfulWigged>rejects</healfulWigged>
      </may>
      <vacuole mainpin="demyRibalds" knezSothis="rebaleMinion">
        <corporaTorporsAltrose>babionSpoornMuckite</corporaTorporsAltrose>
      </vacuole>
      <jessieRunkledUnhumid packly="call" pyriticBoughBiose="6233142">
        <honkieSummat>tactic47</honkieSummat>
      </jessieRunkledUnhumid>
    </canfulsDelawnRephase>
  </guiltyTampang>
</misfile>