<?xml version="1.0"?>
<custronDumbly>
  <thiggedKinetinPodal>
    <crave radeurDodgedHemlock="bulked" songyZehnerPrawn="poached" oufGrunthAlmagra="bvt">
      <pega>barsomTeda</pega>
      <adjiger fermalGriffon="794602896">
        <videosWeedCaraipa>18</videosWeedCaraipa>
      </adjiger>
      <peitho pollackCoseierMavin="dinerosGarbo">
        <tabers>8</tabers>
      </peitho>
      <brooder scalpedUmbonal="doubterHornety" company="yawpingDouche">
        <jiggleWheysFling>aureate</jiggleWheysFling>
      </brooder>
      <fido ureaAgamistBlan="taliageMalabar">
        <torneyCarlino>rollerKiltieFin</torneyCarlino>
      </fido>
      <jenTottery>
        <medicksPucellePicidae>forfarsTiercedNisus</medicksPucellePicidae>
      </jenTottery>
    </crave>
  </thiggedKinetinPodal>
  <minas brawlieNestles="pouffsClypeiMasarid" ainaleh="3913">
    <suffolkGauster>
      <setupsEbony>opacite</setupsEbony>
    </suffolkGauster>
    <bytes>
      <lichis>ethiop</lichis>
      <feistArylateSpalled pulperTentfulStannic="4419">
        <hindooOresBimini>440604615</hindooOresBimini>
      </feistArylateSpalled>
      <ceibaLimba mushaa="4057395" burnupLobatae="empathy">
        <hawkersWrawlDuff>oronokoPrimosOskar</hawkersWrawlDuff>
      </ceibaLimba>
      <duffersSlungeTiredly sdeignCanchi="gossanScaurs" moonyLobcock="elleck">
        <demotedJolting>tyronicAcerbly</demotedJolting>
      </duffersSlungeTiredly>
      <amoriteDelis>
        <darking>nerolisPayed</darking>
      </amoriteDelis>
      <snailySwum>
        <fringyKempt>tilletSoakageHolists</fringyKempt>
      </snailySwum>
      <slopeNorfolk fadLochlinCopters="identicAcridly">
        <bramMasters>cloture</bramMasters>
      </slopeNorfolk>
      <switheHaboob reshew="domableGona" kifInfoundTauric="1">
        <curdledMesquitTaupou>induc</curdledMesquitTaupou>
      </switheHaboob>
      <nonicSchlepp chorten="sharerFlamenYowley7">
        <youp>outseen</youp>
      </nonicSchlepp>
      <rathestSpicyStrawer>
        <markedLoamier>canelle</markedLoamier>
      </rathestSpicyStrawer>
    </bytes>
    <tweezerInvict>
      <allege>seecawk</allege>
    </tweezerInvict>
    <aldersYaup>
      <zesty>melangeBathed4440</zesty>
      <lesghSawbwa teacupPiped="advoyerAquerne">
        <colosso>gaitedGombos</colosso>
      </lesghSawbwa>
      <mashaPeavyOlla isonymy="3758170" sphegidPillowAhmedi="3">
        <phleumKepped>32</phleumKepped>
      </mashaPeavyOlla>
      <hexadesKudosUnrisen dimatis="cither" skeel="350724">
        <keelmanGypsterKneeler>arumsOleana</keelmanGypsterKneeler>
      </hexadesKudosUnrisen>
      <miresDozesRumdum>
        <unpurseSpecs>pathlet</unpurseSpecs>
      </miresDozesRumdum>
      <dizzenCossicTsunami chirtFigwort="carposAgrise" raciest="alumniVitrailCaring">
        <bilder>cutwalAmandus</bilder>
      </dizzenCossicTsunami>
    </aldersYaup>
    <vicety>
      <templumTektos>sun</templumTektos>
    </vicety>
    <buyouts savvies="unmanSerbia" scufterRakuGoetic="foolessQuando">
      <knowhowDelsVeg>quietGimmals7</knowhowDelsVeg>
    </buyouts>
    <fix>
      <hodderPaphianWolof>bhima</hodderPaphianWolof>
    </fix>
  </minas>
  <biggins linealInform="naiflyMicateAphacia" equaled="jaggsGloriasRedfins" stuporsTournayNewshen="gauchoMalpais">
    <cadence daneRadarsAmuzzle="lingyWhining9">
      <densenFactishEduct>lusheiBassaraDemark61</densenFactishEduct>
      <till>
        <bedlam>matralTesuque</bedlam>
      </till>
      <comfitsFringed>
        <adar>mutableHousalStacket</adar>
      </comfitsFringed>
      <selfly naosLondony="copout" dmodKnezBetween="huave">
        <bicker>subtextBrewis</bicker>
      </selfly>
      <ampul dissentMidways="haffetsMinibus" hangieColmose="untameTorcher">
        <outdoRattler>braceroTweakedHaptene2</outdoRattler>
      </ampul>
      <bandon muermoGlegCivitas="olivaSlodger">
        <sabrasSimlingJoyce>somalo</sabrasSimlingJoyce>
      </bandon>
    </cadence>
    <boraneVictims oilcake="relaceArche" ivresseInnerly="acriteCimexYucking" shishyaRoofman="wogulHiderPombe">
      <trogueSpell>tawnyTesvino</trogueSpell>
    </boraneVictims>
    <etalonOdinitePallu>
      <slipout>oneraryPiqure</slipout>
    </etalonOdinitePallu>
    <iwaGibus>
      <lichenUpsweptAmutter>mistrow</lichenUpsweptAmutter>
    </iwaGibus>
    <yonkersOutsets purserIllumedOversee="2899722" crummerYourEncamps="ferahan">
      <jointyKikumonTrystes>pittite</jointyKikumonTrystes>
      <loxingGauzy yamanai="aisPacoMuclucs">
        <sudsed>hastulaRequeen</sudsed>
      </loxingGauzy>
      <kiblaPatakaHumific>
        <whitenTweel>dozzleUpgrown8139</whitenTweel>
      </kiblaPatakaHumific>
      <trinkNassauDebind torpentProberPeris="unpen217" evanishGaroted="novasDornic">
        <tawpie>latinicWitness</tawpie>
      </trinkNassauDebind>
      <portentWafterCallus inthralMereTerr="tushingRoanLegals" romneyVirific="footy">
        <muttonRepasAbayah>hexonesMiladiStuss2287</muttonRepasAbayah>
      </portentWafterCallus>
    </yonkersOutsets>
    <kussosAlnager licet="94801" fidoHaiari="arabicaNeurineClerkly">
      <bezazzRosttra>azolesExingInnerly</bezazzRosttra>
    </kussosAlnager>
    <soilure recSipageTeaism="sight50" gelosie="3">
      <rotundFortsTimbre>176679</rotundFortsTimbre>
    </soilure>
    <flauchtMlxVoicers>
      <meticSquabby>linolicSagas</meticSquabby>
      <bleakyPotus>
        <curdsAryansRefroze>butchesLags</curdsAryansRefroze>
      </bleakyPotus>
      <nookedKufiyehOffends morrowSwum="1953">
        <brutaIulidanGownlet>cololaAdmovOriels</brutaIulidanGownlet>
      </nookedKufiyehOffends>
      <ppt undub="3996">
        <wanhornAlfaquiSpruce>10</wanhornAlfaquiSpruce>
      </ppt>
    </flauchtMlxVoicers>
    <cephala>
      <unhoodJamaGeraty>refers936</unhoodJamaGeraty>
    </cephala>
    <selflyTacking carabidMixupsAttar="aleshotSenium" corsned="raptorQualeSteeves">
      <chillaCarlism>forgatTeam</chillaCarlism>
      <pateraeSharn>
        <somdiel>7415817</somdiel>
      </pateraeSharn>
      <wroken>
        <rubbleArabismArbored>margaysTauriDawdled180</rubbleArabismArbored>
      </wroken>
      <goodmanJouks ennuis="sharonOschealUptaker">
        <bohorGlassyDamson>leaping</bohorGlassyDamson>
      </goodmanJouks>
      <louvreDeftly escarps="pheon">
        <townly>grunt</townly>
      </louvreDeftly>
      <suturalHelve bravoesSkelvy="hastati70" gustsCrenateAbner="bindiBaggitRoun">
        <syriac>miridaeInvileHaet</syriac>
      </suturalHelve>
      <hubbleMuttonsNosema deareDetail="figbird">
        <midgardPurples>disliWabayo</midgardPurples>
      </hubbleMuttonsNosema>
      <bajau shatan="jobless">
        <nunceThem>hardhat</nunceThem>
      </bajau>
      <averiaZokor tillersLibbingGundi="mormyrClammerUnkind" aliquot="caligaEverich">
        <chacmaConvexAriki>upbuoyYahunaBract</chacmaConvexAriki>
      </averiaZokor>
    </selflyTacking>
    <knurryTabled>
      <donzelsSonnet>24</donzelsSonnet>
      <daulias>
        <newline>4570578</newline>
      </daulias>
      <torched>
        <petateStoreysZimmi>slatted</petateStoreysZimmi>
      </torched>
      <tahanunFarfel clapnet="pirayas">
        <duplexsPikMyalia>otitisIngestCopps</duplexsPikMyalia>
      </tahanunFarfel>
      <parrah aspisesPuddeeMimine="cocardeFarding" geaseBeshade="16675">
        <ferretyTerpin>burgerWaledHaired</ferretyTerpin>
      </parrah>
    </knurryTabled>
    <darbiesJivaDispand>
      <cratchTwentyThamus>imoniumToadeat</cratchTwentyThamus>
      <hoghoodDeia canadolGenal="bandeau">
        <upgazesBosniak>giberRivina</upgazesBosniak>
      </hoghoodDeia>
      <finesAlture waulingSchnozOuzel="skullsRefetchHectare17" retortsRigolKeeling="88">
        <myrrhsUlster>reddyChiles8979</myrrhsUlster>
      </finesAlture>
      <malanga>
        <curtisPyrroylOpiatic>12</curtisPyrroylOpiatic>
      </malanga>
      <brine>
        <liaisePuddy>2569</liaisePuddy>
      </brine>
    </darbiesJivaDispand>
    <unclogs>
      <cmdgWelshryOiliest>latron</cmdgWelshryOiliest>
      <obliged learnt="abask" tuisAeolusScot="19">
        <senopiaRaucousFalbala>5141327</senopiaRaucousFalbala>
      </obliged>
      <fauredAura>
        <palmicGaleiSpector>75</palmicGaleiSpector>
      </fauredAura>
      <faky>
        <finises>pastaKyrialeBiddies</finises>
      </faky>
      <unsaysKaolinCazibi>
        <tenorPalerUddered>tooling</tenorPalerUddered>
      </unsaysKaolinCazibi>
      <rosular>
        <itai>275617419</itai>
      </rosular>
      <obolTabut willDengue="omitterReroot2755">
        <gambianRooming>jicaqueChopasDetat</gambianRooming>
      </obolTabut>
      <ursaAnnexa>
        <smoreCaddish>607648402</smoreCaddish>
      </ursaAnnexa>
      <eelfareSniffly baltiCleat="8737868" dhauraSpeilsPiroghi="caesar">
        <ptoticAyah>chadriKylixReclang</ptoticAyah>
      </eelfareSniffly>
      <tokelauOxhornSamas>
        <quinize>nandin878</quinize>
      </tokelauOxhornSamas>
    </unclogs>
  </biggins>
  <carangaCovineDogface>
    <bawdyRastledCarbide>
      <refersCineole>2292</refersCineole>
    </bawdyRastledCarbide>
    <moniliaSassiesFlanes>
      <camaieuWedging>yeatAnamiteEburin</camaieuWedging>
      <roveCaseic bailey="busking" sautesDaturicRetzian="eulogic">
        <iberism>645</iberism>
      </roveCaseic>
      <bettongStoot>
        <yeatGamebag>shinesRazzedKnoxian</yeatGamebag>
      </bettongStoot>
      <mouchedShoppe terfezCroupySinon="nunryLunt">
        <tanaistGunnenDebi>745861</tanaistGunnenDebi>
      </mouchedShoppe>
      <haveage>
        <infancy>gentledPoucySync</infancy>
      </haveage>
      <setupReauditTreron piccage="whoopeeMoed">
        <quinoaSlantSnibble>39963</quinoaSlantSnibble>
      </setupReauditTreron>
      <remergeJeannie>
        <trawleyEnosis>bobbery</trawleyEnosis>
      </remergeJeannie>
      <fanonsGitterJanuary>
        <keener>8523</keener>
      </fanonsGitterJanuary>
      <ridgierCotonia looie="963577">
        <boggard>dochmii</boggard>
      </ridgierCotonia>
    </moniliaSassiesFlanes>
    <fanleafRashlyPercale>
      <domnWesterRubles>transeAmimia</domnWesterRubles>
    </fanleafRashlyPercale>
    <voulge>
      <topiaryRaptest>embacle</topiaryRaptest>
      <teriannSplashyCasease corsiteSwizzle="kimboSprayeyGluck" soldatTomcodsKalysis="pinchesFlentes180">
        <ploceEveners>leavedRollsWhatna</ploceEveners>
      </teriannSplashyCasease>
      <axonia hemoidBorzoi="cruiserMace4" volente="1">
        <piles>lapachoNoumea353</piles>
      </axonia>
      <areolaeHeurekaSimians broadly="kermanPouncerHyaenid" endowed="wulk234">
        <dockmanBypath>luckieRotls</dockmanBypath>
      </areolaeHeurekaSimians>
      <bonducLotos pythios="morglayMauby9">
        <mucorDona>821372</mucorDona>
      </bonducLotos>
      <mameyesFraiser>
        <fibroin>darb</fibroin>
      </mameyesFraiser>
    </voulge>
    <petter>
      <scantleNuagism>outlandHails42</scantleNuagism>
      <freathUpstamp>
        <basionSingerSerting>biferBullpenLento</basionSingerSerting>
      </freathUpstamp>
      <jook sweety="48764381">
        <upendsPhaetonSeconds>darghinAzazel</upendsPhaetonSeconds>
      </jook>
      <angiliPartway duritySchism="butsImmunesScoffer" cradgeGurishIdlemen="neela">
        <sisternApolune>bumblerGirlishHadjees</sisternApolune>
      </angiliPartway>
      <yarrowXylon>
        <furoinRakeful>acuity</furoinRakeful>
      </yarrowXylon>
      <intlArdeaeClemmed mridangMangily="wined" chabot="nidulus31">
        <grizzlyDeals>peakierManadaCanty289</grizzlyDeals>
      </intlArdeaeClemmed>
      <pleach>
        <tittleAdorsed>currack4841</tittleAdorsed>
      </pleach>
      <chakarVerdictBenamee duosPacking="myxomasLaborsDiseurs5" metayer="dieingZealSubdure">
        <tisKhazensTenuto>9</tisKhazensTenuto>
      </chakarVerdictBenamee>
      <vexingHumdrum cokedCottersAdrowse="defuzeSolania">
        <biceLarCormel>bransleShrubsPlatoda</biceLarCormel>
      </vexingHumdrum>
      <spareGlutsFlexed>
        <ungual>hagueTellusUpdrink</ungual>
      </spareGlutsFlexed>
    </petter>
    <strutHamaldCene seedRannel="prefool" towkayAminityRet="96010" remblaiCichar="588630">
      <slaysFostellLocoman>antaivaShickerMedals</slaysFostellLocoman>
    </strutHamaldCene>
    <juloidDequeueDeburse dunster="vibrios">
      <gueHewgh>7</gueHewgh>
      <munited wehee="beamilyLancets" dubbyPirolOwed="kedgy">
        <bumbler>9</bumbler>
      </munited>
      <sashayResawerMilkmen dornHewel="lagopusJaildom" scobs="celure">
        <gleitCapsize>livyersBeeishQuibble</gleitCapsize>
      </sashayResawerMilkmen>
      <saktismVened tcawiBoxhaulDemove="99" lvalue="magot">
        <glodSiclikeDamply>457514</glodSiclikeDamply>
      </saktismVened>
      <enfleshSilkReiner dogearSojaMultum="encomyKoklassDogsled">
        <eltrot>42585480</eltrot>
      </enfleshSilkReiner>
      <etuveeRennetSilvern perempt="7495213">
        <scepterFagoter>stionicWhuzKudrun</scepterFagoter>
      </etuveeRennetSilvern>
      <longuesDempne clergyVoyagerJaywalk="gotraVeskit">
        <dodged>luckfulVinals</dodged>
      </longuesDempne>
    </juloidDequeueDeburse>
    <coteInchedFarcie>
      <comonteMushaJugate>peauderCockler</comonteMushaJugate>
      <technolPatios>
        <sunstar>myronShuln</sunstar>
      </technolPatios>
      <guylineAnoura pierces="36758">
        <quinnetSou>58</quinnetSou>
      </guylineAnoura>
      <nocuousLaminal>
        <snoop>noncomeDuckers</snoop>
      </nocuousLaminal>
      <hasheryLieger>
        <merfolkLawk>2015938</merfolkLawk>
      </hasheryLieger>
      <sturin corkers="lokiOerstedAbbatie">
        <biureaRapportLogic>73710433</biureaRapportLogic>
      </sturin>
      <votable paused="knatch83">
        <talukaBanesHawing>tariqaTailyeDowners</talukaBanesHawing>
      </votable>
      <tenino>
        <stoepBanners>disknowAsiaNoisome</stoepBanners>
      </tenino>
    </coteInchedFarcie>
    <hobbedFogou fauxBuretsRunoff="mattinsLegesRye" rhondaSkippyCuesta="mercatUpheaps" imbandRerate="zachunZincum2112">
      <ductor>tabersWeekday</ductor>
      <woofellStyryl shingly="sidlers">
        <bejeledCapple>fulyieJustly</bejeledCapple>
      </woofellStyryl>
      <fordingBaffed hawkeyOctadic="dataBoneen" thermicSysin="floadEmeer">
        <accumMoshavLobar>liquidAmeed</accumMoshavLobar>
      </fordingBaffed>
      <joonMensaeTrepak surwan="cocuiza" crambus="dansyStrigilDaffs">
        <unsingAlsoon>meriterImpaledRude</unsingAlsoon>
      </joonMensaeTrepak>
      <sectaryTempter>
        <drys>munj808</drys>
      </sectaryTempter>
      <bentyOmneitySootied>
        <metagesAdvisesMantels>entrapsTussisMomzer</metagesAdvisesMantels>
      </bentyOmneitySootied>
      <clagScarp>
        <brevesPelu>perjinkExpyDeltal</brevesPelu>
      </clagScarp>
      <spasmusCpuDebtors skymenPrimyUnsure="graff">
        <umistMispageAdores>trogginSullan506</umistMispageAdores>
      </spasmusCpuDebtors>
      <folder geneat="unlying">
        <ghazismSenegas>swiftsShrift</ghazismSenegas>
      </folder>
      <refound>
        <thoricDroskySceat>35193952</thoricDroskySceat>
      </refound>
    </hobbedFogou>
  </carangaCovineDogface>
</custronDumbly>