<?xml version="1.0"?>
<munt>
  <mopanFuzzAngwich />
  <moultenHygieneJeff kiowayPehKeyhole="papua" firk="194814">
    <cavish>
      <iodatesCaltrap>phoresyBirdied</iodatesCaltrap>
      <hydraul ignisLattinSerfism="bhuts" furzier="fellBoffsShwebo">
        <smackerDottel>763932729</smackerDottel>
      </hydraul>
      <doolyFlocoonDouc carlinaDopersWert="engirtTeargas" tourney="1372">
        <bonumHageen>graBelongs</bonumHageen>
      </doolyFlocoonDouc>
    </cavish>
    <idolumWelding pariahsStagneWadder="urielStaph5393" thema="cheneyCroakedAreito" upriseFurdelEntheos="affirm">
      <manger>pawnorsLanete</manger>
      <trios yogees="1141">
        <thurseQuirks>bitlessSmazeSuccisa</thurseQuirks>
      </trios>
    </idolumWelding>
    <telegnGenistaSemnae>
      <shovalIambe>ivywoodStouriePoring9917</shovalIambe>
    </telegnGenistaSemnae>
    <knivesZacatonKitab lotions="41078081" omnibusPardy="tirasseMotocarOtello" roose="cayugaKhmer">
      <algenib>rhypticJerald</algenib>
    </knivesZacatonKitab>
    <juckiesMuftiUnteam>
      <jerkilyLinchet>balTaupoYipe</jerkilyLinchet>
    </juckiesMuftiUnteam>
    <vicaOopuhue blonderSuccisa="verneukAttagal" armoireShouseCarl="woodineCarpers">
      <rubaces>snecked</rubaces>
    </vicaOopuhue>
    <sagaie>
      <uprouteUmbraid>pleionHotzone</uprouteUmbraid>
      <coecalBlouse gretelAzoths="10296699" tecaArraceJundied="quattyCatalos">
        <wyveBrujo>beefaloDrollWaxbird</wyveBrujo>
      </coecalBlouse>
      <pulleyDaseweMixing>
        <sawyerWoan>2</sawyerWoan>
      </pulleyDaseweMixing>
      <mbubaPotsy>
        <bonzeryPalabra>93570790</bonzeryPalabra>
      </mbubaPotsy>
      <tabla>
        <adytonCurtis>grignetUrticalFirkins</adytonCurtis>
      </tabla>
    </sagaie>
    <serraiNucleusMind>
      <cookoutFunningSapele>ranquelReborn</cookoutFunningSapele>
      <knappedPreheatMasking boullesZygionChoicy="seeing" moonjaGeneralJuke="aludraHipmiMygalid">
        <wheezedOurn>gilgieDerry</wheezedOurn>
      </knappedPreheatMasking>
      <quotesLimonin marabou="nipperBoraEtamins2">
        <naggersPuererTatbeb>woftShadowy</naggersPuererTatbeb>
      </quotesLimonin>
      <dicecupTisarGeulah>
        <donne>zayinsHormone9329</donne>
      </dicecupTisarGeulah>
      <inuloid farciedPickel="gadded" ghafirAssyria="coheirRhoditeTonguy">
        <longishGurnard>semesBonbons</longishGurnard>
      </inuloid>
      <jarrahTreesCires bewailChimarKorun="revisitHutlet" oathayNib="rebackRecoastSoups">
        <swisser>8515182</swisser>
      </jarrahTreesCires>
    </serraiNucleusMind>
  </moultenHygieneJeff>
  <quartos buddiesMonthObelus="hydropsMeanersGules318" owerbyNibsGuising="3425" sechSnurp="701" outnookCulvert="222034" />
</munt>