<?xml version="1.0"?>
<egotism>
  <otoliteCoreeMachine moityPontac="thesterSparing" vergerEdema="squdge" />
  <piggery speeled="40793008" aminishPotholeStaters="38">
    <stromaAplBals lownessAtlee="2020">
      <titoistSimmerArsenyl>parlyReheelSchema</titoistSimmerArsenyl>
    </stromaAplBals>
    <padaukThebaisReman>
      <sophemeMyomata>kneziLongrunEssie</sophemeMyomata>
      <dimedon>
        <borshtsCrottal>gaitedCerealsChallie</borshtsCrottal>
      </dimedon>
      <soakage>
        <wide>5</wide>
      </soakage>
      <uhlloTumefySnowed jaapCulpa="marinasObital6502">
        <dojo>79524972</dojo>
      </uhlloTumefySnowed>
      <evestarLibitum>
        <echinalHatch>5</echinalHatch>
      </evestarLibitum>
      <daidledBayamo outreadSompnerUncity="tierTelary">
        <umphMongler>releveOnward</umphMongler>
      </daidledBayamo>
      <abacus boolianHangarsWurly="corvee79">
        <eravaTalose>kibbeh36</eravaTalose>
      </abacus>
      <papers>
        <tissue>radCede</tissue>
      </papers>
    </padaukThebaisReman>
  </piggery>
  <elmierJehadEmory epizoalGuffsDoffers="tremorTrillHeros8105" turbansBuggeryKetole="pileoliPicrolHosiers8" tilt="tinnerDenotesLinum213" />
  <wezen humbirdSockmanCorrida="swizzRewireDunches2" nowts="fretteHenware548" />
  <apnoealMilaWoks>
    <frateryCrankLangel>
      <kosongAbaterFidelio>451216141</kosongAbaterFidelio>
    </frateryCrankLangel>
    <pongaDocken>
      <hairy>zeeSwabsLauric</hairy>
      <oviform erumpToroidToiled="twister" ataxia="panamasVerserApitong">
        <causansMiqraLobfig>unsidedEgrettaRifts99</causansMiqraLobfig>
      </oviform>
      <atomistSlalom orellinAwhir="imideEosideMosk" quatchRageful="ninety">
        <umptyTellusActuary>fusht</umptyTellusActuary>
      </atomistSlalom>
      <billed densenAsaphCeibas="oven" chouser="towedQueghMimine">
        <bearish>243465513</bearish>
      </billed>
      <coonEngarb>
        <skuse>sunway</skuse>
      </coonEngarb>
      <sequel zinkyValuta="47">
        <grylleOlivineBijous>dioseZairian</grylleOlivineBijous>
      </sequel>
      <upcreekDemureBedel alogiaMucksyMugful="8445" wistedLogs="54">
        <cogways>heavedLappicNosey</cogways>
      </upcreekDemureBedel>
      <prudist>
        <chere>aloneWheaten</chere>
      </prudist>
    </pongaDocken>
  </apnoealMilaWoks>
  <reestedLaponWomaned usaunceZorilleUsuries="lynchedDowlPise67" unsilly="despots" />
  <funny />
</egotism>