<?xml version="1.0"?>
<shankedSaugerCuppen>
  <frippetMisship concealDrabbyNare="lituolaWilgersCrystic">
    <rhytinaMantua>
      <trochedBensailBowles>dearthSurlilyUnburly</trochedBensailBowles>
    </rhytinaMantua>
    <melinda ramline="kabayasDarnex" zeugmasClamsSpier="96144">
      <ilex>biznaga</ilex>
    </melinda>
    <kotyleClape>
      <figwormHagweedHorrah>hoarded</figwormHagweedHorrah>
      <wilfred feddan="uploomForbidsUnyoke" untwist="raisinyBiset">
        <ferraryMasooka>elderly</ferraryMasooka>
      </wilfred>
      <jagrasSaba>
        <dipsyBirkiesMorglay>yahweh2426</dipsyBirkiesMorglay>
      </jagrasSaba>
      <zack makah="conor">
        <lizaDetenusBonbo>ortsBedewed730</lizaDetenusBonbo>
      </zack>
      <deductsShatan spilt="piggleScissorBeatee" madiaBoites="echidna">
        <arctian>89228997</arctian>
      </deductsShatan>
      <fidgetSurahs>
        <aberiaChirker>sciousDivastIttria</aberiaChirker>
      </fidgetSurahs>
      <morays>
        <encomicCratingTerces>rokyGislerCornish</encomicCratingTerces>
      </morays>
      <terefah malineNiece="paceSallooZod81">
        <tiouKoomkie>pyrexEpodesTheory</tiouKoomkie>
      </terefah>
      <flora>
        <vetturaBoottopBaiters>umbrage</vetturaBoottopBaiters>
      </flora>
    </kotyleClape>
    <slagsCuss>
      <polarly>daintNammad919</polarly>
      <moneyer>
        <hoyCloudKolas>32052</hoyCloudKolas>
      </moneyer>
      <redecay messin="plieDeavely" basques="chowedCorses">
        <tackerShaikhiOometry>asweatNeavil</tackerShaikhiOometry>
      </redecay>
      <marplotStipulaGinmill zelant="sole" roseletRiven="goyMolebutMicher">
        <geryGaetKerchoo>grankPollackCanchas</geryGaetKerchoo>
      </marplotStipulaGinmill>
      <akasa driest="nephite" zincoid="tibias">
        <bimas>mugientOvisacsAchage32</bimas>
      </akasa>
    </slagsCuss>
    <ominateTroop>
      <shutAnta>lachesOnagerCorozo</shutAnta>
    </ominateTroop>
    <binalJadishInfans jocuCobbles="moselleElbertaBor" meldedTronkShyster="leviesGuttyBethumb">
      <unfreeGowdie>6854</unfreeGowdie>
      <plumperPifflesMitered remorasBriteBellote="153719" areadyCardialBimas="selfdomIambi">
        <sabutanOscella>candorsSadrFury</sabutanOscella>
      </plumperPifflesMitered>
      <towai lohockAspics="pinlockLollingArgulus" encaumaZinganoHexades="collier8777">
        <gibbonCfhBug>tornade</gibbonCfhBug>
      </towai>
      <elbowedIntrigo>
        <cadging>33658</cadging>
      </elbowedIntrigo>
      <recagedSteer polewigRobotsBechalk="absohmSarongsAsperse">
        <lastageEnkraal>uncokedUnstuckAndy</lastageEnkraal>
      </recagedSteer>
      <persioSsingCapsid temposCouxia="linkupTanjibViruses">
        <keapAnend>cycleneDyings7</keapAnend>
      </persioSsingCapsid>
      <parangTinwald trustorOwhere="93207351" vowlessReifiesExpunge="bawlyArcingHenotic">
        <skiers>cosmoBulimus3583</skiers>
      </parangTinwald>
    </binalJadishInfans>
    <sennettSitaoBrulot flakesNahoor="unaxled" aspires="50304055" phonons="hareems">
      <moupBowwows>gentryDuelingDiarchy</moupBowwows>
    </sennettSitaoBrulot>
    <numbersPhoebe>
      <nouveau>colitisEscheveUreido</nouveau>
    </numbersPhoebe>
    <oxamicAmyroot>
      <serumalSiwanOrrice>martedCapuletWilts14</serumalSiwanOrrice>
    </oxamicAmyroot>
  </frippetMisship>
</shankedSaugerCuppen>