<?xml version="1.0"?>
<robberGeltEpiotic>
  <hayerBerePoiesis />
  <tollwayDonee riboso="senium" duskier="tenoreFueler" degenerConicle="safes">
    <effet>
      <aguaraLowdahKnurly>rayahBringsEath</aguaraLowdahKnurly>
    </effet>
    <shutten trionymQtyPortato="yangtaoFlyblowSpangly" daiva="warua">
      <panesWardersQuirt>peonTurpis</panesWardersQuirt>
    </shutten>
    <licitlyPadraigOlea>
      <earshUnlaugh>25842</earshUnlaugh>
      <impshipMismeet scarvedHumphedGamine="kickDhunchiPatten" gelant="jackmanPaeans">
        <tuple>87482</tuple>
      </impshipMismeet>
      <upgrown bahayPrimy="279639676">
        <palmist>problem</palmist>
      </upgrown>
      <tornadaMortalPerkin abuEmmersBlowgun="purineNarrowsUnearth" chiggerQuinols="43">
        <selloutCouxioEntheal>jereeds</selloutCouxioEntheal>
      </tornadaMortalPerkin>
      <angulus poticheOwnselfMelania="rusineUnsure" ellick="carpaleNaiverLindied">
        <bussu>boutons4751</bussu>
      </angulus>
      <bishTpsMuttons tussehsFastingQuinic="bravery">
        <seismsChengalBowline>vineal</seismsChengalBowline>
      </bishTpsMuttons>
    </licitlyPadraigOlea>
  </tollwayDonee>
  <fielLupe manganaAdding="sharkiHuskierBabas" themBengXenias="luffedSarkful" unvoted="scrimpy">
    <lutayo folacin="538185752" cotylarBugs="denyerDowdy">
      <petwoodLamaistThous>kabongaRoots</petwoodLamaistThous>
    </lutayo>
    <beinlyPreposeEleve>
      <tunerBlister>71750477</tunerBlister>
      <bagmanRenovel>
        <peruleLaguna>sulfidWilrounPodzols</peruleLaguna>
      </bagmanRenovel>
      <rinkLignums>
        <legions>epoxySuturedLongjaw1242</legions>
      </rinkLignums>
      <carpel astonyEducandRemiped="alvan" boodhOutwish="368723498">
        <shrouds>tineid</shrouds>
      </carpel>
      <coitWelds>
        <dunkersGriffes>siolEvelinaYaruro</dunkersGriffes>
      </coitWelds>
      <uncakedFlowoffNiggles genual="spruitWeaselHexapla">
        <unpavedWaggonsBunkums>osmondReropeEach</unpavedWaggonsBunkums>
      </uncakedFlowoffNiggles>
      <phenixSaaFrighty stire="elysiaTablasMullahs6">
        <destinyHertzesCumbu>alenconBraiesGuns970</destinyHertzesCumbu>
      </phenixSaaFrighty>
    </beinlyPreposeEleve>
    <tinguy>
      <szeklerBaalsJotunn>23171999</szeklerBaalsJotunn>
      <diadicFriseurGonzalo mikadosRanderRoomer="escar" mowtRifting="swankWeanie969">
        <conspueAbas>resawFuzzed</conspueAbas>
      </diadicFriseurGonzalo>
      <rings isatis="pelerinEphoiMousily">
        <rundalePorism>40</rundalePorism>
      </rings>
      <needslyNearer dentsFourbEfts="vaughnTsetsesTwattle">
        <cunjerLargish>crepy</cunjerLargish>
      </needslyNearer>
      <durganVitrifyJondla lumpy="mysianRadeaux173" stentor="ogumBehenArcsine">
        <repaidWagglesClaus>calverHoecakeMolify6951</repaidWagglesClaus>
      </durganVitrifyJondla>
      <gomutisBakersWheezer stolid="321653" prelims="brutage">
        <xeroses>dipsosRefrain</xeroses>
      </gomutisBakersWheezer>
      <graGelose wraw="daytimeNandinaBusboy">
        <clkCommutePrimula>219960940</clkCommutePrimula>
      </graGelose>
      <pratalPandani mulemenAuklets="128" sized="cuberaAudionSchemer">
        <scance>talitolYeoOutflow</scance>
      </pratalPandani>
    </tinguy>
  </fielLupe>
  <miredBaltisBialate topslComtismTile="193576102" chrysid="vangee8" />
  <alberta solemnMoola="tearersCurerPedlars" />
  <braysSkelpitShippon>
    <kepsTernizePygmean>
      <suimate>traceStrigalShaptin</suimate>
    </kepsTernizePygmean>
    <magma>
      <quirts>adoneanMangledSatis</quirts>
      <gurshesFared>
        <lycosaPookaun>purdahsHulkierCoeno</lycosaPookaun>
      </gurshesFared>
      <acnode valoisDogePlacing="975526" authAmulaIsmaili="numbingAmbroseSegar">
        <diiamb>daybed</diiamb>
      </acnode>
      <chowsesSadhu>
        <spaleTolite>deiaCrankyBantu</spaleTolite>
      </chowsesSadhu>
      <rimlessFlavicRident>
        <ambeersCydonia>bufoHookera</ambeersCydonia>
      </rimlessFlavicRident>
      <unketXanthanAfflate remede="860163">
        <burdieOclock>626</burdieOclock>
      </unketXanthanAfflate>
      <trier>
        <cancersAntirunThurify>422341</cancersAntirunThurify>
      </trier>
      <loathesDegenerJabbing>
        <umbonesPosTradal>21024316</umbonesPosTradal>
      </loathesDegenerJabbing>
    </magma>
    <begutBoxhaul>
      <meetsTurkmanUninn>breton24</meetsTurkmanUninn>
      <bleedRaphaeBefall detenuBazoos="bunger87">
        <athogenAgedlyNovalia>5477158</athogenAgedlyNovalia>
      </bleedRaphaeBefall>
      <armadas>
        <hubbleThoo>reknotShrewdyGaluth</hubbleThoo>
      </armadas>
      <goupinColet barrierPlacingPrivata="wairingLoppierMidn" helmageYedLunn="45">
        <outputWarmupsUnrolls>speededCollabMesonyx</outputWarmupsUnrolls>
      </goupinColet>
      <kyriale>
        <depart>6</depart>
      </kyriale>
      <turma adrift="zelDenotesBluntly">
        <strokyMino>mitre</strokyMino>
      </turma>
      <ferriesUnkedAdonist dumbleFarmer="hormism" unshinyMisuraTeleman="endue">
        <noosing>dodkinPygalSomnial</noosing>
      </ferriesUnkedAdonist>
      <contour>
        <reavoidWafCoenoby>aplasiaReshipCraye</reavoidWafCoenoby>
      </contour>
      <thinMotionHurdies>
        <prakritChaus>bitchCoshingRailers</prakritChaus>
      </thinMotionHurdies>
    </begutBoxhaul>
    <boneFlatConcher surra="slabmanDepleteWherein" glueyAkeriteFloppy="caries3319" sauteurWholeCappers="repressAdenyls">
      <tolu>boardsPunasEmigate</tolu>
      <umteen>
        <datswSruti>busierOctectVeiled</datswSruti>
      </umteen>
      <enwrapsMore aground="amastaOpposeAstian7630" toadish="3574539">
        <cruetSulfid>gyneCitydom</cruetSulfid>
      </enwrapsMore>
      <mineverReist taco="515839">
        <poyTosy>unwaryTestudo</poyTosy>
      </mineverReist>
      <gozzardArtlike>
        <stawn>asslikeWicks</stawn>
      </gozzardArtlike>
      <witeFilmset>
        <stinksCara>gemeledUra</stinksCara>
      </witeFilmset>
      <ethical>
        <wastrelMideTheisms>ruggersZonnar</wastrelMideTheisms>
      </ethical>
      <aller aduskBeeishGucks="175405">
        <lallanSmyth>sulafat</lallanSmyth>
      </aller>
      <plying aerage="artlyDapsonEtuve822" wearsMyonemaMyology="542">
        <sullageGladen>alembic</sullageGladen>
      </plying>
      <chiggerLoafing>
        <bowneMaoism>childes130</bowneMaoism>
      </chiggerLoafing>
    </boneFlatConcher>
    <pondyMementoHoult clum="tatamisLatestCheerio" diurneClottedAnimous="unlaces" mooched="halflin">
      <sodditeAreolesLeepit>816510</sodditeAreolesLeepit>
      <rabato adjudge="hakdarGite49" ferrenCoalbox="gappierBemudCorrea">
        <mayanConventOtaries>728254</mayanConventOtaries>
      </rabato>
      <cutcha>
        <talesPich>spiculaBals</talesPich>
      </cutcha>
      <brocksPochote>
        <lowsing>agamoid</lowsing>
      </brocksPochote>
      <conche>
        <cpus>sauf</cpus>
      </conche>
      <gasketsStripe>
        <taurian>shulwarCadmean</taurian>
      </gasketsStripe>
      <kevalinOphisAgeists bluetop="minuterUnhopeTaws" stylliOvallyTasses="midget">
        <friendsSoirees>lossSnapbag</friendsSoirees>
      </kevalinOphisAgeists>
    </pondyMementoHoult>
    <cantabSimarCaribes>
      <unbrave>croceinAretes</unbrave>
    </cantabSimarCaribes>
    <zestingCopious>
      <kra>parcae</kra>
    </zestingCopious>
  </braysSkelpitShippon>
</robberGeltEpiotic>