<?xml version="1.0"?>
<brokery>
  <proverbSevumCagayan chinles="gelates" meikles="retearBotonn" sazerac="16669" />
  <foundThyselTulips groomSillon="788639" pasilloRags="litheHypural" goster="ualisJibmenScrived" hindusOscinesCalves="picarelNeatens">
    <lagenaDharana>
      <evelyn>crewDenoteNeed</evelyn>
    </lagenaDharana>
    <immunes anaryanToom="ossaEagerer401" dutch="riftedSpheresCaters">
      <banting>subduce</banting>
      <tiradesImelleSeggar>
        <bonitas>acarian</bonitas>
      </tiradesImelleSeggar>
      <snugged vilelyHulloa="elversMatzosRubious6" gauntry="aidenn">
        <viciaSiclikePesetas>apex</viciaSiclikePesetas>
      </snugged>
      <whitens revay="looTuchit1">
        <benty>washesCuskOutfame</benty>
      </whitens>
      <writher>
        <typhoonAffluxFanback>reechyKoumyss77</typhoonAffluxFanback>
      </writher>
    </immunes>
    <scutelSmither dawksAlc="donskyReflingWeft" hockingUnleashMilkily="thawers8581">
      <reddsHudson>sleeksRoctaSnocat</reddsHudson>
    </scutelSmither>
    <lanaiInpour>
      <fulfilAlowBruchid>861</fulfilAlowBruchid>
    </lanaiInpour>
    <jehads isodoseToxify="8258093" basify="purloinAnodizeWaiting" titmall="obtrect">
      <pabalumEphahRufous>shikari</pabalumEphahRufous>
      <plonkReally>
        <billowy>673812</billowy>
      </plonkReally>
      <unlap>
        <balu>5783</balu>
      </unlap>
    </jehads>
    <ambitty prized="grippyMarang7">
      <rasen>isatate</rasen>
      <angrierAcastus unhoistSimool="redosGarters4119">
        <misplay>scram</misplay>
      </angrierAcastus>
      <zincked imaret="holk" otosisMondays="993731021">
        <abakaPopularEarned>eogaeaCujamBlanque</abakaPopularEarned>
      </zincked>
    </ambitty>
    <tchwiHogyardYoni rafting="7" kolkozy="saic6" popieGoitcho="dawpate">
      <abuAnoesiaTupelos>53480</abuAnoesiaTupelos>
    </tchwiHogyardYoni>
    <septane bedlikeLoiters="negligVales776" evovaeCrinkumGundog="emblicIsdn257" tinglesGuddler="chewetTurretApogees">
      <verrell>crakowKnops</verrell>
      <define malar="74">
        <crankySanggilPoddige>1365445</crankySanggilPoddige>
      </define>
      <retackRaglans claryDecius="natalEyelid20">
        <pigmentAubin>2816274</pigmentAubin>
      </retackRaglans>
      <outyelpClubs>
        <hormigoGrabEleatic>jiboyaBots</hormigoGrabEleatic>
      </outyelpClubs>
    </septane>
    <recoalOecistPluteal>
      <murexShivesSharper>thackedDeperms</murexShivesSharper>
      <apatelaAgrised>
        <unultraStearylLoci>vane</unultraStearylLoci>
      </apatelaAgrised>
      <loggetsLastedCribral>
        <fillock>lubesPollexScudo</fillock>
      </loggetsLastedCribral>
      <quippyCapulet jaggingSnies="tampedShatEnlief14">
        <oxwortRaceOuted>showeryKnifersGesten</oxwortRaceOuted>
      </quippyCapulet>
      <bortzInocyteStickly>
        <culletsCados>5</culletsCados>
      </bortzInocyteStickly>
      <skywaysCoils>
        <enters>drinkyModel</enters>
      </skywaysCoils>
      <ness corsieHabitus="clubbedFidgety" nellyStoonUmbrous="lamaicCadenza">
        <ziarat>2</ziarat>
      </ness>
      <pedesisMelt miasmicNagaika="sunkenSewage" duster="445605">
        <usanceInlaced>976088089</usanceInlaced>
      </pedesisMelt>
      <sickenBecard posted="nonformMakopa" hoisesInfimaExtolls="ducoBendyDowress">
        <apoluneCamois>694854198</apoluneCamois>
      </sickenBecard>
      <quaggy>
        <boltersWight>807</boltersWight>
      </quaggy>
    </recoalOecistPluteal>
    <faddleBullnut>
      <botasUnclewEffigy>comdg2006</botasUnclewEffigy>
    </faddleBullnut>
    <knorhmn>
      <clank>tintingSunnyJoining2</clank>
    </knorhmn>
  </foundThyselTulips>
  <roinRamal cinuraWendedSim="bozos33" garrafa="mutCorsyAuantic">
    <pattleInbyeDebunk>
      <apozema>filbert</apozema>
      <cannelsCloquesLommock outburn="shuvraHoboesKoppie">
        <scewingOpaqued>809266783</scewingOpaqued>
      </cannelsCloquesLommock>
      <spyholeRebribe>
        <bizesLeased>shilhFirthsRebates</bizesLeased>
      </spyholeRebribe>
      <outtaskPegger ennew="70595">
        <licht>host</licht>
      </outtaskPegger>
      <newsies fablersNaggish="7032" updive="cloughTritoneTabinet">
        <tuilzie>seethedPassewaTribal</tuilzie>
      </newsies>
      <accumb hyllusScraggySpatted="mindsKbpsBetrust851">
        <camailGrad>hosiers</camailGrad>
      </accumb>
      <takable slare="skoal">
        <fosterPigfulUntruer>donnick</fosterPigfulUntruer>
      </takable>
    </pattleInbyeDebunk>
    <mashalAerobesSashays>
      <slipsSasaPixie>beefersMirish</slipsSasaPixie>
      <goolahCresolYapness spyboatDaemon="upsit" poliadPachuco="3376">
        <killochMelos>bindlesBawsintKeddahs</killochMelos>
      </goolahCresolYapness>
      <krypticFacial>
        <hencoopJumbalWabunga>tate</hencoopJumbalWabunga>
      </krypticFacial>
    </mashalAerobesSashays>
    <cambismPize watherSteamerUnkempt="lapworkSoredia" rundiNoumenaTynwald="bonityFeckfulOxland" tollStrewer="6724099">
      <mimsySmilers>14312</mimsySmilers>
      <cogon overfed="cachilaWaneyPerula">
        <catclawWeather>192</catclawWeather>
      </cogon>
      <nikkud>
        <sorbin>ferbams</sorbin>
      </nikkud>
      <lunatic muscot="incudalUnhabitTummel">
        <singfo>street</singfo>
      </lunatic>
      <gnabbleYaourtAlmudes>
        <wallopKafaGonging>728716609</wallopKafaGonging>
      </gnabbleYaourtAlmudes>
      <enserfGubbin nunciosLanista="sonjaLineasLucilia570" sooths="calcinoFormGravies">
        <lulls>755828</lulls>
      </enserfGubbin>
    </cambismPize>
    <unbank>
      <dawkFluidlyDwining>sifterRunaway</dawkFluidlyDwining>
      <snooksJugging interns="zonitidPetit" perdixUpways="queer">
        <mowanaOsiHematal>chapes</mowanaOsiHematal>
      </snooksJugging>
      <deflore unzip="979778" ummElution="lasset">
        <mahoundCaffledThoued>1492</mahoundCaffledThoued>
      </deflore>
      <riddenProteadMoop>
        <sephiraAsconMynheer>uncheatCandiruRawin</sephiraAsconMynheer>
      </riddenProteadMoop>
      <fungusyMankyWagon ogamAssisaAssist="reviewsPierrot34">
        <avosAsepsesHaloids>balanic1</avosAsepsesHaloids>
      </fungusyMankyWagon>
      <wakers>
        <cetusAgreesGitksan>12221</cetusAgreesGitksan>
      </wakers>
      <tittiesEll bekahForeignTalcs="searceBizantIyar3310" grav="behightDyvours">
        <beelikeCohobSynodus>pluchea</beelikeCohobSynodus>
      </tittiesEll>
      <viznomyDynastSassier taxlessMainan="twaddle4">
        <rootsTylionShitted>horkeyRipstopVigone</rootsTylionShitted>
      </viznomyDynastSassier>
      <odlingHawkies chassisWoeness="658">
        <gerland>smichLampersTunish</gerland>
      </odlingHawkies>
    </unbank>
  </roinRamal>
  <corpora jounceKuli="durianPolypus" lilacky="urates3">
    <foozlesOffings>
      <lataniaPrerichWellset>awaste</lataniaPrerichWellset>
    </foozlesOffings>
    <rattelGaywayQuinina>
      <panhead>quayageDreche38</panhead>
    </rattelGaywayQuinina>
    <loansSaneFortake lumpmenKanten="woosUndowny" miridaeBatea="formeltTouaregMorate" adenylOutsinNullahs="downy">
      <awhirlSlodge>misery</awhirlSlodge>
    </loansSaneFortake>
    <gland>
      <isuroidOtarianDault>adeFinkelCausate24</isuroidOtarianDault>
      <sigilFlip sneckerStromedPellaea="orfraysMethane" wollySkillet="vistlikVitallyVerify80">
        <trovesStablerCallow>mundari</trovesStablerCallow>
      </sigilFlip>
    </gland>
    <girn>
      <brollColletLawed>accerseImbroin</brollColletLawed>
    </girn>
    <tensoEmbus>
      <sayaSimilesCouple>darenBullose4442</sayaSimilesCouple>
      <auditFerfetMusjids>
        <jackmanAroynts>4766</jackmanAroynts>
      </auditFerfetMusjids>
      <valves cintreJennetPheny="doddiesOxidant445">
        <tangoed>pitirriAcopic</tangoed>
      </valves>
      <meed blungesCrowdie="beardie" mahdist="9">
        <apiatorClep>bossetClaquesNut</apiatorClep>
      </meed>
      <phane deafishCortex="16005">
        <sterileColtGerah>1826</sterileColtGerah>
      </phane>
      <pistolsFleeceSporran>
        <stacker>cogitos9235</stacker>
      </pistolsFleeceSporran>
    </tensoEmbus>
    <shamashBedroomWayside sowishOperas="mayeyeBugledDietine" tipmenSacksJembe="4654249" dardicRealist="dipodicJocuno7">
      <sprang>lindane</sprang>
      <somaliaUnample>
        <tipplerBegger>joyweedSnakerZaramo</tipplerBegger>
      </somaliaUnample>
      <beamageCokeMurva cedersUnframeDequeue="outfireClipseForgrow">
        <falcerCooeyedFired>apiumNymphalTurbans2343</falcerCooeyedFired>
      </beamageCokeMurva>
      <dulciteOboistsZunian tinsy="arderReached" odaliskSprayerWhaups="catalanGemmanEerock">
        <nisnas>florCornilyUnheavy</nisnas>
      </dulciteOboistsZunian>
      <thinglyOxtailRuglike jocular="phonerAddaRealm" mashedPlaidedDeism="apotomeFliggerAmender">
        <shanRamiro>flagmenGloatsVorhand</shanRamiro>
      </thinglyOxtailRuglike>
      <duplexsKnowing>
        <cobbedLdgArghel>aitchSwampy</cobbedLdgArghel>
      </duplexsKnowing>
      <buickMalabarAural>
        <yeta>antrin</yeta>
      </buickMalabarAural>
      <deferUnrovedWills siegurd="meekestLechea">
        <bemouthZygous>2143</bemouthZygous>
      </deferUnrovedWills>
      <mammaeBahaiCeorls cobolLowsest="mysost88" kinetinOutseekMalfed="jasonYardman2">
        <bumpingBielby>retripEuriteRejourn</bumpingBielby>
      </mammaeBahaiCeorls>
    </shamashBedroomWayside>
    <laxismImparksNutmeat>
      <alceOddball>berriedUnveils</alceOddball>
    </laxismImparksNutmeat>
    <replansJaphethWhatsis tricladZoisticUnit="bepaw">
      <ambryLubbard>juicedWeevils598</ambryLubbard>
    </replansJaphethWhatsis>
  </corpora>
  <axiniteDkgMutuum cone="gaminsWailfulRidgel" koswite="curneys" arblast="53096" slinge="forseen8">
    <rushers>
      <stept>508611384</stept>
      <manessLucanus>
        <xxxTempyo>jibmanSparest</xxxTempyo>
      </manessLucanus>
      <tympanyCuminyl akvavit="verutumZonuletEuda" squidgyBluntlyOscinis="molassy">
        <genomesTanoanLanugos>472066</genomesTanoanLanugos>
      </tympanyCuminyl>
      <earfuls banzaisTartishPanfil="vivendiMulla" ragsJert="flexuraDims">
        <ployBoread>retrack</ployBoread>
      </earfuls>
    </rushers>
    <stymyMuslims dempneShyer="coenobeCooksRublis" inphaseMalamRates="859" lucUrali="acheerKernesWhims">
      <domableNothalDoctrix>gaspingNovator</domableNothalDoctrix>
    </stymyMuslims>
  </axiniteDkgMutuum>
  <picary sobsMhoTregerg="anosmicAriettaBeveil" />
  <iceboneAnlaut joule="6076094" bedsiteTabooed="167106689" gibersFayed="liknon" lamplit="parishUntomb">
    <muzzyErucic fitness="vervetsSpaviet7">
      <touchClemWakes>boobsJordenIsotere59</touchClemWakes>
      <josephMinoize foamingLungs="761">
        <nigeriaScathy>15617</nigeriaScathy>
      </josephMinoize>
      <panace dericWarori="chicken901" astroidImpall="hedonicGilten">
        <papHalperClucky>loofas7567</papHalperClucky>
      </panace>
      <oot cady="avionicUncoredSuicide" whynessMuter="954316403">
        <peed>annularChemins</peed>
      </oot>
      <ferioJuris rilievo="indicanGaby">
        <oestrum>gonzoQuinon</oestrum>
      </ferioJuris>
      <compoerCarps hylismPannose="29" ducker="9">
        <spellsPuckPleiads>empress</spellsPuckPleiads>
      </compoerCarps>
      <maffiasFasciaeDrupose mebsutaSupplerComl="persicoDianoia">
        <henninAraucanEntally>keywayPetrify</henninAraucanEntally>
      </maffiasFasciaeDrupose>
      <mozette tymbalsCasts="88360">
        <skiapodMealies>56600189</skiapodMealies>
      </mozette>
    </muzzyErucic>
    <metherBajaDancers>
      <salicyl>garua</salicyl>
      <gdsVamure rondle="sculchPathicEddied99" adighe="redtailPencel">
        <baltisPoohedFeatous>vinicLaenRasour</baltisPoohedFeatous>
      </gdsVamure>
      <ricksha>
        <gluer>sinapinCastedTewly</gluer>
      </ricksha>
      <parcaeSunburn>
        <cuprumsGueLeash>956261719</cuprumsGueLeash>
      </parcaeSunburn>
      <simEruc>
        <yokeOblast>reflew</yokeOblast>
      </simEruc>
      <moonyDastardProduct whereup="55036392" impedNarked="abdat">
        <moe>48501495</moe>
      </moonyDastardProduct>
    </metherBajaDancers>
    <omnibusScarfyWhelm>
      <tassiesPrevote>picongHurrahs686</tassiesPrevote>
      <slitty>
        <nibs>sawnEngemGusty</nibs>
      </slitty>
      <forebarBazars wisdomsAbsurdDoozy="redrapeDumbcowUptrain">
        <centredLychnisGrass>tacoBubbled77</centredLychnisGrass>
      </forebarBazars>
      <emirSlaker delayWiglet="54">
        <longsCassonsLanas>evacueDruse2269</longsCassonsLanas>
      </emirSlaker>
    </omnibusScarfyWhelm>
    <fags>
      <nounsSpinodeTret>77061460</nounsSpinodeTret>
      <kindledIsoln>
        <porkoltVimpa>yengeeMoperyWyches</porkoltVimpa>
      </kindledIsoln>
      <hydras mulse="hardhatNeshlyHimself417" hulked="simitarFlirts753">
        <scogie>harriesMokesHiplike</scogie>
      </hydras>
    </fags>
    <pagansPartakeCampal>
      <squireNiggerPartans>sissBewigPurpler</squireNiggerPartans>
      <scrumsLets dilkerAlkanolFlasker="4378" intombsLigyda="tested">
        <amuletsDragnetComber>eldinCymlinsDrizzle</amuletsDragnetComber>
      </scrumsLets>
      <calamus decuman="legacySquirtyDryope25">
        <seizorsTrussesSparer>579253</seizorsTrussesSparer>
      </calamus>
      <aecium croupal="hoedownUnheadArcaded">
        <chaco>stirkMany</chaco>
      </aecium>
    </pagansPartakeCampal>
    <museumsUnadept layerRennet="glimpseGannetsDynast" intwistUncheckBrigade="corveLugingBist" tellFibrilDunnest="dominee">
      <aigreThapes>serousNodus</aigreThapes>
      <giftingIresDkm figbird="roberUrningFlowers" wust="fennig8">
        <khasaAndesic>gangerBlungedSwoosh8</khasaAndesic>
      </giftingIresDkm>
      <besseraTurpid forciveAlkali="boreiad" pilcornMatteReadies="dingmanPellar">
        <hengestHackingLobal>strenthBumbassAisled</hengestHackingLobal>
      </besseraTurpid>
      <fregataGroverCalappa yaplyUnitudePacht="cyrillaWeenies">
        <misticUnhusks>beachedAhey38</misticUnhusks>
      </fregataGroverCalappa>
      <warrtyJuckBoodled>
        <freqOscella>8465</freqOscella>
      </warrtyJuckBoodled>
    </museumsUnadept>
    <hexaped rawnieScrewsKyars="dosadhVairagiTonne5509" memoirs="reoils" tibias="phytateLucban9">
      <gaedownSpeciesMarsoon>thalianSuiline</gaedownSpeciesMarsoon>
      <leeredIchu spitkitTalao="wrungNakula">
        <falk>inures4004</falk>
      </leeredIchu>
    </hexaped>
  </iceboneAnlaut>
</brokery>