<?xml version="1.0"?>
<volte>
  <juicedStyany charger="42822" peasant="748352273" />
  <blippedDooliesCastlet busk="azyme" bravingSawerCrofts="cuitWadableChuddah" sake="sprettyBespyRariora" />
  <stonied trugAdnexa="ecotoneLoofie" sodokuPeascod="lativeSwippleSrac">
    <maharCapouchRenders harmineAided="catpipeJiffy" pouser="3704">
      <reubPungie>9403531</reubPungie>
    </maharCapouchRenders>
    <boleteSunstar>
      <boulter>78</boulter>
    </boleteSunstar>
    <cartersSpoonsCrocard>
      <gluonHired>7608979</gluonHired>
      <carlMacauco lakishNooning="merfolkTorroneSita">
        <apiales>milched6</apiales>
      </carlMacauco>
      <sneakyHippyJubilar>
        <friesic>annul</friesic>
      </sneakyHippyJubilar>
      <dolors orielAvengedCockly="2">
        <concaveRedubEyrar>smoutColossFocal</concaveRedubEyrar>
      </dolors>
      <rastledOuthits cowingKerflapLowly="wiltingTuboidGads6756" shairns="unipart">
        <alteredUnze>hoelike</alteredUnze>
      </rastledOuthits>
      <honoursPichiPahmi>
        <akashaWineryBuyer>boshFlaxenBuffin2</akashaWineryBuyer>
      </honoursPichiPahmi>
    </cartersSpoonsCrocard>
    <kinema>
      <cured>nun</cured>
    </kinema>
    <pupate potfulNesty="877" coalpit="gummoseTinierInwork">
      <shoransGlowerMispage>maryTurksStony28</shoransGlowerMispage>
      <cedricFirer ablude="begay">
        <kayakMelanoiAgnosy>slimmed2</kayakMelanoiAgnosy>
      </cedricFirer>
      <edifaceBarberoElfland>
        <camaligCardiacFourrag>bouncyBritanyCrudest</camaligCardiacFourrag>
      </edifaceBarberoElfland>
      <hidageGiboiaGrieko pretiumHineyAssoin="43823">
        <lollops>comradeBinomy</lollops>
      </hidageGiboiaGrieko>
      <pityingRector prig="forboreDracinModular">
        <sudaniElinvarFinched>scaursImplant</sudaniElinvarFinched>
      </pityingRector>
      <aikidosBarrace updryOarium="93377353">
        <citAlbiticCaromel>docketsCopple</citAlbiticCaromel>
      </aikidosBarrace>
      <kirkifySuitorPinetum>
        <seisorZymases>fot</seisorZymases>
      </kirkifySuitorPinetum>
    </pupate>
    <pionic>
      <magyarUnpeg>aworkMuseOsiers2773</magyarUnpeg>
    </pionic>
    <viscin>
      <sheelySwoonedTopato>daymark</sheelySwoonedTopato>
    </viscin>
    <clavierEudemonTerrie>
      <borshtStiverScotty>daubryPrigman</borshtStiverScotty>
    </clavierEudemonTerrie>
    <topersHeminCovary>
      <gambol>silageJugs</gambol>
      <franticDevoirs abandumLatent="indigesTidesDurbars7982">
        <attacca>sugent</attacca>
      </franticDevoirs>
      <trocheeTempos abacus="liegierMohawkFop">
        <utahanEclair>axumite</utahanEclair>
      </trocheeTempos>
      <architDodgier hellingMizenJolted="midgetsLeads" hagfish="arcady">
        <morselsCrowhop>wagwagDossetyBannat</morselsCrowhop>
      </architDodgier>
    </topersHeminCovary>
    <tuftilyAmimideGismos>
      <chiver>tilpahBrazensFelts</chiver>
    </tuftilyAmimideGismos>
    <lappetPhons fretfulMyoma="wallaParts" kulaki="fritterImmerd">
      <berobedThowt>ghaistRefile</berobedThowt>
    </lappetPhons>
    <chypreAblAcastus>
      <calomba>papayaSliping</calomba>
      <towy cholTregohmMopuses="eoithWaefulBorder">
        <bilkis>berseemTheca</bilkis>
      </towy>
      <glarier levesel="3555">
        <cartedTricaeGild>thirt</cartedTricaeGild>
      </glarier>
      <balkilySerpentBhisti duro="alpieuAlantic">
        <asculaNandow>12</asculaNandow>
      </balkilySerpentBhisti>
      <junglyRivetedGreave>
        <spinodeUnbed>eschara7</spinodeUnbed>
      </junglyRivetedGreave>
    </chypreAblAcastus>
    <pokomamSacrumsDicers ojibwa="hadalDardani" roddenBorneoBornyl="etalageMistakeBowless">
      <lapinSkeighTeenie>erie</lapinSkeighTeenie>
    </pokomamSacrumsDicers>
    <generaScriniaLaidly>
      <umbonesHaoleAubrey>dynSprackZizania</umbonesHaoleAubrey>
      <leucousCrohDvandva>
        <yakinHarimAufgabe>recopyUnfadedSpecies</yakinHarimAufgabe>
      </leucousCrohDvandva>
      <buphagaKelderBizant>
        <tabagieKordax>gyn</tabagieKordax>
      </buphagaKelderBizant>
    </generaScriniaLaidly>
  </stonied>
  <axerTarcel alloxyNebulon="creplyXylon" anklet="nonwarSpiringPerempt" />
</volte>