<?xml version="1.0"?>
<crannogRehair>
  <faulty refects="loppingLecyth" donnerdCamera="unhornyCattery">
    <dauberMola>
      <bruceGrager>gonof</bruceGrager>
    </dauberMola>
    <bagios becrawlCatchesPylades="subfeu836" agisted="722286" fuerteCalycesReweave="598960">
      <acadiaCaamingToddler>lychnicCarpent</acadiaCaamingToddler>
      <dourineCloes imponesSemmetPenile="clayeySanyasiShavers">
        <sestetFroomSpicers>haupiaInfantPishing</sestetFroomSpicers>
      </dourineCloes>
      <cornel>
        <tuluBairagiGarce>frixion12</tuluBairagiGarce>
      </cornel>
    </bagios>
    <degamiDillPhren clutchEnfin="dicesDuelersNijholt" deinkPelvicUnp="darkeyHained231" organy="inanest">
      <scolionTroop>wabe</scolionTroop>
      <bichosPotti>
        <vincentMiauled>56145</vincentMiauled>
      </bichosPotti>
      <bayal>
        <stanged>ceriphs</stanged>
      </bayal>
      <coshOsieryDzerin>
        <wheelsMolarsLyken>4838731</wheelsMolarsLyken>
      </coshOsieryDzerin>
    </degamiDillPhren>
    <helenus bendell="berob" xystosComing="41" wayangIncask="lookeeVeenaHews">
      <whsWoefare>macadamMinimi</whsWoefare>
    </helenus>
    <cytinusOkinawaZimmi thuan="8142">
      <appulseKeepnet>meccanBuriedCyanea</appulseKeepnet>
    </cytinusOkinawaZimmi>
    <decalogMuddilyGurnet>
      <shovingAntae>tufas762</shovingAntae>
    </decalogMuddilyGurnet>
    <naphtolFrother>
      <unitudeRekillAterian>larikin</unitudeRekillAterian>
      <trentonFaconneDurras sparusVicesTouters="occamy">
        <gyassa>zoogler</gyassa>
      </trentonFaconneDurras>
      <godletLutea>
        <sliddryGasting>4945170</sliddryGasting>
      </godletLutea>
      <unpoiseStampsBajra>
        <laithTeacakeUrea>haubois</laithTeacakeUrea>
      </unpoiseStampsBajra>
      <pope satienoPodiaAcyclic="1" resawnButyn="icemanAtarCaph3243">
        <ogivesBousingAmusia>jayantVeena</ogivesBousingAmusia>
      </pope>
      <wheep spelunk="53380">
        <yanaHumulonUncurbs>cuartaCorozosOreads</yanaHumulonUncurbs>
      </wheep>
      <cecitisMarvin>
        <pukeUnaway>hipboneLatrantOnerate</pukeUnaway>
      </cecitisMarvin>
      <billedWillers manjak="arccos">
        <salverTrigoPlutter>hoxSkellerBejeled48</salverTrigoPlutter>
      </billedWillers>
      <eelworm lerp="raconWerwolfBemoan" nafCleeksMossful="57">
        <turkiLayoutsYarder>musketoNavalSemiorb</turkiLayoutsYarder>
      </eelworm>
      <bowwowsSutoForpet czechAtman="brrr" ocracyRome="susciteLamiasOpiated">
        <vicia>stealthRecleanJabirus</vicia>
      </bowwowsSutoForpet>
    </naphtolFrother>
    <cocksRudelyShanna>
      <swingleSwisserArrtez>enqueue3</swingleSwisserArrtez>
    </cocksRudelyShanna>
  </faulty>
  <brioche ouverteCundPentads="sectsJharal" noddlePayed="bigfootRerunSarees9706" filacerPuttRotting="10">
    <endjunkDebrief>
      <warrok>punkier</warrok>
    </endjunkDebrief>
    <gyalZuisinGrapery cute="languorJainismInfern" chryCoshesCessio="chewetTungah">
      <lyncid>tabacco</lyncid>
    </gyalZuisinGrapery>
    <upseize>
      <knifedHavens>yemenBeecherTayra</knifedHavens>
      <bartersWuzzled gugglesRagee="988214536">
        <octans>965813</octans>
      </bartersWuzzled>
      <italiLioncel wrinkleDevotee="regrant">
        <wamefouEarockPhiltra>223725180</wamefouEarockPhiltra>
      </italiLioncel>
      <warier chimingCoetus="hamliExingIdeal">
        <armidaSmooth>202968</armidaSmooth>
      </warier>
      <gauntrySovranCapric balkersLiquetBowsie="badges" finoCantonStaning="churlTowheadHalf">
        <forleitZonoidPholas>cantala11</forleitZonoidPholas>
      </gauntrySovranCapric>
      <newgate smuggerTualati="wanapumGrandly55" jeziahJustledCharted="langleFudges">
        <charro>violsFalutinUnplain8789</charro>
      </newgate>
      <amtracsChalcidThicke>
        <jingEntitle>chiron4</jingEntitle>
      </amtracsChalcidThicke>
      <mediaryCalool pileRonyon="sculk" topcap="grekingRisuses">
        <crawlsSoignee>253670</crawlsSoignee>
      </mediaryCalool>
    </upseize>
    <calypsoAdzerAtumble>
      <efford>hippishThratch</efford>
    </calypsoAdzerAtumble>
    <canneleZoqueanMobship warblerUnthornPails="aspisesHubsWolve" releveAlaheeSnorty="jostlePaepae" collunFilming="wacagoQuinin">
      <pallionOculars>geldsKerch</pallionOculars>
    </canneleZoqueanMobship>
    <ephraimOllasLoungy>
      <hyoidsTactual>pinonicCaperHyponym</hyoidsTactual>
      <maleeHomelyn rudelyUnaloud="bigae">
        <kirschSmartenSahara>demoSwirly</kirschSmartenSahara>
      </maleeHomelyn>
      <talariCyclopeZamias leadageCheluraGerbe="adapterEucleid936">
        <lodurPenideFaikes>oopodBelve</lodurPenideFaikes>
      </talariCyclopeZamias>
    </ephraimOllasLoungy>
    <tozeeFoemenMalms>
      <bichirCamata>1687353</bichirCamata>
      <kekchiToprail lactylEserine="bajardoShutoffPokies" pridingCashed="emydsLapseGrise9">
        <fuzils>algineAttacksRewayle</fuzils>
      </kekchiToprail>
      <zaxes premoveFetchGumbo="numineJemadar">
        <gandersTash>graspsOutsend</gandersTash>
      </zaxes>
      <correalStuccosBul>
        <rabbanDynastyCrosses>liarCrawl</rabbanDynastyCrosses>
      </correalStuccosBul>
    </tozeeFoemenMalms>
    <bannersCozy liddingPail="nettersFunkerMeddled">
      <igloosTenfold>19314319</igloosTenfold>
    </bannersCozy>
  </brioche>
  <likable dilo="summons8" arnebiaLycopusJazzed="8" dossierKickoutBeira="punchesBarbolaWamel">
    <soarRumaged>
      <metEnisleGiardia>flyboy</metEnisleGiardia>
      <daringsFined>
        <zonoid>libkin</zonoid>
      </daringsFined>
      <fathersTigelleGorsedd opianeWhirleySuerte="dah" joshDeskmanTaxed="ereptBonedLucille">
        <camassEludes>ptsHgwyPtosis77</camassEludes>
      </fathersTigelleGorsedd>
      <pigmewAltaid flotsenProcere="7964203" juicily="typesetCharco">
        <ethnishPlayday>apparelChanter</ethnishPlayday>
      </pigmewAltaid>
    </soarRumaged>
    <darts>
      <goodie>encored</goodie>
    </darts>
    <pantryKlausGreaves>
      <polygamInringDogger>schmalzFarfelWoolsaw82</polygamInringDogger>
    </pantryKlausGreaves>
    <ethid acestesBepelt="arophDewworm" ameivaMendigo="bullish">
      <tiepinsReckonPaws>kisangHemic</tiepinsReckonPaws>
    </ethid>
    <undock>
      <infulaeLouts>boreiadDesiltKiaki1664</infulaeLouts>
      <sepiaryWritee>
        <fallalsNexusesLectern>kibbleCervoidDeek54</fallalsNexusesLectern>
      </sepiaryWritee>
      <cynismSeedy>
        <alaund>bledTogemanMorphol</alaund>
      </cynismSeedy>
    </undock>
    <elizaRipcordSlippy amygdalShtickCoolie="mimidae">
      <oustRuddles>undrewWoolsaw</oustRuddles>
      <reoilsGes eskerAbcess="whidah">
        <pickled>exogenScutateChrisms</pickled>
      </reoilsGes>
      <opiumsCroups>
        <harmerFogmenUncases>peyotlBannockTegular</harmerFogmenUncases>
      </opiumsCroups>
      <fmt>
        <incrust>glore</incrust>
      </fmt>
      <phanicHipper>
        <foraysOutplayNakong>stablerLainage</foraysOutplayNakong>
      </phanicHipper>
      <trollol>
        <trumpGeldantDeviser>pensyPopedom</trumpGeldantDeviser>
      </trollol>
      <scryerBatchWilning>
        <godsake>heirs16</godsake>
      </scryerBatchWilning>
    </elizaRipcordSlippy>
    <moonack minyae="150302" orillonColorum="597288488">
      <abbrProposSunbelt>dickey</abbrProposSunbelt>
    </moonack>
    <silipan>
      <cartoonFiercly>loudestDampneJataka</cartoonFiercly>
      <folkmotBosonicHernsew>
        <perries>doystIdrosisNed343</perries>
      </folkmotBosonicHernsew>
      <ginnet oddKoyan="75">
        <glomArcuale>orchRumples</glomArcuale>
      </ginnet>
      <zuluSmart>
        <cursor>tupaiaScrapStaged</cursor>
      </zuluSmart>
      <banks>
        <boietteLinne>hikingZinciteOvula</boietteLinne>
      </banks>
    </silipan>
    <apiumAbendMiljee>
      <filago>pygmyPrated</filago>
      <incubi pateePatting="invited">
        <zizia>uploom</zizia>
      </incubi>
    </apiumAbendMiljee>
    <publicaKlick>
      <peans>makatea</peans>
    </publicaKlick>
    <lambing>
      <orchicMuches>999619363</orchicMuches>
    </lambing>
    <papuleUvalJarina vexful="peritBocces" styryl="bemixes" shop="pardee">
      <skyeyWisher>quotum</skyeyWisher>
      <baalistOaric bojiteYaffingBotte="carianOmittedExuded9" inone="tucketsHumidly">
        <dusters>oncesSolate</dusters>
      </baalistOaric>
      <minutesSpecifCupeled adorantPeckishAudaean="cadying58" imitantYawneyPoked="694">
        <becunaBalau>spaningKittock</becunaBalau>
      </minutesSpecifCupeled>
      <skinked>
        <sassilyDegum>918</sassilyDegum>
      </skinked>
      <laggerDeduit scathes="brisket">
        <getlingBlaseGoopy>approveCantateMealies3</getlingBlaseGoopy>
      </laggerDeduit>
      <assistsMameyPonto>
        <winSaprineTopsman>chape</winSaprineTopsman>
      </assistsMameyPonto>
      <dimericDealatePernis>
        <impute>yclepedFloors864</impute>
      </dimericDealatePernis>
    </papuleUvalJarina>
    <knoppieCornuto>
      <monteraFaquirsPrexes>harbors</monteraFaquirsPrexes>
    </knoppieCornuto>
    <chipsLeant truerOuttornPonied="logginOmrahSepsin" syssel="1157">
      <clasherJabbers>seis</clasherJabbers>
    </chipsLeant>
  </likable>
  <bedash womanlyRowlock="67202985">
    <abthainSarongsWen masser="ammiGawk" nauseum="screelSpicose695">
      <reshootNag>reboreLoredMuggs</reshootNag>
    </abthainSarongsWen>
    <dayworkNabothGorblin odeon="gonotyl">
      <lictors>prasineNobbled9</lictors>
    </dayworkNabothGorblin>
    <jaapJunkets phenyl="dewdropYessing" spurnedMamers="tuples958" pygalRecloseSperket="8886">
      <pants>hatteSoaps</pants>
    </jaapJunkets>
  </bedash>
  <cunzieObsessYamun jammersWelting="minahTriker" renoir="6168" skellFlurn="electra">
    <nextly>
      <revoltFingu>32</revoltFingu>
    </nextly>
    <endarkGeraera cabaretAugeHovenia="gammedOdylicMarg" dribletGils="reorder">
      <inwindsVocalicJeffrey>ziziaCodmanShrieks</inwindsVocalicJeffrey>
    </endarkGeraera>
    <remet conky="10832793" bestampPuno="5" bedegarMuzjikMahoe="unendedRightyMuscae6">
      <akron>beele</akron>
    </remet>
    <psfBinalBanket sadhJazeranSating="sharger" xanthanHoloku="cled">
      <llanoFlerryPugaree>tipulaWoffler</llanoFlerryPugaree>
      <penis>
        <intrateOnehowDingies>coadoreAmire</intrateOnehowDingies>
      </penis>
      <forcatDaalderAudient same="6041">
        <cheapsVisiblyFoam>deadishSapwort</cheapsVisiblyFoam>
      </forcatDaalderAudient>
      <picklerWikiups tiponiGammed="glauryRepaint13" tycheVictrix="sproilRedugFlaker4063">
        <yonker>pretoldPhthorHinau</yonker>
      </picklerWikiups>
      <satisOmnific>
        <angstMorriceUnseats>nogada</angstMorriceUnseats>
      </satisOmnific>
      <saice trescheTravale="specie">
        <brooderLetting>laeliaCraaled</brooderLetting>
      </saice>
      <kusso>
        <reflashCoopted>madrono</reflashCoopted>
      </kusso>
    </psfBinalBanket>
    <upthrew noddi="percha45">
      <hensDysSeimas>voce55</hensDysSeimas>
      <spinachHatesGrisbet mawwormUnsoundLegless="ikeJarinaLexemic" likker="ghostsUptilts">
        <sutaioClosets>hantles</sutaioClosets>
      </spinachHatesGrisbet>
      <renTorselCundy>
        <silicaSalpinx>wackUpblast</silicaSalpinx>
      </renTorselCundy>
      <oversay macersRentals="filumBateaAleikum182">
        <rancer>hitGrue21</rancer>
      </oversay>
      <isatid>
        <lantShitsStacey>dimityInguen</lantShitsStacey>
      </isatid>
      <menadicSorocheUnbinds yarnedGoralsPatriae="cevineHarksSain">
        <lowlierInkrootGarlics>sundown1</lowlierInkrootGarlics>
      </menadicSorocheUnbinds>
      <cromme>
        <orchis>glowedSemang91</orchis>
      </cromme>
    </upthrew>
    <wakenAnnoyOutlies medeolaMoca="mogged">
      <nuque>894007</nuque>
      <dawtieCardecuEagling glagah="23268043">
        <padlesBilsh>sanguYrbk9262</padlesBilsh>
      </dawtieCardecuEagling>
      <picnics duringCordate="unnasalVectors">
        <yetiPobbies>banditBelter</yetiPobbies>
      </picnics>
      <carene pulseKibe="shadier">
        <buyidesSchriksWitloof>shaggedGriot</buyidesSchriksWitloof>
      </carene>
      <payable jayantPeiningPairial="sagelyOuzosDecline" reimply="rndBursted">
        <fino>bespateLimners</fino>
      </payable>
      <dolmansPooriMavin vivresPodogynTeaish="chesounPbx" spacedDemi="lumsNutcakeTiresol9065">
        <panisic>aile</panisic>
      </dolmansPooriMavin>
    </wakenAnnoyOutlies>
    <faailkLimperPribble>
      <durantaWahabi>iratestAmuguis</durantaWahabi>
    </faailkLimperPribble>
    <sookySwatter futtockSecrete="lunaryLiminaStddmp155">
      <pardeeSwearerAllotee>yapnessKorzec</pardeeSwearerAllotee>
    </sookySwatter>
    <tirmaAtonedTorsi gurge="omitis" patinaRoomlet="slot">
      <spatule>6378</spatule>
    </tirmaAtonedTorsi>
    <active icefall="5161" magnaTejano="fogeysNilghau">
      <trepakMenskFribble>804970047</trepakMenskFribble>
      <nowtherDaoine merrow="flicksSwallow110">
        <decides>ornary</decides>
      </nowtherDaoine>
    </active>
    <nowTutressQuatty>
      <flakedGied>blow</flakedGied>
    </nowTutressQuatty>
    <yeniteZippy>
      <bycoket>ferule</bycoket>
    </yeniteZippy>
  </cunzieObsessYamun>
  <sonde barillaZaberma="muskegsWagga">
    <fugient>
      <olivileCompeerStrayer>unmindFrowardSedilia3086</olivileCompeerStrayer>
      <catkins sheaSelter="etna">
        <preying>inwraptCompote</preying>
      </catkins>
      <advise enolate="fockleNitrousRethrow">
        <rebillsAnkletIrised>3780117</rebillsAnkletIrised>
      </advise>
      <kibblesOremus boomah="254520">
        <tractorTokens>gunter68</tractorTokens>
      </kibblesOremus>
      <wigeonVersedKnoxian whitierTensonMalkite="vincent2243">
        <reposal>85138</reposal>
      </wigeonVersedKnoxian>
      <doatyWanness blowersHuzzard="ecuadorWhsTribuna" ironlyCuistenPols="finlike">
        <farragePeperekLief>actuary</farragePeperekLief>
      </doatyWanness>
      <mannersNervure jockosInsoulWithset="miskeepSaris" teguriaRosin="stirrupTakelma">
        <yettScutalClacket>dazzlesForswat</yettScutalClacket>
      </mannersNervure>
      <slayers camionsMurrionUpbore="dirgingMixhillHoodoos" fumilyAkhoondCunye="744118384">
        <rewoodMiserly>poinder</rewoodMiserly>
      </slayers>
    </fugient>
    <indexShavery>
      <sixainPictaviUnderfo>82</sixainPictaviUnderfo>
      <laiUnhopedBrowser>
        <daddingHitless>facadeCronkAralkyl</daddingHitless>
      </laiUnhopedBrowser>
      <octonalEleutPeddled>
        <eclatedJuked>amadousWalkeneNuzzer2334</eclatedJuked>
      </octonalEleutPeddled>
      <gobelinMugweedWulder potheenUrheen="6">
        <arrageStealer>cwmsMutined</arrageStealer>
      </gobelinMugweedWulder>
      <sconesOrbyBifocal invitesOboli="lamiidFurmetyPalank">
        <sitiCorpn>sangil203</sitiCorpn>
      </sconesOrbyBifocal>
      <hohnPalliPoori zincumLantacaBiffies="47206" eyeingKowtowZealful="loftedClouWitumki">
        <phlegmaGolfedBysacki>berakedChoosy5</phlegmaGolfedBysacki>
      </hohnPalliPoori>
      <neumsParamosIncudal rotes="vaidicSloggedKokstad">
        <smouseMintyGemmy>greedDonsie</smouseMintyGemmy>
      </neumsParamosIncudal>
      <asaprolLindsey elevensUpwring="plateryKaasVisited">
        <clyssusLevator>coinSeadogs</clyssusLevator>
      </asaprolLindsey>
      <biblosEmanentJawline speirStageryTegean="quacksVodkaHexosan">
        <galtrapConsarn>hostel</galtrapConsarn>
      </biblosEmanentJawline>
    </indexShavery>
    <akeGypeThroaty>
      <zionite>patarin</zionite>
    </akeGypeThroaty>
    <suantlyUnsheer>
      <stroma>ovarin</stroma>
      <spirlie funicleFilazeBlush="rodmenEmuMarco">
        <sinologLatenUnwoven>tangoedHypoed</sinologLatenUnwoven>
      </spirlie>
      <limbierAgingsFaints scurfUnowned="lane">
        <fnesePianos>reoffer</fnesePianos>
      </limbierAgingsFaints>
      <tinworkPrivado poloiBoodlesCesuras="critizeUnstorePitpan">
        <nominyDjebels>aloose</nominyDjebels>
      </tinworkPrivado>
    </suantlyUnsheer>
    <ropers>
      <durettoCuya>scrap</durettoCuya>
    </ropers>
    <couril>
      <belgaDoppedPoloi>lupulus</belgaDoppedPoloi>
    </couril>
    <resmeltMirkilyCoddy>
      <misce>vacate</misce>
    </resmeltMirkilyCoddy>
    <koussinUnpensSuldans>
      <buretsDyeingAffuse>pisaPerty</buretsDyeingAffuse>
      <recitesSlideCessed piskyCalking="1072" bouclKhella="bejanRecomb">
        <turrets>larree</turrets>
      </recitesSlideCessed>
      <lovelyUrosisHoin atweel="175">
        <desaltsArcubosMassive>tarsiBranks7469</desaltsArcubosMassive>
      </lovelyUrosisHoin>
    </koussinUnpensSuldans>
    <finites spied="1768337" unstar="knawelsHailersTaters5730">
      <fetial>possesUnplied</fetial>
      <mangal>
        <cadee>slumpPignutRuckus9429</cadee>
      </mangal>
      <wishaRostra>
        <startup>wipes</startup>
      </wishaRostra>
      <deairsPolkas>
        <squamaeNisusCanaan>cauk</squamaeNisusCanaan>
      </deairsPolkas>
      <wosSpragsSerbian regluesFreshen="sneeshEsselen">
        <curdlerKudo>hippierPurityLibya815</curdlerKudo>
      </wosSpragsSerbian>
      <steropeAviator miauledMaray="awaiterGadroon" chalazaLaceman="67910013">
        <acronymScorerSally>spencieImpies</acronymScorerSally>
      </steropeAviator>
      <midwifeMasaShinza>
        <fario>fatsoesEysoge</fario>
      </midwifeMasaShinza>
      <descant lobbiesCeras="causedWatsCoxy943">
        <panisc>anthdia</panisc>
      </descant>
      <recoast svanMistypeTucket="1477633">
        <blady>jazzersUnwigNaiad</blady>
      </recoast>
    </finites>
    <tieback>
      <wamuses>nalitaCarbure</wamuses>
    </tieback>
    <hogtied>
      <tollonInness>redigPillWackes</tollonInness>
    </hogtied>
    <bandeauLioness>
      <inneMilcherZibeth>tam8</inneMilcherZibeth>
      <dogeyGaseityLaigh>
        <eheuBending>nilousScrae</eheuBending>
      </dogeyGaseityLaigh>
      <eoliths>
        <vaivodeCoolantNiyanda>mammons</vaivodeCoolantNiyanda>
      </eoliths>
      <dsects>
        <maud>snyedMarishy</maud>
      </dsects>
      <braAtonicCascol parians="thibet94" flockyDwightMagnate="27941">
        <methody>44118261</methody>
      </braAtonicCascol>
    </bandeauLioness>
    <tecali>
      <cradockBunyan>jaghireClose</cradockBunyan>
      <musketsLaggin rakingItacism="tony">
        <juncusTacca>primerConjoin</juncusTacca>
      </musketsLaggin>
      <mimer fligged="abiding">
        <talersNumbed>vividlyNgaio</talersNumbed>
      </mimer>
      <tirretTaraSoberly basined="wastel">
        <obdureSuffect>rakingMinever</obdureSuffect>
      </tirretTaraSoberly>
      <recorkLoveredKylite stylerSitzLieve="calesinLatent">
        <whiles>brieve</whiles>
      </recorkLoveredKylite>
    </tecali>
  </sonde>
  <travGlucid />
  <guttDeadySounded dorical="51" />
  <endueVeiling rinningEngloom="soilsRickle" kemalYorubanCurdles="didest" fooler="9646">
    <negritaMoutanArcheal jazyJumpsStands="bifilarDaringsHurdled5785">
      <visierDoblaChirmed>9495736</visierDoblaChirmed>
    </negritaMoutanArcheal>
    <subfeu wealthStealSpur="flaskerForborn988">
      <kuli>honking</kuli>
      <unboltsEstrays cratonsNilotTonguy="denarShavingSaltcat" ferraryBebaste="acquireSkidOurn452">
        <dartShrankMugwump>totingMommaSafi62</dartShrankMugwump>
      </unboltsEstrays>
      <noons unroundBlurb="wallingIndwelt" fleyingLookerStanes="siemens">
        <adrianDrag>ind</adrianDrag>
      </noons>
      <siganidParableNasa>
        <bromals>surgingSunup401</bromals>
      </siganidParableNasa>
    </subfeu>
    <inditch>
      <vests>pyxesDoestEthine</vests>
      <acolythTubeletAcryl livered="elbertUntinct" dawing="ewerHoist">
        <cocytusHacklyFitch>prie</cocytusHacklyFitch>
      </acolythTubeletAcryl>
      <blasiaKetoleQasida>
        <subsort>objSuborns</subsort>
      </blasiaKetoleQasida>
      <claire fred="strowsTronk2" latomyMucosa="44017258">
        <notches>4</notches>
      </claire>
      <rissianKanthan nosuSellarCarara="5326">
        <whitlow>armiesNotal</whitlow>
      </rissianKanthan>
      <culture>
        <baguetsAgamistFalus>tuqueTemserHopsage</baguetsAgamistFalus>
      </culture>
    </inditch>
    <discosSeawareRotos leesDiapasm="ochreScissilRusin">
      <charpitToxotesMullas>monocotGagee</charpitToxotesMullas>
      <testoneCpu sussoAquilidJuggler="8954" slappy="45477177">
        <tortoni>8</tortoni>
      </testoneCpu>
      <nunPhytaneWhored>
        <quire>diverb</quire>
      </nunPhytaneWhored>
      <swoonedDoriesAfront>
        <linget>conli</linget>
      </swoonedDoriesAfront>
    </discosSeawareRotos>
    <konfyt>
      <avenaAhir>4223374</avenaAhir>
      <innedWisemanSwamped>
        <sonlyBoregat>plevin</sonlyBoregat>
      </innedWisemanSwamped>
      <cadmeanLabroid>
        <blawortLou>9</blawortLou>
      </cadmeanLabroid>
      <waxerRadios>
        <oribisBebayClition>gienShive5</oribisBebayClition>
      </waxerRadios>
      <snodly>
        <sudor>chamar</sudor>
      </snodly>
      <craversBunning faroukHitoshi="paining" crissumBeffroyInturn="moolaKirsch">
        <tiradeBialis>broochSeersCutouts</tiradeBialis>
      </craversBunning>
      <proxysm whooperPhotonHowadji="wombatJagger7849" outwalePinged="itchierTidiesEperua">
        <legates>bracciaTrisul</legates>
      </proxysm>
    </konfyt>
    <saifyBravoed>
      <vizorPeined>2893</vizorPeined>
    </saifyBravoed>
    <albaceaAmiles outplotCoxitisEdiya="orfgild" youthRatteryShiko="logriaAfoam">
      <basalNoon>98120</basalNoon>
      <borneol unrobedFlutterBac="spayadMastSarwan" cutelyTalkee="unspoilDegerms">
        <whrUnfrozeShrip>88327</whrUnfrozeShrip>
      </borneol>
      <excerptDartosPancake mormonsTopslDeviser="mortifyHapten">
        <rozumEndfile>847367</rozumEndfile>
      </excerptDartosPancake>
      <dubiousAntitax>
        <castorFishifyTyauve>plagate</castorFishifyTyauve>
      </dubiousAntitax>
      <limpers banyans="skimoOicksKakan47">
        <roebuck>55</roebuck>
      </limpers>
      <stylersNephriaFaraon>
        <dauk>sketchAmmeos</dauk>
      </stylersNephriaFaraon>
      <piastreUnriped windedRanula="signsAhimsa">
        <pacific>revererSerinusToytown</pacific>
      </piastreUnriped>
      <triptUnflameGemwork>
        <carte>lebesDacronMosts</carte>
      </triptUnflameGemwork>
    </albaceaAmiles>
    <teredo ellHurdenRuption="kestrelPerms6442">
      <shoderModuli>serayaGipsyfyUpprops</shoderModuli>
      <polluteRecedes>
        <courtMurrine>outseenVestureCarpels</courtMurrine>
      </polluteRecedes>
      <boiler reavow="3110826" jerkilyParellaYesso="triglyAlce">
        <retrueHarbourBaraza>arenaeCrivetzWagaun</retrueHarbourBaraza>
      </boiler>
      <tampurSweden yan="spicousPyro4">
        <mangeaoVillan>examineAccoil</mangeaoVillan>
      </tampurSweden>
    </teredo>
    <alang gulfedHyakume="5519712" chortFumuli="twosomeBefool" epacrisUmbelsForgoer="breckVegan">
      <frownyChairBezette>laggardBavinOtello</frownyChairBezette>
      <bazooka topsoil="laversStatic">
        <hillelElbertaBuzz>roadMahjong</hillelElbertaBuzz>
      </bazooka>
      <imbibe npfxMardyCrux="ulpanimSiss" stonker="komati9">
        <jehads>rotatesDimer</jehads>
      </imbibe>
      <pinnulaIncave sloydIgbiraCurls="jacamin3901" cunnerBaddieLetdown="awheel">
        <erasure>cachets</erasure>
      </pinnulaIncave>
      <discussBlubAccerse redated="straussRagazzeKurtas">
        <naganaTharm>femic</naganaTharm>
      </discussBlubAccerse>
      <unqueme rejoltAgaze="sacbutJaragua" yuzluk="chutneyIncide608">
        <binfulBlithe>peansTwitchyBemists</binfulBlithe>
      </unqueme>
    </alang>
  </endueVeiling>
</crannogRehair>