<?xml version="1.0"?>
<sowbackErrands>
  <leatmenClassed illicitSpiller="boasWhoeverDottler" quickieJipper="zymasesEuecticChop">
    <hizz>
      <sacraryHorary>shiSkysailDentist</sacraryHorary>
      <outjumpYipping bowyersAthortPublica="parrRapers" tyrantUnzone="cottasDugglerBudgers">
        <furred>chequesMerged</furred>
      </outjumpYipping>
      <evangelStaboySquirty eurymusSpecula="38154" gateadoLances="dockerButomus">
        <drasticUpsoak>829693</drasticUpsoak>
      </evangelStaboySquirty>
      <maskeryHacek carexSagaAeriest="downsetOgeeVacuefy" edh="zesting">
        <risottoMeward>anankeBiscot</risottoMeward>
      </maskeryHacek>
      <fuss cholateTying="opinionShapier">
        <dividHedericCredits>bacchicKibbled53</dividHedericCredits>
      </fuss>
      <hatterElutorClings raspiteWanlasShop="wynnRavagedTapes">
        <stannel>spireme</stannel>
      </hatterElutorClings>
      <binnaWacago>
        <chirred>caddieSpargerStonish455</chirred>
      </binnaWacago>
      <caballo hollooQasida="smalls">
        <prouderSeizedFrays>eveneCabotinLagend2</prouderSeizedFrays>
      </caballo>
      <ryepeck>
        <apposes>236</apposes>
      </ryepeck>
      <brissesHoutCeltish panamasCadded="segar" button="molalaPoles">
        <morellaRousant>taurine</morellaRousant>
      </brissesHoutCeltish>
    </hizz>
    <odaTunneyStion swarmFeres="tykhanaTinter9" manuel="bygonesShammer">
      <aeneanCodette>seculumPondsQuartz979</aeneanCodette>
      <bosketBrawnedAle>
        <adding>bayzCouniteNitrids731</adding>
      </bosketBrawnedAle>
      <scrawk>
        <beamishGerentsFidalgo>75617821</beamishGerentsFidalgo>
      </scrawk>
      <docquet arverniTorasMorgay="dogboatVitalic" erliche="smutUpbrook3972">
        <chn>irenaBoraTops</chn>
      </docquet>
      <cortonAnalogyNitrian coexertBharataSudoral="trona">
        <telesisAtabeg>adoninGrousedErept</telesisAtabeg>
      </cortonAnalogyNitrian>
      <wombAlliumHartail>
        <ale>idryl</ale>
      </wombAlliumHartail>
      <huffsCognacUncivic farinasTetardWyles="sulfurIprGrippy" missingTath="darters">
        <idling>fleming</idling>
      </huffsCognacUncivic>
      <lichtedHylicEnhappy>
        <gartersBatara>fortuneLapises</gartersBatara>
      </lichtedHylicEnhappy>
      <falterOutswam>
        <tinned>rig</tinned>
      </falterOutswam>
    </odaTunneyStion>
    <coiffesTol>
      <nylonsDonum>khalifsFrisson</nylonsDonum>
    </coiffesTol>
    <rovettoPulaya>
      <orogenyPacaneSoothly>465438</orogenyPacaneSoothly>
      <yohoFeelerFuzees notaeal="9" bossiesDosses="onementGutium46">
        <acridylTalayot>gogletStumpySylloge</acridylTalayot>
      </yohoFeelerFuzees>
      <thetics muscledIvresse="daseinSpheric4745" mazhabiMelicRabbets="alhennaFucus">
        <matzas>callingCalquesKeir</matzas>
      </thetics>
      <meindreCobola besluitTongedSkillet="dauding" pochay="names581">
        <boojum>boogerUnwhite</boojum>
      </meindreCobola>
      <thiefBaaing>
        <sradha>weirds</sradha>
      </thiefBaaing>
    </rovettoPulaya>
    <repopeChorous>
      <vingolf>44442740</vingolf>
    </repopeChorous>
    <larixinWorrits cookish="aggieZigan9" foppedBulkage="117319" connedAseptolKippur="worstOverdueWields">
      <creply>12</creply>
    </larixinWorrits>
    <plods vitalic="kabuliExodusGoldest">
      <glancer>decliveInigo</glancer>
    </plods>
    <stotGlebae>
      <shruff>stithlyUpfield</shruff>
    </stotGlebae>
    <weevily>
      <mullitePluma>spoffyHanoiOvergun</mullitePluma>
      <statarySolacedSidlers>
        <calverSkillsUnchary>begorra46</calverSkillsUnchary>
      </statarySolacedSidlers>
      <uraeus avionicRedoxes="garment">
        <dioseKrs>crumpleJoewood</dioseKrs>
      </uraeus>
      <unstrap brawner="bismiteGorbleArgents" outlaidJouleanClubber="mispick49">
        <chalaco>avoidsChoroidBuvette</chalaco>
      </unstrap>
      <nace onehood="tylose" guttateSinuses="324">
        <beaderLigand>4028159</beaderLigand>
      </nace>
      <uphangMyocdiaGalerum showed="havocFunebre">
        <unrun>mannetWirling</unrun>
      </uphangMyocdiaGalerum>
      <benthicRebopHullo normansBiotaWinch="710">
        <thrice>92323</thrice>
      </benthicRebopHullo>
      <thitkaButeCoecal>
        <suckeny>212</suckeny>
      </thitkaButeCoecal>
      <vesical>
        <quitDecriesMetal>jap</quitDecriesMetal>
      </vesical>
    </weevily>
    <shrivesEpaule>
      <godroon>970733914</godroon>
    </shrivesEpaule>
    <oecusImparks solvendThierry="fidged" bridoonCloserSruti="3058205">
      <admetusKob>ignis</admetusKob>
      <xanthanJazzingFoxlike wizzenEurite="oximate" butchesReentry="coddledMillier">
        <shoaledNullum>beamed</shoaledNullum>
      </xanthanJazzingFoxlike>
      <sickestAffileWiremen goomaBriarPanicum="dishingProsedGnarr" sena="nervate719">
        <mayvinAbleezeBandon>prosishAmorosa</mayvinAbleezeBandon>
      </sickestAffileWiremen>
      <pureyEbbetsGrype reshoesQrsNasa="palinal">
        <gin>haddoCongeryManner</gin>
      </pureyEbbetsGrype>
    </oecusImparks>
    <grosseNongasUnfilm adoulieReiterClimbed="bowsery9318" steerer="almsmanMuggedMankind">
      <unwound>batcher</unwound>
      <herosNudumJumpers>
        <enclearUpcock>bummie</enclearUpcock>
      </herosNudumJumpers>
      <polleraTopmenRawing quidditElectsAlveus="summer8">
        <topmanZenzuicBemixed>purloin</topmanZenzuicBemixed>
      </polleraTopmenRawing>
      <budlikeGrydeRapely vimsOfay="yerbalAtheous">
        <fussy>mustersGaits</fussy>
      </budlikeGrydeRapely>
      <diallelMecateEvacue chatakaLilackyCajun="1643" tewitSampRakes="furrier">
        <parodusBenmostSwiss>mor</parodusBenmostSwiss>
      </diallelMecateEvacue>
    </grosseNongasUnfilm>
    <familiaWyches>
      <bledChardsNaught>zilchesXylems</bledChardsNaught>
      <aurorasWords>
        <orisonSickbed>moulyFlamesTipping</orisonSickbed>
      </aurorasWords>
      <budmash pullet="cyclaseIotas" shelah="trimmerTunned">
        <agarum>tyler</agarum>
      </budmash>
      <hefters ruderLanugoMouche="aglow">
        <bareStchiVoetian>byssoid9</bareStchiVoetian>
      </hefters>
      <progMuletErinys>
        <parvule>903165</parvule>
      </progMuletErinys>
      <mispledPachuco releve="carliSuppledKempt">
        <solnLatentsAroras>swaths</solnLatentsAroras>
      </mispledPachuco>
      <outcameDunitic lactideTerriRemetal="twaes">
        <studentKoldajiHenhawk>422495489</studentKoldajiHenhawk>
      </outcameDunitic>
      <giggledDipetto>
        <playYook>overfixTwoes</playYook>
      </giggledDipetto>
    </familiaWyches>
  </leatmenClassed>
  <abacateMemnon borneanMonkishOvicyst="unfusedCudsMeatily" pashing="calyces" intent="rudge" nichilArugulaLawines="ionomerBhokraOchres">
    <woefareCoccidsWray>
      <marcherDisci>searchDiducedCarneol</marcherDisci>
    </woefareCoccidsWray>
    <sixtine>
      <radekWire>stative</radekWire>
      <umbrereCli lard="empearlEastlinBigfoot" fulaniJebatSomne="oversaw2">
        <fuffy>solunar</fuffy>
      </umbrereCli>
    </sixtine>
    <dryfatSlipt>
      <kabalaRibozoSlitted>hullosNepidae987</kabalaRibozoSlitted>
      <sucking moistlyMagus="111" sewer="orson">
        <prilled>washersAffereTrishna305</prilled>
      </sucking>
      <uphang keftiuDecodonSalols="skelvyWharfed">
        <boringsEcoAtoners>1442644</boringsEcoAtoners>
      </uphang>
      <loosens filling="60" cares="jetonsZygoses">
        <herbalsSnocker>spencySirraZoning</herbalsSnocker>
      </loosens>
      <alastorGonitis calchas="slump">
        <ambones>cartist</ambones>
      </alastorGonitis>
      <banquetNebbish>
        <unnScoped>lunated769</unnScoped>
      </banquetNebbish>
    </dryfatSlipt>
    <into hostingMangeao="clowreTillotCoadapt" deflex="7158" statics="antlingPolyene">
      <leucoFoundry>airtEmbars</leucoFoundry>
      <evanRacemic caproyl="jeedFavor" jakobDicer="shortyKaki">
        <qidAdos>july</qidAdos>
      </evanRacemic>
      <manillaParl splayedSolicitMorrhua="7644864" sewans="dixEchardsJewbird">
        <idorganNiobateWeir>amputeeMassive</idorganNiobateWeir>
      </manillaParl>
      <petalsBolar milsey="solodiLaths">
        <effundWallsGainer>ogles86</effundWallsGainer>
      </petalsBolar>
      <tikorBagioSaltly>
        <lentPyriteDrie>cottidGrazes</lentPyriteDrie>
      </tikorBagioSaltly>
      <laitFlaite>
        <mintedAnnabelSetiger>static</mintedAnnabelSetiger>
      </laitFlaite>
      <milacreAroonDorcas>
        <ramananWagsPortify>8</ramananWagsPortify>
      </milacreAroonDorcas>
    </into>
    <gliadinEpenlaCozing>
      <whizzerVacona>icelessThermosCutify</whizzerVacona>
      <skunksTittlin>
        <irfan>ovidBalloDreepy</irfan>
      </skunksTittlin>
      <mahmudiCfi>
        <barosmaCoilers>dasyusCtoMastmen</barosmaCoilers>
      </mahmudiCfi>
    </gliadinEpenlaCozing>
    <brevetWeveTaihoa>
      <wallabaFrasco>seidCelery</wallabaFrasco>
      <plummetFairs leiss="peacesPariet" gombayAtef="deggingInjointUroxin9">
        <ensPremiaDufoil>syconusAgoge</ensPremiaDufoil>
      </plummetFairs>
      <mudlarkGrippe booedInweed="letuare">
        <gadbee>haptorOotidDroopt</gadbee>
      </mudlarkGrippe>
      <parterPrad tunhoofCopartySonlike="molars">
        <auhAristoTaikih>tormentIntrude</auhAristoTaikih>
      </parterPrad>
      <cortinaNeckerAnalgen rontgenReagan="dodoesMetifBill8045">
        <teguasPlugman>ganodusEaringJewel</teguasPlugman>
      </cortinaNeckerAnalgen>
      <mathsMerlsUnmould koboldBetoken="tigreanOxydaseAsdic">
        <adverseVarmintEpoch>growthsAstylar</adverseVarmintEpoch>
      </mathsMerlsUnmould>
      <nammad>
        <pfx>begazesInnardsPunica</pfx>
      </nammad>
      <budumaTrigonaAnisol fumblesGeobios="cassonWhits">
        <amuserClovenePorgies>938</amuserClovenePorgies>
      </budumaTrigonaAnisol>
      <incivilDesmonWro>
        <tryoutDelayer>diskEstral</tryoutDelayer>
      </incivilDesmonWro>
    </brevetWeveTaihoa>
    <oxysalt>
      <beloam>2371</beloam>
      <touldAedile oxgoadFeyest="papilioRicer3006" tikor="residsPiluleRuble">
        <dolsLeme>hamzahsInserts</dolsLeme>
      </touldAedile>
    </oxysalt>
    <bleatedKecky trentonGraVolvate="regalio78" boll="fustieSalvedIcier" chronolScratchUtopia="mugwetClouterYengees">
      <cameras>musselsChukkas3</cameras>
      <fondledChumpedFili lindaUncoilSnakes="fon">
        <thiolicBrasen>monoazoVeilsRhinal3317</thiolicBrasen>
      </fondledChumpedFili>
      <geratic yemsel="eagletEntrada">
        <album>downers</album>
      </geratic>
      <marblerOctantSorbed rebukes="3" hackeesAjenjo="2928">
        <bunt>gracesFumed7251</bunt>
      </marblerOctantSorbed>
      <gasher fowled="freesShifted3">
        <chiselsWailedUnruly>laxistMommies</chiselsWailedUnruly>
      </gasher>
      <talliarSneddedAcad dealPurfledMoguls="52" cabuyaSpies="opesScrewsRepps3">
        <decodonPowCaspian>waxcomb</decodonPowCaspian>
      </talliarSneddedAcad>
      <dopy>
        <mozosCaliber>hexadCahuita</mozosCaliber>
      </dopy>
      <sudsersBavius pewmateDodomaTutored="61">
        <riflersCoupsUpsoars>zeroingTetryls</riflersCoupsUpsoars>
      </sudsersBavius>
    </bleatedKecky>
  </abacateMemnon>
  <kiyiFremtLibated plumySacculeThriver="samechKopi" regletThalami="drywallSeraisStbd">
    <siroccoBeden>
      <companyScampsCockal>icons</companyScampsCockal>
    </siroccoBeden>
    <tiswinAlaria flesherAlexinsJune="bauld">
      <folios>almaine</folios>
    </tiswinAlaria>
    <uraCanulae>
      <recuses>awshar</recuses>
    </uraCanulae>
    <unsewed galerie="zoogeneThraces" sciot="295">
      <csnetEvinced>seveSolos</csnetEvinced>
    </unsewed>
    <tartrylSnithy>
      <victusFormful>foamingUpbrastSnackle</victusFormful>
      <titleSlowish disksLairmenDwell="oddballSootish" britishJiggleWithtee="peneidApiecesAlphean">
        <typika>twinersFixuresJabules</typika>
      </titleSlowish>
      <tucketsSmeared vakass="pannedFlamersZarf61" baft="taberna">
        <jostlesMamaThymols>shottsFraze</jostlesMamaThymols>
      </tucketsSmeared>
      <shend chaga="imagingRamtilEject3" hardpan="furtiveChecksDasheen">
        <geezJackmenYokes>luteWagersJisheng</geezJackmenYokes>
      </shend>
      <pardineTeguas cougherLenca="faulterPanesGlazer83">
        <echtRotalia>whallyFleeceChacate</echtRotalia>
      </pardineTeguas>
      <houndsHelix readierOvist="ctoNizy" epitokeWaring="lowboySin53">
        <basylHableHaole>fatlessConcentPelew</basylHableHaole>
      </houndsHelix>
    </tartrylSnithy>
    <baskingDuadicFaconne bruinsLeavers="stibic93">
      <agronLemanSatem>bighornRennetsPapyr</agronLemanSatem>
    </baskingDuadicFaconne>
    <atrepsy flabrumTula="bedamnsGinnOrmond">
      <pookGrayedOgygia>valvar</pookGrayedOgygia>
    </atrepsy>
    <barbutsTongman spean="hexarchScags3" adpress="daribahTuftersSigils932" shoppyPhased="153432">
      <undrawnAbbe>tiradeDyers26</undrawnAbbe>
    </barbutsTongman>
    <udderedBoletes jerquedButylic="15353" maritaBonduc="costingBordSmearer">
      <chilverVelum>18471207</chilverVelum>
    </udderedBoletes>
    <cultureAzotine>
      <telesmStrany>piationBoliche</telesmStrany>
    </cultureAzotine>
  </kiyiFremtLibated>
  <swifterBacalao lingersHalimot="fatNyetRuthful" iglu="cheetDrabber8" chews="5036" queerer="viperid" />
</sowbackErrands>