<?xml version="1.0"?>
<lowery>
  <samhain talent="reflect" calpacsCingleSanford="6474" />
  <luteletAlfa unclewCapsulaHeavier="calfs" putonAchymia="kaiwiCoulomb" nitrileSecesh="turm" />
  <unhotCable skerret="tiglicHirstRemold">
    <wealden sigmasHutuktu="waifing125" pyruvilUintjie="33" ghaut="molimenRankett">
      <sowlikeHatting>ergonFlipe</sowlikeHatting>
      <nervierOohingMestlen>
        <jordansAchiraSmerk>920</jordansAchiraSmerk>
      </nervierOohingMestlen>
      <densusInyala uncoop="fideistHandler" heiling="522478">
        <tummelsAtimonLitatu>98</tummelsAtimonLitatu>
      </densusInyala>
      <yearthWouldBenson>
        <gular>uramino4</gular>
      </yearthWouldBenson>
      <agoniesWalliesBoomy kanwar="wieldy" cinterRegale="2986100">
        <itemize>granatePeeksChiasma</itemize>
      </agoniesWalliesBoomy>
      <lureUnwaved fibSalacotNemean="omitted" wrakerDumpily="emblissWinesRococos">
        <sizeineWots>argoan</sizeineWots>
      </lureUnwaved>
      <caleanHooeyCarcass shrinerBlurredCanon="dipper" tirrlie="aiwainThy">
        <swapeSinh>balata</swapeSinh>
      </caleanHooeyCarcass>
    </wealden>
    <beduke basket="9667260" jangledPackratLacerta="unbaseBractea">
      <pahariSpectreMayapis>antigayStovesCrammer</pahariSpectreMayapis>
      <fubsySidlers>
        <leafingKandol>anzac</leafingKandol>
      </fubsySidlers>
      <hook teachy="nonoilyRestiveRookies">
        <marmotaShieldsKhami>aurata</marmotaShieldsKhami>
      </hook>
      <knackMudir chirked="caltrap">
        <malichoCankers>pizzleSpraintDecousu1</malichoCankers>
      </knackMudir>
      <rubace eryopsGrameKainit="nucleusFreebyWhorle" chestsWisht="6">
        <amoruaHigglerGyppers>36702792</amoruaHigglerGyppers>
      </rubace>
      <hurdiesRebraidVerged earthen="bigasAdonic" caplinsAcinoseCinclis="4631476">
        <plantarOverfit>pandore418</plantarOverfit>
      </hurdiesRebraidVerged>
    </beduke>
    <macrliRitzRawhead>
      <baroloKaluntiLemanea>lierre</baroloKaluntiLemanea>
      <harace absentsApilary="43889" drunkerSkyportSemifit="7952141">
        <metal>waiataTestily</metal>
      </harace>
      <fallacyGander>
        <giltcup>tinglyRefrig</giltcup>
      </fallacyGander>
    </macrliRitzRawhead>
    <uplakeReproBurying>
      <jargleDonar>modularDebunk</jargleDonar>
      <sornarePunaFeodal orgicKotoiteUncular="bomosGhast940">
        <albeitMasookaSudsed>yorkers</albeitMasookaSudsed>
      </sornarePunaFeodal>
      <situlaeScurfsMottoes gradusLewanna="quillerArolia">
        <jangheyOctyneArchers>951</jangheyOctyneArchers>
      </situlaeScurfsMottoes>
      <foggara anergicNeuronCordula="cozingStoke4" bldrAnarchyVails="plainStalled">
        <tualatiUnguals>gerendaRoostyTibetan</tualatiUnguals>
      </foggara>
      <tutelar alenAlya="5943" kaharRankett="latomiaDioxySuer">
        <tailedIntaker>4816104</tailedIntaker>
      </tutelar>
    </uplakeReproBurying>
    <blypesNichil rageful="6523662">
      <tinlet>maskedTunedCarnary8</tinlet>
      <forgiftHaar sleek="guimpeMogged">
        <menthylMaraud>maoPeccant</menthylMaraud>
      </forgiftHaar>
      <oculinaHominid>
        <bowsery>untrainCobangDundees</bowsery>
      </oculinaHominid>
    </blypesNichil>
  </unhotCable>
  <quealZilpah beamishSleeve="tzarMaius" sageneCarceag="pucker4">
    <testone toxin="pumiced">
      <seve>20252023</seve>
      <driving pilchPileataSank="sacrumsBenameHallahs">
        <east>shined</east>
      </driving>
      <kamesWhinesSwiping>
        <tsadikHert>wallahsGeezersIberic29</tsadikHert>
      </kamesWhinesSwiping>
      <tasseDefiled>
        <rotte>satsuma</rotte>
      </tasseDefiled>
      <thalia sapinDeaderCumay="322" idesiaMedino="548465">
        <keyedCoda>508546391</keyedCoda>
      </thalia>
      <sorageTour>
        <anuran>431012</anuran>
      </sorageTour>
      <trampleLoosed vulpicDamasse="967240680" vitrialMothy="tale2">
        <herpetWoolmanMarcher>ulcers</herpetWoolmanMarcher>
      </trampleLoosed>
    </testone>
    <lyssa>
      <sumos>panadaKniveMoony</sumos>
    </lyssa>
    <giglets>
      <goracco>idleset3084</goracco>
      <dibaseFjelds pterisSwingeGaura="whore">
        <setaAruncusTrumph>desex1228</setaAruncusTrumph>
      </dibaseFjelds>
    </giglets>
    <hawkerWinnowsHesione>
      <kama>391817206</kama>
    </hawkerWinnowsHesione>
    <cocona>
      <hatfulRepump>3</hatfulRepump>
    </cocona>
    <righter>
      <uprisenOdax>seld70</uprisenOdax>
      <prevot garOxanWorkmen="marrowyScusin" konradHeartAbbatie="catvineDrop">
        <herbish>subduerCaffled</herbish>
      </prevot>
      <stiedStinkParting corachAlisoClayier="sonableCalorie">
        <liters>craggy</liters>
      </stiedStinkParting>
      <agistsSnowman cylix="yourKleshaDebone99">
        <pomponLadnerHallo>choltryOuteate</pomponLadnerHallo>
      </agistsSnowman>
      <nadirs exotism="627" coronaHipline="6372">
        <glucid>esprise</glucid>
      </nadirs>
      <ganjaFosite proverbBurked="869691" enfin="kainitsSavored1">
        <suzanBepieceChiru>abtChiao2253</suzanBepieceChiru>
      </ganjaFosite>
    </righter>
  </quealZilpah>
  <demit simialZymes="biota" />
  <tantrikPiracy>
    <tachs noblifyFlewit="threatJaquimaNippy" airbus="belarSkirl8133" kotokoReshake="alludesDextral5411">
      <bluetWoa>lanificYaks7</bluetWoa>
      <killasBeaterPiproid>
        <lacemenRoubouhTriodia>laveersDepside9514</lacemenRoubouhTriodia>
      </killasBeaterPiproid>
      <mikvahs>
        <mistakePuppilyIndies>tumorDeinkArmer22</mistakePuppilyIndies>
      </mikvahs>
      <maizer>
        <grumphWeary>90967</grumphWeary>
      </maizer>
    </tachs>
    <ajimezAmapaLentisk>
      <grandsSennitsKabayas>rimpiCoze</grandsSennitsKabayas>
      <recitalRockerEmbrowd tpke="cachilaInulaseCostae">
        <glarilyOvisPhocian>daddledHircinSatyr</glarilyOvisPhocian>
      </recitalRockerEmbrowd>
      <sawlogPolicy rowletTurakoo="scruffOldersTremor" scrubCartersTeasle="epizoalTzendal">
        <belast>852771</belast>
      </sawlogPolicy>
      <gaskingHerne bruits="unshentEdea">
        <sinsigaShavieLifers>lanificDupsFooder999</sinsigaShavieLifers>
      </gaskingHerne>
      <abyssusOomphPacific>
        <nootkaDamia>pommelo15</nootkaDamia>
      </abyssusOomphPacific>
      <bosherJoanneBounces samechEarsore="geasterValet212" cebellHanapPirns="clods">
        <delayedBultongRueful>sweetlyValueJaped</delayedBultongRueful>
      </bosherJoanneBounces>
      <forworkBegatLeglet lucreEmulate="martini" gelatia="70659">
        <inkies>3091</inkies>
      </forworkBegatLeglet>
      <nonpoetGuerezaHemodia acolyte="barreraHemlockSculps" balorWindrow="panfulUnsworn">
        <mullens>agamas</mullens>
      </nonpoetGuerezaHemodia>
      <amarvel cubebsStubberRedsear="naggyRelaxer" pemphixGreysBaiters="dunamis1608">
        <remand>ideatedIkary</remand>
      </amarvel>
    </ajimezAmapaLentisk>
    <korwa>
      <sloomy>ladyly</sloomy>
      <talker victorAreitoBlipped="piquingEosinic" fluemen="amebula422">
        <odylismRort>sossleRabboni</odylismRort>
      </talker>
      <snickle zinniasBacalao="101" upcoastCaille="circuli">
        <molimen>hatreds</molimen>
      </snickle>
    </korwa>
    <yelpers>
      <wagnerNovelryBurnet>3</wagnerNovelryBurnet>
    </yelpers>
    <estatePerjurePavis>
      <tables>hoisedRioters32</tables>
      <parrierTintack reveledSlewsFasts="269932842">
        <unawayGlennRelater>rounderBaffledAgamid745</unawayGlennRelater>
      </parrierTintack>
      <fleaAnormalJozy jupiter="acaudalEbenLazy4360" charon="448257572">
        <emblemsFinland>cyclodeHugging74</emblemsFinland>
      </fleaAnormalJozy>
      <latvia sinesStrain="jacker" promise="53427803">
        <haemic>luckilyBoltel</haemic>
      </latvia>
      <cash mitosisTalthibPamhy="8" mostsCorbels="lapps">
        <unogledWhortle>blasted</unogledWhortle>
      </cash>
      <craftChoicerAlferez cloverNopaleaTeethe="unlostBelgard" citiedFlyby="tropiaWawlingSwamis">
        <doneMancheIlka>selahsBoxfulLoafer</doneMancheIlka>
      </craftChoicerAlferez>
      <unificDeckeHangups bonboLagan="ing" boothesSludReplier="kissingMachzor">
        <wastersBulbilsElvira>engarde</wastersBulbilsElvira>
      </unificDeckeHangups>
      <dhurnasRulableDumb rukbat="chicane191">
        <outtearKaratas>volery</outtearKaratas>
      </dhurnasRulableDumb>
    </estatePerjurePavis>
    <ren vilayetFinlessAlaite="hont" sufferIdesia="5243" exactus="goemotFigment">
      <caulkChametz>jangleHerebySonsier</caulkChametz>
    </ren>
    <hugoBoded>
      <hatiOmentaAfernan>pishingBulluleDecoke</hatiOmentaAfernan>
    </hugoBoded>
    <chagomaSuzanne mania="9815" francicTroperGilder="koreMennon">
      <foppyBatekes>toufic</foppyBatekes>
      <linchUndeeSmooths plassonReamWoleai="lugnasFoundedWombier" terraba="skyeGracyPlush">
        <dopyRemendsGood>balLere</dopyRemendsGood>
      </linchUndeeSmooths>
    </chagomaSuzanne>
    <serpentHummers>
      <naoi>cannachPathos</naoi>
      <mavens>
        <flurr>upwaftsAludelsSabers</flurr>
      </mavens>
      <warrant jerez="stanzaScrow">
        <mixtecTrevor>swarveAbsenceMilan906</mixtecTrevor>
      </warrant>
      <sextantAurata mammeys="8343844">
        <niseisPions>slayingBismarkCafoy</niseisPions>
      </sextantAurata>
      <bethelsAinusLecidea raillyLanificGessoes="nornRearersUremic">
        <kristenIranicOre>648225</kristenIranicOre>
      </bethelsAinusLecidea>
    </serpentHummers>
    <jingalsOdorfulHeimin fulgurBoldenMobship="ostealCapkin776" roostsBrowst="cliquesQuinsy" windlesTithalCacodyl="311522">
      <fowlRelayer>stallonScrooge6676</fowlRelayer>
    </jingalsOdorfulHeimin>
    <gallfly>
      <wincePearlet>3554</wincePearlet>
    </gallfly>
    <serfs>
      <bewitTemse>synusia5825</bewitTemse>
    </serfs>
    <iapygii>
      <ragtagBoxball>fowlsMandaicSimpson</ragtagBoxball>
      <gurgoylSunnedPilaff>
        <limbusBasongoMaxixe>tambo</limbusBasongoMaxixe>
      </gurgoylSunnedPilaff>
      <valines>
        <jackman>chalahsEmda</jackman>
      </valines>
      <propale>
        <ridleys>522988</ridleys>
      </propale>
      <chukorInsight kiddushPindSenage="marie">
        <osmicElatineRedux>alliedBobsled903</osmicElatineRedux>
      </chukorInsight>
    </iapygii>
  </tantrikPiracy>
</lowery>