<?xml version="1.0"?>
<sortersOatlike>
  <yapoksNazim epitriaSumacs="polkUphroeHerald">
    <fidele negundo="totable7905">
      <dopasDeemieTarre>smallenMiliaAery</dopasDeemieTarre>
      <bardletSeccos durablyBawbleLignum="pureeHenbill" ananismSporran="shyness">
        <tibetanBeseechSkiffle>waivesYrbk</tibetanBeseechSkiffle>
      </bardletSeccos>
      <hiren forums="cattishIdeataWabbler">
        <shor>dawdy</shor>
      </hiren>
      <slaked samsaraAlgaradNeurol="tellsHazingUptruss374">
        <leuciteMewerParched>climber</leuciteMewerParched>
      </slaked>
      <emboleArmill>
        <tegmentBechalk>lipInadept</tegmentBechalk>
      </emboleArmill>
      <azoths>
        <grylliShoader>wistedBeamy</grylliShoader>
      </azoths>
      <lipic crinidOuabaio="738299" owght="moslem">
        <unpiety>regrasp</unpiety>
      </lipic>
      <westlanPrelossUpbrow>
        <ameers>71787</ameers>
      </westlanPrelossUpbrow>
    </fidele>
    <searingSwannerSferics>
      <arePeulvanAblauts>licks</arePeulvanAblauts>
      <mulishLasset>
        <vrilleSufiReeler>parredCauked</vrilleSufiReeler>
      </mulishLasset>
      <oxgateMikeConcent kamerad="mortify">
        <dhoney>daybeam</dhoney>
      </oxgateMikeConcent>
      <relearnVibrantJumpers gulfedBurkers="firebedRedingEnwind">
        <loanerJauksPalolos>subareaSkidded</loanerJauksPalolos>
      </relearnVibrantJumpers>
      <rulesBots>
        <victrixMadrasiSolvate>201659</victrixMadrasiSolvate>
      </rulesBots>
      <hagbutsLegitimEtches>
        <loodTodidae>767</loodTodidae>
      </hagbutsLegitimEtches>
      <virgins>
        <cummins>216623967</cummins>
      </virgins>
      <emerodsPhlegmsKammeu gavialsOrfe="saltish">
        <axeTooled>candles</axeTooled>
      </emerodsPhlegmsKammeu>
    </searingSwannerSferics>
    <orpitBankera>
      <elul>zamorinFreijoDolente</elul>
    </orpitBankera>
    <zoilistGirrockGargler>
      <goozleTemperaAridian>80</goozleTemperaAridian>
      <branner narkHagenia="92" oustThae="82306">
        <inworkFalsity>druryRoosty</inworkFalsity>
      </branner>
      <eftestHankTemenos>
        <deform>setonSklents727</deform>
      </eftestHankTemenos>
      <caviaAdmires>
        <hyphae>ungraspParedPaktong</hyphae>
      </caviaAdmires>
      <javasBeslurNixie leuciteSeizureLeep="ladyfyPrompts">
        <freckle>328328</freckle>
      </javasBeslurNixie>
      <paolo pvtTursioElecive="gayishVarusTincal" inleakBarnierPumpmen="stewartVisiteNomine">
        <coggleCounselLorcha>sulfineDiwan</coggleCounselLorcha>
      </paolo>
      <greed conurus="5">
        <hades>francs</hades>
      </greed>
      <lethied>
        <antu>dolcian</antu>
      </lethied>
    </zoilistGirrockGargler>
    <myocele>
      <bleezePlasmin>397</bleezePlasmin>
    </myocele>
    <gravelyMarlpitSewings hydrosGourdedSassily="287" cubism="beliedIssued" downily="toher">
      <swatsStimeCurtise>435751</swatsStimeCurtise>
      <colomboParrs>
        <grufted>senitWhalery3</grufted>
      </colomboParrs>
      <surreptLemanryMosel>
        <faciasLobwormWoomer>gyronny</faciasLobwormWoomer>
      </surreptLemanryMosel>
      <jambartReseedsVarna dernlyEpipialUnshod="whizzerCeriseSinters">
        <aidanceRiffian>sabersWriters</aidanceRiffian>
      </jambartReseedsVarna>
      <jochenSkins redelyDirian="finingRamsch" vassar="7550">
        <motonSvanErotism>auriga</motonSvanErotism>
      </jochenSkins>
      <wardersLacqueyTussle agelaus="125458">
        <taxite>pagurusCalqueReshoes</taxite>
      </wardersLacqueyTussle>
      <gumlah hurliesEscars="pedaSignerDialers6567">
        <querken>yensSceptry</querken>
      </gumlah>
      <brahminYapock>
        <malvin>shelledChevageZibetum</malvin>
      </brahminYapock>
      <agnailPhrenic vermontDehisce="36">
        <dreeghDiviseRumshop>thebainSmack</dreeghDiviseRumshop>
      </agnailPhrenic>
      <tamable snouch="bestudWoad">
        <binh>6410</binh>
      </tamable>
    </gravelyMarlpitSewings>
    <landing>
      <momser>abby</momser>
      <mendsGapMiscoin pressie="queazenPartial6107">
        <specksPillaryBeauty>alliums</specksPillaryBeauty>
      </mendsGapMiscoin>
    </landing>
    <hangmenOxanate havererAnychia="annuls" rank="unfattyLintel1616">
      <sealeryRudest>giglets</sealeryRudest>
      <quoniamFlb plakatSpreadsPolitic="oeilletGraphic" slake="wisenCoderBlowups">
        <purpled>royals</purpled>
      </quoniamFlb>
      <cpo>
        <mooth>muraenaAmarity</mooth>
      </cpo>
    </hangmenOxanate>
  </yapoksNazim>
  <misyTarbox spark="ablateBeliveBike" mudejarCotele="618" alish="riddelSweepsHawknut2" />
  <examensChurls cunei="writhesDecius" boatedSnaith="moneDezincs" obbTappa="zappingDegum" />
  <tuncaGramaryRyme parlourJamie="stambhaWited" isanderCelebesDilis="samhitaMalella">
    <doylt>
      <sparingRivulus>snackyBogginRamilie1</sparingRivulus>
      <cannula iten="5408">
        <palaeic>ahuraTellies</palaeic>
      </cannula>
      <iridalScaloniInanga pilling="defyingJammy">
        <unmakeFarinasDarya>doebirdErsh</unmakeFarinasDarya>
      </iridalScaloniInanga>
      <regnalFlakier calistaHalest="ozoena">
        <pulleyHership>leniticBucayoAcardia</pulleyHership>
      </regnalFlakier>
      <feints>
        <babelicSenusiMilla>prees</babelicSenusiMilla>
      </feints>
      <rehookTernate hosieryKerogen="drunkManisHoofer381">
        <deborahDarenMyxomas>rumbledSigmas</deborahDarenMyxomas>
      </rehookTernate>
      <sioniteIndiana sensate="momuses" ripstop="essene">
        <dearlyCakesCurlew>cooptWaseguaBoyards</dearlyCakesCurlew>
      </sioniteIndiana>
      <rood cusie="sundarWairingWheres">
        <sposhMehari>dormins615</sposhMehari>
      </rood>
      <manidBuenasReships laugh="bambukRoasts">
        <crineInjelly>sabedSalicin293</crineInjelly>
      </manidBuenasReships>
    </doylt>
  </tuncaGramaryRyme>
  <feltman />
  <rocherGingham knockupInnerTomand="incorpSpiring" sawder="gardeenEucalynDoffing" />
  <rusinesLurkedCulbert unwanCeltic="sowse568" qiyas="wyteEyelashRousers" eyed="934421" aerariaMusjid="nonmanAnatto" />
  <humanBelat piebaldMarietDentoid="anglo" lotteryShrinkySacker="meijiCoy" seldor="garrupaNitriteCauking" />
  <comakeEyepit wanions="stirpesRingySubjack" saucedAzrael="allodgeCut">
    <cholicMacleIpil reseatMilitiaErucic="circlet">
      <triageUnclosePatch>58208548</triageUnclosePatch>
      <naiqueEsodicSemipro yakmak="gyrinus">
        <diadromWirra>licit</diadromWirra>
      </naiqueEsodicSemipro>
      <primiVenireScops clovery="gweeon49">
        <colt>opulus2</colt>
      </primiVenireScops>
      <kaolinsBahada textureScoponeCsmp="essexFowlsHornada">
        <warder>noised</warder>
      </kaolinsBahada>
      <dentaleWisshe chilomaGreingPakchoi="3" uphroe="9">
        <liesSplat>calahanLuridMascons</liesSplat>
      </dentaleWisshe>
      <trompleKamboh cunei="nudge6">
        <jerrie>567737</jerrie>
      </trompleKamboh>
      <broidThanessOatland genManduaPueblos="hayne" reproBashlyk="modestAbroniaPopish">
        <funicleHollongVotish>88</funicleHollongVotish>
      </broidThanessOatland>
      <snakily>
        <lantFinance>patibleDeludesKokako</lantFinance>
      </snakily>
      <mistoldCarses hispaUnius="mandyai">
        <pseudPolarlyGau>ralishWeddersOversum</pseudPolarlyGau>
      </mistoldCarses>
      <virgeSurgyGoatees>
        <servite>233399</servite>
      </virgeSurgyGoatees>
    </cholicMacleIpil>
    <talkPhotom>
      <rangerImbeselDechlog>kibble</rangerImbeselDechlog>
      <savorlyVigogneFucuses dern="cuifsOutpurl" buskingIsonomy="dwalmSmugism">
        <mewlingChiao>swobs633</mewlingChiao>
      </savorlyVigogneFucuses>
      <bang yetBitedSkepsis="bugHay" pelorusMalaxFlitty="favours">
        <oilersOlefinIter>nitosLaund</oilersOlefinIter>
      </bang>
      <brendedTepid swarmsSumlessUrachus="algedoTigroid" waliFloggerRandal="stoolsWaggon">
        <camass>airdockHeteros</camass>
      </brendedTepid>
      <quamDebug>
        <ronnelGaudfulSparm>besotsEnteraCornu</ronnelGaudfulSparm>
      </quamDebug>
      <operoseLeachBlimey>
        <genuine>oarweedCimbal</genuine>
      </operoseLeachBlimey>
    </talkPhotom>
    <parliaPrelatyJoggler>
      <elamiteBordragExits>emptierStratumOccurs</elamiteBordragExits>
    </parliaPrelatyJoggler>
    <lathierMisuraCattan niblikeErogeny="cosen" footier="plenipo" wordedSaintly="91">
      <ostiaBuibui>40</ostiaBuibui>
      <girons>
        <advoyer>lulabUpcry</advoyer>
      </girons>
      <spitzObexAnear mugsGalyakDefiant="dunkerMoya3372">
        <ripstopFugara>nomosCleruchTunket</ripstopFugara>
      </spitzObexAnear>
      <godetStulmOtello>
        <brubuWristed>5</brubuWristed>
      </godetStulmOtello>
      <plane>
        <mummedAuslaut>shuff</mummedAuslaut>
      </plane>
      <mapChomageSwaying zori="bangleSchuh" overflyCutcherEjectee="factsSluiced8010">
        <hazansNunletPlashed>flancheHolier</hazansNunletPlashed>
      </mapChomageSwaying>
    </lathierMisuraCattan>
    <cecileNarc>
      <emulge>tendent</emulge>
    </cecileNarc>
  </comakeEyepit>
</sortersOatlike>