<?xml version="1.0"?>
<awatch>
  <aztecanSchloopEmbelif>
    <ogmicEphorusModem>
      <taimen>ocurredCodettaSecos</taimen>
      <unshown xerusesQrsAnnas="cosines617">
        <gabbrosSlonEoside>shantyTagsore</gabbrosSlonEoside>
      </unshown>
      <saeumeArne chingmaBoukCovings="owenismPlectre">
        <altumalDinsome>atabekUnjudgeSplicer5724</altumalDinsome>
      </saeumeArne>
      <forking nachasAirns="fastens" mutineText="screesRelide">
        <bruinBoilersPlasher>comical</bruinBoilersPlasher>
      </forking>
      <misereTalkStadic>
        <dunno>703614</dunno>
      </misereTalkStadic>
      <gemmaeGulosePueblos jugaleLekRiffi="2931937">
        <dacus>daleMixes</dacus>
      </gemmaeGulosePueblos>
      <thingut kelek="3609" chyloidBuskle="abelesLucuma57">
        <poeJamaBatlet>geoduckShaman</poeJamaBatlet>
      </thingut>
      <skeyReduces chippyDarkfulGaps="42115" zoccoloStiles="friarsKaver2">
        <lolium>cassateUncheckSubvert</lolium>
      </skeyReduces>
      <gambiaPaganly sobersBibbersHeftier="goldishTee">
        <wee>4777027</wee>
      </gambiaPaganly>
      <bureausGuipure rle="outsulkNuzzle" gogga="tingiCabbie">
        <donsy>shure</donsy>
      </bureausGuipure>
    </ogmicEphorusModem>
    <tectonaLushest>
      <doghood>5537356</doghood>
    </tectonaLushest>
    <lucifee>
      <pugmanMagged>indeedy</pugmanMagged>
      <dftJohnny dibutylIgnobly="punkah">
        <biggieGuaiol>kniferKhakis</biggieGuaiol>
      </dftJohnny>
    </lucifee>
    <winks>
      <cercusWagener>muistEras</cercusWagener>
    </winks>
    <outbeg ritardSexhoodDresser="6181" seeMottler="oroidesInsulaeSilique" oralsAgaveKarroos="purled">
      <deterNoncesUnsewn>6706460</deterNoncesUnsewn>
      <hotbedBespellShradd hawkeyTarfa="troveLigninsFagoted1" acestesTacking="reicePapaver">
        <sprink>ammiral33</sprink>
      </hotbedBespellShradd>
      <debussyNonny oopodalRambongKoroa="761162639" sillsBrules="dildoesTonishReact">
        <munsiff>pilmClionaUntried8054</munsiff>
      </debussyNonny>
      <popolisLofters buboCasefyExiler="6408" repiqueFronted="banglesSequoia">
        <hoydenScran>31</hoydenScran>
      </popolisLofters>
      <bandoraRykingRamona>
        <inwoundKegsNodi>decuriaLaved</inwoundKegsNodi>
      </bandoraRykingRamona>
      <cotyle snapeShastan="boxersResawerCornets">
        <gargleEzodBize>plyingAtonesKemal</gargleEzodBize>
      </cotyle>
      <serinusDemarkSippy espinoDimmers="glumousDiiodidBoone1" siftingBlender="muds9">
        <detinue>yearnedRoquetsIsogam</detinue>
      </serinusDemarkSippy>
    </outbeg>
  </aztecanSchloopEmbelif>
  <dichter alembicSkaffieEncoach="abbLech" molleOsmium="duncanArrestsActu" modes="pension" foxwood="88287" />
  <unaus momzer="skunksTosserAcrock">
    <inlacesWaefu sarifWeiringAgrees="orionKos" treads="constatQuippus9141">
      <ticklyBumtrap>cinerin</ticklyBumtrap>
      <mabelBuzzer stree="camaceyKingedBendee3428" nipped="kissedBruits2581">
        <sacbutKrna>652187</sacbutKrna>
      </mabelBuzzer>
      <gooierPairing ferigee="527">
        <abridgeGuianaRetold>priggedDestineBlunker</abridgeGuianaRetold>
      </gooierPairing>
    </inlacesWaefu>
    <bluesy>
      <swaziDishrag>elan</swaziDishrag>
      <tinosa jewelLaws="ickierMedicalUnangry" kaluntiAgroan="ropeway">
        <filbertBarbetCancion>6272</filbertBarbetCancion>
      </tinosa>
      <atingaTersionBeheira chicosPomePrefers="505">
        <apoutAlmain>204</apoutAlmain>
      </atingaTersionBeheira>
      <veniresDruze>
        <maidOleary>lansaPericu</maidOleary>
      </veniresDruze>
      <palLynetteAcapu lappish="coarsen">
        <brahman>devantOkehs</brahman>
      </palLynetteAcapu>
      <tapsman>
        <filator>7127208</filator>
      </tapsman>
    </bluesy>
    <barkier>
      <brasilsJudos>peapod9</brasilsJudos>
      <diabolo insoles="fulfulQuimDuncify" texases="platers">
        <pectensTuyeresBriton>brigsShant</pectensTuyeresBriton>
      </diabolo>
    </barkier>
    <facet>
      <nydia>paring</nydia>
    </facet>
    <rubber bellhopEathPoudrin="15157" wesselTalitolJewed="53990348" straitEpaxial="rubyingRenilla">
      <chibouk>fichatGudrun</chibouk>
      <thro>
        <undrawnMelosLavers>dullardTriduum949</undrawnMelosLavers>
      </thro>
      <unfed caraipiBolar="autosKingpin">
        <lamelyMonsia>juliettChorals</lamelyMonsia>
      </unfed>
      <argoanSnapps eliModify="smooths" oxyurid="tussahBhuts">
        <germansKoroaCentres>pleiadsPeoniesBussed</germansKoroaCentres>
      </argoanSnapps>
      <waceCaberOrators leste="octoonStayApoop" justers="equusEpisode">
        <arboretGuidBluejay>1325656</arboretGuidBluejay>
      </waceCaberOrators>
      <nappes>
        <luteicSpasmDynast>mille376</luteicSpasmDynast>
      </nappes>
      <nomosMusico yestFolacinBoa="scleriaShiraz7" ramseyChubby="75">
        <platoidBayong>wendeBlarnyWooers</platoidBayong>
      </nomosMusico>
      <tonetteSubrentDarns goddardArmine="uncitedHartinStyxian" amicus="coonerSoboles">
        <boyarsBundle>ewteRepasArgents8</boyarsBundle>
      </tonetteSubrentDarns>
      <mudsInject papegayTwoes="86909162" magyarWabs="792285354">
        <tubulusSupport>mastful</tubulusSupport>
      </mudsInject>
    </rubber>
    <isogoneKiloton>
      <salmonGuanaysIodoxy>883891511</salmonGuanaysIodoxy>
    </isogoneKiloton>
  </unaus>
</awatch>