<?xml version="1.0"?>
<secants>
  <asmalteHeckleChicano />
  <couldnAdrue icemanUnjollyMusily="perpend246" liter="seismalHysonMaghrib">
    <cimbri>
      <kitharaBaken>115021706</kitharaBaken>
      <collude>
        <beblainPoonsIliad>signumBigamicDebts</beblainPoonsIliad>
      </collude>
      <cloningPaca fuelOverhit="youthlyKipe">
        <pepo>mendigoEpenla</pepo>
      </cloningPaca>
      <phenateAsarh>
        <referedIllth>viewyFulls</referedIllth>
      </phenateAsarh>
      <populum shiismAcorStrikes="vineaePhillis85" ashesAlkaid="quants8555">
        <sarawan>resin</sarawan>
      </populum>
    </cimbri>
    <imparlPirates keestCogwood="untelicGooneyParisia" prasineCooser="carandaSmootDrewite">
      <charmed>697418103</charmed>
    </imparlPirates>
  </couldnAdrue>
  <shairdAsok hoarded="premold" />
  <fylfot leveselDifdaSprag="44354084" hydridContainArghoul="depasGoofs" />
  <presesBrookieJetteau anburyBerlins="mostingBliautFixt50" doeskin="4128271" />
  <strial leppyWodgyScrotta="cowedTaketh" fluidSetuid="cardecuFeckfulSiruper" quarionMauve="odylize">
    <sheltaChoileMelamed>
      <arryishRessaut>expectTabut</arryishRessaut>
      <vilhelmBubaleScalado naifs="akerAclu">
        <skidlidMissis>kolosRumpySlurred2</skidlidMissis>
      </vilhelmBubaleScalado>
      <neperStakedUneated heydeys="witshipUpheaveMeson" retenesHafizOsmunda="yarGrullaKosin">
        <loggerTarge>illess2</loggerTarge>
      </neperStakedUneated>
      <uglisBugalaHirsle bedemen="280901456">
        <impis>fawnBitume</impis>
      </uglisBugalaHirsle>
    </sheltaChoileMelamed>
    <oscinisDifMasher senescePurpie="saltly92" impunePewteryCilices="tunerPannum590">
      <kinder>unwiveBardiePotto</kinder>
    </oscinisDifMasher>
    <yaps>
      <vacuefyPeoriaDee>soigneMisfateWringed</vacuefyPeoriaDee>
      <persaeUpshootRanaria playman="emigateLequearSieger">
        <incide>upbrowHymenVacuist</incide>
      </persaeUpshootRanaria>
      <bealaCouperExtrema>
        <yamelAbodeWieners>kalis</yamelAbodeWieners>
      </bealaCouperExtrema>
      <dyeingsRingentTogaed walkingOxherdWeedish="bytalks" bayongBepaintRinds="planetaAruGehenna">
        <rhoCadelle>23542002</rhoCadelle>
      </dyeingsRingentTogaed>
      <alders>
        <linkmanBurdieFeast>spumoid</linkmanBurdieFeast>
      </alders>
      <tautogs terningGroaner="oleosLurgCabling">
        <pistonAlviteSchnoz>pauky117</pistonAlviteSchnoz>
      </tautogs>
      <nippyReburstAjenjo hafniumPlacer="guanineProfer" brantUmbrana="resupStichoiRosaker">
        <mayeyeSedersVester>unroughFiacres447</mayeyeSedersVester>
      </nippyReburstAjenjo>
      <whysHarveyUpbrace campooTidleyDeva="996" demosMassifBremia="herns">
        <stoa>inheres</stoa>
      </whysHarveyUpbrace>
      <alani slantedThacker="coacher" benArrozDeaf="579">
        <selsynsBidentAirier>assayerHdwe</selsynsBidentAirier>
      </alani>
      <tmemaBatesCashed windoreGingeli="facticePumpmanToxoids">
        <asprawlCleuchJugum>eposesEpidoteVatting</asprawlCleuchJugum>
      </tmemaBatesCashed>
    </yaps>
    <gossReguli>
      <bhootsTowmast>shacker51</bhootsTowmast>
    </gossReguli>
    <numeroDahoonsSanford>
      <yatterArcadeCadetcy>bladingBangingRighty</yatterArcadeCadetcy>
    </numeroDahoonsSanford>
    <tribuneSouserWilt fatiha="sclereCodman">
      <twifoilMugging>8903284</twifoilMugging>
      <tanninsVigas fledgeSalvy="6765" aridgeTarlike="cuestasMiltosFishway">
        <groove>subplow</groove>
      </tanninsVigas>
      <woons neathFuroateJigman="rawlyAlgates">
        <uppointSeawaysHomed>exerce</uppointSeawaysHomed>
      </woons>
      <visileLiftedKoss>
        <ringyCogboatMecums>gassierCiceroCondign</ringyCogboatMecums>
      </visileLiftedKoss>
    </tribuneSouserWilt>
    <creachyDomic>
      <mouserCarpool>chobSpelmanPlanked</mouserCarpool>
      <ollas antonia="neshly">
        <dinus>avgBuraoQtd98</dinus>
      </ollas>
      <kufic sleptRotlsPratal="426282286" downed="herberEnguard">
        <tph>kedgedDriechManfred</tph>
      </kufic>
      <wingle ottererCadmium="90391192" dtenteAldim="5">
        <hosted>loeingChauthBosket</hosted>
      </wingle>
    </creachyDomic>
    <locoMunting>
      <aide>shaku</aide>
      <elidesArctos overcoy="54" ocularySosieMesozoa="241">
        <tapmostInglesaTwister>kagu</tapmostInglesaTwister>
      </elidesArctos>
      <polsterKreis tycheSoleas="reastCoobah484" overfly="gucksUnpuffSeedily">
        <thriveBollyIndian>whealyPalesBazoo</thriveBollyIndian>
      </polsterKreis>
      <keratCovens>
        <conurusAtreusFoisted>decreteCojuror</conurusAtreusFoisted>
      </keratCovens>
      <arupa hilaryExcelTrade="lassesSlidersOatland">
        <woldsAcarids>acyloxyReqCurioso</woldsAcarids>
      </arupa>
    </locoMunting>
    <lipids ugt="saws" toolsyMaidish="faonBigamicCaufle" whereis="centareBurghalBangle">
      <slim>haesSavssat34</slim>
      <soldCeritesPlank pasan="flipsTabaretPhonol38" regird="solaria">
        <titlark>creen</titlark>
      </soldCeritesPlank>
      <chacunNhanInserve riblets="swabianBagfulFlying" jinkedBakerly="224089704">
        <gynic>64</gynic>
      </chacunNhanInserve>
      <weigela kokanAmsathSigning="swamyExedentQubba" joseyBiotins="17440598">
        <flamfew>alsatia</flamfew>
      </weigela>
      <nurseWiddrimRindy meebosCappyPist="zandeIchsAnankes" tablasSacrum="56076">
        <pusleyMirierBarely>dawningFinetop</pusleyMirierBarely>
      </nurseWiddrimRindy>
      <galeaeSills>
        <unsleekWeakly>diffuse</unsleekWeakly>
      </galeaeSills>
      <enhuskChamal chuckedSatingToddler="lagansSanes35">
        <wealth>clouterWroot</wealth>
      </enhuskChamal>
    </lipids>
    <jigsawn whumpsTrusserThacks="91388936" castralLopperMentis="rug" vugDowfSimmer="droll">
      <leachesEbonsLunary>marilynFarmery</leachesEbonsLunary>
    </jigsawn>
  </strial>
  <ablowCzechTueiron chevenLargesTotals="pultonGroansEndways" />
  <locutorBarihFlaucht rebias="beingBollenMyonema1" sarsars="vicety" />
  <durionsDirelyUptear pigmies="zealful" />
</secants>