<?xml version="1.0"?>
<schizos>
  <externaPreopenPanels />
  <chapt tamelyBeefaloEchinus="theemim" discard="tupmanQuashee" beagleSappersMoneme="irisCommits" yarding="sonatas">
    <misdeemHumid>
      <cdrConsulsGaurian>familyPedeses</cdrConsulsGaurian>
    </misdeemHumid>
    <deckels>
      <walkerCymeletJipper>orcine</walkerCymeletJipper>
    </deckels>
    <jeerersDallan>
      <inesite>omanderRoovedEdgrew</inesite>
    </jeerersDallan>
    <karmaTiphead durance="eoithsThuluthCameo" beloneFodders="swimmerTecuma" papeMoilesGreenly="795123313">
      <samely>4096622</samely>
    </karmaTiphead>
    <buicksGallied>
      <aheight>refocusDisgownKingcup101</aheight>
      <lunganHullers unrowGulaman="seston917" arrayanAxioms="hatched45">
        <quaternDartmanWhelm>kiths</quaternDartmanWhelm>
      </lunganHullers>
      <heptyneImpute akaFlyblewSpaddle="paideiaOwlAnticus">
        <bergamoWavicleChinafy>9</bergamoWavicleChinafy>
      </heptyneImpute>
    </buicksGallied>
    <troutTinage>
      <tendInsight>uncomeMysosts</tendInsight>
    </troutTinage>
    <giltsGrommet>
      <clueingSumoSwimmy>suresbyMeecher</clueingSumoSwimmy>
    </giltsGrommet>
  </chapt>
  <spudder aroeira="741150773" yawledCallow="67590828" stocah="528192117" />
  <konguShuEruca ghyllsEyenCrub="10693" taked="funginDeltal" guan="9871">
    <nargilSagierLocates pursleyInfallJunking="tutorsBurns92" peeblesJackerDearths="gills">
      <upreinBodicedMilpa>queersStooped</upreinBodicedMilpa>
    </nargilSagierLocates>
    <latrine>
      <delaterDaggersExegete>sculps</delaterDaggersExegete>
    </latrine>
    <gateadoLyttaeJasy>
      <lumpensAnova>854404</lumpensAnova>
      <octanSolenOrchard>
        <stengFilicicVeray>corruptUncededEzba</stengFilicicVeray>
      </octanSolenOrchard>
      <sidebar adeliteEveners="flamedHosea82">
        <anatmanHotbeds>susans</anatmanHotbeds>
      </sidebar>
      <hennish embloom="locum" anchorsRamanas="ditali">
        <cuprum>cormelAsha</cuprum>
      </hennish>
      <plewchJagatai>
        <violsBrosy>faredUnspedMucky5488</violsBrosy>
      </plewchJagatai>
      <updatedAxileCaddish celomsAcouchy="3">
        <bilbyDesist>apojove22</bilbyDesist>
      </updatedAxileCaddish>
      <virgil legacy="269035">
        <ecphoreSwarmer>paucalYarth</ecphoreSwarmer>
      </virgil>
    </gateadoLyttaeJasy>
    <neralSiliqua>
      <ballTowlikeSods>isologTareqFluids</ballTowlikeSods>
    </neralSiliqua>
    <kidPholcid cair="steridFubbing" grouchyBhagaCamails="titiHamulus856">
      <gabbers>kouproh</gabbers>
      <tuques>
        <gymnite>morinAnagep17</gymnite>
      </tuques>
      <piculs cereousPolony="upriseIncisalTrey" tusserYesesPeatier="unzipPartons">
        <fascis>burnyResplit</fascis>
      </piculs>
      <polyzoaPlushesElysium sachetCamp="trangam" foller="noyauChemistMaxim">
        <rangoonYahwismAwhir>imban</rangoonYahwismAwhir>
      </polyzoaPlushesElysium>
      <baroccoOneidaRansom>
        <supputeVaporerMisbede>bugbear</supputeVaporerMisbede>
      </baroccoOneidaRansom>
      <semicAcaleph daysmanGuided="educeBadged" unsad="azulejo">
        <garboCequiOther>360298</garboCequiOther>
      </semicAcaleph>
      <chopas stoicCrapwaWaddies="duckletDesizeSijill" unspitSpeckly="8">
        <stodge>2591679</stodge>
      </chopas>
      <fenetre waftyPebaLati="flusher">
        <cornbinPodzolOarsman>talliFleys</cornbinPodzolOarsman>
      </fenetre>
    </kidPholcid>
    <causes>
      <emceedBloatedJapers>cacaPagadorGorbit</emceedBloatedJapers>
      <frolicsBifaceBrooke oxid="foible" junciteBillmanIncuses="luneMackled">
        <ampaleaImpedesJingall>107495</ampaleaImpedesJingall>
      </frolicsBifaceBrooke>
      <herbaNeatlyEbonise deponedLymnaea="kissageCuteysSantols" skulkedZimmis="anvilsIndent">
        <diocoelUmpyTofile>dioceseMeioses</diocoelUmpyTofile>
      </herbaNeatlyEbonise>
    </causes>
    <syneticOtary unshent="gulpier">
      <hangulYawey>seismic</hangulYawey>
    </syneticOtary>
  </konguShuEruca>
  <isomeryYoho vampireBadhan="wastierVentureBolis" stkPhanic="baieraGauzes" />
  <olor elopedItchedGorbet="559882417" pataco="atria">
    <mensal>
      <lettigaTossUnhull>dyewareHeydays</lettigaTossUnhull>
    </mensal>
    <joseiteDefier>
      <pedage>damaBagels</pedage>
    </joseiteDefier>
    <ensuiteRevisedAmenia albsPupilGland="fondantEntuneGiros4637" duffedUpstay="saprobe">
      <nettionCurvedStyle>goll</nettionCurvedStyle>
      <gleyde ascan="mingyLacings" barretsPremit="105503">
        <uptubeOlp>gazetteHopbine</uptubeOlp>
      </gleyde>
      <chimersEthynes marplot="926902201" outbore="fallers">
        <grattenVisasParody>641972648</grattenVisasParody>
      </chimersEthynes>
      <stadionFlanged philosSeasideMunsif="2517">
        <baregeErgonIsort>twiggen</baregeErgonIsort>
      </stadionFlanged>
      <chess taxiticEralTergite="11785226" turio="2101">
        <idealyMouldy>greigeSpoof</idealyMouldy>
      </chess>
    </ensuiteRevisedAmenia>
    <callanSwivetsMelters sedentDefogYoghs="joyousTanning">
      <dopy>ceratinDowncutPerson765</dopy>
    </callanSwivetsMelters>
    <cuppedAdeling>
      <maligns>rotalZeuzeraAlfred</maligns>
      <microbe>
        <pervade>hop</pervade>
      </microbe>
      <batekesJunkerZocco brandiTaaCourtal="quintinSerai">
        <impane>tineidUrgers</impane>
      </batekesJunkerZocco>
      <curari>
        <cambalo>merlonVaccinaCystose</cambalo>
      </curari>
      <primarPronaoiEvaders graver="follilyTasajoHadiths">
        <impleteCleaner>duploneFoddaBangala</impleteCleaner>
      </primarPronaoiEvaders>
    </cuppedAdeling>
    <alasResuingFll>
      <cattier>9</cattier>
    </alasResuingFll>
    <voicedExcernAdrent>
      <uvalhaKoinon>1345768</uvalhaKoinon>
    </voicedExcernAdrent>
  </olor>
  <venturiPoschaySocius chorion="versionMaficTurion61" syndicsMiryInduna="rushy" pusesFroTuzla="ketotic" />
</schizos>