<?xml version="1.0"?>
<gedactFalcateEmigr>
  <weepedTaunts bittieTucumCoddled="carafesDeficit4691" koffEwder="cordery" senate="plierClinal">
    <babysatPacify votersBesmut="normals" strewer="channelPowders" azaroleUnscale="94407">
      <mbiras>muttonyPunalua</mbiras>
    </babysatPacify>
    <intenseTranviaBirled grouserAnther="elbertaPhytanePkg" hoteSlam="5551832" inflFoisonsReatas="mandalaResifts">
      <histed>okuari</histed>
    </intenseTranviaBirled>
    <monozoa>
      <umlautBeshade>fanned</umlautBeshade>
    </monozoa>
    <aerotowLamentVicars>
      <koradjiPuleyn>mfr</koradjiPuleyn>
      <trumph soyledOxalateEndebt="defraudAcaraJointed" phecdaCulled="taotai85">
        <maranon>pinteCouxia</maranon>
      </trumph>
      <bigamicCupidCalpack>
        <shnookBuccula>zant</shnookBuccula>
      </bigamicCupidCalpack>
      <density anobingCursingEels="unplied" triglyWainful="sodiumsCordoba">
        <jordenOliosDokhma>alnuinSweltAmiss</jordenOliosDokhma>
      </density>
    </aerotowLamentVicars>
    <nashDuplexSpumy>
      <eravaBurr>piffKebyar</eravaBurr>
      <rakedKillasEurite>
        <albifySherifa>89</albifySherifa>
      </rakedKillasEurite>
      <chuckle>
        <rennZoogony>godsendArdellaSqualus</rennZoogony>
      </chuckle>
      <canjac eheu="dialler">
        <rechaosGarters>reopensDrought915</rechaosGarters>
      </canjac>
      <relaxin vicing="garnelKinfolk">
        <plow>demodexAutarkyRoad391</plow>
      </relaxin>
    </nashDuplexSpumy>
    <killAustinJaw>
      <stablyWerste>shtSmokyBefur</stablyWerste>
      <cuttoeCormus addie="87226" lucanMustedPaniers="hyperonJohninViably">
        <legworkSilagesCattalo>kosalanDelicto62</legworkSilagesCattalo>
      </cuttoeCormus>
    </killAustinJaw>
    <locusts>
      <pedPinking>7</pedPinking>
      <shawledAroar finifyPastierBromius="duckeryCahotBrasil" lewisesUneathsHazel="mudlarkMeller">
        <pretor>5</pretor>
      </shawledAroar>
      <waveson>
        <capitol>pietosoDeclareIdcue</capitol>
      </waveson>
      <cagnTheoricGnomide maremme="talk419">
        <splJivesAsfast>812041</splJivesAsfast>
      </cagnTheoricGnomide>
      <pacinkoBeckons prowerWhitmanShyam="1728789" cottier="besugarPickyTuba">
        <omina>catellaRigidlySeaming</omina>
      </pacinkoBeckons>
      <balakCamions bunkeryBurlPounder="413573" indear="andsYeastyAward">
        <writing>advance</writing>
      </balakCamions>
      <trouperUsuries apneasMastax="welshedWraf" whits="lienic2">
        <resnubColsGaviae>pliny</resnubColsGaviae>
      </trouperUsuries>
      <clio ghebetaGalere="indultsCharcaStewy" cebian="turfierReh">
        <enajim>psocid</enajim>
      </clio>
      <reefersOutlive>
        <guisesHubKotuku>18</guisesHubKotuku>
      </reefersOutlive>
    </locusts>
    <saktismFatting>
      <eglogueCher>aurifyMucosas69</eglogueCher>
    </saktismFatting>
    <selvesShilpitOofiest>
      <sandia>42</sandia>
      <fluidsRouses passus="9">
        <almoign>608</almoign>
      </fluidsRouses>
      <mamiesWraxleBids>
        <suberinShiller>ambary</suberinShiller>
      </mamiesWraxleBids>
      <pathWakenerNiris>
        <nudnikHotteryGirrock>cojoinDives</nudnikHotteryGirrock>
      </pathWakenerNiris>
      <soapingSclaterLeucic>
        <meshySteridCharts>88028722</meshySteridCharts>
      </soapingSclaterLeucic>
      <kauriMatacoEpisode>
        <parringIsoCorals>sectFreesBlimp</parringIsoCorals>
      </kauriMatacoEpisode>
      <cadencyCleek mullahsPavan="walty">
        <hibachi>7</hibachi>
      </cadencyCleek>
      <stiriaGazabo>
        <devisePlanarRadiant>thixlePursuitAidman</devisePlanarRadiant>
      </stiriaGazabo>
      <defogYeeOrlet>
        <puffyHilltopRearose>394</puffyHilltopRearose>
      </defogYeeOrlet>
      <emblems>
        <padangUnlives>luwian</padangUnlives>
      </emblems>
    </selvesShilpitOofiest>
    <yoccoBaccateMemory vitreal="casquesNilled">
      <gomerilGympie>outgaze</gomerilGympie>
      <xenicusYarelyMamboes pollenHalvahs="recoke255" clumsy="shears7971">
        <escaDoozersChhatri>sockoBillerLigates</escaDoozersChhatri>
      </xenicusYarelyMamboes>
      <uproot hormist="tentionBulgar" psovie="puccoon8">
        <paraspyCathoodSnash>undoes</paraspyCathoodSnash>
      </uproot>
      <nocktatChadFretize>
        <merinoRummilyFitz>unfloorZenickCimnel</merinoRummilyFitz>
      </nocktatChadFretize>
      <folderExpdtBaptize>
        <upheapsAscendGonial>payedKaratto</upheapsAscendGonial>
      </folderExpdtBaptize>
      <stonerSplores>
        <storiedShaysColl>empearlScentsOutgrow</storiedShaysColl>
      </stonerSplores>
      <amenageGearingProband thuliumGurdy="88653605">
        <morseRafflesSheeves>829057483</morseRafflesSheeves>
      </amenageGearingProband>
      <tatamisAnisum oxfly="gargolElbertaEiffel" tropNuchaleWhids="boletesPlasmas">
        <uptill>mpangweAxwise</uptill>
      </tatamisAnisum>
      <koasatiCanamo>
        <worsensPraxis>compage</worsensPraxis>
      </koasatiCanamo>
    </yoccoBaccateMemory>
    <skilledBityiteYonnie>
      <glucke>754183466</glucke>
    </skilledBityiteYonnie>
  </weepedTaunts>
  <stevia>
    <oasisMadcapsAvaram>
      <swingesLovatFracid>passeePetterStunted</swingesLovatFracid>
    </oasisMadcapsAvaram>
    <mcgRucks makosErsh="unrindFlunkedOnerous292" boarts="2347092">
      <saffronHyloid>doggrel</saffronHyloid>
      <itenWaresJaypiet porter="unlive" eyecupTaigPia="caprine">
        <behestSpeary>idesRatels4</behestSpeary>
      </itenWaresJaypiet>
    </mcgRucks>
    <venularGeraty>
      <vizoredTarau>dollar</vizoredTarau>
    </venularGeraty>
    <hodderDialinEnweave>
      <idlishPaxilliAdit>fondDidalDefends478</idlishPaxilliAdit>
      <rhapisOsophyZonda soleilStradeTamas="obrizeInsoleAggie" carneolHyphema="wonnersCliviaCactus153">
        <mezzo>flentes</mezzo>
      </rhapisOsophyZonda>
      <widenKlutzySettimo>
        <macrameWalers>aurochMuzhiksUprises</macrameWalers>
      </widenKlutzySettimo>
      <scouchFurole dovish="pituriJetty" bullousUnwove="timbernOceanPunts5">
        <conches>charvetPoulpe6</conches>
      </scouchFurole>
      <hametz chainedRate="misfitsOket" nappa="loggia9">
        <praetor>rippler</praetor>
      </hametz>
      <thyselfChecker agunah="twiteFewer">
        <koftaMenfra>83302</koftaMenfra>
      </thyselfChecker>
      <wetter cayuco="65141646">
        <stumerRefurl>bekingSabinBishari</stumerRefurl>
      </wetter>
      <bulgers sofa="4" unsetVaidicRallus="51429">
        <slicersGangesKlop>loviers</slicersGangesKlop>
      </bulgers>
      <obley>
        <deveins>gagglesAnselm</deveins>
      </obley>
      <naperer cymry="6711361" sookyAnilinsStupent="makiIsh">
        <sofkeeLeftestAlthing>ovalizeBugaboo</sofkeeLeftestAlthing>
      </naperer>
    </hodderDialinEnweave>
    <veriestKloofOpined avicide="intoCesious4" caburnTuff="7441172" ashir="7897">
      <coats>apiolCatalogCuneus</coats>
    </veriestKloofOpined>
    <aliterTzurisEcumene>
      <tinnierMisuraYgapo>stentonScalesLowsing</tinnierMisuraYgapo>
    </aliterTzurisEcumene>
    <chattiFormylArcadic>
      <divest>1031694</divest>
      <tubletProface goff="hotspurTreen">
        <gameteHagride>ungoutyTorsoes5</gameteHagride>
      </tubletProface>
      <mention>
        <velvetsPygmoidKabakas>gradersWahabit</velvetsPygmoidKabakas>
      </mention>
      <afford>
        <loonKeekingRubiate>canty</loonKeekingRubiate>
      </afford>
      <callersFiretop basaliaJapeArcadia="malaxisLinenyCuppas">
        <mainorTemblor>9</mainorTemblor>
      </callersFiretop>
      <sarindaAramisGonagra punkieKnopGranite="mintier6933">
        <moskerKiltiesRota>legumin8165</moskerKiltiesRota>
      </sarindaAramisGonagra>
      <inboundShawEsplees lleuBloodyNilled="oldiesChiefly" parkeePootyMatsue="9571">
        <waxweedImmiss>myelinsPissesHies</waxweedImmiss>
      </inboundShawEsplees>
      <gamp habitueBerhyme="brinish" limailLieue="teriInstBarf">
        <unstatePatchySewen>stomionOutzany</unstatePatchySewen>
      </gamp>
    </chattiFormylArcadic>
    <staggy arkoseYodles="dialedFuelsDrug">
      <botasHushoCatwise>7</botasHushoCatwise>
      <chinkleDobrao segosLottingKhella="arauanCloak">
        <chumps>embruesPatlyKaolins</chumps>
      </chinkleDobrao>
      <wentKailsLuket readout="eirene">
        <refuted>alkyls</refuted>
      </wentKailsLuket>
    </staggy>
    <jahLunularStead>
      <linecutDisableEmbrown>curvleOutfeed</linecutDisableEmbrown>
      <kopeksCrofts hydrion="coriumStilton">
        <tineasBerust>rubying</tineasBerust>
      </kopeksCrofts>
      <bobbiesBefouls rummestAivrCymol="deddyLuckly">
        <epikeia>puls5</epikeia>
      </bobbiesBefouls>
      <refinedPainBroma>
        <premiss>celtish</premiss>
      </refinedPainBroma>
      <vastestYahgan carlin="laborRagas">
        <stratigVoltaic>biacidPaukyMars</stratigVoltaic>
      </vastestYahgan>
      <ricassoCushat tabuedEtheria="37">
        <thymus>whatzit</thymus>
      </ricassoCushat>
      <moultedCipayeLinkmen shelterSpotty="jestGametes">
        <humatesBoserNihal>resinMisdeem</humatesBoserNihal>
      </moultedCipayeLinkmen>
    </jahLunularStead>
  </stevia>
  <newings glopsSane="gobblerGlialAdawn" slavistBarfingColonic="ordains" barrage="ruddockMarfireMonish">
    <dilly icarianTropismZooty="assacuSmerked2" unhealAntibug="sheldSkellat" bedcap="78">
      <amabelBentyAucht>elritch</amabelBentyAucht>
    </dilly>
    <ketteRappenAlanyls cronishPawnersSynesis="jaggaryMirza8787" filtrePurana="37">
      <gusain>sempres</gusain>
      <yelksMuddy>
        <adread>yowtPrevideDisuses</adread>
      </yelksMuddy>
      <pyxesSheetParve diary="lurchGorbitHigra81" borani="rettingSloggerVacancy">
        <rubinEulytin>6326</rubinEulytin>
      </pyxesSheetParve>
      <mutaShotman scadsWrimple="boxcarsCopyman3880">
        <goonda>ulexiteSwathesMayed</goonda>
      </mutaShotman>
      <aikidosMudarAnam>
        <algineReswardSocies>7</algineReswardSocies>
      </aikidosMudarAnam>
    </ketteRappenAlanyls>
    <porticoRainer>
      <beroe>dicotylDinged4</beroe>
    </porticoRainer>
    <stoond outpipeFollies="diotiIbolium" coramParings="enteredAscrive">
      <dauditPonica>italiotSteelie6221</dauditPonica>
      <pathanMidgets ragtagTictoc="292" palled="liesEyecups">
        <claroOrchil>urticalAdiel</claroOrchil>
      </pathanMidgets>
      <adolph tannaicStalkGiggled="8512928" tmemataChurelNimb="dovekeyAfireDowning">
        <goen>dungingNavarBeckon8</goen>
      </adolph>
      <grisonsPrewire rognonsHilumHadjemi="bogard">
        <lacemanMukdenGez>tasselFipples</lacemanMukdenGez>
      </grisonsPrewire>
      <doctusLentiscSplents>
        <ironies>equipLinenyLiin</ironies>
      </doctusLentiscSplents>
      <esguard>
        <knawelUnhull>reamendPocketsTreflee</knawelUnhull>
      </esguard>
      <cricoidCecilsProvant clarkeSponton="halsen">
        <yahganReddersGyronny>telltNunning</yahganReddersGyronny>
      </cricoidCecilsProvant>
      <forties tampa="leif" iconian="khojahDiscousRheinic4">
        <budgetScampedSayee>batzUpwrap274</budgetScampedSayee>
      </forties>
      <weilang bans="huemul">
        <semiticTippler>balzaReplume</semiticTippler>
      </weilang>
      <zymome>
        <covens>497098</covens>
      </zymome>
    </stoond>
    <buybackBiennia>
      <trigaAmainUncubic>526648</trigaAmainUncubic>
      <kitamatTheclaFrancia obtrect="wartsMyatony88">
        <bedroom>yodeler</bedroom>
      </kitamatTheclaFrancia>
      <sputta pinjaneDetrect="sloomyKelliaLug" agogArval="childesZlotiesCroceic">
        <surfeitUtensilLoos>tloPratey</surfeitUtensilLoos>
      </sputta>
      <alchera>
        <nonaTachyonCongrid>1960</nonaTachyonCongrid>
      </alchera>
    </buybackBiennia>
    <mgdTriac cowbyreMergusMagani="skift">
      <trinely>marah</trinely>
    </mgdTriac>
    <tinean>
      <misers>bakenKalams6589</misers>
    </tinean>
  </newings>
  <picotCentralMarques pewmateYeaned="ideLaughed" annalyPurlingShan="furl" asepsisHoboeHerman="5407" osmundsWamefuAeneid="schappeMoilesSynaxes5828">
    <bemix comenicOmasumDorper="trebles" bandel="cudgelTraitorCullay">
      <plushCementGorcrow>nale</plushCementGorcrow>
      <syzygiaBelapTorture proposeFlensedCried="75" minetteJimboUproad="dopantEpulisKolach4716">
        <foochow>40</foochow>
      </syzygiaBelapTorture>
      <twirls tawnily="razer">
        <bah>drouks</bah>
      </twirls>
      <synodus ridingBurlsOfflook="setulae3" peltingLuffasStrouds="loonier70">
        <alargeHectarePembina>alooflyIranizeGalatea9774</alargeHectarePembina>
      </synodus>
      <palestChloric oclock="mooredHauteObside">
        <clyses>4762233</clyses>
      </palestChloric>
      <gleets obtectResilesDalle="668" fitly="pauaFarineBadaxe7277">
        <posole>darefulUrnism3144</posole>
      </gleets>
      <rookieSasanDonsie forlainMordv="frithsSennite" nursingBucrane="phaseunFounder9">
        <tonguyFrenchyHerbar>railcar</tonguyFrenchyHerbar>
      </rookieSasanDonsie>
      <shaversFestinBitis lantUprouteSumi="niduliRatcherRepels" metedSenaah="swairdRomanyThuja">
        <alinesSpanishAminate>papposeReenRaggle</alinesSpanishAminate>
      </shaversFestinBitis>
    </bemix>
    <zonarySedum>
      <setoff>50456444</setoff>
      <formly deepSecsAsseize="oddsideSpurMafflin">
        <anychia>pepfulTokes</anychia>
      </formly>
      <muzarabCoraise>
        <fusticsCreticLedgy>stovesLuggedOcean</fusticsCreticLedgy>
      </muzarabCoraise>
    </zonarySedum>
  </picotCentralMarques>
  <hydraulDiamide>
    <tnpkAba>
      <ywca>elbertaPalermo</ywca>
    </tnpkAba>
    <weinerTechnicDecodon notaliaGaucheOwerby="glitch">
      <acies>unfileOvisacs</acies>
    </weinerTechnicDecodon>
    <ozias>
      <argents>caroledSmoked710</argents>
      <boyunaCognatiUpmove>
        <defaceSwishAlismad>cubelet</defaceSwishAlismad>
      </boyunaCognatiUpmove>
    </ozias>
    <granumNativusRammy>
      <ycleptPannag>synop</ycleptPannag>
    </granumNativusRammy>
    <redosLenvoi>
      <fulnessAustral>9866740</fulnessAustral>
      <kiangan>
        <basharaPeeries>porkierBiddies</basharaPeeries>
      </kiangan>
      <crawlieObese>
        <hamiBronk>jiboaKui</hamiBronk>
      </crawlieObese>
      <astonyDoloseDenat>
        <leafyDrisk>424169</leafyDrisk>
      </astonyDoloseDenat>
      <flurrCrassly viewerSpeeledNaoto="377865">
        <mismean>skollyTroca</mismean>
      </flurrCrassly>
      <tidyingMilch drably="66">
        <swedishNidder>readdedEmbays</swedishNidder>
      </tidyingMilch>
      <reknitsZiti mudroomIwwood="39">
        <dcbname>128491</dcbname>
      </reknitsZiti>
      <portailSumpitNumnah>
        <proCling>588304</proCling>
      </portailSumpitNumnah>
      <goliXanthanAppete diwata="joltsCoerceAgujon" dower="liftoffTopazMikados">
        <arcanalGandul>selvesJuliott9</arcanalGandul>
      </goliXanthanAppete>
      <abacusUnfoldsSangho olamRibosos="rojakFoams8009" props="deaths">
        <mossieNonomad>4549237</mossieNonomad>
      </abacusUnfoldsSangho>
    </redosLenvoi>
    <chieldsCuirass wimeMacula="truismsHypatonWeaned" aum="torousMaihemYare">
      <loutherSacradHitcher>8795994</loutherSacradHitcher>
    </chieldsCuirass>
  </hydraulDiamide>
  <potgutPunger />
</gedactFalcateEmigr>