<?xml version="1.0"?>
<muntinExodic>
  <shemIngeneQuatch />
  <tipsyBeatiVahines goniaComediaAgnize="cuculleHotness6" />
  <govTpmProlan doyenne="techiesAasTeazles42" decreed="duality">
    <swalletSenitiRaisons>
      <riposteEnclose>42052</riposteEnclose>
      <rushee auscult="picudaGuidoFala" evade="lanyard30">
        <anhangaAdvaitaCantref>fard</anhangaAdvaitaCantref>
      </rushee>
      <mythismMutantMudden>
        <fellasReuben>937816218</fellasReuben>
      </mythismMutantMudden>
      <mallows>
        <yeeuckFegaryPileup>ulvasDocious</yeeuckFegaryPileup>
      </mallows>
    </swalletSenitiRaisons>
    <feints>
      <merice>braccia</merice>
    </feints>
    <onagerRodgerEvea daneInferAmmos="unsuedInsides" amaroid="roquets">
      <provideFetasWasabi>elyseeSenatesAccum</provideFetasWasabi>
      <imband>
        <oroanal>5961</oroanal>
      </imband>
      <presawHormone mileway="sithenInspan">
        <thalliUnrigCtenii>toyOometer</thalliUnrigCtenii>
      </presawHormone>
      <satinsYodler pict="eupion" coseChords="raggedyShimmy">
        <weinerHoopmanGritter>butin</weinerHoopmanGritter>
      </satinsYodler>
      <gushesPeeling taxinDrayed="stude5320">
        <eastmanHarico>magnumFoilerLaithly59</eastmanHarico>
      </gushesPeeling>
      <quipper>
        <adead>587199</adead>
      </quipper>
    </onagerRodgerEvea>
    <limaconHandful>
      <copsesSorbing>tomand</copsesSorbing>
    </limaconHandful>
  </govTpmProlan>
  <vigoneFoppedHutcher>
    <workyJarina>
      <onflow>subtlerFlayer</onflow>
      <bubasCalmestCamenes>
        <casitas>mussed67</casitas>
      </bubasCalmestCamenes>
      <dig tilleyScamlesOutweed="saperdaWinepotWhisket2" yanWorkingJunkets="509660">
        <stampLampadRaiae>agt</stampLampadRaiae>
      </dig>
      <cheesed cucule="innest">
        <uaraycu>floteByganePata5</uaraycu>
      </cheesed>
      <nasallyWashoutRusset subgyreUnperch="50228085">
        <whift>decardUnshyly</whift>
      </nasallyWashoutRusset>
      <spielsVilloteDuctal>
        <codingsRibberQuiscos>rivellGuapena</codingsRibberQuiscos>
      </spielsVilloteDuctal>
    </workyJarina>
    <burrerUnwivedAphacic>
      <scorper>iambeFeroce544</scorper>
      <erwinia cond="conflabMopeyReginae" oinkedMatawan="keblahDiasene679">
        <mussierRamrodsRumicin>beamfulDecayer</mussierRamrodsRumicin>
      </erwinia>
      <wokowi>
        <guslaHalaka>25174013</guslaHalaka>
      </wokowi>
    </burrerUnwivedAphacic>
    <enfoldsMedea>
      <moun>ithielMikados</moun>
    </enfoldsMedea>
    <foggara>
      <reburse>lentosSorbose</reburse>
      <hideMezailMiniver>
        <zillaAssembl>gymnure</zillaAssembl>
      </hideMezailMiniver>
      <soulfulHulled>
        <coggerReeperWair>wrybillMuckyMelteth8</coggerReeperWair>
      </soulfulHulled>
      <void cupuleBewails="tzardom" mushes="unwrapsAngekokJangler">
        <gewgawyNeume>squawksLicense</gewgawyNeume>
      </void>
      <beauneSyllogeSalvos kettrinFlauchtIdea="33396964">
        <crewetAntijam>scrunchPravity</crewetAntijam>
      </beauneSyllogeSalvos>
      <tested recooksDonzelPerrier="habbubWhoringGays" clinid="407382">
        <terretDemerit>hullsBrawlisStocky</terretDemerit>
      </tested>
      <neal kollerPoohs="8876269" ofterKnawKiddush="lucindaSkieppeDoter">
        <garcons>looies</garcons>
      </neal>
    </foggara>
    <venada>
      <fled>legreteAlfirk</fled>
      <armrackArorasUnlousy>
        <pangaeaManage>hymnary</pangaeaManage>
      </armrackArorasUnlousy>
      <unbrokeSalem teacheQuaily="coignyRozenerSharrag758">
        <madroaFulmar>westmeShafts</madroaFulmar>
      </unbrokeSalem>
      <outbake>
        <portor>unbraid</portor>
      </outbake>
      <variateCasquet>
        <dasiPagumaVersate>rusksBaridQueest</dasiPagumaVersate>
      </variateCasquet>
      <lanolinSyphonEmpower>
        <stewart>wirlingAsthma358</stewart>
      </lanolinSyphonEmpower>
      <mushedLaboursFerrule>
        <fummle>53363</fummle>
      </mushedLaboursFerrule>
    </venada>
    <rulerOxidaseCranker>
      <bussu>pretryCorserPunkahs</bussu>
      <theaCirroseGignate jotunnCorriesTall="cabbalaSubechoSpooney">
        <flawn>amperyMakeupMeals</flawn>
      </theaCirroseGignate>
      <ternarBaltisSkived tanoa="tussorsMagyar80" vannus="dingbatHanburyManhunt">
        <hillockNoterseEsrogim>doucinSubplot</hillockNoterseEsrogim>
      </ternarBaltisSkived>
      <pouffSmirch dalethLutayo="vireFindjan5887">
        <nauchJark>cursedCrusetsPleonal</nauchJark>
      </pouffSmirch>
      <mawgerXenonSaucily tumDredger="7224">
        <airparkDent>rasennaScapingBone4</airparkDent>
      </mawgerXenonSaucily>
      <wese dandis="scrim">
        <swizTommiesMerl>spaedActin</swizTommiesMerl>
      </wese>
      <coaeval ramackBecky="spreed856" trixParotis="agamasFattenSagless780">
        <miliumVioloneRemiped>grimmer</miliumVioloneRemiped>
      </coaeval>
      <sardar slime="branlesKers">
        <brinded>uphoistCorylin4806</brinded>
      </sardar>
      <dustedSalvors puppifyTootsie="orville2">
        <snurlChorda>camions</snurlChorda>
      </dustedSalvors>
    </rulerOxidaseCranker>
    <etagre>
      <rejigFoliaDextrad>sigill</rejigFoliaDextrad>
    </etagre>
    <disour ohareBunjara="cicaleStunner6589">
      <ageneRecoursAnotia>7</ageneRecoursAnotia>
    </disour>
    <tanzebAranea>
      <coaxerJagheer>wagner</coaxerJagheer>
      <whinier>
        <ousterMadrih>787</ousterMadrih>
      </whinier>
      <frogman flitchVotive="4834">
        <slogs>1</slogs>
      </frogman>
      <fishersHexa>
        <scraper>651414</scraper>
      </fishersHexa>
      <harvestFreshly loeing="parrockAnnale">
        <gifts>alcali</gifts>
      </harvestFreshly>
      <merist redcoll="tablasQuinch">
        <resoap>nevellTorpent</resoap>
      </merist>
      <pyemicLipoids nousel="quinta" chemungVarecCracky="ouzosLenaeum">
        <jiggety>721</jiggety>
      </pyemicLipoids>
    </tanzebAranea>
  </vigoneFoppedHutcher>
  <yameoCheckle dout="820078" />
</muntinExodic>