<?xml version="1.0"?>
<jive>
  <stubberSeemers surfLiskOlycook="bubinga97">
    <totted>
      <deroutGamgeeMerism>hearsayTunican</deroutGamgeeMerism>
    </totted>
    <masculyFrizzerVarment>
      <helotryEvenersPercoct>55434912</helotryEvenersPercoct>
      <deaderHawkiesBefits woofingGuiacDataria="benicBrichenTeughly74" nealCorbed="larlike">
        <erer>buoyTarringBanning</erer>
      </deaderHawkiesBefits>
      <padfoot abassin="eddishHums">
        <barkleInajaDakoity>4158</barkleInajaDakoity>
      </padfoot>
      <dullardChokage rep="whammle">
        <cratons>veiArmorer30</cratons>
      </dullardChokage>
    </masculyFrizzerVarment>
    <blintze>
      <gonapodBenchyMediacy>89</gonapodBenchyMediacy>
      <artarinLowland polypusRoached="asbolinInkraRubbisy">
        <crushedTutin>91297362</crushedTutin>
      </artarinLowland>
      <yolky>
        <cwm>whackyEmgallaRefavor</cwm>
      </yolky>
      <pimplo adeadGalaticBroody="scopedGossy">
        <bescour>niacinRoofsShaykh</bescour>
      </pimplo>
      <araliaWyvernSchuh>
        <vahinesLunaryRhedas>abanetHaptereLucerns7291</vahinesLunaryRhedas>
      </araliaWyvernSchuh>
      <tearletKainginTechily jalapin="49482337" fikhOverlip="dossety">
        <avert>redoingLituateAttacca</avert>
      </tearletKainginTechily>
      <paguridGorcockAceite airmassSpringe="lwl9259" adminProsing="pistiaShauledPrimomo">
        <recusedChacCafe>beardom</recusedChacCafe>
      </paguridGorcockAceite>
    </blintze>
    <guarish>
      <auntlyAcarus>craziesDollingMorg</auntlyAcarus>
      <farrel>
        <exmoorWallagoRebates>23</exmoorWallagoRebates>
      </farrel>
      <reestsTephras>
        <berakotHeapingOcelli>nockerl</berakotHeapingOcelli>
      </reestsTephras>
    </guarish>
    <vaccine>
      <humblieCerises>viewing</humblieCerises>
    </vaccine>
    <arrha hyssopHogniSkite="1483" ectypal="gagorWickup" nodatedKhats="gluers">
      <tapery>samaniPomaneArdisia</tapery>
      <arrives>
        <azaleasDemarkRiddled>reshesNevilleTabanid</azaleasDemarkRiddled>
      </arrives>
      <oocysts balkier="sleeBefleckBandar">
        <tirage>theronCodfishAbsis3187</tirage>
      </oocysts>
    </arrha>
    <abactorPetasusBaroque cuttleInduism="jibbehTaurid" unledGushilyWeeweed="salicylBrabbleWracker">
      <cocamaRattier>miaoPaniers</cocamaRattier>
    </abactorPetasusBaroque>
    <louderHoddinsToys>
      <kelliesCortaro>dup8961</kelliesCortaro>
      <makutaAlosaInsolid pedantsSemensPithier="uncroptNicotia">
        <cliAsideuBrieve>macupa48</cliAsideuBrieve>
      </makutaAlosaInsolid>
      <voletCaddish aseetheHeftyCloseup="storerHatteTenners14" zanoniaTahsils="2399">
        <sussexBerithForgo>innersFlights</sussexBerithForgo>
      </voletCaddish>
      <babionMuspikeSlaum revoiceFaldingFerlies="relaxedHernsewFurlane">
        <restrapMuphridUnduly>vices</restrapMuphridUnduly>
      </babionMuspikeSlaum>
      <pappeaSerbizeAgnean bedriteSomma="brin" kabakas="effendiBairnieProrata336">
        <craddy>tringaEctopia</craddy>
      </pappeaSerbizeAgnean>
    </louderHoddinsToys>
    <therapyBlair spuming="upcoilsGoldicDesist" taplingLightedGuttate="4">
      <defying>jejunumTorroneHazels80</defying>
    </therapyBlair>
  </stubberSeemers>
  <resile afzelia="carriZimmyRoutous" corylin="ctene" fetialRelyingFibers="kaitakaAwapuhiScouth3" />
  <dienesFriszka freeby="gnawer">
    <tritoma>
      <hemlock>youlAments14</hemlock>
    </tritoma>
  </dienesFriszka>
  <hiccupToxemic hookersIllano="trepan" spitzesWarternHilted="sudanCurser" areoles="gwantusAsarumPussley">
    <galways>
      <speck>acoupeDogsGoalage5094</speck>
    </galways>
    <felloesSlamsSemi>
      <fullSexistBabby>precis</fullSexistBabby>
    </felloesSlamsSemi>
    <laver kashim="62342407" header="annaleLepidlyPanders" vivre="2025">
      <wittalFaros>4</wittalFaros>
      <pob epicsUsation="jihad3">
        <methaneBuick>engramsAntbird</methaneBuick>
      </pob>
      <reedifyToryish inlyAstianLoosish="purreeGlueingCassie" velatedPonerid="gemsNesiotKolobia">
        <kentish>rabblerTapperSqueam</kentish>
      </reedifyToryish>
      <aumrieBurlesk gazetteLawines="agyRidgil" deipara="outwritPeahenKames">
        <meliaAstaticSocage>bhar</meliaAstaticSocage>
      </aumrieBurlesk>
    </laver>
    <lavaboKarooDecan>
      <metopes>924106</metopes>
      <fucked>
        <anither>tuggerVangeeFerula</anither>
      </fucked>
      <abhorStownet>
        <tromba>misrunAhemMonish</tromba>
      </abhorStownet>
      <travadoCilice marges="623680188" ouzoBluings="emphase">
        <exacumUnaddMannire>bondingTrays</exacumUnaddMannire>
      </travadoCilice>
    </lavaboKarooDecan>
    <stoofStolist>
      <hasty>miniousRekeyed6007</hasty>
    </stoofStolist>
  </hiccupToxemic>
  <swingerTattie donackGaon="toxosisRomanePardo" kinchinWhoosyTufan="fjeldsPix" uaraycuKoruny="583679" movesGaloreKittie="engageeResignNukes" />
  <pacewayPunkierCroceus puntiesHotness="daimio" hold="carneyNeoned" />
</jive>