<?xml version="1.0"?>
<spleniaCussingLambing>
  <pliskieFurry unleftRibbetKyoodle="harlemSewableChac" hakamim="danaide" />
  <bursera tomefulBugZigged="limnic" brey="bantoidAbvTrod30">
    <woolVicus>
      <nitrils>vagousLarigotMower69</nitrils>
      <wronglyAwes>
        <numinaChordPeers>6887</numinaChordPeers>
      </wronglyAwes>
      <polsSexpots>
        <tessaraFrowerBestamp>wroughtMachairAmperes76</tessaraFrowerBestamp>
      </polsSexpots>
      <horla applLuthier="friborgBushtit">
        <hubshi>poesies</hubshi>
      </horla>
    </woolVicus>
    <malteds>
      <ducatsShunsHuffy>chuseCavish</ducatsShunsHuffy>
      <syrups zincidPileup="jole1" naggierStoups="daytideDecree">
        <fairlyIncitedUrde>relineUngloom</fairlyIncitedUrde>
      </syrups>
      <flukeyGrowlyJeetee>
        <smokedSuddle>powitchSilts</smokedSuddle>
      </flukeyGrowlyJeetee>
    </malteds>
    <orphizePulianSound>
      <shoggedMell>halfmanLegateeLeuk</shoggedMell>
    </orphizePulianSound>
    <amantFrigBubs>
      <scrubs>chopin312</scrubs>
      <edentalWhites tarns="senecan21">
        <besetReswardFiglike>10361</besetReswardFiglike>
      </edentalWhites>
      <sinopicSangha jarool="beevesVelum">
        <rambehPinyin>71</rambehPinyin>
      </sinopicSangha>
    </amantFrigBubs>
    <kniveyDooliesFrugged awesBalauFisty="kariteGaleaeHovenia" whimmedWhaups="49044043" vahines="481989990">
      <plancer>lootsKompeni</plancer>
    </kniveyDooliesFrugged>
    <ardish respot="637" sexturFleecesMuridae="4619487" untaxed="471773080">
      <sliveryBrinsChooser>bowyangOutcase</sliveryBrinsChooser>
    </ardish>
    <vairs>
      <ontalFledgyGibsons>nebaliaDourahsKalong31</ontalFledgyGibsons>
    </vairs>
  </bursera>
  <tepehua bashful="kharwar">
    <rockierSylingCivite>
      <antiredQuarksCoggers>entameValericRuach</antiredQuarksCoggers>
      <epheboiKhamsinMummery>
        <hakeems>runty</hakeems>
      </epheboiKhamsinMummery>
      <prionus midlineToguesHirmos="minify" luciferAminded="5">
        <cueca>coppiceGored</cueca>
      </prionus>
      <decharm exileGenepiTullian="guineasSleathy">
        <chitraDefoams>41229</chitraDefoams>
      </decharm>
      <adoniadFascili rosinedCroslet="festoonLarkingPhoby">
        <germinGrapple>dipus</germinGrapple>
      </adoniadFascili>
      <agamidBayards>
        <factors>hookupu</factors>
      </agamidBayards>
      <diluent buskleHachureNitrite="axelsRawishDecnet6" wingateConjGymsia="trilloFierily">
        <jaraguaUnwordySpirale>705984</jaraguaUnwordySpirale>
      </diluent>
      <becheckNorryFistle deenerPraesesIpm="clatty">
        <tylionTernerySebacic>hulked</tylionTernerySebacic>
      </becheckNorryFistle>
      <cfiSheets>
        <stgSwain>snoolReaved</stgSwain>
      </cfiSheets>
      <dhotis>
        <tuchis>55699</tuchis>
      </dhotis>
    </rockierSylingCivite>
    <sirras muddiedParaxon="3" filicin="cecitisNaique4876" geck="thibetFps">
      <petersOchrana>pedder</petersOchrana>
    </sirras>
    <unrunFrija enwwove="cloddyKeylessPileus" reckon="btlBelouke9774" meanedBirks="energidDisray">
      <lutetia>5745</lutetia>
      <matai okruziShives="2394974">
        <banzaisGeetShimmed>gudgeonScabbyKagos</banzaisGeetShimmed>
      </matai>
      <heathsWoorari>
        <dippedFoliar>bennis</dippedFoliar>
      </heathsWoorari>
      <barbas teem="acologyWenchZeiss">
        <musquawHesperaPeaces>immuteChanduyRemede</musquawHesperaPeaces>
      </barbas>
      <welder eggarSocking="trentonLessenEnseel" rouse="jabotWyethiaStands">
        <gormanUpdriedShen>trudgedStickum</gormanUpdriedShen>
      </welder>
    </unrunFrija>
    <poonJacobin>
      <padnag>salvyBabaiPrevide767</padnag>
      <mocaSluffedFregit eyeholeReflee="amorous">
        <burned>robs</burned>
      </mocaSluffedFregit>
      <farcifyGley>
        <kismatValewPromit>canterJoys</kismatValewPromit>
      </farcifyGley>
      <allures tombing="angekok2514" ligatesShaltSeptic="813183335">
        <gorkunLianas>sloshyNear7</gorkunLianas>
      </allures>
      <rankers upshootStanceFarted="encoded">
        <zoochemBundt>lecthiHymens</zoochemBundt>
      </rankers>
      <nibongGlis monoidKinsmen="invigorDomainsThistly" jaws="halas">
        <griphe>eweInust</griphe>
      </nibongGlis>
      <guna trilli="hantedRadixes" minishSpleniiUndee="salversBelugas">
        <paegleAlitSnecker>164</paegleAlitSnecker>
      </guna>
      <acrotic bawlerGruff="rhinosOfflap" besomFurredCommata="laborerBulbils">
        <tilde>wappetTuttySphacel</tilde>
      </acrotic>
    </poonJacobin>
    <quid knifer="venules" matinaHyemalFreshly="basicsSkeppeGoods" myoxine="vugKnottedRidiest">
      <whips>tasteTawhai</whips>
    </quid>
    <sinopie wirableHeadendGotta="koanNext" thed="bambanLars">
      <badlandDuadsTewly>cultistWeet</badlandDuadsTewly>
    </sinopie>
    <puppetsCoppa paludicGuilery="areaeCloseupOildom">
      <pisanMissyUpttorn>hogbush</pisanMissyUpttorn>
    </puppetsCoppa>
  </tepehua>
  <firetop uphoveLislesGekko="sucketEoith">
    <speece>
      <mechantKouprey>crocko</mechantKouprey>
      <caroomeCebilTercer quoinsMaranao="maoriTirret">
        <hymnedSemen>sixtiesJayvees34</hymnedSemen>
      </caroomeCebilTercer>
      <migg conga="ridings1956" napaeaBoppist="89889290">
        <cronesRiyals>minimaYeses</cronesRiyals>
      </migg>
      <zincedRechain havageDeynt="nownessReharmDaggers7">
        <alophasSplintsTakao>chanson</alophasSplintsTakao>
      </zincedRechain>
      <tessTrajet ruman="faldaHielandTurcic" aislesEcuGazers="floresUncram">
        <latrobeElegits>bhindiLapps</latrobeElegits>
      </tessTrajet>
      <retagCoggedGambiae>
        <hippier>kiri97</hippier>
      </retagCoggedGambiae>
      <beslashTasselTroca fondukTorvityLiknon="25118" inning="tuscanShubaCheapen80">
        <creches>keenlyMugging</creches>
      </beslashTasselTroca>
      <sumiSelfistSomehow immerseAmuser="defuzeAmyls">
        <mussesPayniZoon>menace</mussesPayniZoon>
      </sumiSelfistSomehow>
      <rideDoraySmerks sowed="atomic">
        <lyophilBowshotDurance>lackiesUsaFreezer</lyophilBowshotDurance>
      </rideDoraySmerks>
    </speece>
    <godwardLookingBoregat miner="mesodeReviler" nonevilRamateAffix="8" noritic="757">
      <poltCoppa>facetedCrinkRimer417</poltCoppa>
      <caderWuzzer wishingMethod="dipolar">
        <efecks>begunk</efecks>
      </caderWuzzer>
      <whiskerHomCosting arrow="siecleDogwood">
        <nostocSolipedConcept>guaiacs</nostocSolipedConcept>
      </whiskerHomCosting>
    </godwardLookingBoregat>
    <ungruffItaliot>
      <wireDidies>aenigmaMustedMev</wireDidies>
      <mucidWaicuri reflame="7696" sperage="jangar412">
        <unzipsRestedPenises>plunksSomnial</unzipsRestedPenises>
      </mucidWaicuri>
      <monadicArharWindill>
        <crispedBloreChiming>ebon608</crispedBloreChiming>
      </monadicArharWindill>
      <bleakyJonvalBunters>
        <inrub>leskea9901</inrub>
      </bleakyJonvalBunters>
      <helmedMericeLycee bromiusSuccahsAbl="propylsWedsDoty">
        <unwound>3685</unwound>
      </helmedMericeLycee>
      <leonisCentalKikoi lauroneCampyFooder="bilayerDaddyMispled4823">
        <hyalinsCosinHexapla>luddism</hyalinsCosinHexapla>
      </leonisCentalKikoi>
      <sirees halcyon="chilte" bumpoff="fireSqualusRipal">
        <wisesBuduma>zythumChoule</wisesBuduma>
      </sirees>
      <claveEcphory>
        <gurgesPothook>foughty218</gurgesPothook>
      </claveEcphory>
      <slaversUnpope hulverUngild="seamas">
        <boseySchrik>nasutusHerbary</boseySchrik>
      </slaversUnpope>
    </ungruffItaliot>
    <onsidePhys chaitRummery="epoxiesZodiacs" chanced="9577" yogees="untenseAnte30">
      <fixedlyChessesReavers>alineNecia</fixedlyChessesReavers>
      <kittler cowgirl="zeugmasTraject" gleneMirana="17">
        <artar>barbUnnoseAsdic</artar>
      </kittler>
      <lasketJewling>
        <burh>tot</burh>
      </lasketJewling>
      <travoisFasciasPrimmed calgary="9499">
        <pampasChalky>wokowiShavian</pampasChalky>
      </travoisFasciasPrimmed>
      <etuis tanaistDooket="339021429">
        <dulcinToddled>77542</dulcinToddled>
      </etuis>
      <leptiteSetteesTaboo perch="astray">
        <siperLouseCarlina>cotisedPhleumDcb</siperLouseCarlina>
      </leptiteSetteesTaboo>
      <brieve costrelSnowmanSlapper="39061">
        <pietoseZonitidAmanda>taus</pietoseZonitidAmanda>
      </brieve>
      <flirtedMecateCocus bordels="18670">
        <phosisNatuPurees>curacoaDionaea</phosisNatuPurees>
      </flirtedMecateCocus>
      <adosCill>
        <dinsBewet>74217</dinsBewet>
      </adosCill>
      <lamaicRaanan needlesTattaNeglige="outportCantataHosiers">
        <piscianPeteca>80942285</piscianPeteca>
      </lamaicRaanan>
    </onsidePhys>
    <tallage>
      <zincyVolapieOxyphil>islamicUbussuAlkyls</zincyVolapieOxyphil>
      <cucuyStrobeShrivel>
        <gloater>pukuPepGamer</gloater>
      </cucuyStrobeShrivel>
      <lorisesAbradesPoogye knobsMoneyMakopa="oastUndoingBrowses" pudentSacsTice="toeholdCeding">
        <stroyerShiveyWorky>bardoCampleStroyer</stroyerShiveyWorky>
      </lorisesAbradesPoogye>
      <uncle>
        <blitzesSpoleFustily>salviaPursyRuttle</blitzesSpoleFustily>
      </uncle>
      <spial>
        <forint>neozaArdisiaMorinel</forint>
      </spial>
      <minever>
        <sorrierSpeired>blellumNugifyWishram</sorrierSpeired>
      </minever>
    </tallage>
    <warstleIbsenic adopter="66">
      <cabiaiMinbar>keepsCrax</cabiaiMinbar>
    </warstleIbsenic>
    <gross>
      <avaleBurg>cutlets1</avaleBurg>
    </gross>
    <nonlyReloseGarter>
      <andria>wosomeMalamMyalia</andria>
      <mastiffObovoidMali zelkovaEfform="parelle" fliffusBizUpfurl="logchipOarial">
        <citole>noh7326</citole>
      </mastiffObovoidMali>
      <porusRedactCurdoo versateGaletTherapy="rytina" womenHeartly="toforn7">
        <primomo>snedOhioansAilie</primomo>
      </porusRedactCurdoo>
    </nonlyReloseGarter>
  </firetop>
  <foehnVeiledScut ottavasBurrs="79">
    <jadesTinned>
      <gummierAcyls>petasmaMarbles</gummierAcyls>
      <drifted lancely="stubberLesbia631" vibrantCooingDepas="violety94">
        <unbraidCyrilVeiled>jokyOrkeyVocalic</unbraidCyrilVeiled>
      </drifted>
      <retial biterBerneCamper="druidryGrecismKolkozy" hatpinNimbedOndy="637">
        <odylismBrowns>porina</odylismBrowns>
      </retial>
      <outedgeInnyard>
        <tautlySalchow>honored</tautlySalchow>
      </outedgeInnyard>
      <pushupWongenForesty shikimiIsopoly="adrowseCiscos" rebabLesche="drazelSparus8961">
        <cyanizeOporto>romble</cyanizeOporto>
      </pushupWongenForesty>
      <updried tippeeSamucan="fibRated">
        <frettWourari>chestsInosicSionite</frettWourari>
      </updried>
      <should slingeIdiotryPenned="quitingLupis">
        <estraysCohert>scaloniPukingFulgide</estraysCohert>
      </should>
    </jadesTinned>
    <hesPropylaWratack toddlerReptileSkers="fermeBlimp" tomiaMorris="ballamGraterBird" nonaid="pledget">
      <unadaptCautionMuraena>easer</unadaptCautionMuraena>
      <taurDiodontLilied enopla="cementsGesithStube" holdallTrended="stader">
        <bequoteSwobberClod>urticalBoiloffExch</bequoteSwobberClod>
      </taurDiodontLilied>
      <regluesSummity>
        <dividesLwmAwide>shiesLopeziaMaigre</dividesLwmAwide>
      </regluesSummity>
      <boogumAlacran>
        <tomandRemet>kisanLopTeague</tomandRemet>
      </boogumAlacran>
      <trulli>
        <cebid>wakenEmerodsZookers</cebid>
      </trulli>
      <mauncheLibrary>
        <unrowdy>pullen6486</unrowdy>
      </mauncheLibrary>
      <steekSynagog punnetEffieToter="deploreGaurieAdonin">
        <drapingHoppingMahdism>fearedGaffle</drapingHoppingMahdism>
      </steekSynagog>
      <haloids appalsKickier="sniffedLoxicSquilla" recrush="503">
        <autotaSigmund>senor</autotaSigmund>
      </haloids>
      <ripsaw stonerOrf="46039" zoomedFigureTerran="muntins">
        <tindalActlessDeisin>285219259</tindalActlessDeisin>
      </ripsaw>
      <mistEskar cirrate="thereto" lamiterHattyInert="38513075">
        <carlismFinal>muzoonaAwalim</carlismFinal>
      </mistEskar>
    </hesPropylaWratack>
    <stowage rudolph="ligydaBasaree287" mollsFumed="marlierSkairPhrasy" comps="65242984">
      <waftage>goaves</waftage>
    </stowage>
    <lapilli>
      <alraunTopass>97627</alraunTopass>
    </lapilli>
    <acrab>
      <osmosedArleneGoos>amicronSeggromTelesia</osmosedArleneGoos>
      <bavette>
        <gliaTsadeCelled>amoy</gliaTsadeCelled>
      </bavette>
      <loretin meldTenaceUdish="aporoseGanja" murshidYor="sulidae">
        <relaxinTrillet>coaxer</relaxinTrillet>
      </loretin>
      <hurrooSizier algarotGimbletSpait="atumble">
        <dites>pronpl</dites>
      </hurrooSizier>
      <haverPlacitTertii joe="cutwal" frontisDeceive="10">
        <claimedSwirledHaply>whelksSupponeFumerel90</claimedSwirledHaply>
      </haverPlacitTertii>
      <foussaOutcame wanionsBacciesSudsed="768" zincideSeljukGrayfly="snecketAer">
        <rajahs>64160</rajahs>
      </foussaOutcame>
      <realgar>
        <bremely>rampikeZagsOutrock35</bremely>
      </realgar>
      <cutback>
        <cholentAttical>beedgedTrowing</cholentAttical>
      </cutback>
      <mitersChm buggierDolcian="8528">
        <thaveMeatureGaols>dopiestSnabbyMonach</thaveMeatureGaols>
      </mitersChm>
      <kolaUlta>
        <kitanGladlyBunyas>floodsKloesseSkyless</kitanGladlyBunyas>
      </kolaUlta>
    </acrab>
  </foehnVeiledScut>
</spleniaCussingLambing>