<?xml version="1.0"?>
<maiduCowlitz>
  <uncleCozeys arrayanTresselKral="ardentApexesMirza5257" oxaneItoland="jertBoutonRavings" paddaKinfolk="77" />
  <sickerAgent>
    <sinaloaFringedCoscet>
      <wambledKoila>trainyNeakes</wambledKoila>
      <finises snobberKhuziFraile="hests8721">
        <repairsMather>blessKubong95</repairsMather>
      </finises>
      <kibblerNefChester unrakeBloatsCocco="craccaClitVerbid9823">
        <ruffeFulwaDumbcow>eunomiaBiaxialReveals</ruffeFulwaDumbcow>
      </kibblerNefChester>
      <winklot longanRidgel="cares" toosh="logeum">
        <chora>151</chora>
      </winklot>
      <bulla corpNudgesVijao="gansyQuintoAdorned">
        <gooder>soir14</gooder>
      </bulla>
      <umbered>
        <eryonSmiddie>unstungAdhibitComedos</eryonSmiddie>
      </umbered>
    </sinaloaFringedCoscet>
    <sweltCordobaVouchee>
      <bournsPommer>musetMusrol9</bournsPommer>
      <carromsVomitedNattock>
        <hiplineHalweKhirkah>losers2484</hiplineHalweKhirkah>
      </carromsVomitedNattock>
      <unglory beteYowing="fugateShilledAglance" arrietWeeplyVeepee="abbeyLimbierThrum">
        <vernantEyriePlewch>impTineine</vernantEyriePlewch>
      </unglory>
      <quackle emptiesLesionDieted="2780423" dimeraTotientKhadi="cogwayFlotasTimbang">
        <hoihereClept>workmanSylphLobated</hoihereClept>
      </quackle>
      <throughChacteFrons stickumMalaxisSalpinx="43839">
        <gordiidRegroup>turkmenFakeers</gordiidRegroup>
      </throughChacteFrons>
      <bodenAbyssesMarmota kukuEquityCauson="lakke">
        <hastesJainistMarwari>thermsGnosticTaro</hastesJainistMarwari>
      </bodenAbyssesMarmota>
      <retailsLyddite>
        <wergeltRelistsChams>peotomy</wergeltRelistsChams>
      </retailsLyddite>
      <trickyPatt sablyFolkLeo="notekinQuarle" latenFardhMoroc="95107427">
        <athymicYampBrawner>65</athymicYampBrawner>
      </trickyPatt>
    </sweltCordobaVouchee>
    <typMelinaePipey>
      <collegeWingedMiauer>shruff</collegeWingedMiauer>
      <ugtAccuser assbaaOdea="farmerTunuRepress399">
        <alder>umbonalBagging</alder>
      </ugtAccuser>
      <rockedHerbyDrifter zoilusDryopes="priodonRibbing">
        <laniardSabziAdulce>travoisShingleImpages</laniardSabziAdulce>
      </rockedHerbyDrifter>
      <whiglet>
        <fondle>essayer</fondle>
      </whiglet>
      <gelidBitmapFinback>
        <brinceSigillStime>gussies</brinceSigillStime>
      </gelidBitmapFinback>
      <reusesHandout seduceeWungee="948502" hails="849">
        <cahokiaPhrasedMiosis>tombackMagmaTrilled</cahokiaPhrasedMiosis>
      </reusesHandout>
      <moucheShrimp>
        <betulaThemGuianan>gumbySacela</betulaThemGuianan>
      </moucheShrimp>
    </typMelinaePipey>
    <visie riser="nantzGorfly" claretsSharker="wiceStuffer">
      <hypogyn>toreMeiler</hypogyn>
    </visie>
    <manentProneurHooplas>
      <poddish>billotFluidalEliot1698</poddish>
      <retossChilion womby="pokilyTurpis">
        <oscTamsIsthmic>peaky</oscTamsIsthmic>
      </retossChilion>
      <rageesSceat unboggyAdmov="louey">
        <jalor>farinasSaifyHunger</jalor>
      </rageesSceat>
      <maungeOgles sparkyPugmark="pakehaPiebaldGumpus">
        <dictaGladderHuckles>64453651</dictaGladderHuckles>
      </maungeOgles>
      <uncoded bijasalCrawlsPuku="8081898" nancyTref="993">
        <durraNeotomaLeskea>baloneyEncelia</durraNeotomaLeskea>
      </uncoded>
      <oses gibier="lordomaJollify8488" folies="upstoodAmalicDjinns">
        <prahuUpheave>snackedEstates</prahuUpheave>
      </oses>
      <tubber bleakerMellitaBaddie="shoepacAssary" curverLimpseyUnsound="yawlShogi537">
        <benignOsculeSebum>lorAndy</benignOsculeSebum>
      </tubber>
    </manentProneurHooplas>
  </sickerAgent>
  <gulamanDdname nonwarSallow="hemeraNeederJamber" tyddenYoksChams="acad41" actineHeeze="timbrelGltRewager155" celiaPailolo="654" />
  <tanglad sapful="ditting" arropeCarksCalotin="unavian" busserAshlersBrere="hadromeMimbars30" />
  <skatist beck="rayahRedoing44" manasicAsses="rosa18" seedingWeeds="toggleFlenser" gecksUreases="pullAnzacCeboids">
    <gheraoWinkle rebloomOlogistBel="111510" deityScraberArlene="sompnerRehoneLarkier" analgicTubage="danzigMunster">
      <czarismImogen>saidAbsiErases</czarismImogen>
    </gheraoWinkle>
    <hurriedCanch>
      <unmeetVaunce>314672613</unmeetVaunce>
    </hurriedCanch>
    <patrixLoxiaJots frumpYuchi="goondaTallboyCst3" arariba="laughBicetylRecon">
      <cocuizaMisery>finlandAlbites</cocuizaMisery>
    </patrixLoxiaJots>
    <thaliaIntinct>
      <remudasRehayte>unownPommardLocknut</remudasRehayte>
      <dyerUptowns chowkOssetic="bawNonage">
        <gossipsDreadly>emdaNervid</gossipsDreadly>
      </dyerUptowns>
      <gravUnlimbSememic>
        <intruso>tilden91</intruso>
      </gravUnlimbSememic>
      <trollopAsramasBarras arvel="robur">
        <stadBonos>2408</stadBonos>
      </trollopAsramasBarras>
      <evolateLernaeaXerasia kenareh="6">
        <breamedMirs>dunniteAdmanPerine</breamedMirs>
      </evolateLernaeaXerasia>
      <immund>
        <resmileAguador>gawcie</resmileAguador>
      </immund>
      <granoseMixtecSadh tiou="pavidTonnerBacin">
        <hardenShivoosBevies>mudland77</hardenShivoosBevies>
      </granoseMixtecSadh>
      <ablestJewyVoilier seggio="flunky8" seniumEntailHewers="feting">
        <leanedPlaningBisext>crumply</leanedPlaningBisext>
      </ablestJewyVoilier>
    </thaliaIntinct>
    <gaffersOutpity>
      <snorkOfferMalanga>brasEncodedSadleir</snorkOfferMalanga>
      <toitingNarras tagster="1814729">
        <spadoneSpicerStunned>leafs</spadoneSpicerStunned>
      </toitingNarras>
      <palmulaCloakPetunse>
        <coopedMarqueeBoult>elute24</coopedMarqueeBoult>
      </palmulaCloakPetunse>
      <tsantsaHerse jugsfulKevan="650">
        <dataAbysmalExedral>disneyReubenUsings</dataAbysmalExedral>
      </tsantsaHerse>
      <petalonTuxes>
        <unakite>clerkedGeosid</unakite>
      </petalonTuxes>
      <hartlyLoessic>
        <swooshTantum>saga619</swooshTantum>
      </hartlyLoessic>
      <vineityProliaGemmery bromalsComptsIwaiwa="potpies">
        <canfuls>sluicyMistery</canfuls>
      </vineityProliaGemmery>
      <schickPigginsChebel cakey="yttriasItacist" vamps="39">
        <mindful>balaganCumFilthy</mindful>
      </schickPigginsChebel>
      <rumpySotiePocul charqueGwineTazia="jingoKirned87" abbottVoidsZincize="budtimeRoomierMairs">
        <motionCowpony>thrash32</motionCowpony>
      </rumpySotiePocul>
    </gaffersOutpity>
    <harmsPinoliaScarted>
      <mimicsFeather>96681219</mimicsFeather>
      <piacula>
        <furoic>crosslySundaesOsmina51</furoic>
      </piacula>
      <milla fewnessAdmix="opacity" howkerBusted="larigot">
        <sasaUnfence>shlepDefocus</sasaUnfence>
      </milla>
      <plowman warmingAntares="glazers857">
        <toshyVealingDumpies>goloeSkiltsReplow</toshyVealingDumpies>
      </plowman>
      <angeloAffines>
        <pullus>biotasZen</pullus>
      </angeloAffines>
    </harmsPinoliaScarted>
    <olderJetToluol>
      <feaster>95</feaster>
    </olderJetToluol>
    <sudatePygopus eatingFaderAnthema="legongConciseKikki">
      <sillMirandaKintar>karo</sillMirandaKintar>
      <heehawsStroyerKhubber rocheTurcism="katatScrazeBeice">
        <tenuryTetaniaTypier>filles3781</tenuryTetaniaTypier>
      </heehawsStroyerKhubber>
      <hay suegeeSylvaeGillar="spriedEdoKnur">
        <mckayKinkledInitis>unbokelChacmasLuffs</mckayKinkledInitis>
      </hay>
      <destourIsodefAppro rewrapsTrivetsCochins="nickleMrs">
        <reeferGazetMesem>bevelToxemia</reeferGazetMesem>
      </destourIsodefAppro>
      <obsessIfree intentsAniba="banandeWelshesRadek85" goaliesBleak="retossAcoup">
        <phano>larkedSyboes</phano>
      </obsessIfree>
      <totyJamboolBelow linPatriaMeasled="sok" amarthPauaPise="3497416">
        <seizers>japesKlosh</seizers>
      </totyJamboolBelow>
      <mulm coinyRefold="turfmanClip">
        <cardium>truckedKokam</cardium>
      </mulm>
    </sudatePygopus>
    <inturnDecurt anzacRovingRankers="wagonsMudfish" nighestSextole="brulzie6246" joukGigged="8987">
      <bergylt>vodkaOzonedUnsore</bergylt>
    </inturnDecurt>
  </skatist>
  <cholumGrapedFocus samuinChidraTersest="77971094" nucleonHunsShapoo="yocco" sprushEmicantPistia="wants734" galli="velo">
    <sumbalRefiredUpbuy>
      <omaha>ungullZoogamy27</omaha>
      <hykeNettyEmesa affectLochyFlitch="simmers" externe="dirgesZhmudPenship">
        <defects>pouts</defects>
      </hykeNettyEmesa>
      <dirtier>
        <unclasp>490402242</unclasp>
      </dirtier>
      <bravoThaAune>
        <beseemsYonker>moduliNatalieTales</beseemsYonker>
      </bravoThaAune>
      <uppityDebug>
        <swirlsEpopeesEndgate>kashanDonal</swirlsEpopeesEndgate>
      </uppityDebug>
      <pealLotahsDevious>
        <poz>quarles</poz>
      </pealLotahsDevious>
      <lahCrimped>
        <manque>dauniiLowlandUnrazed887</manque>
      </lahCrimped>
    </sumbalRefiredUpbuy>
    <geelbecIxora>
      <resowsGombeenPonto>censureDrongo</resowsGombeenPonto>
    </geelbecIxora>
    <fereSuldRedefer>
      <arrays>acumensIdola8</arrays>
    </fereSuldRedefer>
    <alcyoneScurfyDowel jussiCoranWarst="comrRettoryLub" crithTrireme="infarctCtnApodeme">
      <domiticAmadanCarvers>72127</domiticAmadanCarvers>
    </alcyoneScurfyDowel>
    <beckonAlliceLignose>
      <ouangaAlpeenArgal>22106</ouangaAlpeenArgal>
      <spritzBrecia liang="hulkier" iguaniaKulturs="shitted">
        <latvianBecunaFondly>7511880</latvianBecunaFondly>
      </spritzBrecia>
      <caramelPunnageChew quotha="737902588" tasser="cmdrDeaved9">
        <salish>flairsStoaeMinuter</salish>
      </caramelPunnageChew>
      <coursPandies utricleGranes="legistsDoweredAllover">
        <flopsBatzenPisang>knottyLopeman</flopsBatzenPisang>
      </coursPandies>
      <lampsOliosTwinged moyite="566804912">
        <camelia>84</camelia>
      </lampsOliosTwinged>
    </beckonAlliceLignose>
    <genevanDriskNairobi>
      <kenspacLinget>1687904</kenspacLinget>
      <hederal dispondYogee="chukkerCarrys" taxwiseKlipbokShrewly="aesirRhymic">
        <gibbarWaleSeizers>yenningScabine</gibbarWaleSeizers>
      </hederal>
      <pedlersAutomatSartors serving="aruntaRegrade" acryl="jaconetTwitWrast">
        <egads>501</egads>
      </pedlersAutomatSartors>
      <salix>
        <churledReceiptBay>8215</churledReceiptBay>
      </salix>
    </genevanDriskNairobi>
    <fantasm>
      <spooks>adwardKadine</spooks>
    </fantasm>
    <fliting>
      <enapt>twaMtxInuloid39</enapt>
    </fliting>
    <benben>
      <tourize>skillyAdfix</tourize>
      <realarmChytrid>
        <parseeTaxiteHispa>chukka</parseeTaxiteHispa>
      </realarmChytrid>
      <medials cyprineViators="webbierSigilVarnish" deckel="hafter">
        <jiltish>83</jiltish>
      </medials>
      <fadoBiopticKeened funnelsRetwist="whinnel">
        <erwinMerligoMunify>782040</erwinMerligoMunify>
      </fadoBiopticKeened>
      <amniacCarfSlovaks muruxi="ferialGeorama" narrate="55789">
        <bilkers>nairyWests7723</bilkers>
      </amniacCarfSlovaks>
      <debarkFurmety chiaveCrashes="sumoist">
        <lyrurusTunebo>861419990</lyrurusTunebo>
      </debarkFurmety>
      <never anthdiaCheth="funk107" hylaSpreeuw="kabuliCrewet">
        <acuateRedward>indexRoddinUnsoil</acuateRedward>
      </never>
    </benben>
  </cholumGrapedFocus>
</maiduCowlitz>