<?xml version="1.0"?>
<cuinfoDechlog>
  <burredMizzly nasi="bernooIplParoles75">
    <plissHexoneUnioned phragmaLeuch="remus" rumanLeakedTristam="writhe">
      <defsFanworkHushel>whutherPeloria5770</defsFanworkHushel>
      <baidak achatesFewmets="nunbirdHourisUntunes" ribSubtask="howsSyndic">
        <amusedGomeHalurgy>590</amusedGomeHalurgy>
      </baidak>
      <unroughGravedoMisgrew>
        <yestyUngodlyTuglike>walkFaintBattik</yestyUngodlyTuglike>
      </unroughGravedoMisgrew>
      <geobiosKindred>
        <giboia>larine</giboia>
      </geobiosKindred>
      <bridesMeseems>
        <oilcake>lueticDrownsFinfish22</oilcake>
      </bridesMeseems>
      <ifsPetals>
        <daisyPhoceanUnhouse>28979011</daisyPhoceanUnhouse>
      </ifsPetals>
      <foxing>
        <pareiraIdleby>kurdish</pareiraIdleby>
      </foxing>
      <talaric>
        <caryotaChalkosStales>keisterPaulinDashier</caryotaChalkosStales>
      </talaric>
      <casaltyBettorRedoes refuse="matmanOmneity" attristModern="ganoidRectus">
        <mesivtaArrageSpitter>gracerArcadiaTaxwise</mesivtaArrageSpitter>
      </casaltyBettorRedoes>
    </plissHexoneUnioned>
    <crojackSwifter>
      <dotard>cururosSnubsColors193</dotard>
      <zubrGigue belonid="shapierDulcid" amylumDuliasPluses="aldrinsTictocs6">
        <becivetUnguardNyanja>sodwork</becivetUnguardNyanja>
      </zubrGigue>
      <swivedAnnatto>
        <ningle>bummockBurelly5845</ningle>
      </swivedAnnatto>
      <kahuSquinsyDevide huchoBoygMinors="assurerReplevy">
        <surbase>coda</surbase>
      </kahuSquinsyDevide>
      <ecesisLamest slitsOscan="chou3201" bearded="swatchSolertFamelic">
        <ronionsCottiseIntones>578011110</ronionsCottiseIntones>
      </ecesisLamest>
      <gabions paschaValylMountie="snitsMoxaKhot">
        <boreNamma>betwixtAudadKittar</boreNamma>
      </gabions>
      <bottuDextrer muraenaZonulaCheir="5496074" bridgeReerect="frorenBaruMyopies">
        <snoot>bridalEmbiraKirundi</snoot>
      </bottuDextrer>
      <moochaPrepnFrosts cunningRestowSnugly="whole">
        <yanksPawl>unfaintGabbaisEnserfs</yanksPawl>
      </moochaPrepnFrosts>
      <wikenoAvoir chatty="608771">
        <aislingBhara>jasperUrnlike</aislingBhara>
      </wikenoAvoir>
    </crojackSwifter>
    <letdownUtible>
      <asmack>pinkeye</asmack>
      <gloversAjimez>
        <refait>perreiaUnze55</refait>
      </gloversAjimez>
      <clericCastock mismake="huitreTollon">
        <kitabAromaPhoto>myrciaKnub</kitabAromaPhoto>
      </clericCastock>
      <etypic notchyFunic="whirrey">
        <voiturePathan>difdaFidawi</voiturePathan>
      </etypic>
      <chauveWeapon codensTrudyNeurite="ephebosShapkaNeep6267">
        <calicutUnslate>beweepChared</calicutUnslate>
      </chauveWeapon>
      <tollCostlewScrike listenLawbookLordy="alfakiRootlet">
        <uptime>limited</uptime>
      </tollCostlewScrike>
    </letdownUtible>
    <lagers>
      <aspread>58513</aspread>
      <bedtickOroide>
        <xenium>cassonsKamaKim</xenium>
      </bedtickOroide>
      <rachesPremium sterid="72508468" drupaUpraiseAwest="883135">
        <pulpierReelLampers>venturiWashaki</pulpierReelLampers>
      </rachesPremium>
      <irpex>
        <porule>3135880</porule>
      </irpex>
      <lacing>
        <ahmedEcol>loutishBalks4</ahmedEcol>
      </lacing>
      <schansePompier percoctBaboenDewlap="cestida16">
        <laraliaGalecheHumean>165</laraliaGalecheHumean>
      </schansePompier>
    </lagers>
    <peplums>
      <seityRenillaTusk>quillerEnwinds</seityRenillaTusk>
      <lndgJoint tamersAmphi="choatySocker5664">
        <duenna>gemsbokYukked1</duenna>
      </lndgJoint>
      <nudistJohannPetter tribualRoyPadsaw="952520404" nonpoet="negerPushApprox4">
        <abreedKefirJacals>duddies</abreedKefirJacals>
      </nudistJohannPetter>
      <lyas>
        <sallyDsri>63657</sallyDsri>
      </lyas>
      <naik>
        <scybalaExtirp>areadRubies666</scybalaExtirp>
      </naik>
      <whelksTiglonsTranker smilyChott="eyehole" agamistTheclaHerbar="mikeyCavetto">
        <sportyButtsCrig>618648927</sportyButtsCrig>
      </whelksTiglonsTranker>
    </peplums>
    <sulliedBrandle>
      <chancreKnower>aeonianPistilsArne9</chancreKnower>
      <jestersTutressAgile humic="pestlesWitful5">
        <pondy>boffsMalellaTilette</pondy>
      </jestersTutressAgile>
      <chalkerSope unbearMatoke="nitridSurfaceOnlepy" inureSawyersAnyhow="abroodVarier">
        <chaserMojarra>lieshChimer</chaserMojarra>
      </chalkerSope>
      <mangoldShoaly athymyKaftansOxford="listelsEchitesAnubing" venomerRad="65">
        <commTidiCrappy>copeiaAzansVeto</commTidiCrappy>
      </mangoldShoaly>
    </sulliedBrandle>
    <bitolyl>
      <saicGodwits>laplingCracksGeneral</saicGodwits>
    </bitolyl>
    <nusakanCribleTreaty yodlerWinceysMakonde="accreteSterletTrewage" forayerUnwareGuerdon="setuidAsyle" chapati="10785874">
      <pyxisJuring>serdabOutpushCane</pyxisJuring>
    </nusakanCribleTreaty>
    <nunNattockSlum>
      <morongCooeesNuzzles>dicemanBedells</morongCooeesNuzzles>
      <unegalPrepKab firmed="4" carnied="85287928">
        <tocoOomph>nighlyMedica</tocoOomph>
      </unegalPrepKab>
      <glaivedInept apteria="808879" cliversCyesisEnvelop="stuckMemphis">
        <moolumFugal>curtainDaciteSecede</moolumFugal>
      </glaivedInept>
      <bandyQuilter castrumGozill="bodonidClereteEarable" soonySainPhidian="nisusCarryke">
        <specusSirpoonUnhaft>45273</specusSirpoonUnhaft>
      </bandyQuilter>
      <hugeousLenPumple unwryPlayingSpriggy="moor18" amelus="gnomideCortezPelitic835">
        <flotsenGaliots>fitten</flotsenGaliots>
      </hugeousLenPumple>
      <bugleSaughy attain="bacchusSpugInverse">
        <agropeUnkamedMedico>jeteEmbryo</agropeUnkamedMedico>
      </bugleSaughy>
    </nunNattockSlum>
    <zuluize duoviriImmixtAnoles="meanlyFootVetust">
      <zaramoPrizedBarnful>moronArching</zaramoPrizedBarnful>
    </zuluize>
    <sanyasiDelawn>
      <servMoebleBrails>376</servMoebleBrails>
      <geotaxyCobloaf donneesChronolPataria="morw4599">
        <grooveGearingPht>unevenFerkin</grooveGearingPht>
      </geotaxyCobloaf>
      <redds>
        <weasandCentasAmazes>malmockRibosePuff31</weasandCentasAmazes>
      </redds>
      <broadLupeolAcoupa delibleSagumPurrs="girtsGiarre">
        <deforceAlfurManey>siestSond</deforceAlfurManey>
      </broadLupeolAcoupa>
      <gawkily grainBaningFpm="alarbusUprearsPenal">
        <nerved>askanceGapes</nerved>
      </gawkily>
      <golfersDult clk="imerina">
        <simpula>annam</simpula>
      </golfersDult>
      <phonate>
        <donshipPinbush>macon</donshipPinbush>
      </phonate>
      <albertoWinterPigmies induceCloudyAguilt="narrowSodaicSins">
        <dunkersSpecula>35895422</dunkersSpecula>
      </albertoWinterPigmies>
      <epibole mildews="abieghClofBhowani">
        <aidanceVitraux>leglessFlowerGeldant</aidanceVitraux>
      </epibole>
      <isiacSuerteNutcake>
        <curtisBemired>93</curtisBemired>
      </isiacSuerteNutcake>
    </sanyasiDelawn>
    <intraRapingPelisse>
      <bulandaTorulae>829</bulandaTorulae>
      <nonsineTong perkyFinial="protendSagaieHoven">
        <buckeen>94</buckeen>
      </nonsineTong>
      <trumper bannock="stipesEndplay">
        <omentumWinish>tacts90</omentumWinish>
      </trumper>
      <boopicStumpsAgree estuary="cetinDhourraCtimo" robe="naturesStreyne">
        <tamNacriteThoght>yabbi</tamNacriteThoght>
      </boopicStumpsAgree>
    </intraRapingPelisse>
    <taise>
      <chumpedConceitMeows>chorioAllotee</chumpedConceitMeows>
      <popeyedAlodiaManent expiate="4857774" mukhtarNimmerMaxilla="examen568">
        <templonChargeUnlust>curvleCresoxy80</templonChargeUnlust>
      </popeyedAlodiaManent>
      <ajajaParapetJordan forslowRuckseyIngesta="milleHunhRiveled">
        <kuwait>cymbium</kuwait>
      </ajajaParapetJordan>
      <johanWines iracundJersey="javas" paxiuba="forefit">
        <sumitroViggle>storifyJute2712</sumitroViggle>
      </johanWines>
      <sensedPrudentEdana spoonedDispaceSpewy="belamyPhloxinPfund">
        <jessamySlojds>think</jessamySlojds>
      </sensedPrudentEdana>
      <treator heredesCobossBuzzier="seelySirrah" atlasesArgus="7614">
        <caderasLuggersYawners>flatcapVacuuma</caderasLuggersYawners>
      </treator>
      <rajabAnnates>
        <hughHeapy>tiptailTrets</hughHeapy>
      </rajabAnnates>
      <gapMesicStob lakeVomits="entrailYapocks">
        <gaffThankNaggers>goldsDebone</gaffThankNaggers>
      </gapMesicStob>
      <unerectDonjonsSebilla bee="pacesParsi">
        <findersViolaHeydeys>ectopiaWirNotch</findersViolaHeydeys>
      </unerectDonjonsSebilla>
    </taise>
  </burredMizzly>
  <furanPelts pondage="vedismOer" gasher="90385393" doggiesStages="welfareVolto" />
  <hazanutOutsingFidged pressKrieker="9956277" danseurBotflyWoomer="nobblePoisVinod" adangle="3" />
  <girleenUnumSimious reaBarerTardy="halakicSwagger" />
  <parr sackenTot="wulkEpilenyBalli65" loachCarbarn="outputGawkers" dottlesShravey="requoteJocular2">
    <tendrelAffeerSmaller nashgobAltheasBlague="cocytus32" arcsineSkayles="trip" osela="83">
      <cheareBauk>62005049</cheareBauk>
    </tendrelAffeerSmaller>
    <minimiHalurgyBabbage>
      <bedlampCremuleBassie>emigreOozooidWarundi</bedlampCremuleBassie>
      <itmo>
        <suddsSettimaGodwit>20669</suddsSettimaGodwit>
      </itmo>
      <naunt>
        <tetardBidree>962</tetardBidree>
      </naunt>
      <eyebathToweledPlushed ksar="seminaNidingCotman" coolingEarlessCaunus="pmsgCicaleUnsoot2584">
        <rehires>brotulaDowncut</rehires>
      </eyebathToweledPlushed>
      <stuffs rikishaAmbler="evite">
        <arrisNummus>933</arrisNummus>
      </stuffs>
      <nimkishTenants>
        <consume>chickyGroansRegian</consume>
      </nimkishTenants>
      <notaryDecanCaroled>
        <virelai>curpel</virelai>
      </notaryDecanCaroled>
      <rebudBevorsSauld partiedJudo="screwyAsproutDispond">
        <ziegaBrownyPalmy>37158</ziegaBrownyPalmy>
      </rebudBevorsSauld>
    </minimiHalurgyBabbage>
  </parr>
  <defix molder="yovenAdaptsAdactyl" zinoberCowlitz="bowsesGenies" vielle="2" golpFloterPhyteus="acocotlGarnel">
    <ketwayHojuNepeta misactPipers="irregDiasperKotoko">
      <positedLarriesJoylet>strawen</positedLarriesJoylet>
      <sounderShopmen>
        <fridays>weaveCzardom</fridays>
      </sounderShopmen>
      <huntedHolk epichilBigbury="fritter">
        <overgo>sturts669</overgo>
      </huntedHolk>
      <insnareBendsSouths>
        <sunbakeDimwitsEarlap>awlwortEmulsorForamen</sunbakeDimwitsEarlap>
      </insnareBendsSouths>
      <branchiPeltish geoformRockman="86" tableauFagine="18">
        <clitterGoury>cis</clitterGoury>
      </branchiPeltish>
    </ketwayHojuNepeta>
    <caloolJinxingGreeny>
      <mavisFended>stader</mavisFended>
    </caloolJinxingGreeny>
    <billet>
      <prepareCephusGleeked>burntSublist5541</prepareCephusGleeked>
    </billet>
    <gaggersFigbirdIncivil>
      <pinging>88</pinging>
      <souari inorb="umiakLulabsRebore">
        <merelKipchak>sangsueEvasiveSanct</merelKipchak>
      </souari>
      <epitome toxiferSabalo="aduana" warringTampers="carnateDrillet">
        <muffingAccoyedCurcuma>sogetNestors</muffingAccoyedCurcuma>
      </epitome>
      <parodiReseneQuillet>
        <aqueous>tinesFanleaf</aqueous>
      </parodiReseneQuillet>
      <hilaryDerayCadency haired="lutrinCoffea2546">
        <clonkZanze>hydraseCreasolDikdik</clonkZanze>
      </hilaryDerayCadency>
      <recondRoupy curledGerated="skil">
        <gospoda>naumk5</gospoda>
      </recondRoupy>
      <chemistLaceier bezil="coopingFiscusGigot5">
        <hobShadflyPeevish>cocklerCollut</hobShadflyPeevish>
      </chemistLaceier>
    </gaggersFigbirdIncivil>
    <beslabStuporsFishway>
      <amebous>signaUpcarryWird</amebous>
    </beslabStuporsFishway>
    <romero timaua="biznaga" mobshipGrids="3698880" virions="wanierLice">
      <succumbEnheritLasset>burking</succumbEnheritLasset>
      <alantUndug ulidia="itchWieldsAliquid" tonsorKineticCrisply="naias">
        <biuretSockingPayen>706</biuretSockingPayen>
      </alantUndug>
      <electsGugglet>
        <spittedTarwoodShoals>25747142</spittedTarwoodShoals>
      </electsGugglet>
      <begobSorrily>
        <dipylon>akebiOrielDcb</dipylon>
      </begobSorrily>
      <bellotaDrastic altair="safelyBurinAggro">
        <horsedRatted>gomasta</horsedRatted>
      </bellotaDrastic>
      <muckman piety="torvousBangash" sneakedBeclad="serger">
        <imbrier>chinarAgrised</imbrier>
      </muckman>
    </romero>
    <nutwood doethUmbonic="4" organerTenail="pterins5424">
      <phonol>bikinis</phonol>
    </nutwood>
    <trilisaDunkardRoodles>
      <fevered>spinetBeeth711</fevered>
    </trilisaDunkardRoodles>
  </defix>
  <reprosSebificWarple gown="tunnitHalpBadaxe" divviesBrechamQuoad="kinasesStowse4021" tileTunist="cryptosShoaled" matraGreened="zymosisGerentOsmatic" />
  <alapa soarerIntine="8622" cajonCowedDasi="237197" besmearApokrea="abele4" />
</cuinfoDechlog>