<?xml version="1.0"?>
<beflumLogeumTweets>
  <creosol byssalChoregySoogee="instarSiegingNouille" />
  <pianoOsazoneInanest duskier="1925853" cascara="somalRenay" causedTectaUnguard="ergoismExisted" scionsOronokoTwitten="unhate" />
  <gambado meaIndoin="drubbed">
    <reparkTomjohnCicoree>
      <tugSpinaeChlorid>58355425</tugSpinaeChlorid>
    </reparkTomjohnCicoree>
  </gambado>
  <schemed gyricDannyNook="saoSchlepsKokam" vibriosRonald="48468" raftmanBaraminAlroot="8949" cochalPratey="bergyMarimba">
    <kittingWhiffs>
      <cheapie>raglin</cheapie>
      <bantyBorley>
        <cyamidCooks>pargetSunsuitGasohol</cyamidCooks>
      </bantyBorley>
      <toehold>
        <meedBowel>642</meedBowel>
      </toehold>
      <bing spurgesPuistie="cabuyas">
        <telaryGretelCoyn>barazaWitedSitual</telaryGretelCoyn>
      </bing>
      <scotismSurgyBreakax>
        <espavelDanged>depelBoobily22</espavelDanged>
      </scotismSurgyBreakax>
      <becutAlmondy quease="agog">
        <veeBakula>iwwortGuarded</veeBakula>
      </becutAlmondy>
      <purineAgist deiformEnwiden="fotchCantateOundy">
        <blaykAquabib>elided</blaykAquabib>
      </purineAgist>
    </kittingWhiffs>
    <cudgelYob>
      <veinousSidleGwine>bronzes</veinousSidleGwine>
      <sitellaScarcerMulmul fagalesKabab="fusateBernardGursh">
        <pricketBnf>beearn</pricketBnf>
      </sitellaScarcerMulmul>
      <creesh concnSwabsVerging="rasterSoapery">
        <teugh>cotuitCutin</teugh>
      </creesh>
      <gillian>
        <stetted>poshestStarlitKurbash</stetted>
      </gillian>
      <olivine serineLoller="fulgora">
        <tequila>92224</tequila>
      </olivine>
      <vendeesMuesli songs="uteStaking">
        <gatedAmmeos>flecksElkSimling</gatedAmmeos>
      </vendeesMuesli>
      <seabagDialogs asorDewiest="keltersCaproyl">
        <hirlingMounty>ajeeRuenScleral</hirlingMounty>
      </seabagDialogs>
    </cudgelYob>
    <rumorsRaphiasFause>
      <brutingTharmsAppetit>spicsUsterGroined</brutingTharmsAppetit>
      <namazDerkObeli minikinEvestar="nares" fannia="oscellaSpeceNester">
        <uphroes>tunebo</uphroes>
      </namazDerkObeli>
      <shenCallooEnvoys furandi="hayer">
        <clubdomUsings>branned</clubdomUsings>
      </shenCallooEnvoys>
      <rigors waymarkOutbend="tenia" unmeedy="629324">
        <vildSulkedRelead>uniters</vildSulkedRelead>
      </rigors>
      <dyer gonagra="677" adeMokes="panaris">
        <pozzyBubbler>omasaMobileTheme</pozzyBubbler>
      </dyer>
      <alpistColdest>
        <sambelLeipoa>hushedRefellRebuoy</sambelLeipoa>
      </alpistColdest>
      <revival kailDanteanBrawlis="38944907" caribed="untress">
        <portifyBadmashMask>girseBabiAvowing</portifyBadmashMask>
      </revival>
    </rumorsRaphiasFause>
    <vixensSifacScungy cevenolScranny="risp" debrideJambo="ewes6" simarreAmerismNertz="irwinPizz">
      <bivocalToupeeGrecing>delverHencoteFencer</bivocalToupeeGrecing>
      <bowboyCorriesHomo satrap="831777436">
        <girshOlearyVain>ixodesFootleFinance</girshOlearyVain>
      </bowboyCorriesHomo>
    </vixensSifacScungy>
    <neonateEnrage>
      <thudWigging>acoldJots</thudWigging>
    </neonateEnrage>
    <lappageTurkery>
      <monkeryTasten>chuted</monkeryTasten>
    </lappageTurkery>
    <peplessMayestHurleys faddishFewestBatman="grayingSleeRiparii" weekdayDelawnDefiner="tubfulSheard7">
      <batingIsidae>armenia</batingIsidae>
      <unrotedGhatsNisaean abortusHoles="bezantyTaqua">
        <deiformUnhillyLovee>subjack</deiformUnhillyLovee>
      </unrotedGhatsNisaean>
    </peplessMayestHurleys>
    <chirresScuffly sweet="rudloff">
      <tensonBulbedUncaned>swatFeedersVeer</tensonBulbedUncaned>
      <droversCentry>
        <bannutChampedOutjet>mongers</bannutChampedOutjet>
      </droversCentry>
      <belCuttoeDigynia cumic="reviveTechnolBayish">
        <lentilArnotta>premialOarlock</lentilArnotta>
      </belCuttoeDigynia>
      <wakikiVerdour unbowedZaithaAging="burghsUsureNines" vivos="clkPoling">
        <enhelmNinonLaunce>platery</enhelmNinonLaunce>
      </wakikiVerdour>
      <chattaAgarwal deicingPeartly="37388" reelAffying="fee">
        <natraj>ache</natraj>
      </chattaAgarwal>
      <shaulsQuakier>
        <henbitsShedCoan>321073</henbitsShedCoan>
      </shaulsQuakier>
      <fini huePuggerCruelly="cotypes630">
        <marieRussud>avarish</marieRussud>
      </fini>
    </chirresScuffly>
    <unicellDamager kiltsPoods="dafterRunkleDeckman">
      <wortsExecute>creamySpyboat</wortsExecute>
      <gellantPanaris noted="2256832">
        <gipsireTornada>etatismIsletaLargess815</gipsireTornada>
      </gellantPanaris>
      <mahmoudThymineSuisse>
        <pokiestJanice>ottroye4</pokiestJanice>
      </mahmoudThymineSuisse>
    </unicellDamager>
    <arith diminClovesTamal="3368" rochets="boysGulleys">
      <spatingUnplume>whistlySlimmedTooting</spatingUnplume>
      <pennonsHazanutImmound>
        <tuinga>64</tuinga>
      </pennonsHazanutImmound>
      <wealthInconelDemands>
        <pampre>trustKalifsMelissa</pampre>
      </wealthInconelDemands>
      <meazleTentieBastian radioed="487934652">
        <diskingTannaim>moieterCockup</diskingTannaim>
      </meazleTentieBastian>
      <subahsSubnudeVisitor zingano="vagaryLangret">
        <sinjerPunic>grappaDenotesLiken</sinjerPunic>
      </subahsSubnudeVisitor>
    </arith>
    <butterSenvy>
      <ural>880</ural>
      <tres>
        <cacciasCalgaryCopyist>stroneJustico</cacciasCalgaryCopyist>
      </tres>
    </butterSenvy>
    <wawling>
      <trivia>martiusWisha28</trivia>
      <ravishFabled tasajo="70">
        <chidedGataPindy>9643898</chidedGataPindy>
      </ravishFabled>
      <acajousNebulasBelted>
        <sudaria>cavort5</sudaria>
      </acajousNebulasBelted>
      <herdsParisisKufic flackMawmish="resalt" crumpetToroid="polemicBebaste">
        <humblerPentyne>90273</humblerPentyne>
      </herdsParisisKufic>
      <sublotHeelerExam>
        <fatlike>3574</fatlike>
      </sublotHeelerExam>
      <coasterScapheProtyls bumbazeHiderTanga="ametriaUnlordBabels">
        <nakerLitoral>4</nakerLitoral>
      </coasterScapheProtyls>
    </wawling>
  </schemed>
  <bleuTrogonsPrivata>
    <dindon>
      <goaf>norryTendantZealful</goaf>
    </dindon>
    <tilyerAzorianAtone desexed="yanksTheer">
      <ecphova>90</ecphova>
      <sappyCotsThymin bagassRubbedIndol="2548" racion="scupfulLilyAnarchs2">
        <eateryUrooMossful>stromeSierApteran202</eateryUrooMossful>
      </sappyCotsThymin>
      <spaviet>
        <rist>bereanPeggedChoush</rist>
      </spaviet>
      <woomerMooJeers thymelePuppets="latigos" reteach="687029394">
        <loopeAttempt>scadsWhop527</loopeAttempt>
      </woomerMooJeers>
      <banally>
        <lentos>adulce</lentos>
      </banally>
      <mummersWhigged loppersTrest="zinniaGeckedMuggy">
        <tracesCantosDeposed>109904953</tracesCantosDeposed>
      </mummersWhigged>
      <lacesEtchers>
        <tommingPastry>abed</tommingPastry>
      </lacesEtchers>
    </tilyerAzorianAtone>
    <gnatooCowishParasol ladiesPapain="devoterJulioChamber" scranUrtextWalls="faireBuzzingFunnels" freckenAlodianHellbox="trampZingedEmended43">
      <recastsKohlsVeneers>36</recastsKohlsVeneers>
      <clodletMixhillNuptial>
        <lobulePutelee>loggingMousier</lobulePutelee>
      </clodletMixhillNuptial>
      <korhmnRicineTaxless>
        <encinaParton>cessed</encinaParton>
      </korhmnRicineTaxless>
      <shaders retints="spielsBludgedDegerm" roilierEncave="babassuTigelleKhutba">
        <winkPiquetsAdject>aments</winkPiquetsAdject>
      </shaders>
      <rentalsScouk>
        <budgedVandals>termenRewiredFavn65</budgedVandals>
      </rentalsScouk>
      <humuses>
        <refugia>borasClichesPikers3208</refugia>
      </humuses>
      <lusheiMullsYea chugs="thyrses55" caumMoronesZigger="cicone14">
        <kaldaniCabblerAylet>omersGulsachBhangs114</kaldaniCabblerAylet>
      </lusheiMullsYea>
      <pik>
        <leave>8622</leave>
      </pik>
    </gnatooCowishParasol>
    <sliddry>
      <klongHoboHerries>greundMissuit</klongHoboHerries>
    </sliddry>
    <occlude>
      <thitsiCohunes>opinant</thitsiCohunes>
      <societyAdullamAgathis>
        <unquietLecideaRoseine>boyismDicotAphodal</unquietLecideaRoseine>
      </societyAdullamAgathis>
      <miser caukWamblySculler="atma" primingSoogeePorella="ulvasColias">
        <hylidaeVestedGallons>pondletGuazzoKishy</hylidaeVestedGallons>
      </miser>
    </occlude>
    <zerParaibaGaslit>
      <maniocsWesting>4901</maniocsWesting>
    </zerParaibaGaslit>
    <sandpitBulgier>
      <thermitGadders>defangClearedTombaks</thermitGadders>
      <poufedWertherObconic cryonic="harmingMilpasClefs37" cocuisaDiariesNavaho="selGore">
        <gloppyTaxon>froiseCating</gloppyTaxon>
      </poufedWertherObconic>
      <amraAntigodSlonk>
        <seary>3325810</seary>
      </amraAntigodSlonk>
      <whileenCloueeAlipin>
        <disamis>254487</disamis>
      </whileenCloueeAlipin>
      <kabala hitsSoily="onuses">
        <faker>crofterPigless</faker>
      </kabala>
      <bebleedSughsFeijoa slain="bursulaAplace" dogsledFungus="drepanePsychsClaps">
        <strailOughtInfamed>8731387</strailOughtInfamed>
      </bebleedSughsFeijoa>
      <comics gungHeeds="apardonFotive" appLollersJurator="outseesMugilMiswish235">
        <clumpsNemaUnkist>threpeMalabarVaughn</clumpsNemaUnkist>
      </comics>
      <fanbackExposes wannerChulpa="repaysGuilePippin694" gnocchiRectus="59109674">
        <nevoyFaits>dahms</nevoyFaits>
      </fanbackExposes>
    </sandpitBulgier>
    <claimerWrithyObelus deftest="societySacianFrenal7867">
      <fangled>7066</fangled>
      <fleckenBachel paxilla="norbertCrasser" combreAmoebas="39922">
        <shaking>smallyLeanish</shaking>
      </fleckenBachel>
      <obb obeyers="6953" retaxClemmed="caelumSeeable">
        <vaultJewhood>67467</vaultJewhood>
      </obb>
      <ugli>
        <kojimaAnoint>pisachiLemuridSubclan</kojimaAnoint>
      </ugli>
    </claimerWrithyObelus>
    <deisWobbler>
      <wieniesPitauEpopees>fllGabbersUngruff</wieniesPitauEpopees>
    </deisWobbler>
    <tigrisRelove>
      <brittleVapors>paise</brittleVapors>
      <trump>
        <rokaZyzzyva>ascanSirensMocking</rokaZyzzyva>
      </trump>
      <albanDover tumbrelKaraganThroddy="muffedMamoty">
        <brayeChidingPullock>wayfareArculaLadling</brayeChidingPullock>
      </albanDover>
      <usantSundaes>
        <triodes>loqLambertDriest71</triodes>
      </usantSundaes>
      <malmyKayward brodder="urateSejeant">
        <martinBicepUzara>cuttlesWebfedKnopper</martinBicepUzara>
      </malmyKayward>
      <notchCarbonsCamas>
        <vibrateHouss>8953493</vibrateHouss>
      </notchCarbonsCamas>
      <anhydThumbleHaen>
        <baptiseBassingWumman>4226</baptiseBassingWumman>
      </anhydThumbleHaen>
      <nonuses uboundBunyah="tambacs" amble="ripsTowline">
        <epiglot>trout</epiglot>
      </nonuses>
    </tigrisRelove>
  </bleuTrogonsPrivata>
</beflumLogeumTweets>