<?xml version="1.0"?>
<ady>
  <wonkierGabiesArised moslems="crocutaIngangLujula" bugbiteMomo="85838376" amycticPalm="malduckRicinsChimbly" luraTempiPuck="fluvialTrochaCheepy6331">
    <perlite urbana="beadmanKelperFurs4273">
      <bacabaMiaous>schone</bacabaMiaous>
    </perlite>
    <dunnessAdvaita>
      <remands>diquats</remands>
    </dunnessAdvaita>
    <quakersAnnule crenels="chirpyHoniton" ulitisAguraCowhand="elemiBaitingSnozzle" larn="87158240">
      <alsikesDanaglaXeroxes>pipetsBeaufin</alsikesDanaglaXeroxes>
      <kartsPecking>
        <alamort>kokilaBakutu68</alamort>
      </kartsPecking>
      <swarfsMitella>
        <coucheeDuffs>kalianaEnglish</coucheeDuffs>
      </swarfsMitella>
      <banca>
        <subvii>urochsWhatna</subvii>
      </banca>
      <aufgabeErmineeEssoin fiascos="mirkRefont">
        <mirligoAgaz>meggyRufflerVolsci</mirligoAgaz>
      </aufgabeErmineeEssoin>
      <clags deckedNovicesWallas="darersCodon" offlook="gonophsStiletFlab6">
        <curtlaxSongbagGarous>nuculaHalakaPasting</curtlaxSongbagGarous>
      </clags>
    </quakersAnnule>
    <begem lenity="fugueStageyBongos">
      <unoftenBetone>572040</unoftenBetone>
    </begem>
    <sconcerFitch>
      <chasmyDemised>55962545</chasmyDemised>
    </sconcerFitch>
    <vasalShuckedJedding>
      <unpack>barbita5</unpack>
      <barffMainorThaws crampyAkeneChemic="7">
        <raphusTopatoIsogyre>lagetto</raphusTopatoIsogyre>
      </barffMainorThaws>
    </vasalShuckedJedding>
    <edgrow>
      <overfar>cadish9815</overfar>
      <freddieOilcup>
        <cruset>flyteComtian</cruset>
      </freddieOilcup>
      <furil>
        <karroos>basesKetinePatrons</karroos>
      </furil>
      <flemer siskinSoporTitles="brr51" skimpIschury="tartary">
        <melee>cautio</melee>
      </flemer>
      <viewersInbreed>
        <cobberHikes>urease7</cobberHikes>
      </viewersInbreed>
    </edgrow>
    <curledMurthySeedkin optimumOxtailsTongas="fungiaDoused" anuran="delimes" citizen="unpaleUnstrapSearcer721">
      <glumly>mangourFrabbitPunti6779</glumly>
    </curledMurthySeedkin>
    <demotRhemishDoggers>
      <shirrsReflectSumak>1649530</shirrsReflectSumak>
      <dulcely devotoColeusBibbed="joulean" ponosBardane="whiteysAgo">
        <helplyTeargas>bollen</helplyTeargas>
      </dulcely>
      <statureRoyalme shadingJacktan="unwanLarkWaffies" taffiesCran="raftageLeewill">
        <bipartyUnstingIsnad>agaliteVerdantHaemoid</bipartyUnstingIsnad>
      </statureRoyalme>
      <relast>
        <acktonFreersThir>bistiFayalMahal</acktonFreersThir>
      </relast>
      <affeirKui>
        <buyoutYerbalOlpes>meath</buyoutYerbalOlpes>
      </affeirKui>
      <unposedCercis cancri="33800">
        <fellers>niggeryTitles9268</fellers>
      </unposedCercis>
    </demotRhemishDoggers>
    <tweilNepotic>
      <sanjib>163976</sanjib>
    </tweilNepotic>
    <vacoua>
      <dankestCuriosa>wakon9504</dankestCuriosa>
    </vacoua>
    <magnetaDardicWab>
      <dizensLinternUnearly>5457</dizensLinternUnearly>
    </magnetaDardicWab>
  </wonkierGabiesArised>
  <inshore />
  <bath />
  <laggard gonadNitonArctian="185654" />
  <broncAbasio judicaSystyle="bulwandAnisadoFaintly" />
  <agade pitside="cistronFallalAmala" defogsQuailed="crane" bold="inkedUcaSultan" emporiaCosts="18" />
  <navetNiobidGnoff bumpy="waringSeeled" uniques="spiremeYockingSubalar" milly="brawest" apocopeDuress="schultz9254" />
</ady>