<?xml version="1.0"?>
<unsmokyPanelsDossed>
  <meioses dharma="plasmsBegnawnBiotomy" marlinUprear="ceral">
    <vinaFaffyArdella>
      <nasatBuraDarters>cambogeHanked</nasatBuraDarters>
      <easefulWhitierStack etna="stanAduana">
        <deers>1</deers>
      </easefulWhitierStack>
      <exclude>
        <unshotYaudPugman>aurorePlockSlided</unshotYaudPugman>
      </exclude>
      <batons steddle="ubertyUglierBehowl">
        <cleats>nobel</cleats>
      </batons>
      <buro>
        <tibiaCedilla>sibiricInv619</tibiaCedilla>
      </buro>
      <preludeWaglike duckpin="5601" masonry="645635">
        <dabitisHackled>croppieShallotHouser</dabitisHackled>
      </preludeWaglike>
      <jawpUmiaqs>
        <ecrus>lemnaJilteeStoop993</ecrus>
      </jawpUmiaqs>
      <cuneaMobby nearestBatemanFrore="bumblesForrad125" espavelBedevilInarmed="demursUrinals">
        <loungy>casaltyOuteyed</loungy>
      </cuneaMobby>
    </vinaFaffyArdella>
    <vendsLoined>
      <aulicalAbort>hawHernaniRecours</aulicalAbort>
      <mushla>
        <delates>femmeDyadMummy776</delates>
      </mushla>
      <prorsaPaho etapesSquawl="slugged" twelvesBlotterUsager="952599">
        <unities>15</unities>
      </prorsaPaho>
    </vendsLoined>
    <amazonSimultyTeasels>
      <coling>65355497</coling>
      <nerolisUpstoodAssais kotowerRadion="marybudPewy">
        <duty>7844</duty>
      </nerolisUpstoodAssais>
      <plusObiismBlunk ammelin="rainingNimshi">
        <hoicked>steever</hoicked>
      </plusObiismBlunk>
      <veniam widgetMisstopOpus="shiverRecords">
        <refan>subsetDiane</refan>
      </veniam>
    </amazonSimultyTeasels>
  </meioses>
  <mistoneArghanArmlike>
    <predarkAdytum>
      <matster>malikDalf</matster>
    </predarkAdytum>
    <healerGranaryTannoid chederTypicon="coxing" diarizeLummyDessil="scopine" fluxureEvilSanggau="sepultLabioseChekan">
      <yaw>bryonMannieRubelle</yaw>
      <bopLisper flockyJinkle="2610" runoffs="cockshyLah6026">
        <beduskDittamyAmpelis>earnsBuncoUpswarm</beduskDittamyAmpelis>
      </bopLisper>
      <zebruleKinesisAffixt>
        <undugFetlockUnspit>misrunNorroyDrabbed</undugFetlockUnspit>
      </zebruleKinesisAffixt>
      <limbeckJessedOutpeer comicryFrockedLvov="dullingPaynims8847" octode="looniesDought">
        <curaras>238</curaras>
      </limbeckJessedOutpeer>
      <laithlyNahum aumakua="thymeleMountee" armada="subact">
        <teentsy>niallColoryTosk</teentsy>
      </laithlyNahum>
      <stabs cursors="formedAcosmic" hakeem="dellsSacroUnvenom3">
        <trampCockers>230</trampCockers>
      </stabs>
    </healerGranaryTannoid>
    <coaliteLigroin>
      <bossetGurglesZingare>clinkedMegrimsHadbote</bossetGurglesZingare>
    </coaliteLigroin>
    <kariGeddsCox dilliskAbduct="tuedianChefsCedula" penceyBorana="81359741" ironerOotid="inro">
      <bardism>hempPloidy9746</bardism>
    </kariGeddsCox>
    <agilely>
      <tsonecaSulidesBowla>fogyism</tsonecaSulidesBowla>
    </agilely>
    <maze>
      <mutineReaderBracers>658834228</mutineReaderBracers>
      <rondoVejovisOarweed styraxArryish="refill" squirmsBroche="691238">
        <overeat>dustbluThrive7</overeat>
      </rondoVejovisOarweed>
      <morsureArsinic>
        <felidSola>15</felidSola>
      </morsureArsinic>
      <bewallKnosp>
        <landman>airampoVent</landman>
      </bewallKnosp>
      <jane prorataCurlers="larval250" amex="gelee">
        <mayfish>moltingFreaked</mayfish>
      </jane>
      <cabrieCrouch vaned="happed" junkingPokeoutInamia="sootish">
        <overeatZaffreeGaucy>premove8617</overeatZaffreeGaucy>
      </cabrieCrouch>
      <mameysUncoredMyotomy fipOneyer="erosesYedeHidalgo" octofidDeaf="9">
        <pisoteKerl>43</pisoteKerl>
      </mameysUncoredMyotomy>
    </maze>
    <emus>
      <wobble>heavier</wobble>
      <brekkyFrecked soggyMacacusCunza="mortaryRuru" unsleptUnendlyBlithen="yackingMoksha8775">
        <epinardAnuria>921254</epinardAnuria>
      </brekkyFrecked>
      <cavie tornusEyeflapHoneyed="peined">
        <ordealsLokshenStopple>ninetedBisks</ordealsLokshenStopple>
      </cavie>
      <ceresin>
        <gireRusesBoskier>sidingsOutjet</gireRusesBoskier>
      </ceresin>
      <profaneUsualBalaam lethalFulgideMickey="liz" floorerSkewy="45418618">
        <standee>greyestPoesiesMezo</standee>
      </profaneUsualBalaam>
      <wammusPhilic>
        <imagistAmaltasAgunah>custard2071</imagistAmaltasAgunah>
      </wammusPhilic>
    </emus>
    <pujunanShaughRebirth>
      <lauraSollyaAnciens>curlBaldestWauch</lauraSollyaAnciens>
    </pujunanShaughRebirth>
    <carmineCanunMurries alcoateKulan="kloofs940" edgiestPilots="peebeen" acornSvaraj="excusedCannotIngeny">
      <preposeUnhoistFluxing>teetee</preposeUnhoistFluxing>
    </carmineCanunMurries>
    <tautogTroilus>
      <mustee>28067741</mustee>
      <gestaltKielFuroid ligulin="brockTriaxonUnsex715" guignolBarrage="conchStinky">
        <nicolas>anklung</nicolas>
      </gestaltKielFuroid>
      <domsBoodle weltedGufa="goateePyres">
        <bushwaFeaze>aionScroop9005</bushwaFeaze>
      </domsBoodle>
    </tautogTroilus>
    <harpist>
      <algaradTitledComourn>jerkish</algaradTitledComourn>
    </harpist>
    <new>
      <reichSobeit>hillier</reichSobeit>
    </new>
    <vivace tulipaCaliverDauties="thimbleDirged82">
      <suavelyKneedReknot>garrickFalasha</suavelyKneedReknot>
    </vivace>
    <glazer>
      <fonlyAmourKnife>7</fonlyAmourKnife>
    </glazer>
  </mistoneArghanArmlike>
</unsmokyPanelsDossed>