<?xml version="1.0"?>
<swivetsLadakinGawm>
  <vawntie>
    <trove shastra="cuckoldGanoinLigase" muntzImides="nelkenArenoseMochel">
      <maunDotter>dorbie</maunDotter>
    </trove>
    <elohimEngold>
      <adeadFloozyFlatlet>uncostCanoing</adeadFloozyFlatlet>
    </elohimEngold>
    <lucidae>
      <killing>92151855</killing>
    </lucidae>
    <halestMyatonyLikuta>
      <bighted>119864997</bighted>
      <thoghtImmure workboxRuttee="fontal">
        <bronzerGertieYowlers>amahs</bronzerGertieYowlers>
      </thoghtImmure>
      <knacksCondole unlearnPanamasMassing="bazooka">
        <pineal>scratUnhardy</pineal>
      </knacksCondole>
      <suzanneKrone lusherUgrian="abord" cursorMoseysYederly="28980032">
        <soakersDuxToother>3604</soakersDuxToother>
      </suzanneKrone>
      <carvenTechnicLamster carreau="mashlam" deadens="verendaMarlpitSpivs">
        <renninsPeakyThyrses>kerchoo</renninsPeakyThyrses>
      </carvenTechnicLamster>
      <taphria>
        <putridBhistiVented>fackins</putridBhistiVented>
      </taphria>
      <panhasAvocate reamassWhitlow="tavertZestySwertia" merkGuttler="paridaeRifler">
        <noduledVarus>lanaisRaviney</noduledVarus>
      </panhasAvocate>
      <parisia sloshesHurtledChametz="manalWappEstoile" conchoMads="bowing">
        <hooktipFoozle>98</hooktipFoozle>
      </parisia>
    </halestMyatonyLikuta>
    <bombicGittite xanthan="frontsWambleTanged">
      <tippersManacusBautta>caddedAfirePrivet</tippersManacusBautta>
    </bombicGittite>
  </vawntie>
</swivetsLadakinGawm>