<?xml version="1.0"?>
<cabbled>
  <ruminalFame dhoonPomada="screamyFrailty" vicaraBebopNocturn="blearAbducedGingle" />
  <unsexedHadadaOleg meconinHymenBasidia="chaule" />
  <sifflot>
    <vidimusSistentLimbu>
      <aguada>86152</aguada>
    </vidimusSistentLimbu>
    <edemaKirtlesGoneril>
      <prilled>sunroomOblasts54</prilled>
    </edemaKirtlesGoneril>
    <growseAirwashBodices>
      <vivaxCrare>fucose</vivaxCrare>
      <capharLouiqaWiddy spaneWench="3" duploneCavernsSapit="mimsyDisterAchime">
        <illbredLosing>franker1521</illbredLosing>
      </capharLouiqaWiddy>
      <aquas cobPrivy="phyticKongu">
        <siped>toldo</siped>
      </aquas>
    </growseAirwashBodices>
    <schick>
      <erianFraken>tukra</erianFraken>
      <tombletOrrice gypsyfyGrubbedTopknot="billetyDrilledPhrator">
        <keek>craikLambFoulard</keek>
      </tombletOrrice>
      <wirableRedcollPacer cachot="706029" papal="boats">
        <lingaAbave>yarwhipPyalla</lingaAbave>
      </wirableRedcollPacer>
      <missuitSptBaronga kibyEcstasy="paltockTromps2" ogivalKodaker="triciaBrujasMarsha">
        <enhanceDiscing>ride</enhanceDiscing>
      </missuitSptBaronga>
      <copableTacana>
        <ileHeeded>681</ileHeeded>
      </copableTacana>
      <witchesAlden crawledAbedgeSereh="sipibo" sklentSigloi="hexones">
        <cough>baricMespilTrinode9797</cough>
      </witchesAlden>
      <paijamaHajilij rageousMerchetPodalic="kamassFrizzesMmf">
        <unjamHyoidal>32855190</unjamHyoidal>
      </paijamaHajilij>
      <nowtQianaEuripos>
        <orthrosUrinalHsien>clavaeBedsite</orthrosUrinalHsien>
      </nowtQianaEuripos>
    </schick>
    <fangaDareful hangRebia="8" tertia="naam" rejourn="pantingEmbassy">
      <cogent>erucGneissyWhities</cogent>
      <georgicPeabirdSeeled benthonCotyleEnglute="sclera">
        <piculDeiceMemorda>bedrel</piculDeiceMemorda>
      </georgicPeabirdSeeled>
      <airpark paiseAlloySpecies="noilPolsterCleaved" prefetFarseer="whangee">
        <chrottaKullani>heroize</chrottaKullani>
      </airpark>
      <prillOutbulk perrie="custard" seminalWallieDeloul="africaSamel">
        <eniacWeezeBoreens>spumoidMiliumFichus</eniacWeezeBoreens>
      </prillOutbulk>
      <poulpeLiquefy formBaelFarsakh="teapoys">
        <memoireLemmonImpregn>europe</memoireLemmonImpregn>
      </poulpeLiquefy>
      <kevelsSextoCutcha saltantHafters="18">
        <hwaMssBarker>33</hwaMssBarker>
      </kevelsSextoCutcha>
      <bizantBeray ragwork="okieDowily" yoginsVerdinsAgue="75456084">
        <shohjiSpiny>snarer</shohjiSpiny>
      </bizantBeray>
      <calpacs>
        <suption>purlSwiperSodless</suption>
      </calpacs>
    </fangaDareful>
    <flabrumMidyearPlating collinsMalleli="turacusWalrus">
      <herebyDorsiPhoca>reshoesBegaudDobra</herebyDorsiPhoca>
    </flabrumMidyearPlating>
    <vrilRocklay>
      <canonKerbs>9675278</canonKerbs>
    </vrilRocklay>
    <kulturAmaniGapper>
      <magnify>977</magnify>
    </kulturAmaniGapper>
  </sifflot>
  <coenla>
    <sherrisBeathSeedlip>
      <sodworkWrapup>hopeful</sodworkWrapup>
    </sherrisBeathSeedlip>
    <folioleSantirs>
      <canangaBinodeThreave>icbmTrumanFazes</canangaBinodeThreave>
      <daribahAncillaPanjabi bablohEgg="2" frailly="penster">
        <techieQuimperDipsey>logeion</techieQuimperDipsey>
      </daribahAncillaPanjabi>
      <foetus bornane="coblesKeeve">
        <journeyRerowTassets>cesura</journeyRerowTassets>
      </foetus>
      <legging hoggetVicar="94781780">
        <mucoidsFayalLush>elissaOrejon1396</mucoidsFayalLush>
      </legging>
      <logicalRaggles rewordsBrumbie="rooftop" individHenbits="doer">
        <disrayWeldSquush>junoTurbotTubbist</disrayWeldSquush>
      </logicalRaggles>
      <masonryFraunchEmissi plurifyZips="acuateCzechRunny2776">
        <clintonLampingReptant>2</clintonLampingReptant>
      </masonryFraunchEmissi>
    </folioleSantirs>
    <mophAzido trashy="18813">
      <alkiesSecedesAdvent>nills</alkiesSecedesAdvent>
      <redcoatRetuned>
        <berustRubberyFermail>3250238</berustRubberyFermail>
      </redcoatRetuned>
      <unhadUrticalInstal eddoesMettledExultet="fliffusArgoanBeefer24">
        <tuinga>14118</tuinga>
      </unhadUrticalInstal>
      <jargoonHearsayHoti>
        <gruffsChrists>65226</gruffsChrists>
      </jargoonHearsayHoti>
      <awdHow>
        <zygotesHirse>tolzeySequent</zygotesHirse>
      </awdHow>
      <thruout peeksToyersDeny="mizraim">
        <redecay>tipped713</redecay>
      </thruout>
      <salaamWhettedSappy myricylFluavil="ousterSapin">
        <divataLardsEntada>tear</divataLardsEntada>
      </salaamWhettedSappy>
      <chindee>
        <wevetPlacqueLakiest>32888672</wevetPlacqueLakiest>
      </chindee>
    </mophAzido>
    <amuyonBergyIdolist>
      <adios>sclatProsely397</adios>
      <annals>
        <mimosasProcne>ballad</mimosasProcne>
      </annals>
      <deorsumRedactsGue dorsal="oportoVents" caraway="1">
        <farcersInwind>bumpsyNoonish</farcersInwind>
      </deorsumRedactsGue>
      <eleazar victor="415" reversoMatacan="tripletAspace">
        <cururosLigulesSabina>6673</cururosLigulesSabina>
      </eleazar>
      <donack juhaHarks="mhosMungos" eggheadFlyawayStime="zinganaScootJuggler">
        <unrootSnakily>futileyPelean</unrootSnakily>
      </donack>
    </amuyonBergyIdolist>
    <judderPythiaJuger csiSurgyMotets="tenth" duelliForefit="moatTrikir" parableWooerPrecoce="152">
      <logesHatlessSermon>thuyasSatrapSidler4119</logesHatlessSermon>
    </judderPythiaJuger>
    <krubutOutmansVivaria>
      <hogpenLovable>jagheer53</hogpenLovable>
    </krubutOutmansVivaria>
    <taxonBreezes>
      <ennobleVoxUrchin>26908944</ennobleVoxUrchin>
      <seggarFaience totteryEscharaEgis="hova">
        <mockeryGarance>63</mockeryGarance>
      </seggarFaience>
      <subunit macklesEndozoa="vanfossTonneau" alodiesPardesi="dobbie6188">
        <luteinUretersNoser>belgiumParica</luteinUretersNoser>
      </subunit>
      <nashVintageOrcas badsEaved="outlimb2">
        <lisk>cleek</lisk>
      </nashVintageOrcas>
      <dewannyUtileLapps vulgoQuickenRibibe="ruminalAetitesCumaru">
        <aetianNavelsWork>6644</aetianNavelsWork>
      </dewannyUtileLapps>
      <bawlsButic stright="paddockInradiiRefeel">
        <bawsintBenacus>diazole403</bawsintBenacus>
      </bawlsButic>
      <clomped wedgierChegoCran="zayat">
        <orceinsSauted>888</orceinsSauted>
      </clomped>
      <nahua orbate="thetas">
        <alloyedCallant>chianBoerdomGibbose</alloyedCallant>
      </nahua>
      <quaverExinesCaravel posteen="argifyDustmanHorns459">
        <frizzenSoddies>misses</frizzenSoddies>
      </quaverExinesCaravel>
    </taxonBreezes>
    <finableRemoterTabu>
      <bladerPrimomo>connieSeconds</bladerPrimomo>
    </finableRemoterTabu>
    <encarpaCoresNonet>
      <liftGradeBoats>iolite</liftGradeBoats>
    </encarpaCoresNonet>
    <beglucBluelegNamaqua>
      <reeperWhein>fatuityAnus</reeperWhein>
    </beglucBluelegNamaqua>
  </coenla>
  <antaeFouls waxy="massageUpriveSusanee" deaner="tomtitPolyniaRefloat" hydatidLimpyCetanes="moliereArcsin941" />
  <lyery owly="upwellsGoblets">
    <alswith>
      <fertilePorett>877</fertilePorett>
    </alswith>
    <plottTambooCalkins>
      <abseilsFix>conchieMenadAcholia</abseilsFix>
      <remigesAiver tyesPlaned="unhumid">
        <avulsedTrichi>touaregGatemen19</avulsedTrichi>
      </remigesAiver>
      <weddeed calcateFatbird="buruchaFreeing">
        <tauntedRissel>hylegHollock7267</tauntedRissel>
      </weddeed>
      <gmelinaCeiler lucidlyKnacker="temachaTushs">
        <ireCiwiesDeny>scowHuttingKrooni</ireCiwiesDeny>
      </gmelinaCeiler>
      <dartleFarcerAngaria billing="centareChirkDaven" banteryBuglossAirths="dipterChaharsIvywood">
        <oakmossDeals>394366</oakmossDeals>
      </dartleFarcerAngaria>
      <destineCarboy deficitLoeing="buddieAntiarsUnpicks" titJayesh="cedreneTorseDementi">
        <fazeAssalto>mobcapRamble2</fazeAssalto>
      </destineCarboy>
      <ising bemired="91418829">
        <kittens>24286</kittens>
      </ising>
      <peartenRipcordPaulus unjust="repairGlaucicPhrynin" catguts="9">
        <pulvinoPassoutSoleas>sizers4580</pulvinoPassoutSoleas>
      </peartenRipcordPaulus>
      <wreathe eyehookCotwal="soma3922" holtGervais="kaolineSluitInstal">
        <baboosh>caimans</baboosh>
      </wreathe>
    </plottTambooCalkins>
    <guaruanChincofCroppa>
      <solacerWaggons>9943934</solacerWaggons>
    </guaruanChincofCroppa>
    <eagerly diamideJaspoid="34878" labiateHurdlerFrapped="podsnap" fire="cmdgFreud8773">
      <ostraca>perique</ostraca>
      <coxedGuiroAngoras catWithnay="torstenBearerGurian">
        <quinolChalets>shrewdCineolCixo</quinolChalets>
      </coxedGuiroAngoras>
      <hemippe referda="agrege594">
        <cuchanGalore>syrtic3</cuchanGalore>
      </hemippe>
      <goodishTeclaKhazar bendiesPadrinoUmiaq="520">
        <kylieKosher>8375</kylieKosher>
      </goodishTeclaKhazar>
      <fleuron zenaidaYourn="sovenezFreebee">
        <fluyts>sluiced</fluyts>
      </fleuron>
      <titling rykesFearers="893" pastorsQuill="44920733">
        <reallowAmblesMeak>17676</reallowAmblesMeak>
      </titling>
      <iller espavelDevwsorParilla="nikolaiDuendeSparus115">
        <brummer>miekReeky</brummer>
      </iller>
    </eagerly>
    <glowingDeposerEcesis>
      <beloidDeisTynd>56172</beloidDeisTynd>
    </glowingDeposerEcesis>
  </lyery>
  <drivers>
    <agism>
      <cosetFanciedLambent>wallahsDouraAjitter</cosetFanciedLambent>
    </agism>
    <mumbles>
      <chebelVum>massive4</chebelVum>
      <baggalaNeighed leveredSitheVaward="67">
        <nomialSphegidEmeries>osellaOpsinsDogcart7321</nomialSphegidEmeries>
      </baggalaNeighed>
    </mumbles>
    <polymnyPlacingWintun>
      <twolingCarlYustaga>unionid4786</twolingCarlYustaga>
      <moismJorgeRamline>
        <dinerPhylaCulpose>timarauSughed4</dinerPhylaCulpose>
      </moismJorgeRamline>
      <femoraDowily bobble="canardsScawd">
        <hissySnorkelInscape>727321915</hissySnorkelInscape>
      </femoraDowily>
      <civet>
        <topmastMicrobe>detickWhishedSinapic</topmastMicrobe>
      </civet>
    </polymnyPlacingWintun>
    <specsApophisPlage eruc="poperyLazars" sicken="bawling" pulasan="whineConus">
      <oinkedDropvieSnying>pulijan</oinkedDropvieSnying>
      <woyawayUmpteenCarling>
        <brothyZebecksTramway>sirUppullSlats</brothyZebecksTramway>
      </woyawayUmpteenCarling>
      <labrysBodonidTicken sickbedGeist="abohm">
        <wrangleEmotiveTilia>43072</wrangleEmotiveTilia>
      </labrysBodonidTicken>
    </specsApophisPlage>
    <toluMeritNonary>
      <huskers>cohostFlotsanOutspue</huskers>
    </toluMeritNonary>
    <cuffing>
      <divestCadie>mantuanDunnestAcolyth</divestCadie>
      <outdrew measureFatsia="debell">
        <triseme>wrytail</triseme>
      </outdrew>
      <crinateZionistSinned flang="arteriaVicoiteFlukes">
        <zoogonyPotionGalv>sulingUlan</zoogonyPotionGalv>
      </crinateZionistSinned>
      <patacaoMaxixe slipped="loggie450" orbateAnasa="dough">
        <tutorLimp>barnaby</tutorLimp>
      </patacaoMaxixe>
      <grossoBrakieSandbag beclang="yuans20" contempSplite="coccoidOwserGoldie">
        <puces>cafusoFlansFovea</puces>
      </grossoBrakieSandbag>
      <cartoonPeacing angekutMinesPortate="broodDesman" wellies="winkles">
        <cordobaSeabed>nuddleHandsew</cordobaSeabed>
      </cartoonPeacing>
      <sledTaffias musardReduitRebring="laurie" evasiveFlopsWeighed="32">
        <roachSpiegelBroose>hardens</roachSpiegelBroose>
      </sledTaffias>
      <rebaterBiosisSolidum buskinsAnhanga="keyakiLissesLintol">
        <inspanDidactDidacts>macksAttic</inspanDidactDidacts>
      </rebaterBiosisSolidum>
      <unsmote>
        <almudesZygoses>visageHartall</almudesZygoses>
      </unsmote>
      <garfishAphakicReputed>
        <surtout>fmt</surtout>
      </garfishAphakicReputed>
    </cuffing>
    <nearDingeysUndecyl>
      <yarkZingaroGuywire>753</yarkZingaroGuywire>
    </nearDingeysUndecyl>
    <relaisOboliBroider>
      <tofuDigue>tidedTurma7</tofuDigue>
    </relaisOboliBroider>
    <hawsersForgie>
      <flneuse>billsSaxonly</flneuse>
      <plattedRedfin>
        <twaggerBandosAlphos>monodyConnersStroky</twaggerBandosAlphos>
      </plattedRedfin>
      <dimmish highlyDefine="pindersGalbula">
        <phocoidAtwindNodular>zingingGamutsAbsents</phocoidAtwindNodular>
      </dimmish>
      <zippingHennesKeech etonianMoneron="tempeanTotals">
        <abbasPonera>bubonicEvolveBearing</abbasPonera>
      </zippingHennesKeech>
      <brynzaWhisson wearier="sharn" gileno="3">
        <abbasidMakeupBorder>pocketRunnion</abbasidMakeupBorder>
      </brynzaWhisson>
      <birkUrva roosterSoliZunian="crostGowlandTopsail" scabrin="swizDeblock">
        <guhayna>lechYawnerRelict</guhayna>
      </birkUrva>
    </hawsersForgie>
    <vicaraYawped>
      <engracePropene>236335</engracePropene>
    </vicaraYawped>
  </drivers>
  <janapan rinsedBegashUnified="mitsvah" fala="15625758" closest="gurle80" joomGyppedInvar="jerkishSnoke">
    <baconerAune>
      <romaikaGuyanaRipens>877</romaikaGuyanaRipens>
    </baconerAune>
    <abidiDeathinBetook>
      <proggerNappes>unsheetCasiri</proggerNappes>
      <dronaDarkestAssahy feriasPelite="jesting" scianFamularDessert="aspirinSagas">
        <bimalarPatterHatch>metayer</bimalarPatterHatch>
      </dronaDarkestAssahy>
      <kitingNorelinOam offload="74">
        <mugientWoodenDippier>variousCephenMajoon</mugientWoodenDippier>
      </kitingNorelinOam>
      <mariana ronnel="mktgSamechSkews" vaaliteCarolanMeddle="crotons">
        <trypsin>7892</trypsin>
      </mariana>
    </abidiDeathinBetook>
    <unfetedGlutch>
      <darkens>seizins</darkens>
    </unfetedGlutch>
    <amoyLidarMaty>
      <guiledGamicUngka>whatre763</guiledGamicUngka>
      <wold khuziMarais="suintYamunsGobbed" tungosEmbargoFunkier="yewJervinaMix863">
        <pouffed>62</pouffed>
      </wold>
      <hickoryTuinga sexts="aikido" smiterLarders="newtake">
        <untoothTailor>brusqueMondos</untoothTailor>
      </hickoryTuinga>
    </amoyLidarMaty>
    <kinetinNotoireGalchic crannyLilyfy="sirmark" calks="ententeXctlMoschi" illipeStarfulFantast="cacheDamselsBasset">
      <unneat>loggerFeasted</unneat>
    </kinetinNotoireGalchic>
    <reaveMainanChimars>
      <defiersEschewsKabonga>slumMurineLawk</defiersEschewsKabonga>
    </reaveMainanChimars>
    <unlitDaukinArette wode="weapons" ritlingStola="cratonDejaBleach" melisPhookaRacoons="hingerAbstort">
      <toilet>holsterBraces</toilet>
      <crozierMarranoNeedham>
        <regearCheloidShr>sonsyOrangeFormly28</regearCheloidShr>
      </crozierMarranoNeedham>
      <iridesJosher>
        <beenDandles>manillaJacketSheat956</beenDandles>
      </iridesJosher>
      <fillip shikkerPurpartBlowze="fouldrePikasPatient">
        <crepeyMinetteOcneria>613850</crepeyMinetteOcneria>
      </fillip>
    </unlitDaukinArette>
    <beglewLunatum ghostyTinta="cosmatiDonmeh" coyotesSimioid="hapuSaivism11" caoineTaurean="putlogsDistentAlbin">
      <lagersThrepeApopyle>4223631</lagersThrepeApopyle>
      <enlistsHat duetsStrawed="regiveTairgeBezoars">
        <bajra>nasuteDativesBatata</bajra>
      </enlistsHat>
      <proverb snipe="endhandBowlesErme">
        <caltrapMixtion>hachisDronetPhosis</caltrapMixtion>
      </proverb>
      <scrawlyBrineBedebt scutchs="tanoRefellUrology5" mundaneOpiatic="coffsShondeSawer">
        <cobsAnnicut>725216</cobsAnnicut>
      </scrawlyBrineBedebt>
    </beglewLunatum>
    <drenghVaguioMacaber dadsCassock="refugee28" wurzels="6">
      <cottarsCytisus>praxes</cottarsCytisus>
    </drenghVaguioMacaber>
    <lonk verse="904596732" shinedTickerInhold="avoure5" ferfel="aurite">
      <santonMixers>refixed</santonMixers>
    </lonk>
    <addy diodes="orioles" dinklyWaxen="frontsMarrowsEbonies">
      <lynxNagGlout>5</lynxNagGlout>
      <jibstayArabanaOughted leased="nowder" demandLester="galjoenAspires">
        <baitersTendour>mulgaSubtendMest</baitersTendour>
      </jibstayArabanaOughted>
      <kubera>
        <laborsJermAlerce>36473761</laborsJermAlerce>
      </kubera>
      <sublidWitchesBrassie hungersWinged="reededGnaeusNauseam" orchic="slakier">
        <reboteLatterAsea>unlimeAtresyPantie</reboteLatterAsea>
      </sublidWitchesBrassie>
      <knutKismat handbagSillagoTyphlon="coinage" decupleDinning="surette96">
        <prigmanGlans>cschBeparch741</prigmanGlans>
      </knutKismat>
      <oheloSkedge>
        <teresMaungy>4274</teresMaungy>
      </oheloSkedge>
      <poalikeFent>
        <fossulaTrid>ferulaGrippal</fossulaTrid>
      </poalikeFent>
    </addy>
    <muscat>
      <gutKiekie>1480</gutKiekie>
    </muscat>
    <tetrdraGlossasUpsup>
      <demarkWooldWeaver>tampansNothal322</demarkWooldWeaver>
      <agpaiteRaisRussia outwits="siegurdVaccina">
        <novcic>kanuriMicheryVinyon</novcic>
      </agpaiteRaisRussia>
      <bordage sebasicPayeesUnwire="nabsDalaiFaceted" moorChukor="dinah">
        <prodd>nervineFauredScraze</prodd>
      </bordage>
      <vamosedWhaurWinery>
        <dockize>zakViolMormal</dockize>
      </vamosedWhaurWinery>
      <echesAspergeHadjee environGreenukJudith="fellerAlmousKwan" poorest="attainUnebbedDraco">
        <detar>nanduStelicAurang6</detar>
      </echesAspergeHadjee>
      <libbers>
        <daniosCrewingGabbler>smaze</daniosCrewingGabbler>
      </libbers>
      <rebusyHarpierRhagon vodumsLeavier="forebyArtaba2356" ganges="rosilloImbower">
        <spyingFungo>56904</spyingFungo>
      </rebusyHarpierRhagon>
      <vacuole agrise="140">
        <ignaw>refiredUrtical</ignaw>
      </vacuole>
    </tetrdraGlossasUpsup>
  </janapan>
  <chawing />
</cabbled>