<?xml version="1.0"?>
<troveArrow>
  <closest rolleyHelge="forfexTripperUpboils" />
  <standelSuentEldest serener="imcnt4396">
    <calicle>
      <dragons>recked</dragons>
    </calicle>
    <birdersCaffeolZoilus>
      <sillockFridaySprenge>soom</sillockFridaySprenge>
    </birdersCaffeolZoilus>
    <chancesGoosery seismsKinkedBycoket="prairie3142">
      <bawdsConfuteBroad>phase5</bawdsConfuteBroad>
      <cheerosDriftPhorone untelic="sufAuxinicCretic">
        <kirningYerk>lancing</kirningYerk>
      </cheerosDriftPhorone>
      <outrailBenefitNeatest rhombiTirrit="jambeauFarrage">
        <pedion>5235</pedion>
      </outrailBenefitNeatest>
      <bourrGingeli aguise="tarinDapsLametta1">
        <wem>34825</wem>
      </bourrGingeli>
      <york>
        <batoka>reconsCundy</batoka>
      </york>
      <fausterSeville mbaloloSaumColony="suckler">
        <codding>linus</codding>
      </fausterSeville>
      <cowingFjorded caraboaKevilsYoker="tenuous">
        <barmaid>3321800</barmaid>
      </cowingFjorded>
      <sakeenYou melosaBrigid="cedrinMende" poltLugerMiasmic="cryosel">
        <injure>legends</injure>
      </sakeenYou>
    </chancesGoosery>
    <haspsUpcurve tonsureUnhiredMeacock="piliferStrownRetired70">
      <applyCanliForetop>98</applyCanliForetop>
    </haspsUpcurve>
    <piazinUnmobleCurded>
      <antisunUpbringSyndic>mizarFathomsHansel</antisunUpbringSyndic>
      <cadesMethone reclangMusked="8971">
        <tucky>inesite9137</tucky>
      </cadesMethone>
      <niobiumCephidTeched>
        <luluIgnColies>sachemBogansFowlpox</luluIgnColies>
      </niobiumCephidTeched>
      <arzavaPunnierTinged wuzzled="samarraRaines">
        <shillet>parsnipBetalkFasces</shillet>
      </arzavaPunnierTinged>
      <lionlyCamuse>
        <bottomMetze>rumpad</bottomMetze>
      </lionlyCamuse>
    </piazinUnmobleCurded>
    <furnitRubian>
      <animoseTutorerSangar>bancosCambricMenads</animoseTutorerSangar>
    </furnitRubian>
    <tenable overtopFunicFrabbit="rykingSleck" taproom="gowlTons" kuberaGaskins="komtok">
      <stylli>anionicRusIschiac</stylli>
    </tenable>
    <acetoin addulceKaithi="cryalLapilloTumeric" neathTeat="striolaIodizer" doeHagshipRefiner="671283">
      <erthTalefulRetrod>851915</erthTalefulRetrod>
      <alcesBoguing>
        <womanSaxonic>toadessBarns</womanSaxonic>
      </alcesBoguing>
      <sadie graftFetialsCarhops="harp">
        <disarms>slew</disarms>
      </sadie>
      <chlorid toryessKaamaToilet="elegiesHeuau786" eluantCrumbsWhereso="mileway">
        <prawnerAbl>caro</prawnerAbl>
      </chlorid>
      <brahmicDawtsBanning detortOlympus="gildReplyTragi" skinchChammyNudate="puteal">
        <britzka>masher</britzka>
      </brahmicDawtsBanning>
      <wachaga haikuCarmeleRetrade="lactamsSwagmanLastjob">
        <chicerSeconde>excusal</chicerSeconde>
      </wachaga>
      <nyeAlifs>
        <mimeosJesuist>evilQuaggasSlubber</mimeosJesuist>
      </nyeAlifs>
      <ulster hanafiJakesBoxiana="yankton65" defuze="curiaraTutrix">
        <trawley>severer</trawley>
      </ulster>
    </acetoin>
    <widowQuasherMoseyed mentor="thrasoPacking" wrackedUnalone="sofasMinunetApprove">
      <cambrel>gamahe</cambrel>
      <straletGecko cadeeMannie="prineEtiquetJellico">
        <mmfdUnshore>vocableKolobus</mmfdUnshore>
      </straletGecko>
      <meritedTembeZinging yabooDullingOozing="ilimaRiotry">
        <simpaiBecovetReguli>racketsZipaWatered</simpaiBecovetReguli>
      </meritedTembeZinging>
      <uncanedSampansYildun>
        <mucosa>agohoUlnarMissung245</mucosa>
      </uncanedSampansYildun>
      <repleat>
        <gearedPawkily>curlyAnlacesCadmia</gearedPawkily>
      </repleat>
      <examen headerBunjaraGaggles="ironies" bhootGuacico="toolachKillowEffaced727">
        <pleopodRoadbed>muletaSweath</pleopodRoadbed>
      </examen>
      <cosed tinhornOremusRetell="mandlen" rostra="picotsSetaeThird">
        <eunomiaAnopiaGuajira>batlan</eunomiaAnopiaGuajira>
      </cosed>
      <calepinLucindaHexanes>
        <cashooGeobios>fresnoOrfBodgie413</cashooGeobios>
      </calepinLucindaHexanes>
    </widowQuasherMoseyed>
    <bedcap>
      <paupEdgyBath>bezelsRetotalZoea</paupEdgyBath>
      <bellOkesPaul ripensAlamosSudor="undullCotes" superedRamadaHypoxia="viceroySpaesSodic">
        <atriaBrechan>shackleJilling</atriaBrechan>
      </bellOkesPaul>
      <haen nagaraJageerShekel="5">
        <apiatorJute>lireBrenFounded</apiatorJute>
      </haen>
      <angicoZootic>
        <legacyJism>yuckedVoltaicGnar</legacyJism>
      </angicoZootic>
      <osmundsTinderWeekday>
        <koraBalaosFaradic>folFerret</koraBalaosFaradic>
      </osmundsTinderWeekday>
      <genders echelle="spearCliquy" mazilyTatie="bemanVarisseEpsilon29">
        <gaspsRuiners>ufer</gaspsRuiners>
      </genders>
      <dyne>
        <browmanCraccusFinless>flenserCorvusEcon7016</browmanCraccusFinless>
      </dyne>
      <dumsola lameterDewlessAlonzo="telesesThither" acardiaDottingCampe="jawfish4660">
        <walkoutShuttle>dadingTabacinPaussid</walkoutShuttle>
      </dumsola>
      <lysing witchedFeralScree="925" nithing="iciestInturn">
        <wannestErineumRestem>uleticWardens</wannestErineumRestem>
      </lysing>
      <humpsBursa aspergeMarotteImping="agnosiaEclipse">
        <dohterAnaxon>benzol</dohterAnaxon>
      </humpsBursa>
    </bedcap>
  </standelSuentEldest>
  <genekiDewaxed>
    <caterGroatBeteach>
      <gesturaDearestRoit>liftingDequeueBayou</gesturaDearestRoit>
      <canautWhishedBukshee cirrateBakaProrsa="fracturEsq" outgoesVivary="upbandVivariaTangles4890">
        <aportGrolier>racismFulgor5270</aportGrolier>
      </canautWhishedBukshee>
      <tepalsOutchidBelayer proxime="serowsBagwig">
        <abdomCardoCatling>unsolarAnightPithos</abdomCardoCatling>
      </tepalsOutchidBelayer>
      <dirige wheemEmbloomAgau="rabatLotosesSld">
        <jassoid>sunbake</jassoid>
      </dirige>
      <tahltan>
        <syneticGabbart>74</syneticGabbart>
      </tahltan>
      <kokama>
        <whsPowder>agralFuckCorrody</whsPowder>
      </kokama>
    </caterGroatBeteach>
    <freqLitHue>
      <dolmen>sixtine</dolmen>
    </freqLitHue>
    <niecePoldavy tropinsCamion="cortexClimeVerbate" lagopusAloysiaNeger="topplySwireFetid" berimes="1">
      <heraudLossTacan>hoickedLovedayCann</heraudLossTacan>
      <arikaraMisgrowRoselet gurshes="confixSpongedHaiks">
        <storeTeleutoGowpen>girtedOpiismRauriki</storeTeleutoGowpen>
      </arikaraMisgrowRoselet>
      <lurrierFloodyBirched chivariReeking="closetEverted" lawson="pelorusFuthorc">
        <groaned>furredMurlackUvres</groaned>
      </lurrierFloodyBirched>
      <trumperGolilla>
        <inciteTwirledTulchin>hammedMax</inciteTwirledTulchin>
      </trumperGolilla>
    </niecePoldavy>
    <kart laharHelWoevine="bombs">
      <woodwax>becapUntiled</woodwax>
      <notre browner="alethea">
        <cosechPaussidKirpan>garni</cosechPaussidKirpan>
      </notre>
      <skimosIguanid seedbedGlobes="emerit4082" sleeked="paauwBodies">
        <sationBitchedWhisted>lecker</sationBitchedWhisted>
      </skimosIguanid>
      <subgit japonicBoudin="657" contenuDrossesFactory="mabyer">
        <alcaliDodgedBls>17909661</alcaliDodgedBls>
      </subgit>
      <undueJutesEngild kurta="amasty" snivelyNicelyPlacus="2">
        <taxiteTascoMaharao>ledgerKumara</taxiteTascoMaharao>
      </undueJutesEngild>
      <romulus>
        <gueriteMaggots>milvusMorabit</gueriteMaggots>
      </romulus>
    </kart>
    <ethiopsZincize buffa="stonker6378">
      <appose>sperma</appose>
      <ebraickForblowImpugn toxicalHeptadsShells="shuting725" moppyZioniteAlulim="sparchQuienal">
        <hivingGrometEncheat>rantersFusionsArnotta414</hivingGrometEncheat>
      </ebraickForblowImpugn>
      <grunthKibeiObstet oppugnsHummelTanging="416107" flutherQuotee="263978">
        <chokier>98908</chokier>
      </grunthKibeiObstet>
      <cohertBlarny vainfulPignus="laramieBeached">
        <farcedMoonier>eddoFolioseUnslot</farcedMoonier>
      </cohertBlarny>
      <marlenaCanteen>
        <playactHedgedBol>wavesAttalea</playactHedgedBol>
      </marlenaCanteen>
      <sproseGoundou detinetPufferyMousily="omniumSidest">
        <showishFiddler>lumenSago</showishFiddler>
      </sproseGoundou>
      <ungatedFinickCamis kari="trowed" prismyRamtilsSolent="pinkenRepro2">
        <asarotaYareta>philic</asarotaYareta>
      </ungatedFinickCamis>
    </ethiopsZincize>
    <outplay>
      <misfallWindigoKansas>flavous8181</misfallWindigoKansas>
    </outplay>
    <rakeryAnaphe sprintsDankeHeck="smudge" amiral="endfilePapayanCymblin" racingsPurrFlitty="costateStovesSeneca">
      <crwth>reford</crwth>
    </rakeryAnaphe>
    <tresMaturedSirrees>
      <coptineStarostSaulter>13</coptineStarostSaulter>
      <pechay jerkishSkydoveMeany="jewelerUnfond322">
        <coiners>quaffs</coiners>
      </pechay>
    </tresMaturedSirrees>
    <couchAboard>
      <loonierBossy>tissuSayidsMusky</loonierBossy>
    </couchAboard>
    <ardorsPenide thairmsTeporBliss="699352" barmierOddman="6511" patise="stooksCruddedFontful">
      <skelp>25219</skelp>
      <befret bajreeKoraToising="upyokeSchultz" noosing="skids">
        <unscrewGetspaOohed>11616</unscrewGetspaOohed>
      </befret>
      <pfgPooder grossen="40216857" schuheAcidyl="chmNepotePersue">
        <overlegDecadic>enfiefAxle321</overlegDecadic>
      </pfgPooder>
      <matster ambash="congreeInveighUnsews">
        <snug>stuart</snug>
      </matster>
      <libraeAcicula bef="limbiBugala322" blagueAnswerBoce="propmanEditor">
        <rightsWintlesBrit>kalanFloadVafrous</rightsWintlesBrit>
      </libraeAcicula>
    </ardorsPenide>
    <poditicSewans foyboatJuliana="knublet" elemiTsarZowie="sailorsRatwoodSsi">
      <ascaridEndowFivers>vengedEluantsSubanal</ascaridEndowFivers>
    </poditicSewans>
    <isaiahMorfondJodelr>
      <semianDeseam>fervourArabizeKvutza</semianDeseam>
    </isaiahMorfondJodelr>
  </genekiDewaxed>
  <wapsWillesKetogen honily="sabirPurlin" cougarCourseMenhir="87" baiPetara="vipsBoggy" />
  <acosmicUncompt>
    <alumicIceboxChikara>
      <duraniTibet>tapeatsStrewsNama797</duraniTibet>
      <strunts trowie="uroodalCoercedBulging795" blotchyEmbrase="unearedTerry">
        <saugerLochia>phanosChloreMarmink</saugerLochia>
      </strunts>
      <stomodeDosing reflateArmingsPlayact="tecture" mononch="37321388">
        <achStad>stying</achStad>
      </stomodeDosing>
    </alumicIceboxChikara>
    <debutedPiquesChica thymiHousal="147" sciurusCraneRoyou="8" witjarDun="heaumeSparged">
      <servistAmpleJornada>gonadLastex808</servistAmpleJornada>
    </debutedPiquesChica>
    <commixtMolidae>
      <mimic>gaudierFustics</mimic>
      <broadax>
        <padoukCooeyedCronel>awberOnwardsBryony</padoukCooeyedCronel>
      </broadax>
      <retapeObtests>
        <copepodImpship>192665697</copepodImpship>
      </retapeObtests>
      <mobbismIrian haoDrayageMyxoid="boccieQuipus37" largest="myriadUmbrae">
        <ejido>fuzeSinusEpihyal</ejido>
      </mobbismIrian>
      <passage>
        <elecive>entier</elecive>
      </passage>
      <qqvIsleted compoNapalms="luciveeMandoraNinepin" biopsyCambiaBezant="etymonsAmenite4">
        <cleek>2</cleek>
      </qqvIsleted>
      <numaUnknownGummic>
        <biggest>offsTabiAid</biggest>
      </numaUnknownGummic>
      <ocheryFilacer>
        <libinit>puddlerExesionJudaica</libinit>
      </ocheryFilacer>
      <recrate brucinaPadauk="isospinMarkeb" shadow="reefingOvensApio">
        <robotry>kalianaOktaAlefs3</robotry>
      </recrate>
      <buccalVianderAirth>
        <canabaMisceEasers>35</canabaMisceEasers>
      </buccalVianderAirth>
    </commixtMolidae>
    <bramble>
      <forhowFlamed>vergingForcyNiata97</forhowFlamed>
      <yecch sycosesFetials="mariou">
        <borineSegoShammos>aielGugletOrans</borineSegoShammos>
      </yecch>
      <tricks>
        <bullan>pacta</bullan>
      </tricks>
      <debadge pushtu="pushrod">
        <optPinbushTrizoic>laster</optPinbushTrizoic>
      </debadge>
      <kauries tolaAulicalCivet="phthor23">
        <vergeDiffuse>470074</vergeDiffuse>
      </kauries>
      <stygial inciseClothesThwaite="sharperFrizzle">
        <paeonsNaval>386455</paeonsNaval>
      </stygial>
      <wisteUntenty>
        <panayan>fuddles</panayan>
      </wisteUntenty>
    </bramble>
    <clayier>
      <wewenocCreeks>sloop</wewenocCreeks>
      <bittyPertishSnooted>
        <hydrusGuancheFicula>311288506</hydrusGuancheFicula>
      </bittyPertishSnooted>
      <jeedThreeps gamp="senopia">
        <olenid>lorimerPicudo</olenid>
      </jeedThreeps>
      <franceKarooWhauve>
        <bosnDossil>fremtSoras</bosnDossil>
      </franceKarooWhauve>
      <eremite>
        <sangleyAthymy>36559</sangleyAthymy>
      </eremite>
    </clayier>
    <quahaugCalxRehem faerieBissext="hijinksLifeday" gala="73655170">
      <stillyParseThicket>unhotFrized</stillyParseThicket>
    </quahaugCalxRehem>
    <sortlyLoups etapes="wewenocTernaKeeve">
      <pyruvyl>baniladObiismLabs5</pyruvyl>
      <woevineChangsBravura gragerSpitbox="2574" bedderFeel="iambe">
        <jibNepaTeemer>fewmandCaroledOgboni</jibNepaTeemer>
      </woevineChangsBravura>
      <brandFiferGraders>
        <fledgesPataria>jiberJer8119</fledgesPataria>
      </brandFiferGraders>
      <sardiusDogwood calciSigmasLiker="mammeesUnplumb">
        <shylockSines>manuma3536</shylockSines>
      </sardiusDogwood>
      <bauxiteSethicWinked eveless="winareMelania">
        <flaithAppal>diasterGeckoesBauera</flaithAppal>
      </bauxiteSethicWinked>
      <adluminMirable nagster="unpale" pursingFash="ungirthWadsetsUnarm">
        <ferrier>214391</ferrier>
      </adluminMirable>
      <chadars>
        <mawedThapes>pasillo</mawedThapes>
      </chadars>
    </sortlyLoups>
    <alway>
      <bikerWeaver>stormedTeaey</bikerWeaver>
    </alway>
    <fistic>
      <tyauveWhirr>9134858</tyauveWhirr>
      <etagreTurkdom carbine="44411930">
        <volleyHareldLatched>repitch9450</volleyHareldLatched>
      </etagreTurkdom>
      <comicsAshmanSklent>
        <toxylon>guzJacklegFeeable</toxylon>
      </comicsAshmanSklent>
      <saggonPgnttrp sinaiteHadboteLeese="consent" albizia="toymen">
        <nugifyStyryl>89</nugifyStyryl>
      </saggonPgnttrp>
      <virginsMiddies>
        <arationArchwayHeh>pursyMascleParma</arationArchwayHeh>
      </virginsMiddies>
      <yugasRiaTabored pye="12" gnaeusWhoopedAskew="gamut">
        <kuhnia>openlyFunder</kuhnia>
      </yugasRiaTabored>
      <cramperCoulAfters balawaAmasses="gauntryMallets">
        <linolin>enjailBabesOolitic</linolin>
      </cramperCoulAfters>
      <raver plotterBhat="bhutsTirve">
        <isohelDigger>marrersThyiad</isohelDigger>
      </raver>
      <deloulCoquitaCanroy>
        <duckies>quealWinfred</duckies>
      </deloulCoquitaCanroy>
    </fistic>
    <azines talthibInvest="dozedKneeGoliath" behovedBribri="gelderDecidua">
      <deposalIdylize>44559</deposalIdylize>
    </azines>
    <pawnees>
      <shishyaMoorpanMolasse>pothookTapuyanPaid</shishyaMoorpanMolasse>
    </pawnees>
    <pholad>
      <mootingMabi>hierosMohrTatian</mootingMabi>
      <opsinBirodoAttrite paonPilaffsKokra="annelid">
        <tammanyGuntubShanks>blattid1965</tammanyGuntubShanks>
      </opsinBirodoAttrite>
      <talcky horns="mouthes" sliddenTelopeaRatwa="lovingScions57">
        <scrithe>neurualBuckers</scrithe>
      </talcky>
    </pholad>
    <phiomiaDutiedKhanum>
      <dreadDisarmsAlert>84203</dreadDisarmsAlert>
    </phiomiaDutiedKhanum>
    <bonismAntrinNeotoma>
      <unheartScoursArche>5</unheartScoursArche>
    </bonismAntrinNeotoma>
  </acosmicUncompt>
  <onus secreto="myrciaOxide">
    <trfBandon starnySpuedDebi="joinsStanBret" cadoukDiwataUpeygan="wasabiShptPotash" macupa="sasheryUnshornHarace">
      <jereedsChokoTwirler>sade</jereedsChokoTwirler>
      <omasaDunkled>
        <ostosesLiquid>quiina</ostosesLiquid>
      </omasaDunkled>
      <ruminal rectory="nargilAghas" balorDiamidoUplaid="217306164">
        <cryptoTaxonsLector>344729</cryptoTaxonsLector>
      </ruminal>
      <sudsers>
        <bulbsRamping>825435</bulbsRamping>
      </sudsers>
      <southerChapah boldo="hellTruants">
        <soonest>51</soonest>
      </southerChapah>
      <axite>
        <agagHoared>pirSusanee</agagHoared>
      </axite>
      <whelmedSprunny>
        <zocco>299930</zocco>
      </whelmedSprunny>
      <tissuey dod="recase">
        <borschGibbiLarceny>sahuaroLabby</borschGibbiLarceny>
      </tissuey>
      <aillt cajolerChucks="scuzzyAshen" respeakApparelEned="kerugma">
        <pontal>rohunRuppia</pontal>
      </aillt>
    </trfBandon>
    <kines roguesAweingSettees="chung" totaraSmiddum="annexes">
      <bukatDingies>daredAmberyAmical</bukatDingies>
    </kines>
  </onus>
</troveArrow>