<?xml version="1.0"?>
<managedChacoBurgage>
  <machogoNewtake effeteWeetyCooty="paraxonBetakeLinolin" tetradGenizah="tolledFieryTrunked" geneseeTreadleKatinka="776907">
    <pinklyLingulaHeister odorousGibletsAdject="axolotlLudo" labeledHowderYogurts="revent" balasesGrandam="bellyFrag">
      <ramneek>32</ramneek>
    </pinklyLingulaHeister>
    <unsound>
      <usninicSprowsy>exolve1617</usninicSprowsy>
      <suberinAutonym>
        <serviusInchantKnees>peakerNarra</serviusInchantKnees>
      </suberinAutonym>
      <bhishtiFucused ament="1252" baymanFaringIcy="202">
        <lepanto>stragBromalsBundled893</lepanto>
      </bhishtiFucused>
    </unsound>
    <laurieFanionSlimsy attyVarshaBuilder="unablyXyst">
      <sloidsEsguardRoux>pondlet9707</sloidsEsguardRoux>
      <gemsesReplialShaver garishMandyiWhelve="7" radialeDimers="drazelCalcateAgnus">
        <picture>gringo1720</picture>
      </gemsesReplialShaver>
      <polacca>
        <vakeelsMezairBeeth>eckleinRebrickSoth</vakeelsMezairBeeth>
      </polacca>
      <empaledErgsNataka sceniteGrandadDesktop="drooptBrawls">
        <harmins>tawieBract</harmins>
      </empaledErgsNataka>
      <partageSplints warwolfJellilyDali="shargar36" ootid="porailCoterie">
        <mayeye>865097</mayeye>
      </partageSplints>
      <bungerBrasierExotics faucalCond="freedomTartletRaftman1" splatGlaum="pleisBreadenSwings">
        <pilm>lazyish143</pilm>
      </bungerBrasierExotics>
      <encomy ectypes="klickOppressSloths" cedaryZionism="peddles">
        <escrodProtypeFacund>caproic</escrodProtypeFacund>
      </encomy>
    </laurieFanionSlimsy>
  </machogoNewtake>
  <chartsPolygamSadhu sepsinMoorupSemsen="5" />
  <impede coulure="76" drammerScriptsSnappe="4" thurstLingVesuvin="scalmaJulole">
    <hamuliBussing armitCurares="shunnedUndock757">
      <arided>60</arided>
      <cupsful quercic="eggKeidScr">
        <jenniesClingedVeers>abubble</jenniesClingedVeers>
      </cupsful>
      <snacksBouser kuduUglifyLitai="pintadaQuintetTautly" wilsome="lyrurusGiliak">
        <porterDkg>summarCorby</porterDkg>
      </snacksBouser>
      <decodesNebulaeSall predusk="clotty" clinahBongsMalati="ohareZythem59">
        <vinoLardoon>enfirmAntares</vinoLardoon>
      </decodesNebulaeSall>
      <seducerCoraise crazierUllagesFoxfeet="gourdes">
        <enateChiviedMealer>snubbeeRecourCopilot2023</enateChiviedMealer>
      </seducerCoraise>
    </hamuliBussing>
    <eidolonAnhinga>
      <haply>woodsiaLoobyBanago467</haply>
    </eidolonAnhinga>
    <dizzy>
      <pentyne>uncreamBarret</pentyne>
      <your gone="pyroid" whummleSockeyeMonsoon="hoppedKrishna">
        <dugglerAgoniedBegall>japonicSemenCrood</dugglerAgoniedBegall>
      </your>
      <boyardChilte>
        <zophoriPadigeSond>dipnoid714</zophoriPadigeSond>
      </boyardChilte>
      <nextRauqueKoppen catskinMazama="knawDevisee">
        <cloquesFlocced>noteHachisGemming</cloquesFlocced>
      </nextRauqueKoppen>
      <verger actgBrewstLimed="tuberinTiphead" bebiteAuricVoyeuse="opuscle926">
        <mestomeSunnasLamiter>jockeys8</mestomeSunnasLamiter>
      </verger>
      <targerSwisser prosilyBangash="ctrl" reefedErasingRhema="ribosesNoerror9">
        <carissaMesa>glaredWheezerNist</carissaMesa>
      </targerSwisser>
      <cachaca besagneBoers="yaqui" caveletJuryman="scaphaTikeSmiling">
        <shnook>peshito</shnook>
      </cachaca>
      <coms ravesTiercelFrypans="60553794">
        <hareburPerturbIsbas>sistenCatenaThule</hareburPerturbIsbas>
      </coms>
      <idealy metae="warshipLamb">
        <maidlyAutem>populumBearing</maidlyAutem>
      </idealy>
      <bourse>
        <allot>coating</allot>
      </bourse>
    </dizzy>
    <buncoedDarnels rectoGidgeaNitwit="idionFlushedAleppo">
      <mosserExpositMizzen>9519464</mosserExpositMizzen>
    </buncoedDarnels>
    <bosquesCormelsSnodly>
      <detrectKibble>sherds</detrectKibble>
      <blankly abnakiTenuous="3">
        <metamer>gauzily</metamer>
      </blankly>
      <thebaicKeslep>
        <euvrouMoonNork>drubbed49</euvrouMoonNork>
      </thebaicKeslep>
    </bosquesCormelsSnodly>
    <kirundiRubbing>
      <berserk>extraMayoralSystole5</berserk>
      <genes haplite="dimera">
        <bitesDeavelyUncap>vahine</bitesDeavelyUncap>
      </genes>
      <eclegmeDailLida>
        <peglikeSubseptTodidae>fesses</peglikeSubseptTodidae>
      </eclegmeDailLida>
      <rusaIndices>
        <onagerWitham>autismsSqd6</onagerWitham>
      </rusaIndices>
      <amerismGnsNeumes timerauMaximMystics="baching377">
        <aspread>3</aspread>
      </amerismGnsNeumes>
    </kirundiRubbing>
  </impede>
  <subbankPegallIlkane dicotylGlennPume="penseesJaybird" heii="21930" harrow="scodgy" />
  <athort>
    <bromous>
      <egallBarnageSexuale>balatNutriceTeems9</egallBarnageSexuale>
      <recrewPiratry odaWidenSpats="wasntPoroma718" interjRameesAmapa="vodSevensStria">
        <bistPunaiseBogo>47557185</bistPunaiseBogo>
      </recrewPiratry>
    </bromous>
    <assifyFolksyAkcheh>
      <cuscus>aggrege</cuscus>
      <troking shamus="olykoek">
        <markedAmmonia>357709585</markedAmmonia>
      </troking>
    </assifyFolksyAkcheh>
  </athort>
  <dufferChirrs />
  <dlr gridedMisseemTailpin="866995410" psoae="busesDobras" />
  <irenicaDamplyClued feyestSunkMackins="manorDuretHeinous" uprootQuestFiats="etamin67" rotaryDevoted="215862864" lawmenFurors="assetsPeltastArenose6083">
    <affraysPenicilSteno bowlObias="uninnPenmen" widenedTypicum="tarascoShowyPothos">
      <pronaoiRingatu>batadInermiaSeizor</pronaoiRingatu>
    </affraysPenicilSteno>
    <vampersTenuredCutes turfingMowth="enstarMoxa2">
      <sonants>batad</sonants>
    </vampersTenuredCutes>
    <buboBaganiSlaking jewy="9510">
      <pedataEctalGledes>643</pedataEctalGledes>
    </buboBaganiSlaking>
    <mulish namelyAedileBaghla="debarZags" stratus="partureDissait">
      <straw>cacas378</straw>
    </mulish>
    <yeastAlumnae>
      <thiazolBonderDelimit>loudish</thiazolBonderDelimit>
    </yeastAlumnae>
    <decernsMuscly>
      <herbsProtendDungs>6</herbsProtendDungs>
    </decernsMuscly>
    <warrand>
      <juices>shiismCymenes</juices>
      <emetins sottie="unwrapUnarmSaft">
        <brandiKnops>rapes</brandiKnops>
      </emetins>
      <toss adletCarpaleWeemen="reveredCaruagePyocyst" lambastDankerSpoorn="329765">
        <nattleTimidly>johnnie</nattleTimidly>
      </toss>
      <whataGrackleLubrify lastsWrongsPosadas="bromian9481" siecles="255935">
        <doomingUrledMagnes>7273</doomingUrledMagnes>
      </whataGrackleLubrify>
      <preomitAgtWhelk>
        <pariahLunateOffings>selsynsTrochidTuism</pariahLunateOffings>
      </preomitAgtWhelk>
      <stipe>
        <raffle>unbuildCumbersThumb</raffle>
      </stipe>
      <impinge robedGroszWhimsic="outfits">
        <vinny>neurula</vinny>
      </impinge>
    </warrand>
    <ravisonBaddest clayish="unbung">
      <spragStutSurrey>sylviid186</spragStutSurrey>
    </ravisonBaddest>
  </irenicaDamplyClued>
  <backsawDudmanAlphyl angstKodaked="racon" kidcoteSignets="delimeSuintPholas" eclegmMansard="armer" semify="4884">
    <sunroseFannies>
      <embraidAntaeanBuffs>4934</embraidAntaeanBuffs>
      <vedantaParurasInclude>
        <enaticAcuter>blipsEloise</enaticAcuter>
      </vedantaParurasInclude>
      <swotKarate>
        <gurdle>ungamy92</gurdle>
      </swotKarate>
      <tasFleabug>
        <cobitisSicular>8313827</cobitisSicular>
      </tasFleabug>
      <viscoidCashel deject="fatuoid">
        <malik>lupous5679</malik>
      </viscoidCashel>
      <wallowsPfunde slamMonas="unseam">
        <gigletTeaboyPredry>fakirsThiasiAlodian</gigletTeaboyPredry>
      </wallowsPfunde>
      <tivyLubricManlily schute="culpateBrochoSpinals" refulgeCauseurUnswell="writerVela">
        <trocha>clotterDbl2101</trocha>
      </tivyLubricManlily>
      <pluckyHankGuanare>
        <dogalSunnud>klutzesRivulus</dogalSunnud>
      </pluckyHankGuanare>
      <strainsJobbers thecal="vayuFecAtaxias" eyrSwoony="foragedComplotFives79">
        <javelotCession>pocketyCrucilyPatesi</javelotCession>
      </strainsJobbers>
      <disusesAlang gorhensBota="triterPoligar">
        <unmewsSplines>nunbirdAnetic</unmewsSplines>
      </disusesAlang>
    </sunroseFannies>
    <resailDimoutsVeteran>
      <smut>blawsWellat</smut>
    </resailDimoutsVeteran>
    <aditioSpeared gnars="botoneeTabusApeling">
      <curacyPayeesOgees>yether</curacyPayeesOgees>
      <aliningDerrid parredHeavingRetros="sapoWarms">
        <stram>ayin</stram>
      </aliningDerrid>
      <barileToxicalLieger>
        <mabela>asceses26</mabela>
      </barileToxicalLieger>
      <cliteGaffsRattle>
        <kelehCubited>899</kelehCubited>
      </cliteGaffsRattle>
      <bidetsConi bridles="nirlesSurfers8">
        <rushes>cotanPondage</rushes>
      </bidetsConi>
      <copycatGin leisureVolventSeaworn="cad3" gladierEasilySained="monadsTuckedFellen">
        <esteemsPauseOneness>armureGynuraTobe</esteemsPauseOneness>
      </copycatGin>
      <axialRespelt vulgusFerrier="medle" unpaveGoggaLivens="obeseEluvium">
        <apteralDiadrom>dukkha7219</apteralDiadrom>
      </axialRespelt>
      <clavialFanit widdleTomponCerule="dorr">
        <plewchReagreeGowf>damonePistilsDrongos</plewchReagreeGowf>
      </clavialFanit>
      <panamicVotal ploughs="sightsPicara24" kinkly="hanaperHaywire">
        <alkenesPortentVarios>laudianTommed</alkenesPortentVarios>
      </panamicVotal>
    </aditioSpeared>
    <wreaksAmbleFloush drupaFakeers="uraniteAmazedTou469" middledFavusCitric="cohue">
      <grass>limpishFaminesImage</grass>
    </wreaksAmbleFloush>
    <guajiraCongeesGibber usuryPetecaPythian="bestealShacks">
      <leakChinner>italonHegemon</leakChinner>
      <furtiveHuffy missaCaszielFley="enlightKongCzechs">
        <macaberHuddler>cogue</macaberHuddler>
      </furtiveHuffy>
      <paronym agistedPeriled="46160473">
        <humatesTyreGlide>9668</humatesTyreGlide>
      </paronym>
      <folksy oceanedAcloudAcolous="413" giftureSpontonStaggie="dumpingAminsPeitho">
        <smuggerUnsulkyAequor>puces</smuggerUnsulkyAequor>
      </folksy>
      <nutOscellaExiling babyishZaparanKitten="outeateAngsterDonet">
        <anticLydianRenone>novellyPaxwax170</anticLydianRenone>
      </nutOscellaExiling>
      <gummyReason yojuaneChayotaTricon="71847" ogmicBurdieTakeing="salteeMelilotPurdy">
        <barbell>taxatorLocableMinyas</barbell>
      </gummyReason>
    </guajiraCongeesGibber>
    <morro ergsBeady="frutexCausae">
      <bowpotsCrowdieKarri>burialFlymen794</bowpotsCrowdieKarri>
    </morro>
    <psych>
      <veinierAttagalGunport>tincFirringMmfd</veinierAttagalGunport>
      <rented>
        <lambdasTanha>thawy</lambdasTanha>
      </rented>
      <hermiAracana tuneboSag="8" buraoGranaryBeinly="speakApioid">
        <ductorStod>deiform</ductorStod>
      </hermiAracana>
      <laudistDeviledZill openersJarsful="musicConvect" octaneRemeant="chitinDeking">
        <tongingBolagApplot>foxlikeJudaicaPois</tongingBolagApplot>
      </laudistDeviledZill>
      <waxHyenasShaird ohvMoujiksCoseism="madtom269">
        <scampedIncitedSaimiri>999738</scampedIncitedSaimiri>
      </waxHyenasShaird>
      <flatus knack="upshotsWorkbagRoundup" goldarn="sorterUmberedHerd">
        <creeds>hawkiesAtangle</creeds>
      </flatus>
      <exomion embricaRustleGawgaw="76942" redanBdftCheir="kraut">
        <tind>moop</tind>
      </exomion>
    </psych>
  </backsawDudmanAlphyl>
</managedChacoBurgage>