<?xml version="1.0"?>
<stills>
  <ganzaCimbalChapes alonsoClutchy="bravosNoh" diapirsTwireCrudle="jangheySquatlyGenghis" gabbing="21111" marqueAzafrinTinemen="querido">
    <sunroofHoseman reetInvitesArbs="monias59">
      <gouryKrait>moorish</gouryKrait>
    </sunroofHoseman>
    <thionin bokeFyrd="integerMagmas">
      <bultellDepair>cabuyasVirgate42</bultellDepair>
    </thionin>
    <golfedForbyRyme>
      <plannerViveur>517</plannerViveur>
    </golfedForbyRyme>
    <chapTugrik>
      <sparsimPlankedBrauna>mulatto</sparsimPlankedBrauna>
    </chapTugrik>
    <miami chuckerQuataBouvier="cotidalSappersStulls" complot="crusileStounds345">
      <sweatTouslyOverarm>73943550</sweatTouslyOverarm>
    </miami>
    <effacedInt>
      <boldine>midgesArachic</boldine>
    </effacedInt>
    <sher>
      <elrageParroty>sullenEcdysesIdolize88</elrageParroty>
      <friendsAnalyst>
        <aucan>soddiesForseeCowshot</aucan>
      </friendsAnalyst>
      <awnsOck agapeicHektareLearns="wiros">
        <none>19097</none>
      </awnsOck>
      <hellerColletJanitor roucheQuarta="6489038">
        <crestedYirkToadess>gledge</crestedYirkToadess>
      </hellerColletJanitor>
    </sher>
  </ganzaCimbalChapes>
  <halveClimax golpGaolageDeeping="redial" miffyBiloSwadder="chewieClipeus" defoam="typha">
    <beauish>
      <sodworkBimane>jazyges</sodworkBimane>
    </beauish>
    <snoga>
      <bawdryPawky>packetsFlak</bawdryPawky>
    </snoga>
    <kilnedLumpilyBeeware>
      <boozer>longfinRefavor</boozer>
    </kilnedLumpilyBeeware>
  </halveClimax>
  <apepsyPatel pummelsPardhanKeach="dunts" traitsNomosSubgit="geodeteRevalue10" deityWae="mitzvahTheliumOpalish" davies="ensuedOaves" />
</stills>