<?xml version="1.0"?>
<spoonyUitOozy>
  <pacsKingingTarie buretsSelahs="640939811" sokulkWingsSunyie="sinksFiedProsper">
    <cater>
      <babyismProtonsStadie>40069956</babyismProtonsStadie>
      <aeriesAflareAlsine rajiv="paunchy">
        <luketCarhopsFrasier>zymaseZoqueanErvils</luketCarhopsFrasier>
      </aeriesAflareAlsine>
    </cater>
    <sastean>
      <umbellaAdarFinials>outlySmouse</umbellaAdarFinials>
      <boranaAudits eliotMarkhorGuglia="6">
        <speerEvoe>jelliesSortitaSarins</speerEvoe>
      </boranaAudits>
      <tandyBeams scourerHeftier="coloredColport" sambaraPurdy="comarcaSanyasi528">
        <seposeFiscalsAnimose>tatesPinkify14</seposeFiscalsAnimose>
      </tandyBeams>
      <forbidsBtlWherve winked="whitingBaggeKadi">
        <brisses>230</brisses>
      </forbidsBtlWherve>
      <brandy>
        <eludersGruellyThorter>bickYappish</eludersGruellyThorter>
      </brandy>
      <hardieSelionEntraps dittoAum="hairnetIlotGrooms">
        <faverel>59</faverel>
      </hardieSelionEntraps>
      <fulvousLunet gadsmanDiapirs="squeezyPortlet" ashamedGyms="rapeRevRelists">
        <dusking>bathsCongrid</dusking>
      </fulvousLunet>
      <saxons versetsWingSemarum="tepanecTeanLivian">
        <crewmen>ovisTawsedRasure</crewmen>
      </saxons>
      <tiglic>
        <deringaTammany>ticalViner</deringaTammany>
      </tiglic>
    </sastean>
    <hiatalCuratBonzian>
      <pulpar>81759</pulpar>
      <shogSpindly>
        <reflex>hodgkinJndWhirley</reflex>
      </shogSpindly>
      <gaonicYawy>
        <place>aniceSacks</place>
      </gaonicYawy>
      <awakingThiuramAntiq>
        <hash>beriber8</hash>
      </awakingThiuramAntiq>
      <khotan mussuckGorhenSputta="9155">
        <fribbleCassadyVagus>8619444</fribbleCassadyVagus>
      </khotan>
      <pekoesProvolaBidarka huffed="54">
        <fecksBdeReffos>cpl</fecksBdeReffos>
      </pekoesProvolaBidarka>
      <mesallyOveragePassee ajitterSoul="hastes">
        <kists>starkenBoldin6</kists>
      </mesallyOveragePassee>
      <unfrail rootersSoftiesAlteza="dewcapCelaenoInseam">
        <scianJibbersManilio>phrensy</scianJibbersManilio>
      </unfrail>
      <oontDotardsShamalo tigrishZygoses="actusClunistNotaeum">
        <widensRefont>wheengeTentilyMinima19</widensRefont>
      </oontDotardsShamalo>
    </hiatalCuratBonzian>
    <gpadRevomit pens="chee" yohourtCubistsMangler="paguma">
      <manieSkyrin>5835</manieSkyrin>
    </gpadRevomit>
  </pacsKingingTarie>
  <tarrassHamlineLimacon tubasApish="gawkingForayerTimeful" onboardFlattieTutee="61547" vendsUngiftPac="tantrasLlanoPerempt" />
  <pinkyLank antenna="turboJughead532">
    <dozenth>
      <dumbleFixgigUsque>percept6</dumbleFixgigUsque>
      <gaugesDurgahAmolish>
        <shamal>tropeinAxillaScooch</shamal>
      </gaugesDurgahAmolish>
    </dozenth>
    <soleret>
      <snailyExcited>9</snailyExcited>
    </soleret>
    <racoonsPygoferCockle>
      <ailingQuiraGated>oakumsUnwater</ailingQuiraGated>
      <sneaksLoquatsCradle adjuteWiner="profert" basSupreme="151307">
        <creaghtFacy>arcadyDoni60</creaghtFacy>
      </sneaksLoquatsCradle>
      <canilleAbassin asimmerSimkin="trowCurfewTidife" tertial="187">
        <ochnaRedcoll>277340</ochnaRedcoll>
      </canilleAbassin>
      <forBrumby geyliesHewDetenus="80762923">
        <coetus>tridii</coetus>
      </forBrumby>
      <smudgedRegill tagassuLicksIbota="coinfer" beeryFengiteCarduus="miships">
        <daisiedGarble>aouad386</daisiedGarble>
      </smudgedRegill>
      <cerideKhedasCoteful>
        <upbeatsClayeyPoses>crinkleComanic</upbeatsClayeyPoses>
      </cerideKhedasCoteful>
      <upgirdsUndrew>
        <sobby>tytForfareCardo</sobby>
      </upgirdsUndrew>
    </racoonsPygoferCockle>
    <cinelChetif>
      <hung>lanchaHabuka</hung>
    </cinelChetif>
    <disavowGillnetPunkt engages="38225" jeopardNilghai="nifleDoughLeto" cabblerCharqui="9680">
      <koinesHalfaDuree>clypeKaroosCheths</koinesHalfaDuree>
    </disavowGillnetPunkt>
    <officerAdletCatspaw>
      <forgiveSmallRhizoma>cloveEpicede</forgiveSmallRhizoma>
      <myrrh meanestAbendBinomen="tendsDevoteGraysby" tifterChowsedBeclad="fasherGreyerLeally868">
        <spatteeTroutyEscorts>skippedSpokesIrises7693</spatteeTroutyEscorts>
      </myrrh>
      <untill>
        <orthianRolfMarkab>seisesDiplomaAscence546</orthianRolfMarkab>
      </untill>
      <strikesMixible cuminolWink="silkingRaptors" ballismSelenic="petardReplaceStupe">
        <flectDishyEozoic>girosFolioseOuttop</flectDishyEozoic>
      </strikesMixible>
    </officerAdletCatspaw>
    <leptusSparidsNation>
      <trammanEmended>craningMaghi9285</trammanEmended>
      <pshawed coaxesPalmateSewings="unboatTressesLapse">
        <latrialOpaquerBersim>wytedAbakasTribade</latrialOpaquerBersim>
      </pshawed>
      <emoter>
        <hayloftSkyphoiUchean>kalkvis</hayloftSkyphoiUchean>
      </emoter>
    </leptusSparidsNation>
    <bumpily>
      <hopersBuzzesBarish>pioned</hopersBuzzesBarish>
    </bumpily>
    <loc>
      <inedita>583467</inedita>
      <yep>
        <befleas>strook</befleas>
      </yep>
      <dizdar plunger="brutage" wields="guffsEscoba">
        <copaivaJiff>2256839</copaivaJiff>
      </dizdar>
      <patucaEsmayle gessoes="888431">
        <ambar>unfurTrocar10</ambar>
      </patucaEsmayle>
      <mehrdadPanicFluidic>
        <galeid>artemisTurvy</galeid>
      </mehrdadPanicFluidic>
      <boxersBelaudGemini refulgeCoticed="amores993">
        <elflockVain>accoilAfire8</elflockVain>
      </boxersBelaudGemini>
      <groanQuaeresJawing cptSivers="7606" kinsmanGongedSpooner="stickleOptima55">
        <prp>nagsmanSenusi</prp>
      </groanQuaeresJawing>
    </loc>
    <cassiusMegapod tommerLampfulDicks="cultistMawn658">
      <sistle>lawings</sistle>
    </cassiusMegapod>
  </pinkyLank>
  <outglad seisingSmackedMikrons="6" opticonTriaticWiyat="giocoso43" />
</spoonyUitOozy>