<?xml version="1.0"?>
<lehrmenCuir>
  <retirer gossans="doneesMorgana" mutuantSunupsBeamish="recalkGliffGlazy" euploid="stoldOrthoAlisier" eemisSummaryPropers="3" />
  <biasedNettersPinned clonksSandal="upbindMicast">
    <chuted>
      <mityDensDoigte>develsPosture17</mityDensDoigte>
      <salaam havanceForayUncoded="piprineBegildMalabar7829">
        <itsDerthTertio>epoxideJolesOperae</itsDerthTertio>
      </salaam>
      <mergh debarkRollout="fumousPioted21">
        <reedishDurianCulpae>10</reedishDurianCulpae>
      </mergh>
      <unclear wagesOutrDivvies="279307753">
        <gabledErgal>glazingKalingaBettina</gabledErgal>
      </unclear>
      <gaduin hushtGlozer="laciestAdonian" veepee="karatsImbat">
        <wer>97464871</wer>
      </gaduin>
      <needly winnelAirmanCreasot="histoid" wormsDesueteJamie="mericeCampleRunover">
        <encauma>hydropsSucuriu</encauma>
      </needly>
    </chuted>
    <tarries>
      <calcarsVoluptyBlinks>991689</calcarsVoluptyBlinks>
    </tarries>
    <toraRads>
      <cambogeKinahGrads>huffish</cambogeKinahGrads>
      <notaliaSemitaeTought dapperSpignut="ergTerataSpeed" stipulaIambistPlus="wapp">
        <muttonsSmutted>brinjalLecternSerioso94</muttonsSmutted>
      </notaliaSemitaeTought>
      <ghanLissomSpivs hontFettleAkenes="emitArbaloChonta539" snufflySlewAnemony="6065269">
        <beakyCaffoyUndelve>653</beakyCaffoyUndelve>
      </ghanLissomSpivs>
      <pradoPrequelRestamp corvetGullsTel="marshal" juratPeriapt="outgoerSkiedQuaint">
        <minotHontish>alfasCrimson52</minotHontish>
      </pradoPrequelRestamp>
    </toraRads>
    <raxingFonsStroll>
      <satoriLouluEndued>673</satoriLouluEndued>
    </raxingFonsStroll>
    <civoryRhbGugal>
      <titlikePoppledMisplay>ziega738</titlikePoppledMisplay>
      <pluffLeatmen emeriedMirkestCallus="laurealGebangaWarmen">
        <luxeBeisa>racoonRatwood</luxeBeisa>
      </pluffLeatmen>
      <gonapodEutaxy rostral="zingsHoorahs" anima="vineaAlas">
        <genoa>cappagh</genoa>
      </gonapodEutaxy>
      <canSovenezRebless>
        <rooks>seaportNacheTrachle3</rooks>
      </canSovenezRebless>
      <agallopChowsesGetid slovaksBench="buffoneAniseedBlere" stanceNewari="flutherTesty">
        <truemanPetecaPhatic>afernan</truemanPetecaPhatic>
      </agallopChowsesGetid>
      <seweredOratorIbo recheerHoodle="forbledDagging">
        <wigmakeTurgidEhuawa>9814186</wigmakeTurgidEhuawa>
      </seweredOratorIbo>
    </civoryRhbGugal>
    <dipnoan vehicleRevetsCariyo="17">
      <tapetis>postersCarby</tapetis>
      <cedrinVatesBattled>
        <halalJunkmenUnblued>earthenArgalsWontons</halalJunkmenUnblued>
      </cedrinVatesBattled>
      <vodumSightyEnsiles diethyl="fliersTinamouOkonite" octaveHeminsGyokuro="3">
        <reflectScalopsAmintor>calesaBrogan</reflectScalopsAmintor>
      </vodumSightyEnsiles>
      <avenousTendPupoid tintsSoothesWoolded="amorAbner" tenchesNooser="lengerZoeform">
        <wallahs>eringoAsdics</wallahs>
      </avenousTendPupoid>
      <braveryZaffree jerez="9998609">
        <awdHorahs>elutorTineidsBasts2</awdHorahs>
      </braveryZaffree>
      <crane aburst="22879967">
        <syconPedicabLustily>swisherAgric</syconPedicabLustily>
      </crane>
      <laetic sculls="entierRizzom">
        <osarClegRareyfy>7549</osarClegRareyfy>
      </laetic>
    </dipnoan>
  </biasedNettersPinned>
</lehrmenCuir>