<?xml version="1.0"?>
<sailedLimnal>
  <pruigo mincioVealierLuella="oronoco" arrayan="124859">
    <exert>
      <mangoCloningYore>arageSitaMoop94</mangoCloningYore>
    </exert>
    <bannetsDustier stichoi="marbleCowpeaWayne" weanTannaicOlease="payong" defiledGulledDeil="mirthFlappetQuinine">
      <evenlyPartisPettah>sioningCrayons</evenlyPartisPettah>
    </bannetsDustier>
    <pokers abiosesEciton="pottaroUnmask8" pteromaNiduses="shiKairin" perigon="dinked">
      <jarfulsChai>purlinsWhealDoddart889</jarfulsChai>
    </pokers>
    <upheldIslingFurilic twinly="touart" dhoteePuttan="joyletPreidea">
      <opulusCreaze>4</opulusCreaze>
    </upheldIslingFurilic>
  </pruigo>
</sailedLimnal>