<?xml version="1.0"?>
<voltage>
  <outrOperonsGambits tussehsMidairsPampean="idoletBaptYowls" />
  <curlSnortleGriped spire="buckuPlaguyPyrus" cabotin="swilkie">
    <marquesScaselyArcaded>
      <outdoesHutzpahThutter>intube</outdoesHutzpahThutter>
    </marquesScaselyArcaded>
    <siliconLeapfulAbutter fadingsAllures="tink" halsenLunches="fugging" cafes="biverb">
      <eof>29</eof>
    </siliconLeapfulAbutter>
    <tussehInseamsBluntly>
      <augitesTorchesDelate>shantisStands</augitesTorchesDelate>
      <nudzhMessireFrother>
        <hounderGogga>quakingMourn</hounderGogga>
      </nudzhMessireFrother>
      <aitionPannerChitlin atropia="509" lamestPloppedTies="sixthlyMarches">
        <condorsBaldricUnwedge>drama</condorsBaldricUnwedge>
      </aitionPannerChitlin>
      <carafeAgaroidMufty charryKukeriElul="urology">
        <hoselsStriped>766058</hoselsStriped>
      </carafeAgaroidMufty>
      <walkwayStarverHoolock theirBiurate="criolloBecrampLectual">
        <amidate>marek</amidate>
      </walkwayStarverHoolock>
      <canersWaybill camisSauroid="blitheEvites">
        <filling>herero</filling>
      </canersWaybill>
    </tussehInseamsBluntly>
    <acolhuaFingan>
      <rechaseResaid>toecap56</rechaseResaid>
    </acolhuaFingan>
    <lombard>
      <abductKarthli>amasDeejayCursing</abductKarthli>
      <avidinNonsine>
        <hooeysPodia>898</hooeysPodia>
      </avidinNonsine>
      <tendry ausuboBalaena="resteepRehearsNonrun">
        <terminiNincom>wessandTongue</terminiNincom>
      </tendry>
      <dugglerOmsHelenn alignerEgad="awlVigninAngulus" horsilyHovelerDurrin="90343">
        <wuzzleMockingDawtet>scuzDesk</wuzzleMockingDawtet>
      </dugglerOmsHelenn>
      <sappily>
        <primy>panneryColumboAramina</primy>
      </sappily>
      <lys sun="honoredAcnodesWriteup" degluteSqueezy="uterineInwinds">
        <germainHalitus>cumyl</germainHalitus>
      </lys>
      <arenigSuberin outrunBooties="skybalWhein">
        <sapiaoSalvage>53960</sapiaoSalvage>
      </arenigSuberin>
    </lombard>
    <mistier>
      <ellingeWallows>harrisRethrow</ellingeWallows>
    </mistier>
    <timberNolo>
      <revilerCothMajorat>becardMowseAloose11</revilerCothMajorat>
      <mediary lokiec="313242">
        <leanViperid>keitaGrundelSaquaro</leanViperid>
      </mediary>
      <fasterSobbed>
        <dsriTickieOleg>415897</dsriTickieOleg>
      </fasterSobbed>
      <ilongotIambs lunganMolify="leallyForelay77">
        <thetch>pegger745</thetch>
      </ilongotIambs>
      <coltJalouse emforthIstana="newari" fretumMinorsRugae="93">
        <bouw>laurus</bouw>
      </coltJalouse>
      <cuecas gypsiesAyubiteKirundi="sueUrazineCleaned" mavensBajriIsobase="boorgaBeaux">
        <buffoon>hushes478</buffoon>
      </cuecas>
      <turacoUrnism batonneCivets="caveyShirt" washwayAmenia="bussu">
        <wanguns>bersilLevinGunshot</wanguns>
      </turacoUrnism>
      <gouareeSerin>
        <gobans>3137</gobans>
      </gouareeSerin>
      <ceiboGhastlyShariat smiletThrivesDibbing="9519782" linums="enceliaReplacePercur">
        <pterisForUndug>dadayagAnoas</pterisForUndug>
      </ceiboGhastlyShariat>
      <paved>
        <inhameQuidCiboney>monethLyctus</inhameQuidCiboney>
      </paved>
    </timberNolo>
    <bulgierSyedSpratty carlismHolilyUnbend="latiUnsleek" sparely="derryOnoclea">
      <soutenu>chemisKoft5170</soutenu>
      <motmotsSab agmas="dumoseLhiamba">
        <kugel>lokmanImputed</kugel>
      </motmotsSab>
      <mumblesWearing>
        <caviarsZebras>fream</caviarsZebras>
      </mumblesWearing>
      <teepee jiggledVagientPileup="admixt">
        <somitalPodware>synocha</somitalPodware>
      </teepee>
      <shinedCades revoted="felePickaxLabras" norlandCardialBonus="3607346">
        <hawok>upboreLittlerWiring</hawok>
      </shinedCades>
    </bulgierSyedSpratty>
    <coots>
      <carf>elianic71</carf>
      <tasksJacundaTinni editBabbieDud="meanersJangar" reaware="osseousStainsCraniad">
        <sainedCrumble>worldly</sainedCrumble>
      </tasksJacundaTinni>
      <randierRadialsFoveole tibet="nasrolChilean">
        <mimineTeras>wistful</mimineTeras>
      </randierRadialsFoveole>
      <quabirdByplaceCipolin tokyoRefusesGauffer="parcelsMushyScalps823" exomis="imshiImputDub">
        <intortsSnowman>medeCaronic1403</intortsSnowman>
      </quabirdByplaceCipolin>
      <cynomys chowryPeltastImplant="virgeCory">
        <diolMushaAlysson>afresh</diolMushaAlysson>
      </cynomys>
      <maracasAmmonic lullaby="5654">
        <cyprine>deyship27</cyprine>
      </maracasAmmonic>
      <caribedSarcode senioryDeodarAbray="kobusUhlan" ductRaveler="puffletRecons">
        <seraw>eulima</seraw>
      </caribedSarcode>
      <lonk rosace="fieldenPullock505">
        <detects>petrary</detects>
      </lonk>
      <kraalOsmolar>
        <whestenDinomys>sansDashee</whestenDinomys>
      </kraalOsmolar>
      <apteriaQueing moralerCullay="gelidlyLegumes" cawlVijay="trizoicJesuit">
        <floutsMidpitRhe>rights249</floutsMidpitRhe>
      </apteriaQueing>
    </coots>
    <lardersRegalesVoided heaversPagodasHummers="463" crimea="mustsNursed" libbers="breedyLobefinWaybill">
      <piratyPreanal>bodegonPierrotThug</piratyPreanal>
      <ontoOrectic sparrer="scenistVitrumImmask" heightsBeaued="yaffFugatos">
        <apteriaUdalman>beaufinEnglish</apteriaUdalman>
      </ontoOrectic>
      <kays gulfedRelineTrigos="crocutaImprestBracero">
        <crozes>uploadCoys66</crozes>
      </kays>
    </lardersRegalesVoided>
    <tannyIodid cairoGliomaGerusia="135749962" inbent="grouterNieves">
      <hogans>caxon</hogans>
    </tannyIodid>
    <diactin>
      <guhayna>tyringTreed</guhayna>
    </diactin>
    <sovkhosDegami>
      <pileate>gimletLipic</pileate>
    </sovkhosDegami>
    <didoesMedianAlem toasteeBelga="hyahyaGuttula4" tulaRete="lobster">
      <siruperSawbill>shurgeeChalderCoition</siruperSawbill>
      <stenos>
        <stigmalAltAquilon>gnatTrollolSlumpy</stigmalAltAquilon>
      </stenos>
      <pudsyBirddomClick laylockBullose="stoofViasBusy" ootid="829">
        <loofah>696393</loofah>
      </pudsyBirddomClick>
      <amirayDisplayAraks>
        <zoeticPursueNytril>womans</zoeticPursueNytril>
      </amirayDisplayAraks>
    </didoesMedianAlem>
  </curlSnortleGriped>
  <aeratesAdjunct grove="doulceTwiggenTissued">
    <hudsonSinawaQanats stroker="rapinesSizable" cetesRebaitWelters="chakramSpoofer8" spoilt="toxcatlMamieDrugger">
      <grebes>6352</grebes>
      <sinicalLoopier insideGrammesWanes="swaraj" leaserCaicShims="siseNongame">
        <jugataeBellumHasn>84</jugataeBellumHasn>
      </sinicalLoopier>
      <bisalt chudMatatuaDismays="66">
        <rotiferAvid>dimitAlibamuNomine</rotiferAvid>
      </bisalt>
    </hudsonSinawaQanats>
    <volaryPetal sepses="trammel" khet="drabant">
      <indiums>shlocksFiveBaleare</indiums>
      <ennomicParoledBassara praxes="sixties">
        <cuspsPosed>mizzlerRanglerEggs</cuspsPosed>
      </ennomicParoledBassara>
      <floydSitups>
        <flipped>840284145</flipped>
      </floydSitups>
      <zilla elfwortPistoleGuglets="grogPorkish" padgeMucksRennin="7">
        <pandleEmilia>spinoffPlunderShrieks</pandleEmilia>
      </zilla>
      <ghostlyBrab akazgaEminent="azansForepaw88">
        <boughYakkaDaft>savateEvokingRooed5</boughYakkaDaft>
      </ghostlyBrab>
    </volaryPetal>
    <hedges>
      <odallerWaddiedAmblers>442910</odallerWaddiedAmblers>
      <mids>
        <jarring>119026982</jarring>
      </mids>
      <trasyMoste>
        <sergiusLueKnower>fumados</sergiusLueKnower>
      </trasyMoste>
      <unwaxGreta catchupChoraiTextile="321347956" valid="amylomeDionym5342">
        <oreweed>takeGabback98</oreweed>
      </unwaxGreta>
      <laithe bewigOrder="gultAglet">
        <grindle>dragoonDenies</grindle>
      </laithe>
    </hedges>
  </aeratesAdjunct>
  <plumply pahmiKnobDilator="palpate" wochua="dumbs">
    <enologyPurdahs>
      <amzel>465631</amzel>
    </enologyPurdahs>
    <scruple>
      <hayband>chinkerWallies</hayband>
    </scruple>
    <subditBeewise>
      <chavelOvoidZeins>bchSovite</chavelOvoidZeins>
    </subditBeewise>
    <coxy>
      <ocelotsPlatan>shadflyEmplaneTiki</ocelotsPlatan>
    </coxy>
    <commute aideCayapo="sauriesSurbedFelix" barmyBewreakJunc="unbloomInsectsPhases" cyclarVirifySloka="gloomthNagamiBendy">
      <subadarAbp>flashes</subadarAbp>
      <gyronnyDiallerCombes grimmePiafferMaddled="errMycosin">
        <barghChequinMolinia>upcarryLegrope</barghChequinMolinia>
      </gyronnyDiallerCombes>
    </commute>
    <laceBeguileUnbold eighthCuna="578512493" escortSharks="kulangVascla" pawed="dhootis">
      <scrogsFondler>baringSofas</scrogsFondler>
      <purbeck stripsRevealsGanoses="dat" warlyToldo="malkinsNoisome">
        <agoutiDuologsSpairge>gidgeaNovumHurted8</agoutiDuologsSpairge>
      </purbeck>
      <bonnnesEncodesMoly>
        <flirtProavis>pontilsEncycl</flirtProavis>
      </bonnnesEncodesMoly>
      <barfSherif selling="weetedMalmed2561">
        <switzer>cyclismWith</switzer>
      </barfSherif>
    </laceBeguileUnbold>
    <tiftDibbuk>
      <voids>33</voids>
    </tiftDibbuk>
    <phuLitchBiacid oversew="876637547" yachts="jennier">
      <redipAmphoreTrudy>texasVolsci6</redipAmphoreTrudy>
    </phuLitchBiacid>
    <taters>
      <heron>aeratedAmisEphebes17</heron>
      <crampNodally eldrichHygieneSalties="457921426">
        <syn>3</syn>
      </crampNodally>
      <felon ructionMeumEbbs="titsMaps" seamed="crible">
        <locoesSodomicVapid>rasourSoulful</locoesSodomicVapid>
      </felon>
      <suntansHabitat jundied="opting" smewsGunnel="73">
        <reives>canjac</reives>
      </suntansHabitat>
      <ennui agropeBekahTomas="octanolAnanas715">
        <beknow>rumple</beknow>
      </ennui>
    </taters>
    <pangaeaLunulaeBikram rankestCatererFerie="omniumFugged">
      <tepefy>vaudismPeaty</tepefy>
    </pangaeaLunulaeBikram>
    <chalkBlaring glarrySagaiAccrual="propriaDefileCrooner" ludgate="ecbZonated">
      <maltedsGorceTurkess>695031</maltedsGorceTurkess>
      <isodontSpatesZoilist>
        <lysesNapalmVolage>crapulaDenims</lysesNapalmVolage>
      </isodontSpatesZoilist>
      <mutillaUpbrayLaming>
        <bespedSutten>honorAmazers</bespedSutten>
      </mutillaUpbrayLaming>
      <unbrown johnnyBudgiesBonzer="dolliedPolabEggment" whitten="7">
        <murder>carinaeDawenYacked</murder>
      </unbrown>
      <novaThermitSodden hebraic="almique">
        <pyin>solodColibriAmbassy</pyin>
      </novaThermitSodden>
      <coadoreSpruceGoll>
        <suchMuntingFormer>shuler</suchMuntingFormer>
      </coadoreSpruceGoll>
      <irenicsOsierDraggle>
        <binocleAvisosNewfish>bishRieQuohog</binocleAvisosNewfish>
      </irenicsOsierDraggle>
    </chalkBlaring>
    <khellin>
      <bobadil>guindeGremlinAcold</bobadil>
      <keeping decl="391094" dalethAvailsSelfism="screenNotatesLei9">
        <subpoolFigsQueasy>gabriel</subpoolFigsQueasy>
      </keeping>
      <gassitHapteneCredens prigUnionic="horimAmidDippier" pullerPostie="exeuntUnhatPurdah57">
        <canopusSchlepsStove>woldy</canopusSchlepsStove>
      </gassitHapteneCredens>
      <cerrisRedsPhebe scallopVaadimSlimed="595035">
        <glamourIsamineToxylon>foozle</glamourIsamineToxylon>
      </cerrisRedsPhebe>
      <frutifySwithinFamble alaska="threw" grovelsTudelBizone="blowersPodunkMapwise">
        <cystid>wyled</cystid>
      </frutifySwithinFamble>
      <densest clatsopThatchAmores="803285499">
        <toyDoglessTeether>scaledBaxtone</toyDoglessTeether>
      </densest>
      <porgo myatonyRankine="shroudsProofedMojarra191">
        <monemeThishowQiana>censors</monemeThishowQiana>
      </porgo>
    </khellin>
    <testeeMughoScruft>
      <jewelerRespaceUnwrung>unisonHalicot778</jewelerRespaceUnwrung>
    </testeeMughoScruft>
  </plumply>
  <urbanaCalloseDetests chewed="slaty" theologMarblePounamu="xylosmaRowting" hessite="stead" />
</voltage>