<?xml version="1.0"?>
<amatito>
  <nemasBendsObb />
  <atimy outcryLes="seminalCockie" />
  <kakiYardageHarish gallingReshunArretez="purseAmoving" bourdis="88" fiorded="hockeyAdconSopher">
    <excuditRuspone>
      <spikyWrible>911</spikyWrible>
    </excuditRuspone>
    <strifeAlation pintas="kolach8">
      <sidderRasingMacies>guaqueAnomalyPedetic</sidderRasingMacies>
      <oesOuteateDayan mewlingWantonAlgeria="beechyOrcanet" molidaeTock="unboldTraiksDebone">
        <newtake>bidTurkeerTunker</newtake>
      </oesOuteateDayan>
      <blonderHartsTithed>
        <adonis>jervin</adonis>
      </blonderHartsTithed>
    </strifeAlation>
    <airmassPiratesNonlive>
      <puist>cobwebsPunkeys</puist>
      <scalderGau hwylTreason="oatlikeHairif4231" quarksCodal="yolksMidwise">
        <winnleDecken>aequor</winnleDecken>
      </scalderGau>
      <nareAirbill tinmenReefy="60524426" jingVitialAndrew="kishonJalee">
        <tisarGearbox>7793423</tisarGearbox>
      </nareAirbill>
      <glaucus knosps="sogdianNguyen">
        <chitsPhotism>gispinTwyverOutpick</chitsPhotism>
      </glaucus>
    </airmassPiratesNonlive>
    <tieing replialBahadur="tidiose">
      <crowlOssia>slakerEcbaticArcose</crowlOssia>
    </tieing>
    <brills parmeseSphinx="turfdom" ribzuba="kanganiMyoxus">
      <bradsotYoungly>glints</bradsotYoungly>
    </brills>
    <rapacesIricismLoessal>
      <oxim>cormusMarlena</oxim>
      <betelMoans>
        <ecesicSope>leese</ecesicSope>
      </betelMoans>
      <furoateUmiac jank="kawNilling" mehelyaOctoseLigroin="701824">
        <zingari>pics80</zingari>
      </furoateUmiac>
      <ligniteCohobAerobee kat="spruerHirudinPrivets" snatchHagglerStaumer="bollBestain4190">
        <culpritEvviva>9899810</culpritEvviva>
      </ligniteCohobAerobee>
      <tattledSamielShedim megassFlyballMobbing="49" stealedBeelbowGapped="sandy">
        <flunkThungeHelleri>budzart</flunkThungeHelleri>
      </tattledSamielShedim>
      <treeman ouabain="tungaCageyReyield">
        <mettlesPrivate>nectriaTrochid</mettlesPrivate>
      </treeman>
      <bajreeUnspun forksHegaris="reggaBedecksPalazzi">
        <sabelliMiasmaChambul>hoardsUtchApproof</sabelliMiasmaChambul>
      </bajreeUnspun>
      <shadilyGaddiSpumed>
        <adeptlyThegnsClochan>rowingsMosOath</adeptlyThegnsClochan>
      </shadilyGaddiSpumed>
      <fratchy gladdenPenliteLobbed="sourish">
        <pomato>vespine</pomato>
      </fratchy>
      <guttyBailiff dhooti="partile" tapuyanClosish="troop">
        <remintExacts>eneughPanelerHandful5</remintExacts>
      </guttyBailiff>
    </rapacesIricismLoessal>
    <riggishSpinulaIpr guanins="idolet" erick="sieurs504" swigged="dyester">
      <phosisArbutin>amidoneAbilo</phosisArbutin>
    </riggishSpinulaIpr>
    <certose>
      <lunetsWillersAngioma>statuedTahsin</lunetsWillersAngioma>
      <aimakLouvredSetule auroral="pawpawsAgues504" heftsPusher="337749555">
        <jackdaw>chauna</jackdaw>
      </aimakLouvredSetule>
      <babua tarponSunbird="3197">
        <creedsSkidder>gambit9578</creedsSkidder>
      </babua>
      <sereStifles>
        <pallets>boomageSaggingPrimus</pallets>
      </sereStifles>
      <iraqis>
        <valensScowed>trusten</valensScowed>
      </iraqis>
      <candies>
        <quotes>ashramaEuripus</quotes>
      </candies>
      <gurgingAustric bowlegLakism="raspishSwirledPothos">
        <brioche>rivalryHuntShield</brioche>
      </gurgingAustric>
    </certose>
    <cephasBausonKhalkha>
      <gistDarefulEnring>bilbySaim</gistDarefulEnring>
    </cephasBausonKhalkha>
    <fonderSnakish>
      <coeditsSkopets>dehwarTheinVet</coeditsSkopets>
    </fonderSnakish>
  </kakiYardageHarish>
  <dockersTumpBagwigs flobby="capicha" ugroidTurtlet="802026857" symtabObeliac="declassDonna">
    <chinCaballoAblock>
      <celia>osteome</celia>
      <haploid neascusHerExuvia="1504">
        <glommox>1814</glommox>
      </haploid>
      <omagra>
        <cubicsBootboyPours>morcoteNomas</cubicsBootboyPours>
      </omagra>
    </chinCaballoAblock>
    <ooralis>
      <pammentOdal>hayerFlaring</pammentOdal>
      <dockersToatoaGapes>
        <drovers>taipeiLantanaLicking</drovers>
      </dockersToatoaGapes>
      <somler tetanusNomJaywalk="30">
        <filiGnawsZuluize>zemeHayband</filiGnawsZuluize>
      </somler>
      <kobangAiwainTittupy spright="heating" boraxesUnwittyRippet="377659">
        <hullooSalve>convitoTrub</hullooSalve>
      </kobangAiwainTittupy>
      <spuesCourtinUkase gallianWildersStoning="phraser" fumier="boatelsSalaam3">
        <feretra>outdoer</feretra>
      </spuesCourtinUkase>
      <twyersHamitic>
        <gadePackway>require2090</gadePackway>
      </twyersHamitic>
    </ooralis>
    <algidSkilloSpeeds kyaniteAvidin="uprushBehestsUntaxed" mashpeeShindy="pinions" scrout="kemelinBixin">
      <beentPlasmon>375</beentPlasmon>
      <resingLams>
        <motyka>3101</motyka>
      </resingLams>
      <pupping wonted="cabalaVoiceAttacca47" copihue="noisesGlozerTantrum">
        <ursTalis>564238</ursTalis>
      </pupping>
      <nontermNarrate>
        <fawn>satem</fawn>
      </nontermNarrate>
      <zingyPhippeUni cobaeaFluemen="sokenSeringa17">
        <ruttilyPecos>zirciteSkeichFerfel</ruttilyPecos>
      </zingyPhippeUni>
      <pennillAmazuluFirepan>
        <flyball>tooled</flyball>
      </pennillAmazuluFirepan>
    </algidSkilloSpeeds>
    <aahing>
      <outfleeAback>recedesAreadyCesti</outfleeAback>
    </aahing>
  </dockersTumpBagwigs>
</amatito>