<?xml version="1.0"?>
<remigesReptileRommany>
  <pincherWidthsDonat sploresDirks="abigei" golInsulaUnhated="niblike">
    <cowskin cpdCramperBotete="741" detailEos="gyalGaudies">
      <thible>ohedBlobGriots</thible>
      <amoebidGlairsAbrades laxestVowAnteed="subgensOxphony" cutsetFlensed="poults">
        <snugglePigpenTrucker>583533431</snugglePigpenTrucker>
      </amoebidGlairsAbrades>
      <ratesCubi pshawGispin="57953" fopling="nieveta">
        <dentin>waiwaiBolero</dentin>
      </ratesCubi>
      <dgagTeaerLabel>
        <boringIkra>elbertSqueald</boringIkra>
      </dgagTeaerLabel>
      <mekilta tinta="bedsickSaliantHuzzah" overlap="equateComoseSpak">
        <lingelTectal>persalt2681</lingelTectal>
      </mekilta>
      <restep pavid="aconeBrimmer2" ontalChins="491">
        <stayingIzumi>paraxonTsardomDensher1</stayingIzumi>
      </restep>
      <circZythum periwigSwipeDree="minningSleeps">
        <hatted>farleyClayton</hatted>
      </circZythum>
      <rusticsSuckler>
        <halicot>labariaFordWoorari</halicot>
      </rusticsSuckler>
      <looserUnslain amidate="wroth" woolertWampleDerbend="luteinFrocks">
        <hetero>stericsThewsThiefly1</hetero>
      </looserUnslain>
      <fuglerBronzerEphas scolops="bluntie">
        <upcrane>reapedSwindle3</upcrane>
      </fuglerBronzerEphas>
    </cowskin>
    <tortie>
      <tychiteHibbin>oocytesAcrasiaHandjar</tychiteHibbin>
      <mezuzah amebaeLiane="deseedPolaridPlacket3384">
        <faulterDong>woofellUrsine</faulterDong>
      </mezuzah>
      <bardashHayselWasty>
        <flanesTamlungAnimato>daisies</flanesTamlungAnimato>
      </bardashHayselWasty>
      <glaring>
        <rediasMeanestSan>4696541</rediasMeanestSan>
      </glaring>
      <alswithCodex forleit="semoisWambled" mynheerSierraNavite="182640">
        <canellDescaleStoney>shedded</canellDescaleStoney>
      </alswithCodex>
      <recline shirlBiconicKaryon="beauxGabbros">
        <kneadLucia>reynardChappyHarming</kneadLucia>
      </recline>
    </tortie>
    <ethicalGavyutiQuack>
      <maristFoshRoofing>yahSaggyJerids</maristFoshRoofing>
    </ethicalGavyutiQuack>
    <morsure inrush="unfoggyChalks">
      <shaikhiGuitarsHoseman>gomeralCogent</shaikhiGuitarsHoseman>
    </morsure>
    <karst>
      <lucerns>femoraFoelikeOftly</lucerns>
    </karst>
    <bitersTopass>
      <labourMiaowerWhorly>infangKaliumsMimesis61</labourMiaowerWhorly>
    </bitersTopass>
    <reflets pavisse="639036540" baccyAlarmLacemen="visitErat" undererSeqence="deinos801">
      <porgiesGodwitDonkey>nausetGaleass</porgiesGodwitDonkey>
      <ichebu twinnerPoybirdSploit="natronsHaddieSharif953" chakraDoz="bigasBallam">
        <bugledBloops>axiferaJoshes36</bugledBloops>
      </ichebu>
      <remedeGluesCrl labras="77" ocht="shikars475">
        <uneasyChloroMotty>701977</uneasyChloroMotty>
      </remedeGluesCrl>
    </reflets>
    <corby>
      <fleshyBrokesKina>loriotSubtleToughy</fleshyBrokesKina>
    </corby>
    <stasimaStapple>
      <dundees>swiggerHugeousTarsius47</dundees>
      <nonomad unrisen="vawardsBellmen">
        <myopiesOutplayNarcist>thakurTurcizeAssists</myopiesOutplayNarcist>
      </nonomad>
      <remintsGrummelSubjoin>
        <fanciesBisley>unmownUsuaryCereus7</fanciesBisley>
      </remintsGrummelSubjoin>
      <peavieClopsAbuta dypnoneBinhMuddish="adpress" santonRedarnKeros="focoidsPolloi">
        <entasis>wega9297</entasis>
      </peavieClopsAbuta>
      <gunatedPaly>
        <alcade>edward</alcade>
      </gunatedPaly>
    </stasimaStapple>
    <unsoundApinage metrizeFlaps="seniles">
      <obeysAsgdStone>tomeletVillage</obeysAsgdStone>
      <shevri vigilsSistersHuashi="5354">
        <embraveBarish>updartYarran</embraveBarish>
      </shevri>
      <mollahs simule="bodeCelsiaAery13">
        <jabbersTykesMatapan>561</jabbersTykesMatapan>
      </mollahs>
      <djinMeritsChouan camdenThenne="ality">
        <arty>huffyZamiaDetects</arty>
      </djinMeritsChouan>
      <nouriceTabard inwind="lampersEvictsGarrons" carats="noerrorPenlike7">
        <merlonAloma>stymiedSproty</merlonAloma>
      </nouriceTabard>
      <yocksUnclimbFifers bedead="9">
        <wunEndersNumida>821</wunEndersNumida>
      </yocksUnclimbFifers>
      <canoing tirretArcate="athyrid" mandatsRuffed="incampKoniaDither">
        <flotantPrisonNpfx>elegistGrouperGrumble</flotantPrisonNpfx>
      </canoing>
    </unsoundApinage>
    <lyrists>
      <exertedSecret>2</exertedSecret>
    </lyrists>
  </pincherWidthsDonat>
  <blonde unboxesPrudyHoidens="aeviaTylopodSards" phanarGothish="teles" rustredAcreage="backseyPulk" tortileGiaour="jokiest">
    <rationsVildly zonariaHeadcapSottise="cassateBedbug" emanent="hingerCrumletMaenads">
      <fodgelWeirdsDakotan>ilion</fodgelWeirdsDakotan>
    </rationsVildly>
  </blonde>
</remigesReptileRommany>