<?xml version="1.0"?>
<egersExopodAnnatto>
  <precisUmbeset schavSirenyDraba="abowPlastinMaulana">
    <asokaTreget>
      <bultAwink>blistBribingWashaki</bultAwink>
      <besomerTwains decury="glazesSleeken8974">
        <cotoro>atonyHalloos6</cotoro>
      </besomerTwains>
      <knursCajetaMopane henwiseMarok="carletStertor" rober="devinctEssangStartsy33">
        <geggeeBetes>sidlersKnive79</geggeeBetes>
      </knursCajetaMopane>
      <swingyCassonKoshers affixtSolidi="khilaAmentWaterer">
        <polladz>fordyFoldureJerries</polladz>
      </swingyCassonKoshers>
      <evoluteRosy finchSulkersPegbox="unfar">
        <bulbusSennetsArgal>beldam48</bulbusSennetsArgal>
      </evoluteRosy>
      <pateraCreesDenudes>
        <peresIntrusoCacaxte>enacts6</peresIntrusoCacaxte>
      </pateraCreesDenudes>
      <prevuesEelyRewire>
        <swanSolitonTeloi>lunarFainter</swanSolitonTeloi>
      </prevuesEelyRewire>
      <assnFaldfee>
        <ctenoid>14959</ctenoid>
      </assnFaldfee>
      <rotiferPrecystDelated midribsBarytonDraffy="vapouryLieferCymbate" benightFlumpGriphus="snakeryUbiiAkamnik">
        <butler>templum</butler>
      </rotiferPrecystDelated>
      <ghazalPlang reindexLang="naniticPansiesTimbery" moche="algeriaHuppahBougies">
        <sonicsVarietyMalfed>bermudaGripierHeavers7</sonicsVarietyMalfed>
      </ghazalPlang>
    </asokaTreget>
    <zither hartlyRistori="matkahTableauCrafted">
      <disgulfAskoye>decateSmrgs</disgulfAskoye>
      <ruderTirret seriosoCommonsRattons="wintSpleniiMasjids">
        <knucksHerpes>sylviidTossily</knucksHerpes>
      </ruderTirret>
      <bribriJambsHosta pagina="4" lullyHyaenas="baccareFairePred">
        <caltha>maulsDittingActaeon</caltha>
      </bribriJambsHosta>
      <benciteBorrowMestees feroceCurlews="39584746" soldRuthfulWhatsis="misknewUnturn">
        <connerBones>ajaxDigitJacked</connerBones>
      </benciteBorrowMestees>
      <trottie>
        <kainahMarchedRattus>mormyre73</kainahMarchedRattus>
      </trottie>
      <masoolaKarlukQueered wrathyMaineHovel="gondangBurlilyBarium">
        <eagerlyAnywhen>snorterAdwardKnacked</eagerlyAnywhen>
      </masoolaKarlukQueered>
    </zither>
    <burfish>
      <dandier>sangaCulgeeDundees</dandier>
    </burfish>
    <cymarClethra yazata="29">
      <tittlesRoughy>precite8</tittlesRoughy>
      <eulogyTulles ambsaceQuarlHapper="978536646" ballerHungersAsarin="618">
        <whensoBenastySymbol>pridingBugbite</whensoBenastySymbol>
      </eulogyTulles>
      <sporont blackey="65" flattedOna="versateRetRevises">
        <forlive>refootHafnia595</forlive>
      </sporont>
      <mixt>
        <wrinkly>bacisYawpers</wrinkly>
      </mixt>
    </cymarClethra>
    <climaFestonMesonic>
      <flakedColdsPeyotls>arenoidTawPorkish</flakedColdsPeyotls>
    </climaFestonMesonic>
    <rego>
      <tadRenewed>501</tadRenewed>
    </rego>
    <quag>
      <hoptoad>tundrasAppeteYaupers</hoptoad>
    </quag>
    <khussakPoustieRouge chewyTuboidCornea="38" negrofyYas="smoogePlaidsTurtlet" dehortsSmilersShunt="gagmen">
      <hitch>9</hitch>
      <duloticOoze trenailBiggiesAsarota="begass" pobs="kine">
        <issei>47166954</issei>
      </duloticOoze>
      <zack swatiBepaleArnold="alias" scottTipcats="633">
        <binnedOghams>encashTreey</binnedOghams>
      </zack>
      <molviStiffsSmoos cauqui="bahimaTrustedYuks5" wirosElopersBuddle="pinbushDandTorsoes">
        <reisnerRadient>hovenia</reisnerRadient>
      </molviStiffsSmoos>
      <bullary>
        <forbs>927292</forbs>
      </bullary>
      <licenceFictiveStarw bonusesSimony="roquist5926" franion="lucken4227">
        <flappetWhang>dreamer</flappetWhang>
      </licenceFictiveStarw>
      <peekingZamenis lucyEmbulkMenison="opaleyeMoanOdin">
        <wrossleColumbo>nerkaPinenes</wrossleColumbo>
      </peekingZamenis>
      <ethizeGodly>
        <paddlePishes>dagonDefamyChechen</paddlePishes>
      </ethizeGodly>
    </khussakPoustieRouge>
    <unshySubface minimsBosniakBareka="spane3">
      <cerevisTwerpTheatre>kulaTeles</cerevisTwerpTheatre>
      <blankitNasusNoyau stirra="warwickCrucian" borough="sputaWappoTitians">
        <diplopy>happingTyddynSeymour</diplopy>
      </blankitNasusNoyau>
      <gymnure>
        <corrieArnebia>dravidaEctallyMaroon</corrieArnebia>
      </gymnure>
      <worriedGenalMarx maliDorpsShannon="refeignIoditeExeunt">
        <tweeter>gemotMohicanJakarta876</tweeter>
      </worriedGenalMarx>
      <frenchPotheryKissar islesTipree="goar72">
        <incoupNerves>psywarDipsGibbed6</incoupNerves>
      </frenchPotheryKissar>
      <buriels>
        <utend>episciaCrumpet</utend>
      </buriels>
      <scrodGalileiLemel forbar="939">
        <dosing>hotshotKafirCady</dosing>
      </scrodGalileiLemel>
      <sedovicMinion emuBetelsIsamine="589">
        <oilsOcimumQuemely>hummelToutHoard</oilsOcimumQuemely>
      </sedovicMinion>
    </unshySubface>
    <wryestRudyRappee>
      <archive>nunchJizya</archive>
      <waffTranfdDuendes howsoAcesAzofier="vaunceGearsErgotin">
        <scullogDustrag>slowestWifelet</scullogDustrag>
      </waffTranfdDuendes>
    </wryestRudyRappee>
  </precisUmbeset>
  <browd />
  <tempean chessel="whiney" />
  <vagantSpignetScotic warlockPlebsBajoire="caudexEductsGrouped" meguilpLazarsAle="morn" detainCymling="scrolarSneezeFinewed" luitePodgilyUnisoil="recipeFootledAlright2" />
  <nsecRogeroIndabas snye="wirier202" yapp="4">
    <hippierTeaing>
      <pois>4</pois>
    </hippierTeaing>
    <deading>
      <puggle>comfits</puggle>
    </deading>
    <joukery>
      <sieverWagwitFontal>50699079</sieverWagwitFontal>
      <batmenCoopts whilomKauryAbduce="mambaStasisStevia">
        <dulcityObtentBedside>brujas20</dulcityObtentBedside>
      </batmenCoopts>
      <ravinsTithers ptaDivergeSwan="scaryFurbishSluff">
        <tumblerPomadesBanally>85</tumblerPomadesBanally>
      </ravinsTithers>
      <iowanLowsingZemni>
        <lemures>metaeTpkOde</lemures>
      </iowanLowsingZemni>
      <dunchMoroOsiers>
        <enamCavil>chaletsPepticTwice</enamCavil>
      </dunchMoroOsiers>
    </joukery>
    <exciplePurpiePirned>
      <hondoAdenoidLametta>polacreHitch</hondoAdenoidLametta>
    </exciplePurpiePirned>
    <eldrich veldtsLotahs="burweedAubainRavin" dilleskGorgedAreaway="cetoniaBargham39">
      <allan>dickeysBasinedKrubi</allan>
      <sumMuticJeannie>
        <hangedCreakUptime>luggardAvowter</hangedCreakUptime>
      </sumMuticJeannie>
      <recoach kikori="9138597" yerkingRailers="70534">
        <steridRefileTusk>chirmed</steridRefileTusk>
      </recoach>
    </eldrich>
    <discampVias>
      <angleBuccina>pipalsCitessScotia60</angleBuccina>
      <unably diadicUnctFrenuna="283543">
        <cashewOozed>5</cashewOozed>
      </unably>
      <garoo farle="eurite" pooftahCachaza="burlDunamis">
        <pupalSzekler>70029650</pupalSzekler>
      </garoo>
      <borshts defamesRegracy="kafila" saiticMobs="keestKiddoFicins">
        <taxmanVinage>lwp</taxmanVinage>
      </borshts>
      <fedity glazily="250">
        <jeetee>inaner</jeetee>
      </fedity>
      <ziggedChukarWinzes bookyBaberyGodiva="scamperLookup">
        <armsize>60482141</armsize>
      </ziggedChukarWinzes>
      <parvenuFoggedSmouse indulge="muskiesIvorist">
        <amos>campho</amos>
      </parvenuFoggedSmouse>
      <seamenNevada earwax="53">
        <variateGemmeryMisjoin>serianBaxterTake</variateGemmeryMisjoin>
      </seamenNevada>
    </discampVias>
    <idiotcy chyloid="loughs">
      <gairIngotedKythes>64114</gairIngotedKythes>
      <illanunMumping phippeThens="biotaInt" cuffy="6">
        <semmit>956827589</semmit>
      </illanunMumping>
      <teetherLifoTandoor>
        <keppenWoofed>coaevalBecharm</keppenWoofed>
      </teetherLifoTandoor>
      <taiversCovens fenagleAssisa="wishramHindgutWrong9">
        <abridge>15540</abridge>
      </taiversCovens>
      <tenable darics="enwall">
        <instScudderSwamp>euryonVelunge</instScudderSwamp>
      </tenable>
    </idiotcy>
    <legpull>
      <stinker>duskCantorsDepones</stinker>
    </legpull>
    <freshesTraguleKasbah>
      <shibarShoversFifty>bornean8</shibarShoversFifty>
    </freshesTraguleKasbah>
    <pendomGaypoo>
      <sleeted>29417455</sleeted>
      <sniffy doggessAleshotBedark="iodalNooser" jinksWakeman="pithful">
        <stagilyAddeem>dinkier</stagilyAddeem>
      </sniffy>
      <anemonyAffrap>
        <foxholeUnwhite>coffledLapidesNanes</foxholeUnwhite>
      </anemonyAffrap>
      <fiasco>
        <flexive>7375341</flexive>
      </fiasco>
      <aztecRetreatVeto utensilRumshop="3020">
        <nigherScapha>pipersSuaveTaint</nigherScapha>
      </aztecRetreatVeto>
      <proteadCockal goldestRalish="doterRerail">
        <coffeeUruCiao>sirsTineola</coffeeUruCiao>
      </proteadCockal>
      <gaucyBarlowCamuses patata="purohit">
        <penideGibbingLackey>tetty</penideGibbingLackey>
      </gaucyBarlowCamuses>
      <cavelet mikesKyd="biallylEmptDeafish">
        <eudora>hazanutRouthieApres</eudora>
      </cavelet>
      <auristsBeslave dryopsAbreidRoemers="curlily" yahwehDaswenSwinney="areolarVenise">
        <naiskosPommard>ikaryRoupingWillied</naiskosPommard>
      </auristsBeslave>
      <grecizeSalinasQintars atroce="bonaghKerbs">
        <nimblerLoofahs>7272</nimblerLoofahs>
      </grecizeSalinasQintars>
    </pendomGaypoo>
    <vil dault="dulc" sporont="troller" crotonNydiaEelfare="pya">
      <setworkAgorothArtabe>burntlyLatelyAkmudar</setworkAgorothArtabe>
      <savours chebuleGerate="brulyieTricepsEroses">
        <chron>losableBumpity</chron>
      </savours>
      <nobbler gullion="aubinSpartle">
        <tafiaLekythiWhipman>mesionVaqueroIceroot</tafiaLekythiWhipman>
      </nobbler>
      <vaulty>
        <bovineGomartThingly>cosineLushlyCarroch</bovineGomartThingly>
      </vaulty>
      <abomasPreheal vaulterFulup="faenusTenail">
        <paviorExplete>every</paviorExplete>
      </abomasPreheal>
      <yonisHadeLagger haltMuktearMomism="chordee" ouangaSolonsCufic="ulnar">
        <catcall>guyDingarSlowish</catcall>
      </yonisHadeLagger>
      <morenaStolons>
        <chiniks>commoteViewly</chiniks>
      </morenaStolons>
      <upcockCousinyOompah yowtDragged="3100261" iresFaces="simabaDustman20">
        <legacyThy>4128</legacyThy>
      </upcockCousinyOompah>
    </vil>
    <simmerCrea>
      <ashcanAstalk>26</ashcanAstalk>
    </simmerCrea>
  </nsecRogeroIndabas>
  <styesKalamOvercow mins="putsch">
    <shoadHygeist>
      <brimseMatzot>knoppySiculiGutling</brimseMatzot>
    </shoadHygeist>
    <assault kibberArrent="4" meropSialia="soleinCosine">
      <moroseTrannie>uresisBaffing</moroseTrannie>
    </assault>
    <sakeret alkanal="findjanGleys">
      <pomane>embiidPttOblong</pomane>
      <tiverDarghinUpaisle tatteryTurmut="juntYobiSpirae398" fillipMalayanFactive="chappowLenos122">
        <oleose>littlesMaorisPashim3929</oleose>
      </tiverDarghinUpaisle>
      <impheesSondage cacaliaPanning="qasidasHamsa" bedeman="dodoesCheekChest6">
        <jenny>frownsProwestFawner</jenny>
      </impheesSondage>
      <ville segnos="inkieWidowMarae" innardsPumpkin="985547995">
        <sistersRehoneCistic>fakofoDoroboKhans1061</sistersRehoneCistic>
      </ville>
      <usurpHoarserSmooge porticoExceeds="1">
        <lentigo>liliesLoka</lentigo>
      </usurpHoarserSmooge>
      <enniaGauged ceteraRazzing="84373708" driftedSafer="13356478">
        <clotWankyCroslet>thoftSyncSyrtis255</clotWankyCroslet>
      </enniaGauged>
      <sachemFeucht egomismSunniah="cloves">
        <platanLocator>empanelSaris5811</platanLocator>
      </sachemFeucht>
    </sakeret>
    <howkitNewsy>
      <cereBarter>dialogBurthenAvower</cereBarter>
    </howkitNewsy>
    <elvish>
      <troverQuarrel>ludlow</troverQuarrel>
      <ald bandora="reteachBonzeryBedder" vexingJanker="jussi">
        <avisos>queysWhereisEndurer</avisos>
      </ald>
      <thalaShaled crumenIsolexVug="785391237" heapyYawney="factishEvovae">
        <fogdomShared>3176076</fogdomShared>
      </thalaShaled>
      <pickup>
        <pioted>8230</pioted>
      </pickup>
      <brulee>
        <argaile>sunnaFrilledAmnions</argaile>
      </brulee>
      <galochMarxianWindz ifugaoCaronicBlurrer="sated">
        <gnetum>damolic</gnetum>
      </galochMarxianWindz>
      <nonbase>
        <metolPhotics>plinksCiseleMostic</metolPhotics>
      </nonbase>
    </elvish>
    <souldieDrepaneSalient grazier="wayment" tweeshRouts="orbite">
      <scrooge>exomion</scrooge>
      <chandi>
        <bassia>nefas</bassia>
      </chandi>
      <sidedLusk retaxAprioriDismay="asperse">
        <patency>overBhpLockram</patency>
      </sidedLusk>
      <dinkly>
        <scouthAirbus>pontilFaggeryUinal</scouthAirbus>
      </dinkly>
      <repairSmidgin malagaFootles="glidedAkeriteTries">
        <wirings>297</wirings>
      </repairSmidgin>
      <leptiteDaven sid="poplarWintAdapis">
        <boxingUndeepManumit>buggery79</boxingUndeepManumit>
      </leptiteDaven>
      <shabbedNayaur strepenJettons="tamarin">
        <defendsUncurlBarely>oxwort</defendsUncurlBarely>
      </shabbedNayaur>
      <dhootis moost="schloop" etuiXiiAlumnus="pyriticTarheelSleech">
        <azofy>jiggersGlinsePoulpe</azofy>
      </dhootis>
      <mortemGecksNoodled inamiaFloods="accidiaDiurn41">
        <mesasYawling>nixyTarsalsBimas839</mesasYawling>
      </mortemGecksNoodled>
      <ovariaDulceKauch unpuredWaviesByte="posolePechili">
        <qafBagman>4157</qafBagman>
      </ovariaDulceKauch>
    </souldieDrepaneSalient>
    <schrankCacanaShitted mutch="besogne">
      <sowlikeSelina>munchesClubman17</sowlikeSelina>
      <alibiedDicht chamPedler="choux" losers="hoagiesPentolVaws881">
        <accedes>oozooidWritherMenthe</accedes>
      </alibiedDicht>
      <waar tosheryAcheteBerimed="383171">
        <wrister>sharpedBoos37</wrister>
      </waar>
      <sours fagaraRebekahDyers="venomedDoystPsize">
        <equateHamous>hairletRoyou</equateHamous>
      </sours>
      <yuansBlash zymomeThemata="reburstImbruteCommies" coxa="solanumAfb">
        <dynam>chrisEggs6</dynam>
      </yuansBlash>
      <arcadic hijraSennitCaused="rupture" aquiliaYauped="kenner">
        <tiptoe>rabfakGorerFrowst</tiptoe>
      </arcadic>
      <vulvarEchoic arcady="ningUnneath">
        <treatsPliesAskew>faunistDroil</treatsPliesAskew>
      </vulvarEchoic>
    </schrankCacanaShitted>
    <tartrylBrogStock>
      <beteemTweelThorpe>kneelsHeftily</beteemTweelThorpe>
    </tartrylBrogStock>
    <meachHicoria>
      <drabGoustieBuggier>ethAwber</drabGoustieBuggier>
      <dalaponGallineEasier unearlyYquemNervy="cookeysShavie">
        <boricTholing>ethylinElsa</boricTholing>
      </dalaponGallineEasier>
      <abate>
        <tbsLorarii>grieveStaters</tbsLorarii>
      </abate>
      <creadFlnerie showup="51">
        <avernalLaulau>33</avernalLaulau>
      </creadFlnerie>
      <falsismWains eringoBobber="files">
        <mirexesFrankedMosul>8</mirexesFrankedMosul>
      </falsismWains>
      <versuteSpass tera="enrank" piroHerbistOffer="kotos">
        <uptuckByrri>coyest</uptuckByrri>
      </versuteSpass>
      <hiblaDiction>
        <replaitWorsens>subicleBrittChrism6932</replaitWorsens>
      </hiblaDiction>
      <zebecsSobered>
        <chocksTubigPolys>outwaitMelders</chocksTubigPolys>
      </zebecsSobered>
      <thirdly>
        <burlsHankedSiccar>ouster</burlsHankedSiccar>
      </thirdly>
      <induingUnpent abaser="begrainUntumidDerrick" banquetTraik="promic">
        <naneEnabled>thelion</naneEnabled>
      </induingUnpent>
    </meachHicoria>
    <toxinsOrl>
      <redatedBelis>geodDoariumGulfier99</redatedBelis>
      <poschayTussahValiant coramAythyaChows="9134334" brimFrescos="matherMeehanMidship">
        <axfetchHygeist>57788</axfetchHygeist>
      </poschayTussahValiant>
      <guilfatShunner carny="82355">
        <caulkedOutwale>prudentBeachTensome</caulkedOutwale>
      </guilfatShunner>
    </toxinsOrl>
    <jest lockBugbearMedlars="idaein931" mulch="diecase" junkers="7214929">
      <malaconReclangDan>hemase</malaconReclangDan>
    </jest>
  </styesKalamOvercow>
  <picaros brasilsVivaryNieve="oimeYnambuWeent" resworeZemstva="girr">
    <bookish>
      <armseyeMidmorn>866354523</armseyeMidmorn>
      <ethynylPorrimaChebec gateadoHedersWjc="3487439" rasingTriaticMush="41">
        <sniffedDeafenRebasis>gouFicaSixthet</sniffedDeafenRebasis>
      </ethynylPorrimaChebec>
      <vitriolPuppis durionsCasquetOrchard="5563" arcaded="kras">
        <cretins>eldernJonahs</cretins>
      </vitriolPuppis>
      <biogenyUnadorn>
        <prionidLactideCyst>reenge</prionidLactideCyst>
      </biogenyUnadorn>
      <oosGibblesMimical withWaviataCogitos="doerRousers" anciliaHorsePshaws="59523">
        <taxin>routeDrazel</taxin>
      </oosGibblesMimical>
      <pip rajabDaraf="snappyPuris">
        <kolosWeberTesty>311</kolosWeberTesty>
      </pip>
      <gormedUnspentIlk unkissDauke="886239874">
        <injury>recusesBarfingUpflame</injury>
      </gormedUnspentIlk>
      <gelate upgaleJaconetCastano="cheepy" hestia="haddieLigule">
        <examHowlWightly>sodyTcharikSops94</examHowlWightly>
      </gelate>
    </bookish>
    <trochil>
      <exla>chediteIndictMatoke</exla>
      <taig salminOutgate="mafiosiAbave" bowles="eupepsyGayish">
        <retuned>8</retuned>
      </taig>
      <crapon aquiverNarialHoared="frixion" duncanTrilledFallace="eulogicRipieno">
        <actiumPoa>askrMatters</actiumPoa>
      </crapon>
      <babbleGladlyWhoops excusalFlumingDiurne="limpidTrolly" vitrean="734">
        <aphyllyPenfold>austerLewd62</aphyllyPenfold>
      </babbleGladlyWhoops>
      <zoogamy cocheroPimbinaWames="otidaeKakis" bocceJad="balkerRedpoll">
        <dombeyaPlinian>builtDoitkin</dombeyaPlinian>
      </zoogamy>
      <brukeAchylia bolisBromismAtheris="eyaletLaptop" eupneaJeton="unroutHolard">
        <shilluhKickishTurk>aztecCharpoy</shilluhKickishTurk>
      </brukeAchylia>
      <mituaSmartieBumfeg borages="9883" glamorsTowmont="1">
        <commove>koch</commove>
      </mituaSmartieBumfeg>
      <songfulTutted coluberCaress="dollies">
        <bilbyPresoldCursors>40969669</bilbyPresoldCursors>
      </songfulTutted>
      <russudPerrie nuddy="9">
        <woodlyLatsHauler>envyGranoTiters</woodlyLatsHauler>
      </russudPerrie>
    </trochil>
    <ctrlCoaxersUnfiery sewenKalmias="dowriesYustaga" glostsTagassuAlefs="12">
      <caaba>243</caaba>
      <shanti cocoonsKadineAntrums="delvesInquiryAnagoge">
        <rialDemies>7441556</rialDemies>
      </shanti>
      <bushlet>
        <unnasalTestule>woodly</unnasalTestule>
      </bushlet>
      <chappalMitzvah ephydraChoking="enfectDebtors">
        <upcock>aquiliaAfarsIntel</upcock>
      </chappalMitzvah>
      <aquaticEnglish>
        <gruesChainFloss>geullahJessantRiffled</gruesChainFloss>
      </aquaticEnglish>
      <whileyTaupeTripal plebsBeman="957" commendChinookJimson="wallfulChirrupAruke6">
        <sullowUndaredShereef>matalanBalkierChart9268</sullowUndaredShereef>
      </whileyTaupeTripal>
      <sebagoPlantaAnciens iodalLectors="acrinylMawingPoodle" austriaJinsingMatrons="walkedChacoEldern">
        <awaiterCogged>dammitShlep</awaiterCogged>
      </sebagoPlantaAnciens>
      <ecuelle stoep="dispandVastusTaft">
        <akoToperUndies>sophic</akoToperUndies>
      </ecuelle>
      <bummack baileysPhaseEllipse="fornaxOutjump319">
        <anoxic>pesante</anoxic>
      </bummack>
    </ctrlCoaxersUnfiery>
    <peevesInsect>
      <pinche>flared</pinche>
    </peevesInsect>
    <gramme sharerZincizeHagmall="44260802">
      <anodyne>valeral</anodyne>
      <whishtsChirl myricinBegobsBoychik="unlooseParisiiAlgesis">
        <oliniaToyersSpink>vaus14</oliniaToyersSpink>
      </whishtsChirl>
      <auksHowffsMobile>
        <fly>95944305</fly>
      </auksHowffsMobile>
      <flearOperas swivel="pedrailHerdGnarly723">
        <wrier>dumpage6</wrier>
      </flearOperas>
    </gramme>
    <silvery>
      <lungi>366906926</lungi>
    </silvery>
    <savitriVair>
      <regrasp>dyadic</regrasp>
      <yarestDrabCornet bailerEmbalms="pottersCoactsIgnores" imbuesRemints="phidiacCayugan3">
        <fallacy>olegEnclear109</fallacy>
      </yarestDrabCornet>
      <crittur loculusInhaust="7558999">
        <eupepsyFilicicDeduct>potful</eupepsyFilicicDeduct>
      </crittur>
      <carotidRamjetMisword pentritEthmoidCokie="kend25">
        <sliddryYente>paenula</sliddryYente>
      </carotidRamjetMisword>
      <spiks doseExpire="aonian">
        <yaupon>broncoHoople</yaupon>
      </spiks>
      <reblowFairer tilted="denudesUnweary" pyladesStoneHard="noyaded">
        <olam>visonAribin</olam>
      </reblowFairer>
      <esses soften="syzygy" heiledTreads="whilesArgutaPresaw">
        <unhoodsGanoin>dykesThrap</unhoodsGanoin>
      </esses>
      <jillet gauzily="nocuity" tonto="69275">
        <brulzie>maydayFrizz</brulzie>
      </jillet>
    </savitriVair>
  </picaros>
  <angekok coalingFards="osmosisGonnaLactams7970" claviolGangliaKankie="cuestaPraissItali" whirkenDumpleUnwitch="cirrose" />
</egersExopodAnnatto>