<?xml version="1.0"?>
<cicadasElaidinCodens>
  <bayetaHeydays pfennigGuignol="akeakeBanningSorry" thereto="octAppalsCampily" accompt="897191" emporiaConductRating="caldron3" />
  <lobaria pottedFold="jambone" hogward="24737" gruffy="yelping" misdrawMiswedCocotte="neededDiagWakan">
    <pinkies>
      <crickRebake>camanayVadimTahar</crickRebake>
      <cheloidStickTearers>
        <candiotFeaster>uredema</candiotFeaster>
      </cheloidStickTearers>
      <sangir zingerEmicReve="8523507">
        <bleakyCronies>senexAmbierDofunny</bleakyCronies>
      </sangir>
      <ignoteStalked fleamyAkania="616430237">
        <speteMiranaSeaport>hencote</speteMiranaSeaport>
      </ignoteStalked>
      <burrahBurmese>
        <ozark>staking</ozark>
      </burrahBurmese>
    </pinkies>
    <doruck>
      <maycockGippingPumpkin>crizzelTempyoRingeye</maycockGippingPumpkin>
    </doruck>
    <exaltee pandropScabBatsmen="cotype" limited="leetmanBailoutQuods" lantern="4334">
      <haughtAbidingAccent>dyakish</haughtAbidingAccent>
      <kriekerPeltersDiable>
        <kerseys>1379797</kerseys>
      </kriekerPeltersDiable>
      <widelyOhia>
        <fudder>sportDogdoms</fudder>
      </widelyOhia>
      <cygnidWrongdo>
        <chucks>fiacreWeftedBoswell</chucks>
      </cygnidWrongdo>
      <ponying tekkeVersa="760943557" ergasia="pargedUndone2070">
        <lour>triJefeDruery</lour>
      </ponying>
      <makings awelessJacamin="knarry">
        <entrapByblisStouten>moidoreAlidade</entrapByblisStouten>
      </makings>
      <fumblerComble eelpoutRecall="dionize" fangleSaxaul="vagientSeabedsGalways3633">
        <impune>evodiaMusgu</impune>
      </fumblerComble>
      <loxoticEquilinYender durzeeTarmacsMdnt="14">
        <arikaraDazyBerob>gigueNickum</arikaraDazyBerob>
      </loxoticEquilinYender>
      <shade dasht="conoids" thesial="mulga">
        <algenibTamborAmiss>affirms</algenibTamborAmiss>
      </shade>
      <tootle naelCricket="spirae">
        <assify>haitHydras</assify>
      </tootle>
    </exaltee>
    <ashlarsBagwigsFaculae>
      <pekansSemifyScaean>conite</pekansSemifyScaean>
    </ashlarsBagwigsFaculae>
    <cuartelTiponiTole>
      <simularPitman>loverly</simularPitman>
    </cuartelTiponiTole>
    <venomerJowpyDeil>
      <disterr>united</disterr>
      <antisexCestoi>
        <sawfly>focslePhilSuzanne</sawfly>
      </antisexCestoi>
      <rebops>
        <quaysUnpaperMisedit>foliumSixty9264</quaysUnpaperMisedit>
      </rebops>
      <phenom cymlin="cystomaWapReverse" roxanaPonsJaybird="bpi">
        <monisms>fluentColback</monisms>
      </phenom>
      <buntersNamelyTurfdom>
        <magani>moran</magani>
      </buntersNamelyTurfdom>
      <gelders reglazePalpateDiascia="nonionLegrete" echosJackashPlaints="skydiveTabooChico">
        <nertzReweds>citersColdest</nertzReweds>
      </gelders>
      <girlismScantsDivine spearer="agropeSouping">
        <untallThrills>933415491</untallThrills>
      </girlismScantsDivine>
      <sculshOilwell curvesMassaTiqueur="mehariGoosishVaruna3" cholera="culdeeOverpayBoweled">
        <fireman>sacrate27</fireman>
      </sculshOilwell>
      <dzerenShower>
        <jibheadAsarta>8615</jibheadAsarta>
      </dzerenShower>
    </venomerJowpyDeil>
    <airbag>
      <mammutGeogenyOutleap>jubbePilaffTitmal</mammutGeogenyOutleap>
    </airbag>
    <sunspot fundicClayeyToke="cruder">
      <snacky>imbasedPourerTabefy</snacky>
    </sunspot>
    <purdahsDeludedAlas>
      <spilerSnicketRadiode>mutuelAmtrac</spilerSnicketRadiode>
      <iceboat>
        <trucePated>14927</trucePated>
      </iceboat>
      <abrosiaUnpickSquam>
        <infileGeldersDaunts>kunesteHaidukMakoua</infileGeldersDaunts>
      </abrosiaUnpickSquam>
      <dariole>
        <toluolsJumpier>bidi60</toluolsJumpier>
      </dariole>
      <shoorGarglerGrovel>
        <defetUpanaya>unwofulSamnaniUntrend</defetUpanaya>
      </shoorGarglerGrovel>
      <cuddlesAnan undailyPapposeAbdat="esbayDoodads">
        <moistyDonumSpratty>cathernSoothsMorinda</moistyDonumSpratty>
      </cuddlesAnan>
      <budgyAcetins>
        <famuli>6626787</famuli>
      </budgyAcetins>
      <cyclene riddlesCursors="leatherGerkin" jugfulsMorales="outlotAmphore6391">
        <alfFucksFiducia>pgntt</alfFucksFiducia>
      </cyclene>
    </purdahsDeludedAlas>
  </lobaria>
  <barterBooklet soleret="jarlBenzoMease" cestrumLatenEpa="ygapo" />
  <englut>
    <remiped aludraTenonsUnbush="brinceWiggledCuprose">
      <gunnersChabouk>tonesSquashyEnact</gunnersChabouk>
      <lariats fibrousSippio="eremuri" vestry="prendreJitteryRoped">
        <cast>hld</cast>
      </lariats>
    </remiped>
  </englut>
</cicadasElaidinCodens>