<?xml version="1.0"?>
<bandmanBoomletInlays>
  <reletCashier vlach="anthem">
    <beninZymoses arjunXicaque="nabsCells1310" hastilySiliceaCorcir="8">
      <prowlerGluon>7700649</prowlerGluon>
      <laxnessTabitha ramoonLintie="hoofingCrile">
        <chacoPulsingLuggers>48082422</chacoPulsingLuggers>
      </laxnessTabitha>
      <blameWambled>
        <cledge>ectatic8</cledge>
      </blameWambled>
      <rooferAffich molman="hartail" icecapsPorry="howadjiKameradVarying90">
        <unmewsBetula>glanderFishway</unmewsBetula>
      </rooferAffich>
    </beninZymoses>
    <cyderKalangJoss guineaRandsAzimech="beltianAldrin">
      <lucSynopsy>hoarderBullion7</lucSynopsy>
      <sphalmaMonasSosia sniffer="butylicLanded">
        <terzoFlabile>wakonKipping</terzoFlabile>
      </sphalmaMonasSosia>
      <tussorTroak>
        <tonyEmployePagods>jacketSlicers</tonyEmployePagods>
      </tussorTroak>
    </cyderKalangJoss>
    <cayuganRaphael>
      <wilgersBegay>380572</wilgersBegay>
      <outtorn tradyNisei="prelatyBoca81">
        <scyllaMusth>wheezle</scyllaMusth>
      </outtorn>
      <mucoidPronaos tromps="166428861">
        <fuelEngrDeking>vexedlyWaget</fuelEngrDeking>
      </mucoidPronaos>
      <brughs outfeelHarmel="islandsHogtonFalco400">
        <partner>coruler</partner>
      </brughs>
      <awolAthbashUpspear needleArrgt="warmsAirlock">
        <pushIncrust>92957258</pushIncrust>
      </awolAthbashUpspear>
      <rok thereasUhuruCaboose="522731">
        <sumakEggfish>707</sumakEggfish>
      </rok>
    </cayuganRaphael>
    <infauna>
      <lucigenDreyntSaprobe>lops</lucigenDreyntSaprobe>
      <itoniaMespilBeleaf>
        <bukeyefEsculic>84</bukeyefEsculic>
      </itoniaMespilBeleaf>
      <sewanDoltishLitotes conyger="454">
        <clumpstSizzler>6358187</clumpstSizzler>
      </sewanDoltishLitotes>
      <glaizieSanableStacy herma="94326654" croukeFusuma="trixie">
        <dossing>caraipeTriumph</dossing>
      </glaizieSanableStacy>
      <unstagyTerma aiasErred="1109">
        <ungraft>titanBeheadRasion</ungraft>
      </unstagyTerma>
      <stunts>
        <genoise>refugeGibby</genoise>
      </stunts>
      <imviaAntonBalaena fueler="adfrozeAnimalaTertio8240">
        <toryism>seabootFurile</toryism>
      </imviaAntonBalaena>
      <cheapsLilacky raspedPeered="925">
        <meetsSiwens>67047</meetsSiwens>
      </cheapsLilacky>
    </infauna>
  </reletCashier>
</bandmanBoomletInlays>