<?xml version="1.0"?>
<flattopDechlogSwanky>
  <balkisOfaysDumpler olivary="droopVitular">
    <nonfluxBaloch>
      <litotesDyeing>niseiIare7</litotesDyeing>
      <habbe>
        <bettersBludge>lawkHumbledRament</bettersBludge>
      </habbe>
      <misuseOfflineJehus hastierTankful="aviatesAdoringTerete">
        <amazonaAeonBarruly>orientInduesSnoozer</amazonaAeonBarruly>
      </misuseOfflineJehus>
      <wadmolAnus emule="heroDionizeTui">
        <glassesSyrSpraith>tantrum52</glassesSyrSpraith>
      </wadmolAnus>
      <spaerKosseanUnmiry zemstva="eosin">
        <yabaSolacer>tomial5</yabaSolacer>
      </spaerKosseanUnmiry>
      <agpaite nosism="xenopusFiddedWied" diddlesOgygian="248487589">
        <misbearOrvietoCusecs>pride</misbearOrvietoCusecs>
      </agpaite>
      <wairchSilexes>
        <biplace>dan</biplace>
      </wairchSilexes>
    </nonfluxBaloch>
    <askersRinkiteBater>
      <frowned>dujanTictocCheerly</frowned>
    </askersRinkiteBater>
  </balkisOfaysDumpler>
</flattopDechlogSwanky>