<?xml version="1.0"?>
<tollySiccity>
  <enmask morenaUnbesetRetitle="gardeenKiblah" losingSplice="7898" wennishDetails="toneticHeveaBlur">
    <dungeonUphandPongids>
      <decencePujaUnbeget>kabyle</decencePujaUnbeget>
      <mottoedAcatesElench>
        <lilackyVarna>pedder</lilackyVarna>
      </mottoedAcatesElench>
      <gardnap>
        <refectBestay>8</refectBestay>
      </gardnap>
    </dungeonUphandPongids>
    <mixhillVisaged tweedsRight="ekkaDidies" birodoRestab="ammineCaraho">
      <encampsYouthyLaine>packmenPopover</encampsYouthyLaine>
      <winner bittie="egghotDepurge13">
        <barisMalduckEeriest>zeks</barisMalduckEeriest>
      </winner>
      <abashedWottingPogonip boaterExtillTorydom="angicoMawksDraftee9532">
        <intimas>poor</intimas>
      </abashedWottingPogonip>
      <cazaHilloa dramsWamusesButeo="reestleSprentIsonym">
        <tidderBemarMenthe>holdenBookingHodful</tidderBemarMenthe>
      </cazaHilloa>
      <birdmanCayos sakes="vestureDipperDemiox1" rannDunciad="erepsinEclogic">
        <urnsChapeauChillo>guffsSuckenGorcrow6756</urnsChapeauChillo>
      </birdmanCayos>
      <trusser folioed="nepotalSplashs" monaulPodos="vangloeMeloe">
        <demast>blouses722</demast>
      </trusser>
      <amaniaBoodlesFrizzes medusan="nailPhorid">
        <sonlessFusht>dorbieKnells</sonlessFusht>
      </amaniaBoodlesFrizzes>
    </mixhillVisaged>
    <medullaAspaceImpawn hinger="coronisSeginus">
      <pinkeysPiend>viennaYeplyBilly763</pinkeysPiend>
    </medullaAspaceImpawn>
    <guimpeAngakokMails wintryNiobeWrecks="recrampPawned">
      <coccid>tdrCarnaryBemouth</coccid>
    </guimpeAngakokMails>
    <mycoses branialGunlockSheaths="94574193" duffelsRajasic="sekaniEnzymesScarfe9014">
      <paughty>enring</paughty>
      <tussahAnaloga oraeChandooAtilt="68798415" suweFagging="malocaAmletKlismoi">
        <hoddyAffeer>hilariaTholes</hoddyAffeer>
      </tussahAnaloga>
      <furzesSoddedCurple homrai="1704770">
        <hiving>lasingMeloidHumpies6630</hiving>
      </furzesSoddedCurple>
      <barbes witlessUretic="smugger" coelhoImbrueVerses="digynia">
        <tinglerPukeka>zested</tinglerPukeka>
      </barbes>
      <unnest>
        <asteismTraneen>audientQuakery</asteismTraneen>
      </unnest>
      <reppsSpiegelCaneva>
        <skep>17697157</skep>
      </reppsSpiegelCaneva>
      <updivedLesteAlphyls oceanicAndineRebring="chaneHatches">
        <husheenSertaSires>towardBounce</husheenSertaSires>
      </updivedLesteAlphyls>
      <lankyFasels>
        <tanistsScone>mcgFiacreLitster1</tanistsScone>
      </lankyFasels>
    </mycoses>
    <hummockTechierLyncid cozierSpooledBuffa="netopsAscribe" smittle="twillerPaviour">
      <primusWagweno>logwise</primusWagweno>
      <dicersMyopic clavesCunonia="skeansWoodies9480" hory="nepaliComatePeytrel">
        <gruntsIsm>makonde</gruntsIsm>
      </dicersMyopic>
      <sclavCorveMeg kelpiesCoenobyMammey="idyl">
        <flouse>770379</flouse>
      </sclavCorveMeg>
      <eyemarkAerobicCrimp>
        <westme>garages</westme>
      </eyemarkAerobicCrimp>
      <sicyos outwashAurungAshes="8" gunne="armoredRara75">
        <thiolic>suldansRegrip</thiolic>
      </sicyos>
      <bourdis henyardBuckersUgly="chalta">
        <oddness>72</oddness>
      </bourdis>
      <recalkHeeziePendn farse="yodsYazooShoji18">
        <pantie>paradaGlommoxJazeran</pantie>
      </recalkHeeziePendn>
      <catchieTykhanaAmentia gaius="grandsPuisnesAriels" masts="homierFibrose">
        <cyclicYearfulPatefy>especCloningField</cyclicYearfulPatefy>
      </catchieTykhanaAmentia>
      <gutter sufficeToxityWrybill="475938">
        <resumesExpire>aidingZygous</resumesExpire>
      </gutter>
    </hummockTechierLyncid>
    <suji>
      <darted>1</darted>
      <wobbleRelGadbee>
        <nate>teg</nate>
      </wobbleRelGadbee>
      <odinismChun synacme="fatuoid">
        <mewlers>aloeInanersFootful</mewlers>
      </odinismChun>
      <dasyaPulser rawinIdist="velarJaspersPreser" sweatyRemarry="914407">
        <rizzleTochers>milanSwevenYees</rizzleTochers>
      </dasyaPulser>
      <echappeDoes wingers="sericMoron" cronish="35600323">
        <shaduf>traitorTwasPuppis72</shaduf>
      </echappeDoes>
      <ploppedTreedOvidian unshapeFarineSpewing="phanicMisname7" tetchedTemplesLiyuan="26">
        <crapulaPothersCausers>poiesisPagurusRuttish824</crapulaPothersCausers>
      </ploppedTreedOvidian>
      <zealots cursory="glassedYoniFelled" exertedYarkee="delyMaoAdeems344">
        <quahogCanoingMahori>speered34</quahogCanoingMahori>
      </zealots>
      <cracksMinawayPrimy tackingRipsawPilers="toolmanGardnapCarbro" moujik="355">
        <assuredReviews>eatable</assuredReviews>
      </cracksMinawayPrimy>
      <comportTurnipsWaddied powtersPlatoidGiojoso="placusEnarmeMaximon" daunterAskableHoggy="arisaidUnfoundAnatole">
        <wissel>punchy</wissel>
      </comportTurnipsWaddied>
    </suji>
    <perrierSnailyUnnice violandDeafensPapion="epoptesReweaveDulcity">
      <places>ethyls</places>
      <tengRieverMoore kiddleDufflesGrippe="spense" attaccoJagg="ethersKennet">
        <tedderStompMobble>snackle</tedderStompMobble>
      </tengRieverMoore>
      <scyphus>
        <evertor>ranula</evertor>
      </scyphus>
      <skookum>
        <sargusPoshoPirnie>speeceMiresUrf</sargusPoshoPirnie>
      </skookum>
      <hiren bandanaAbsis="8249">
        <avensesMajorsPier>propylsCasetteRasen</avensesMajorsPier>
      </hiren>
      <periaptChrisms>
        <blendsVannicDirks>792</blendsVannicDirks>
      </periaptChrisms>
    </perrierSnailyUnnice>
    <jokistMidgetsPothead baftBalrPigful="scaloniOctadsBritain480">
      <kaysGadi>14</kaysGadi>
    </jokistMidgetsPothead>
    <stupheNiuanScrap>
      <uraniidViverra>canarinOrfeDayfly762</uraniidViverra>
      <holmsPurana sellateMegafogPlummer="bailiesAirtimeKernos" rosaFluter="7">
        <sigma>41</sigma>
      </holmsPurana>
      <eulaliaWakerRuffer mamminDakotas="palaticCarapoWomerah60">
        <cirqueStraike>blamClosedLowlily</cirqueStraike>
      </eulaliaWakerRuffer>
      <dooverLoxing>
        <tormenSerioSilva>orlando</tormenSerioSilva>
      </dooverLoxing>
      <aiolis cuspis="jobbingPushrodItaly">
        <drapetMeddled>knottySoodledPunica</drapetMeddled>
      </aiolis>
      <sprucyFunkingRumpad>
        <ahimsas>7794284</ahimsas>
      </sprucyFunkingRumpad>
      <trillerSericEer skout="904306">
        <beechesGeeksSumph>voterOctoon797</beechesGeeksSumph>
      </trillerSericEer>
      <diethyl>
        <obtundOhingFemoral>feminieWhickAbhors</obtundOhingFemoral>
      </diethyl>
      <fumetteUtuYaqui>
        <goajiroBudukhaNayar>barbuKayoesCuruba</goajiroBudukhaNayar>
      </fumetteUtuYaqui>
      <genus>
        <geulahOperae>53</geulahOperae>
      </genus>
    </stupheNiuanScrap>
  </enmask>
</tollySiccity>