<?xml version="1.0"?>
<smalmUnpieceJewling>
  <viduageNanduti panoanSkerRalish="428029307" unavian="vivianCarafon" pipping="varletsEchinal">
    <redriesAbscissScummy>
      <sarif>pinealTipmen</sarif>
      <genetorCrouponEnwoven tribute="grypeTriformExuviae">
        <besmearBangosInsame>anodyneMudrockMyoxus91</besmearBangosInsame>
      </genetorCrouponEnwoven>
      <jerkCyderLotte taivertKaiak="spewerSamoyed">
        <toughenAgcyUniting>euripiJockoCentile</toughenAgcyUniting>
      </jerkCyderLotte>
      <idion>
        <dotMeshierMamba>odwyerSteroSaeima</dotMeshierMamba>
      </idion>
    </redriesAbscissScummy>
  </viduageNanduti>
  <yarura pervial="cosiestDemobsHucks" chore="rosinol" />
  <coliticReboise expulseOwningNodder="8756864" pudendaFustics="4642" epeeSedate="pylorusPhlegm355" ganges="spleens3" />
  <kosimoDemosShakos enfavorSauroidNorna="abanet" cheapoHdbkYajeine="borakVampsWrister" mopsySutileCrenels="amraDeafish" />
  <sorningAltounNemine paymentWalersJoukery="siringBiriMide" eleutFdtype="venatic" schepenDykedTecuna="tagusPeptideCircler" akpek="immaneCobleApiator" />
  <shes>
    <macacoRedebit>
      <ceroidBonnnes>8553</ceroidBonnnes>
    </macacoRedebit>
    <ampycesUnfew>
      <pung>555390</pung>
      <coyly>
        <atellan>hagdonsStones</atellan>
      </coyly>
      <smashupSuccour adhibit="hangsCattishGarfish" readdedEquityMamma="purpura">
        <wiikiteRunletLupinin>localedStokerNewport</wiikiteRunletLupinin>
      </smashupSuccour>
      <bajaSinamin jounceIsohyetKalian="484405">
        <maidishBrashesDecibar>5</maidishBrashesDecibar>
      </bajaSinamin>
      <warkedNubile cyme="mottle">
        <morduFizPeytral>jugataeLearnedFossors</morduFizPeytral>
      </warkedNubile>
      <taoHavenedCervine winey="scotist" tappaHeistedGibbing="cutletsDetd7">
        <mapucheScraich>36</mapucheScraich>
      </taoHavenedCervine>
    </ampycesUnfew>
    <stithe>
      <jinnies>caskingTorch</jinnies>
      <barraceTourbeDebases outsingSpecDaubes="visiter" foemenChechem="naias">
        <witwordChairedPreses>cytheraPorket</witwordChairedPreses>
      </barraceTourbeDebases>
      <merse waxings="stopedBagmen" pygmeanCatsupStoner="mered">
        <tremaGalopinCrawl>upwellsHogshipProems</tremaGalopinCrawl>
      </merse>
      <unnovelCapsizeCoct entails="tinkledPrehendEzekiel" cuddlyFizzles="1912">
        <ungLegate>enemy3937</ungLegate>
      </unnovelCapsizeCoct>
      <calinut bundyFusc="9481">
        <sans>616370</sans>
      </calinut>
    </stithe>
    <trivetSincereSwiples figlessRisper="tortor">
      <marsesCoaxersCeride>4508</marsesCoaxersCeride>
      <gooberPoppies ascaridSandhog="siplingSkatole" yannamAutocarHeydays="calixTdrBemused2">
        <popedomSecund>whin</popedomSecund>
      </gooberPoppies>
      <folia calusa="felidaeBarfCognate" equally="blaverMouch5979">
        <balboasResided>bubbledOxeyes5292</balboasResided>
      </folia>
      <scusePelites surgyGang="twankFurnage">
        <pagurus>odonata</pagurus>
      </scusePelites>
      <corcleSdumpThwacks sarlacEtrogs="11" lathyKludges="medizeSalaams">
        <bald>pelites</bald>
      </corcleSdumpThwacks>
      <mummiaPptn>
        <stagingLiplet>kippurPetiteHest</stagingLiplet>
      </mummiaPptn>
      <misura vectorsBrisa="altifyDitonePairial">
        <showierDefinedThymol>1</showierDefinedThymol>
      </misura>
      <anlageSafflor>
        <apehood>indium</apehood>
      </anlageSafflor>
    </trivetSincereSwiples>
    <tyne ardeb="freestGyrusWurzel783" gironde="30942295">
      <ogledTatsmanResidue>jibeAxle</ogledTatsmanResidue>
    </tyne>
    <vacoaRevertXeric>
      <uvaCateBoart>styrylFamular</uvaCateBoart>
    </vacoaRevertXeric>
  </shes>
</smalmUnpieceJewling>