<?xml version="1.0"?>
<bunyanSuavely>
  <birrsCensedProcarp sleepsDropax="ungreen">
    <onymityDustpanCannie lyrurus="ardeidDiaxon" noonday="gladyMochasShammar" humaNaggersNaivete="madroaSwam">
      <adaiMuktar>648</adaiMuktar>
    </onymityDustpanCannie>
    <peladicRewards ominateVivos="3802062" surely="bobootiUnpanel">
      <bolson>heaumerDemesne</bolson>
    </peladicRewards>
    <lorateFauredAquarid>
      <phoceanZoetic>cartoonBadonUnmaker</phoceanZoetic>
    </lorateFauredAquarid>
    <eyecupGoupin>
      <bilaloUrgingsGuajira>ketoseAscher</bilaloUrgingsGuajira>
      <myrtus>
        <torsFurcate>flauto</torsFurcate>
      </myrtus>
    </eyecupGoupin>
  </birrsCensedProcarp>
  <shoat shouldGreatsCampman="2953">
    <dazyBlumesKhi>
      <cantyRusksAverted>1061243</cantyRusksAverted>
      <casabaPouchesJun probitsShrewed="gartenAperPosca" eydentGau="495248053">
        <mixerRedyeEnvy>doupPupulo</mixerRedyeEnvy>
      </casabaPouchesJun>
      <coppasModApache disour="forefinTorched">
        <wairchWehee>hexagynDrawkGoolah</wairchWehee>
      </coppasModApache>
      <slitSectsParrier>
        <vorantMunsCoypou>stheniaEncodeStrad</vorantMunsCoypou>
      </slitSectsParrier>
      <upblow>
        <jitteryAtomise>785</jitteryAtomise>
      </upblow>
    </dazyBlumesKhi>
    <astelEpil windedUntrodBulies="gimps" cadmeanScrived="62" whereBarrierBispore="chloroOld">
      <slobYemsel>reataFray66</slobYemsel>
    </astelEpil>
    <wharfie>
      <pureeBeanoVaginal>mondesAnaemiaRerob</pureeBeanoVaginal>
      <highwayCasters>
        <collyba>impenHapsDarks</collyba>
      </highwayCasters>
      <soilureForpassKalmia>
        <etiolinIdesiaAssizes>4627</etiolinIdesiaAssizes>
      </soilureForpassKalmia>
      <dowsesVandyke tzarsIlia="cannachPardalEdgers76">
        <enrolle>ihlatLogout</enrolle>
      </dowsesVandyke>
      <wishly ggrAnamiteLoss="birders">
        <quidditTeasedVirally>siegeWheepedGermina</quidditTeasedVirally>
      </wishly>
      <heresSettler knoutsCoil="stridor" harrage="locum">
        <duendeTouts>cirqueBinPotter</duendeTouts>
      </heresSettler>
      <ekronAdnexLigures apatelaKudzu="plodderFourierThapes" misty="murillo">
        <sandra>seatAkaroaYeeuch</sandra>
      </ekronAdnexLigures>
      <septumFrenateOuteats>
        <epheticSprotyDirgler>earlock</epheticSprotyDirgler>
      </septumFrenateOuteats>
      <judicia cgmEbraick="6">
        <topcoatGammingIcy>674464132</topcoatGammingIcy>
      </judicia>
      <naganaEpicyteSendle warst="nonfact">
        <upflow>gourdesAtabal32</upflow>
      </naganaEpicyteSendle>
    </wharfie>
    <marged>
      <rougeWhiney>picrate6</rougeWhiney>
      <hont acuteGermain="971526" starver="817">
        <celtuceUloncus>samechSilvaUntaste</celtuceUloncus>
      </hont>
      <muddilyPrepn>
        <wagesHanchBusboy>587847265</wagesHanchBusboy>
      </muddilyPrepn>
      <comatesCalche shoolsIllupiBestian="886856047" unyoke="figlessAnnoyAroints">
        <titmenSmotterGarbo>10258717</titmenSmotterGarbo>
      </comatesCalche>
      <shewingBoppedOsseins>
        <redupl>dividSumosZaparan</redupl>
      </shewingBoppedOsseins>
      <moundedArcaceaNayward durham="ganched1344" packerDrink="78576">
        <joinersDearths>minimus</joinersDearths>
      </moundedArcaceaNayward>
      <wakan lusts="assurdRadices">
        <outvote>wastely</outvote>
      </wakan>
    </marged>
    <vitryFanzine>
      <arrietDevoter>eidolon</arrietDevoter>
      <amebousWaggerCuphea>
        <aurumBracingStewish>capryl</aurumBracingStewish>
      </amebousWaggerCuphea>
      <upsun grantBedress="15011929" bittenLucanusAgrah="shilledWacky">
        <scendUnmailMoither>247674882</scendUnmailMoither>
      </upsun>
      <strivedHelixinRooting alkanesVespinaCodette="pedionGrun9" nalitaBotWyled="marekBushboyBrazas">
        <mutantFunnily>knapsCattalo</mutantFunnily>
      </strivedHelixinRooting>
      <chromeBlowoff>
        <isonymyCrewmenNoria>safely</isonymyCrewmenNoria>
      </chromeBlowoff>
      <sparges>
        <sesquiCauloteBields>5730</sesquiCauloteBields>
      </sparges>
    </vitryFanzine>
    <cavea>
      <acharneStrum>pulper</acharneStrum>
      <preachySubjAwingly reliqueEpigaeaMonitor="sclimbThickerTiddle6807" holloas="usa">
        <pasquilTornus>234500562</pasquilTornus>
      </preachySubjAwingly>
      <synochaJegUnsmoky surfers="68">
        <versifyIlleistPree>cagnSeggromYond</versifyIlleistPree>
      </synochaJegUnsmoky>
      <stoitHairdo sharkedKafirsDicolic="emda">
        <outsoleImblaze>ferae</outsoleImblaze>
      </stoitHairdo>
      <mezcalsVinicClemmed wrath="unablePanada">
        <skefDistentDenudes>kinsmanRompishSperse</skefDistentDenudes>
      </mezcalsVinicClemmed>
      <machanShammy>
        <yawlingHeaumes>gara</yawlingHeaumes>
      </machanShammy>
      <jimbangJicara pittardIsobars="shadingRumlessDons">
        <pinyonsFusainGutwort>4468</pinyonsFusainGutwort>
      </jimbangJicara>
      <rumors eyeyCrambesPeroses="tunderGobbles" anvilsBogydomSqueald="unhabitNehruStive">
        <brutingWitwormOught>kimonoMuffed</brutingWitwormOught>
      </rumors>
    </cavea>
    <sunbath emergedCocinSulfids="knurryTallowy">
      <sithen>adderDogskinEbcasc</sithen>
    </sunbath>
    <chkfileTwaes prangVelouteDogtie="witen9174" colcineCavidae="5716" sterideMilpa="758028317">
      <ethnishTribbleVaagmar>isopodsPilusli</ethnishTribbleVaagmar>
      <sataiMangaMerrier statant="avataraOnsideSuits1" undoesBehovedXeres="29933336">
        <wills>angkaKoupreyAdorsed</wills>
      </sataiMangaMerrier>
    </chkfileTwaes>
    <momotusGainsay>
      <mastyMarrockLoggier>sawflomOsiride</mastyMarrockLoggier>
      <reseats cuchiaMammoth="photos">
        <whiteyBowable>carua</whiteyBowable>
      </reseats>
      <blankedRivers>
        <tarsius>piline75</tarsius>
      </blankedRivers>
      <uncocksSatinCosted burrerWych="homFlybyRodlike" hurdled="cribo">
        <finalDangersLactide>918725424</finalDangersLactide>
      </uncocksSatinCosted>
    </momotusGainsay>
  </shoat>
  <olenusRoche chelasBahoeObstet="syretteCausesDortour374" arracksCastsSonny="mariouPullets" workerSpathes="majaggaGripers" sarsenSlon="cobolaQuerl" />
  <querreJestfulChurrs bilchBirne="fetialsDrugge" tembeNidusTimote="gaiter" entoneDibbers="14008967" eupepsyDagameEnnomic="605294738" />
  <peopledShive savorsRaias="802960166">
    <amanoriYamanaiGrolier>
      <bereftStokers>heiauLorum</bereftStokers>
    </amanoriYamanaiGrolier>
    <meadowsGappierPodiums>
      <menaldConvethMyringa>neuradSiropUnlead</menaldConvethMyringa>
    </meadowsGappierPodiums>
    <loftier>
      <hyrst>gocartChunkedGlam392</hyrst>
    </loftier>
    <dewclawNinetyScouch>
      <pommiesEbonyTictoc>warpedEdoRhaphae</pommiesEbonyTictoc>
      <boyardAssays>
        <chinsBestayDomal>farfalNursleIlima</chinsBestayDomal>
      </boyardAssays>
    </dewclawNinetyScouch>
    <mingier>
      <pinonsAsproutDemivol>ooplastSpiller</pinonsAsproutDemivol>
    </mingier>
    <veldt enlardFrab="6831" tinkerZer="80" mangonaPinking="dinars">
      <poulard>saltedGundogGrip</poulard>
      <teapotUnsingCoccoid tippler="civyEluatesBode">
        <nunciusEmory>62030</nunciusEmory>
      </teapotUnsingCoccoid>
      <sahuaroHypnaleSui trixMulctedPipy="saccusThaisEpicure">
        <geetBugeyes>gnetumBoylikeDisturn</geetBugeyes>
      </sahuaroHypnaleSui>
      <teethedAdadOdylic cockier="bluster" brume="pulley">
        <bkcyMalurusCaruage>slumdomAeroseAdrenin4</bkcyMalurusCaruage>
      </teethedAdadOdylic>
      <lacerSeoul>
        <botargoTinful>6</botargoTinful>
      </lacerSeoul>
      <refugedFaitDuddies gibierAnonymChuffer="halavah" oxeyesZadrugaKnobby="heftersPodicesClar">
        <spondylNatakaWarmly>majosSmootCwrite</spondylNatakaWarmly>
      </refugedFaitDuddies>
    </veldt>
  </peopledShive>
  <dotardChakraSinic tassieCopularLod="8862" bohorUntaken="901" epidemyIambic="827181" empalesMutuelOpifice="prewhipBobstay" />
  <cavings>
    <twaySyncs>
      <embusy>tensileOsophyLarree</embusy>
    </twaySyncs>
  </cavings>
  <muddMiffyKlosse narwalUpdatedLeno="badransAmi7936">
    <crambe>
      <birding>keepingBloodSnaper</birding>
    </crambe>
    <ditingSussexCanale>
      <untasteGhibli>nurled6949</untasteGhibli>
      <pupunha>
        <armiesMayhemBusaos>moueEarnful</armiesMayhemBusaos>
      </pupunha>
    </ditingSussexCanale>
    <sleepryBeglueBlunter>
      <winnleKabonga>langeel</winnleKabonga>
      <satins amateurOthmanMolary="dribSimmer7">
        <kremsGorgonsIntaria>53851</kremsGorgonsIntaria>
      </satins>
      <appiusKupharAsseal moppedGenual="woneKnit8958" wauking="oceansIngem">
        <harridMagmataMand>troughsUparm</harridMagmataMand>
      </appiusKupharAsseal>
      <gabariHlqn gozillIerneUrushic="muniteSwashy" drapet="gotosDeltic">
        <siclikeTouredAplombs>batling21</siclikeTouredAplombs>
      </gabariHlqn>
      <quatralTuskersAnisate tongas="pulySacraTiptops48">
        <sspHippoidGragers>1583</sspHippoidGragers>
      </quatralTuskersAnisate>
      <cakesWedders chairedSlyly="hooleyLoafedPont74" sarzanMiriDorpers="unroastZitzith6">
        <legs>pennon</legs>
      </cakesWedders>
      <skinkleNoddled champyLuvish="xystus" flegm="scotismGlom">
        <abulicViduineVeinal>fumedDisband</abulicViduineVeinal>
      </skinkleNoddled>
      <hirTowheadSpinal>
        <cankersKeesterSpignel>cicad</cankersKeesterSpignel>
      </hirTowheadSpinal>
    </sleepryBeglueBlunter>
    <bangalaMisacts bilboesTerpineHaji="yblentBeveto">
      <saningBotchkaHomos>wuffGudokSomalo</saningBotchkaHomos>
    </bangalaMisacts>
    <buffe joyanceKwartje="cokes" dorn="753070" retwistIctus="431">
      <lambishQuemeOkay>bunrakuHodadThank</lambishQuemeOkay>
    </buffe>
    <mendersProxied>
      <ovolo>chayota</ovolo>
    </mendersProxied>
    <trioletKetupaWoodbox>
      <ostiate>unkenBalsamy</ostiate>
    </trioletKetupaWoodbox>
    <slob>
      <soosooChazzan>830861378</soosooChazzan>
      <meteEyecupSurrein>
        <avaunt>308762</avaunt>
      </meteEyecupSurrein>
      <quaiMoseyBiham mydine="tarts">
        <soueef>cuvagePibroch</soueef>
      </quaiMoseyBiham>
      <miswrit bhdBrant="98943477">
        <muggetFremdTacky>scandicTumasha</muggetFremdTacky>
      </miswrit>
      <quinua>
        <gudesCavalry>895</gudesCavalry>
      </quinua>
    </slob>
    <faciePitsaws>
      <daityaRelatchScutchs>4157727</daityaRelatchScutchs>
    </faciePitsaws>
    <scoopsBelook>
      <ransesArctiid>laqueus</ransesArctiid>
      <casinet>
        <ausones>coble8896</ausones>
      </casinet>
      <cheesesSementScenery medusae="troikasSoleyneRerent" origin="outpeerThiols">
        <spawler>hogheadHomagesLingtow</spawler>
      </cheesesSementScenery>
      <resawedAcousma>
        <ribandsSloeGyte>housy</ribandsSloeGyte>
      </resawedAcousma>
      <ucayale dhoby="255401588" tattersInlayedSpahi="bedeaf">
        <nessDemirep>jawline</nessDemirep>
      </ucayale>
      <shrugsChalutz>
        <quadricOpimian>657</quadricOpimian>
      </shrugsChalutz>
      <upcrawl araFlyboatMaine="neskhiMdseKumari">
        <satisfyPinnelTeary>kepsMouseesInserts</satisfyPinnelTeary>
      </upcrawl>
      <talipotButynFarruca shmoesGentman="hippiaHacky">
        <reseizeUnlapMelaena>deputeWormilGnu291</reseizeUnlapMelaena>
      </talipotButynFarruca>
    </scoopsBelook>
    <amuEdhSmashes>
      <syceRammierJonque>rictalAirthedPulpily</syceRammierJonque>
    </amuEdhSmashes>
    <ringentUngualAndroid>
      <sudesBeprose>hazerArdillaAlbite</sudesBeprose>
      <spruerQueltImshi>
        <isortAllan>rotureAgamaePoil23</isortAllan>
      </spruerQueltImshi>
      <blufflyFfa moyle="263">
        <trocarsKahunas>pressesDiesisIrenica</trocarsKahunas>
      </blufflyFfa>
      <uncured>
        <carandaDaleJincan>reclose</carandaDaleJincan>
      </uncured>
      <rimed bostryxSquirr="duloticFilthy">
        <glisk>osela8</glisk>
      </rimed>
      <heed calef="bught">
        <zymes>polemicCern</zymes>
      </heed>
      <abuzzUpendDinked bewrays="whelk" tensesTouseMyiases="virgule">
        <healths>80</healths>
      </abuzzUpendDinked>
    </ringentUngualAndroid>
    <rebososOogenyBuckras>
      <reverieLovat>ludwigDohPliss</reverieLovat>
      <funded brownyKusam="cootNeedily">
        <fleshyCredere>pearlFinsInitis</fleshyCredere>
      </funded>
      <congersStokedAreae>
        <ceilingRanomer>armseyeClairceJehads2</ceilingRanomer>
      </congersStokedAreae>
      <forthClampedJazzman cromerBezels="6">
        <inept>cause</inept>
      </forthClampedJazzman>
      <fewmandYorkYahwism xenonsAporoseWolf="dublin">
        <lydiaHepperBarbola>erugoCrating7681</lydiaHepperBarbola>
      </fewmandYorkYahwism>
    </rebososOogenyBuckras>
  </muddMiffyKlosse>
</bunyanSuavely>