<?xml version="1.0"?>
<hote>
  <negaterMacaws enserfNuttily="zoocarpTryt">
    <suzukiSleeverSuits kymric="axolotlOhmsBucrnia6">
      <bobs>283068295</bobs>
      <anabas>
        <aplombsVarecMyeloic>435042244</aplombsVarecMyeloic>
      </anabas>
      <onsetCachousPadres>
        <dishedMedullaMarlier>74</dishedMedullaMarlier>
      </onsetCachousPadres>
      <gecking amnesty="siemensAtik" protaxFinkCera="epodic3856">
        <kishonSacbutOch>hefterPollees</kishonSacbutOch>
      </gecking>
      <byhandRelamp gunshotReused="tinned" drawlsTwisty="upshear">
        <unmightCatlap>duelers</unmightCatlap>
      </byhandRelamp>
      <avensesSlinkProtext evensResters="muteMunVelary">
        <ensientSkelpitCurets>robesLlanos</ensientSkelpitCurets>
      </avensesSlinkProtext>
      <polyve bakingCaspar="260317925" prawnedBensheeCutters="crawlieMisdate">
        <glogg>455748561</glogg>
      </polyve>
      <clastTelei yech="braxiesIlexesMunsif" ancileFailleCulbert="thebaic">
        <lobeliaDefameFld>eerock4</lobeliaDefameFld>
      </clastTelei>
      <blayneRemapCoky slipper="rosttraUpdater80">
        <kateBrowden>ransesUnique947</kateBrowden>
      </blayneRemapCoky>
    </suzukiSleeverSuits>
    <koanDewarThomas potiClaspsSpirits="oicksReaudit" sculpinRakeoffBrights="coucal">
      <sorrelsMisput>tapuyo69</sorrelsMisput>
      <errhineAlya alipeds="464647204" chacate="waddent">
        <lisiere>tezkereMeselCatella</lisiere>
      </errhineAlya>
      <panache resuingArtieBillows="bubalesGlowEntte">
        <pippyMegrim>dilater</pippyMegrim>
      </panache>
      <opticon nonsyncLecturn="3397682">
        <delireSlovensDea>coutelAdipsiaCovid</delireSlovensDea>
      </opticon>
      <lackwitRubeletWacks bangsPiner="devisorWithhie">
        <sheaBervieAlauda>soleret</sheaBervieAlauda>
      </lackwitRubeletWacks>
      <fishlet vocalTalcous="donarSradhas56" tanselGait="elaborDarkeys167">
        <voltage>ovularyPunner29</voltage>
      </fishlet>
      <mograbiChairedDespair>
        <ichorPuppets>bravas</ichorPuppets>
      </mograbiChairedDespair>
      <rumina armataXyphoid="detailDinkum">
        <augurerRainy>falbalaWagh</augurerRainy>
      </rumina>
      <senniteUpgaleRedders abrimCarrsNephele="limmockKophsLaicise4863">
        <engine>muddiedIsmWethers</engine>
      </senniteUpgaleRedders>
    </koanDewarThomas>
    <culmy>
      <cubage>dawcockFremdlyDiactin</cubage>
    </culmy>
    <tiremanAstoneLettuce lancers="78">
      <vulgarsRummesTeraph>phobism3</vulgarsRummesTeraph>
    </tiremanAstoneLettuce>
    <credentProud wombat="bipack" jeezThunder="spartanBack" orlosAzo="maitresCankers">
      <mal>murrainSellar8</mal>
      <binalAperch>
        <solions>22</solions>
      </binalAperch>
      <drierCollab>
        <algistTubby>diadromScrogie</algistTubby>
      </drierCollab>
      <squiredViz upstick="pompa">
        <fructus>daikerPrismEater</fructus>
      </squiredViz>
      <peteredFarlsBadaxe kingrowRouging="besidesGrit">
        <unuredReshotMolds>subtype</unuredReshotMolds>
      </peteredFarlsBadaxe>
      <caonFlorulaTriglid aloadaeHexadd="675340">
        <craylet>unlacedMamboesChances</craylet>
      </caonFlorulaTriglid>
    </credentProud>
    <kayaksLobcock>
      <mouls>92769416</mouls>
    </kayaksLobcock>
    <beamierManiconNeebour waferer="687" flacketRedeye="502" spousalPetrea="epigramBeloutUnacted993">
      <ranterMuscoidFaugh>widgetsKetBee</ranterMuscoidFaugh>
      <punierColobin excretaCashingHowdah="kerb16" gymnic="bawbeeRecedes5803">
        <palmedButt>932970</palmedButt>
      </punierColobin>
      <acroama forboreNotelet="brythonTwindleVitrail860" inliersSubduct="80417664">
        <karchUnsalty>frissPlumeryAugrim</karchUnsalty>
      </acroama>
      <mutchTastyIsnt yestyReadds="837" buckler="decryptThujylGaggle">
        <jouleNutmegs>seeressSniffyXdiv</jouleNutmegs>
      </mutchTastyIsnt>
    </beamierManiconNeebour>
  </negaterMacaws>
  <pictaviLeeshyy poppleUpbuyHirmos="whalersBrut" warnerClaversVoteen="neonPianeta55" vise="adetGerbo">
    <boobook>
      <brace>vessesSonica</brace>
      <trabalCribble>
        <gauzierGadus>intrateIrater</gauzierGadus>
      </trabalCribble>
      <hurtledPeatmenCampman damaraRevues="mouther" kiesterStickly="baure86">
        <scrag>puntiesSpettle</scrag>
      </hurtledPeatmenCampman>
    </boobook>
    <onion uneaseDaintApadana="waasiMarc">
      <diosminPateraTowd>warderJesuitsFeeb</diosminPateraTowd>
      <sekhwanKoussinVisitee flogger="28395628">
        <sowan>veritasMadridSaddest</sowan>
      </sekhwanKoussinVisitee>
      <wheam engarde="darksKawikaRambler" exacumRattyTheave="6">
        <vermin>graalUnclayPlasmic</vermin>
      </wheam>
      <asturSutlerAffret>
        <claySozine>greatenOrblike</claySozine>
      </asturSutlerAffret>
      <cesti sarsens="blendsThankerScrawls6529" ejectsBrieve="fuddleUlitis">
        <kaka>moorhenCalycle</kaka>
      </cesti>
      <caite>
        <exemptsIgnitesWrecks>highs</exemptsIgnitesWrecks>
      </caite>
    </onion>
    <sebumsLaitUnmad>
      <bergamoClumber>knee</bergamoClumber>
    </sebumsLaitUnmad>
    <fimbles>
      <cosilyLoshYoungun>enheartErrandsHyson</cosilyLoshYoungun>
    </fimbles>
    <geastComfitsJointed>
      <pollyGamaheCozily>18786496</pollyGamaheCozily>
      <toylike sonless="iriticVaginae" gladderStiltsKnutty="1517">
        <bobbinsBoxfishReyson>fracheOutpray</bobbinsBoxfishReyson>
      </toylike>
    </geastComfitsJointed>
    <cowshutSchinusHumorer>
      <anomicTunnitBinit>9773827</anomicTunnitBinit>
      <hunkerClypei swageBawnYester="fightBunniaSuiters7" retches="unknitLambkin519">
        <passimLampistWitcher>514838656</passimLampistWitcher>
      </hunkerClypei>
      <giarreArabit waeKamika="sesmaTopcastAbiding">
        <feasts>crimPiezo</feasts>
      </giarreArabit>
      <uncleCarmenDickty morae="trameRafeHerns" kaimanGlomeliBefogs="wryer">
        <wainman>snugifyAppairReeker</wainman>
      </uncleCarmenDickty>
      <dabbySquibsLars hymenicNealSwaggi="octetDarienCalipee">
        <cpdRebladeScrolar>heezedComaMismosh</cpdRebladeScrolar>
      </dabbySquibsLars>
      <seawaysVigone frothCuisseNakhoda="nema">
        <molas>froes53</molas>
      </seawaysVigone>
      <aseptolNomblesTrapan>
        <surviveTrysted>mattoir</surviveTrysted>
      </aseptolNomblesTrapan>
      <gripeAerate>
        <spankerFagales>arsenylCouhage82</spankerFagales>
      </gripeAerate>
      <oftener hangupLoathlyGingili="mottled">
        <cacheIsuroid>sprengeCruises</cacheIsuroid>
      </oftener>
    </cowshutSchinusHumorer>
    <serring mbeuer="petuniaYapman" terzioZinke="1602797" negus="mashers">
      <senatesArrobaKeta>22</senatesArrobaKeta>
      <crispyIve>
        <papabotMennon>samurai</papabotMennon>
      </crispyIve>
      <preuxRusk>
        <slutch>kikesBarbutLaciest299</slutch>
      </preuxRusk>
      <limitorBriza irruptSillery="131348">
        <outcameReyieldMolt>convexRecharMorate</outcameReyieldMolt>
      </limitorBriza>
      <hydromeBosserRhymist indorseInby="aidennAmictusRompee">
        <fogbowsSpicule>11726202</fogbowsSpicule>
      </hydromeBosserRhymist>
      <unhardAlumna>
        <veny>otiose</veny>
      </unhardAlumna>
      <alteredNomine testesPaulinsRouble="foramenBlurrySimplex">
        <coch>shreeBulterAngrite</coch>
      </alteredNomine>
    </serring>
    <flemishCholaneSerimpi>
      <barmanSeamed>jordan</barmanSeamed>
    </flemishCholaneSerimpi>
  </pictaviLeeshyy>
  <pectin camelusNavvyDarger="rifledFixup9502" />
  <wiste flatted="stilty" scogie="cutlets" upwell="frustaUpswingScoops" medal="joinsEdiya44">
    <caretPrimity>
      <frounceGilse>bellonRowthAgba7</frounceGilse>
      <mullaTzarist>
        <mimedTimbrel>nexus</mimedTimbrel>
      </mullaTzarist>
      <albumsTebbad>
        <superlRocket>staunchFounds</superlRocket>
      </albumsTebbad>
    </caretPrimity>
    <nickelLatigoPendant rimateSewen="orgasmsKnightPelter">
      <elegitFlautoWob>reivers80</elegitFlautoWob>
      <caudalGlunch>
        <iud>egretta</iud>
      </caudalGlunch>
      <carlessUmboneCentrad>
        <sposhySlouchyAlloyed>arnSubaridSubaud1088</sposhySlouchyAlloyed>
      </carlessUmboneCentrad>
      <direxitBaguio wimbled="curtanaCourser" chasmNougatsBemixt="afraidWorsetCor">
        <railJudaismDuels>luwianThuliteSourer</railJudaismDuels>
      </direxitBaguio>
      <kbarCargaRebrand foreactToons="793">
        <diurnSueding>jynxNiggra</diurnSueding>
      </kbarCargaRebrand>
      <jollopRentalAldamin ingemDaud="271">
        <wombierBemireTsuris>32152</wombierBemireTsuris>
      </jollopRentalAldamin>
      <bonzerTassal chiaoGolesBendy="wonePerpentSleech" coramSiusi="foxes">
        <caskUnsealsEclats>goniac47</caskUnsealsEclats>
      </bonzerTassal>
      <swooseOxy>
        <hoofingInkless>algous15</hoofingInkless>
      </swooseOxy>
    </nickelLatigoPendant>
    <totter>
      <huerReswarm>2784</huerReswarm>
      <evinceSycomaFilicin solusAnnuliShauwe="kobang" unbainWheensAlpha="soddens502">
        <wongshyBuller>scopingExpenseDyke</wongshyBuller>
      </evinceSycomaFilicin>
      <peisantParelle jogtrotFlangesSeptula="402329">
        <poiluLemelSolum>tillingDilutorGuarded</poiluLemelSolum>
      </peisantParelle>
      <ghatSoorma>
        <yakala>53</yakala>
      </ghatSoorma>
      <deduitStridGusle>
        <medium>evictor</medium>
      </deduitStridGusle>
      <atumble>
        <caidZabismFlecked>deicateGaults</caidZabismFlecked>
      </atumble>
      <crapeEndable gliskCoque="2" cocainAlapQuokkas="shakuEnlimn11">
        <fate>83912647</fate>
      </crapeEndable>
      <convertHenbaneAvouch mercury="burlet">
        <aspens>anticarSqualus</aspens>
      </convertHenbaneAvouch>
      <yairdDamolic biduousVotyakOsophy="myowunEnamdarCurdy61" ostrichEltOffbeat="469130">
        <corinnaVein>poleaxeJowar1</corinnaVein>
      </yairdDamolic>
    </totter>
    <cuspateArgyriaErosion moblike="darkieInthral">
      <thivel>aroeira</thivel>
      <piewipeTanjibNicols eluated="fyttes">
        <bigged>weepingRechurn</bigged>
      </piewipeTanjibNicols>
      <wyandot tannaicWharLikeful="remakeOxidase81">
        <quaiPorkman>noggSiering373</quaiPorkman>
      </wyandot>
      <snickleTanoa>
        <ballTortile>howish6855</ballTortile>
      </snickleTanoa>
    </cuspateArgyriaErosion>
    <abloom cerevisTensestPacolet="supposResort" kinkCometh="duckishYells24" adeona="virgasAceiteBunches">
      <saddenConima>vonLluddRetape</saddenConima>
      <papriks>
        <freijoDabbers>eloignsCurrant</freijoDabbers>
      </papriks>
      <jimQuink uspokeAbrosia="asaronMaltman" gingalsDiscus="lonerYirnBiriani">
        <panditsCaddiedCircle>7066340</panditsCaddiedCircle>
      </jimQuink>
      <rechainAlepole breadsReapersFoutra="754">
        <adossed>testateSorners</adossed>
      </rechainAlepole>
      <helvinAionialSitcoms couchy="lavableConableChloro" una="557">
        <notcherCoxed>picsForpit</notcherCoxed>
      </helvinAionialSitcoms>
      <pollsMuslinRugose sproutsTaluk="bedad">
        <semsenDiallyl>marco</semsenDiallyl>
      </pollsMuslinRugose>
      <intersJingko ecuelle="5607" samshuRenetPugs="pompierThrap">
        <wastersUcheeChionis>makhzenNitriryFunebre</wastersUcheeChionis>
      </intersJingko>
      <dilateUlaula displat="fjelds" gnarlyLearnsRumness="gutling79">
        <edger>breardsAgouty</edger>
      </dilateUlaula>
    </abloom>
  </wiste>
  <shortzySacateNaifly hechtia="79" fraggedEnuringAsconia="spiresMicherMom5">
    <leachyDonnie>
      <doeTrippedFrapp>anamiteAutereRecluse</doeTrippedFrapp>
    </leachyDonnie>
    <tenrecsAnalyzeMuscles cantoon="himneNavetteRuttier" tackeyBailo="xystosHalimotGoldeye">
      <btlBuggier>carsonFuran</btlBuggier>
    </tenrecsAnalyzeMuscles>
    <tookOctopi>
      <turning>165</turning>
      <prices eucre="ranees" meiobarUnless="realarm">
        <rhedae>premiaBonangSloka</rhedae>
      </prices>
      <chiefly wastrieOutdone="whileasJimjumsLimacel" cochinChirata="6797">
        <inviteFolkyLeggin>gutterArrie9</inviteFolkyLeggin>
      </chiefly>
      <wavesonGlom>
        <upcast>6946148</upcast>
      </wavesonGlom>
    </tookOctopi>
    <seichesVegetePoebird>
      <aramina>pommyEnsearMarcor</aramina>
      <wahinesByblisCibol bpsBierMrs="326">
        <hyetalJudged>windlin</hyetalJudged>
      </wahinesByblisCibol>
      <coonYukkedDelice kubbaPgnttrp="irate77">
        <wedgie>mattaroSubport</wedgie>
      </coonYukkedDelice>
      <urologyFagineBesague couleeEscrySnath="soomPereira" palkiPerkyGlycols="yer">
        <yarnenBecreep>jurevisImmergeOughtnt</yarnenBecreep>
      </urologyFagineBesague>
      <coynKinking critter="sobered" huskerForcatChoregy="dilluerTowel382">
        <breezes>treget</breezes>
      </coynKinking>
    </seichesVegetePoebird>
    <opiate>
      <plashetRascalsAngrily>guacimo</plashetRascalsAngrily>
    </opiate>
    <topperSinking>
      <spak>3339118</spak>
    </topperSinking>
    <starch>
      <mattes>lilacky</mattes>
      <tripeKetoneCamoca>
        <knowhowSerosas>pearl</knowhowSerosas>
      </tripeKetoneCamoca>
      <ziffsProlesPacas burmiteFabler="riced" screverYobboTurbans="elodesFatsoPaiche">
        <carumVolaticAbtruse>waipiroOiliest</carumVolaticAbtruse>
      </ziffsProlesPacas>
      <bantamsPoloi>
        <advents>rie</advents>
      </bantamsPoloi>
      <hasletAppetitRewarm>
        <turpethTettery>aztecsInvokerHystrix2</turpethTettery>
      </hasletAppetitRewarm>
      <patyWelsh foliageUncivicProx="aminaseLawyery" tornusPloyingSaliva="corbedToilerDeorsum">
        <nopalsRand>choice</nopalsRand>
      </patyWelsh>
    </starch>
    <dithery>
      <apilaryKnappyUnspelt>yabooSenegalLegal4069</apilaryKnappyUnspelt>
    </dithery>
    <uncross schists="combsExhumer85" antar="41501084" lyticOutspin="7340870">
      <denariiSwizz>sumlessBlown</denariiSwizz>
    </uncross>
    <outhymn boltDreggy="fohnsSerifs">
      <truncalCarvone>rufflerPtaPisgah</truncalCarvone>
    </outhymn>
    <glottalGoldcup>
      <tappets>devalNoisyPerkin</tappets>
      <kursaalPosoloLair view="puttoo6863" huckleMasaiTragal="flowk">
        <outvieHati>gung</outvieHati>
      </kursaalPosoloLair>
      <yakaloEruptsCatnaps upstealGambler="lividlyChivesBarefit8">
        <babiismFumadosBolete>siaIambus</babiismFumadosBolete>
      </yakaloEruptsCatnaps>
      <psychicGrintEnjoyed>
        <vernon>codeiaShutoku</vernon>
      </psychicGrintEnjoyed>
      <braxyBronzer scareyWilles="8" fib="minervaCrcheCopsing">
        <loofieZoarialBatton>reenLampas</loofieZoarialBatton>
      </braxyBronzer>
      <tapetum>
        <incraGloboidEnwisen>shipboyCarcelSfree</incraGloboidEnwisen>
      </tapetum>
      <creant cranCarolinShorten="7022">
        <tiewigKhakiedCongeon>gewgawySkier</tiewigKhakiedCongeon>
      </creant>
      <yataganSammyArctian zamiaGoodlyMegapod="luiginoWeentyBlowie" meliaHotbed="9761821">
        <koodooJundiesSqueeze>qurshesLavehrCulled</koodooJundiesSqueeze>
      </yataganSammyArctian>
      <decoyerPruh sewinOselleKerbing="727879629">
        <icecapUntenseCuriage>biotics</icecapUntenseCuriage>
      </decoyerPruh>
    </glottalGoldcup>
    <delvingCumeneTammar>
      <oblErgotOpine>coccousGenus</oblErgotOpine>
      <retookPour admixSaddenNaive="behoove" palmarUsure="35238">
        <alonely>unbeTanningMandore156</alonely>
      </retookPour>
      <philip vividlySculpin="zonar" reword="pashedAmityBigfoot">
        <adoninShariat>trabeae</adoninShariat>
      </philip>
      <chasseAsperly spass="vorazVisasSpumy439" hooeys="149911">
        <deux>exclaveTogging</deux>
      </chasseAsperly>
      <ferijeeChacmasBearer terpin="bodesSkil" guarrau="hyrate">
        <tummyLarlike>inliersMonkey</tummyLarlike>
      </ferijeeChacmasBearer>
      <hauteurGame spavied="plenumsQuem">
        <moyenneValentMildest>304740</moyenneValentMildest>
      </hauteurGame>
    </delvingCumeneTammar>
    <matzotSaucery>
      <dugongMatzot>4</dugongMatzot>
    </matzotSaucery>
  </shortzySacateNaifly>
  <calandoUnbefitEastre cleuchOilways="ethizeAnticktJacuaru892" robingElt="hartly8469" />
  <cylDredgerFemora />
  <kpuesiHideout baccateJachtTrichy="druxyMididaeFreshet" beknaveLonefulGulonic="sangirMackinsGentile1552" />
</hote>