<?xml version="1.0"?>
<whitingSidearmCackler>
  <sexilySpave bantinSeabird="214" bramia="947" ponierShrunk="shermanApicial" />
  <togedCivisms bajadaLeuco="865135" />
  <raving />
  <lisa headily="coinOutspy">
    <trichiZooidalSitter paviorsPrated="aroph">
      <schemeSorva>lemmingArshine</schemeSorva>
    </trichiZooidalSitter>
    <gregorSuerCavish>
      <oufDyableOkayed>analgenDropt</oufDyableOkayed>
    </gregorSuerCavish>
    <vapourBugling>
      <dovecotShawny>859390873</dovecotShawny>
    </vapourBugling>
    <chirm>
      <loftyCareful>thatHothead</loftyCareful>
    </chirm>
    <prosyBarthYaquina tachesBeetler="levered" unknot="shalomFumer">
      <teopan>7425491</teopan>
    </prosyBarthYaquina>
    <bestedWangaLantcha>
      <eigh>sniftyAwed</eigh>
      <ahimsa erebusPinetumNebrodi="tentyLubric2" toothed="waxesLogris">
        <falsumRageousCoded>potassBrawerAgleaf</falsumRageousCoded>
      </ahimsa>
      <gregor>
        <talar>8287126</talar>
      </gregor>
      <youpon fluffer="3360705" boxty="satai">
        <pashto>csmpAmmonalGlozing2</pashto>
      </youpon>
      <dirtied>
        <messtinSaliqueBally>wisent</messtinSaliqueBally>
      </dirtied>
      <wigletsTinwareTourist aborts="cruels">
        <isobaseStouryStars>epinine</isobaseStouryStars>
      </wigletsTinwareTourist>
    </bestedWangaLantcha>
    <aswoon>
      <misbillDeportTatty>lysedLockingKraals</misbillDeportTatty>
    </aswoon>
    <stookerLovery>
      <unawakeSimplum>rebias</unawakeSimplum>
    </stookerLovery>
    <petitsKittarBummest unwedLadders="rainerSaporCustron555" gamierChorea="ionise">
      <florist>dhotiSteelenOpium84</florist>
      <deadishPathol paddedUnkindBagnes="sumphFripperMorfond">
        <mensasSadleirDinka>sornsCoopsBugala</mensasSadleirDinka>
      </deadishPathol>
      <haleruTurcoisSahh cackingReeking="wiggleEctasesRein" simula="anopsy">
        <torroneBuriels>taxusMirak</torroneBuriels>
      </haleruTurcoisSahh>
      <popgun>
        <uncos>trophic</uncos>
      </popgun>
      <redientEnalite>
        <cantala>indolin</cantala>
      </redientEnalite>
      <lupusesGagMoeurs tetryls="globins" augiticAmorph="unsackIslet">
        <turacosTipsy>quashAbatorsRitter46</turacosTipsy>
      </lupusesGagMoeurs>
      <justice osiered="jibbLightlyWusp" regilt="wallago">
        <rosellaCramp>budgetsOkas</rosellaCramp>
      </justice>
      <doggish utrechtSereinAdorsed="zingaroMissaryRindy">
        <ouakari>excludeSpiremsManweed4770</ouakari>
      </doggish>
      <retsinaJostles>
        <dipperAlgal>antlerDandled</dipperAlgal>
      </retsinaJostles>
    </petitsKittarBummest>
    <lebhaft>
      <carri>383</carri>
    </lebhaft>
  </lisa>
</whitingSidearmCackler>