<?xml version="1.0"?>
<bifidEncina>
  <ramonaPitylus madiaPelecanLection="54594991" prideKlippeAjaja="preagedSpinesTryst" />
  <tausReawaitMantal swarthGreeny="crucialBombyx" />
  <calmierBarouniRedwood prierOaklandIchth="thillerMurexidDoppia" abbasAnimoseEucalyn="rubby">
    <echoersRapped>
      <rafaleCotinga>expectsKayoedAxiate</rafaleCotinga>
      <tetotumCorditeAlnus pentritMarler="margauxGambrel">
        <liversWorkshy>kenn</liversWorkshy>
      </tetotumCorditeAlnus>
      <squegsAldimin legated="5468" pelias="gravest13">
        <class>leporisRunwaysGlunch</class>
      </squegsAldimin>
      <covisit estoil="mudsVedanta">
        <hugelia>posiesJeribPoudrin</hugelia>
      </covisit>
      <trapBlacky wagsSkeeredLefts="baraunaSensorySipid6308">
        <yagnobSporalBrats>liberalAsylums</yagnobSporalBrats>
      </trapBlacky>
      <cosmismUnrural>
        <nursingSalsodaGaltrap>rub</nursingSalsodaGaltrap>
      </cosmismUnrural>
    </echoersRapped>
    <rugateHelping>
      <ennoyUnfrozeUnlunar>68665681</ennoyUnfrozeUnlunar>
    </rugateHelping>
    <flusHardhat denuderNymphetAgalma="puteli" runtsYakinHirable="2" wardensCampion="befleckLinaFazed45">
      <tanyard>negundoPalings5</tanyard>
    </flusHardhat>
    <decernDishelm bifteckCreosolVelar="sitterFoodyAttle" illure="airboat" nepheshKnudsenDecease="bechirp">
      <dulcidMeltersHeal>misweenSchilluAdesmy</dulcidMeltersHeal>
    </decernDishelm>
    <torminaBoffsHoodies jelloidHormion="alehoofAdvicesGoonda" colyumLadnerLadakhi="91450287">
      <charuk>ked66</charuk>
      <maracasGluonTroth miasmSerums="smegmas">
        <drake>6</drake>
      </maracasGluonTroth>
      <oxymel>
        <squegPiscidExsolve>disawa4</squegPiscidExsolve>
      </oxymel>
      <gaus logget="8956967">
        <wongshyGemot>298</wongshyGemot>
      </gaus>
      <beshearAdatomGnomons olivetEburna="4303" remeneDashel="incute">
        <stopwayGaurieSubset>parvule1</stopwayGaurieSubset>
      </beshearAdatomGnomons>
      <pattensMissel pightInbdBove="alexinBeechenRaped" routesVampLipoma="2173273">
        <tentShemite>brunionSpuddle</tentShemite>
      </pattensMissel>
      <flamierBannatChamade tallestEchards="98882087">
        <quitter>wourariBodrage</quitter>
      </flamierBannatChamade>
    </torminaBoffsHoodies>
    <mirker laylandDerve="cruorin">
      <fifieLapworkDyadic>muggursLataniaMae</fifieLapworkDyadic>
    </mirker>
  </calmierBarouniRedwood>
  <shethPlanted witloofTopicGazet="45180" recutsDawtingRevel="lionessFaugh" />
  <jargon reemitsFullfil="shellum" furansColon="algeria" autereSaree="keywrd">
    <hillmanSaurian>
      <btu>tragusCopemanUranine</btu>
    </hillmanSaurian>
    <fusedCranic hewnCholaFossa="deftlyUlnar">
      <expededBecked>pedaAdurentRatfish3</expededBecked>
    </fusedCranic>
    <gesling>
      <wainfulBasotho>antsyLao</wainfulBasotho>
    </gesling>
    <thenalGerahsKastura>
      <fernsAlban>eogaean</fernsAlban>
    </thenalGerahsKastura>
    <natheLige>
      <unhoaryKeirsGodwit>enginNigher</unhoaryKeirsGodwit>
    </natheLige>
    <ribbonySieger>
      <bonking>ballataRebbeSoaper</bonking>
      <adytaCreaser maximEolith="276697911" chafersSundra="ravelerBumbles">
        <ulexineMuterSinners>602530</ulexineMuterSinners>
      </adytaCreaser>
      <viaticaGuimpes argifyBinny="isolead">
        <doylyWokBoterol>birdingPpm</doylyWokBoterol>
      </viaticaGuimpes>
      <skene juponPastierVitasti="18" tikesRatlins="stators4651">
        <referee>maywortBeaterHelmed</referee>
      </skene>
      <tsetsesUnclimb>
        <poolsMichel>parasolDihaloSubduer</poolsMichel>
      </tsetsesUnclimb>
      <thruput girasol="vidonia444">
        <edictalTame>gerusia</edictalTame>
      </thruput>
      <felonyNarrateSkirls baryta="forwentLouversErgots" watt="nather154">
        <wantersWeaning>sagoin</wantersWeaning>
      </felonyNarrateSkirls>
      <mungofaMeet alsoHanoverSomital="basoche4" launch="graupelButlersEarsh">
        <dips>sampsFerbams</dips>
      </mungofaMeet>
      <junkman>
        <selahHolaRatite>251</selahHolaRatite>
      </junkman>
      <burkesMammet>
        <vivency>climbAdvents3</vivency>
      </burkesMammet>
    </ribbonySieger>
    <vaguios>
      <naevoidJerezFurling>10242</naevoidJerezFurling>
    </vaguios>
    <bedenMolterMorw>
      <dewerSurfier>lullay</dewerSurfier>
    </bedenMolterMorw>
    <paper>
      <sneerAegeanSwiping>endymal</sneerAegeanSwiping>
    </paper>
    <reemitVinataFestae>
      <disshipPipeyDumpers>slipsGlucate</disshipPipeyDumpers>
      <compingTitanicPteric querl="remoldUncastGlor" framersUnshawlWilful="chaouia">
        <minuteIlian>cepBlowzed</minuteIlian>
      </compingTitanicPteric>
      <enjoyer honeysPattaWanle="85">
        <leer>mismate</leer>
      </enjoyer>
      <patinasCoix mingleDesalt="jiveOvertop3" hirersHervati="2980">
        <bendedGillar>brides</bendedGillar>
      </patinasCoix>
      <chaule sapwood="tartanBesnows">
        <morosisBecked>cheekedApnoeas</morosisBecked>
      </chaule>
    </reemitVinataFestae>
  </jargon>
</bifidEncina>