<?xml version="1.0"?>
<feudum>
  <accerseMikvahsCorny homeTotora="forseenDeemXyloyl" snouted="teenie" luthernAwakenBudgers="7">
    <alariaMesites coxy="rytinaBurgeon">
      <patnessEncageGujrati>rewater</patnessEncageGujrati>
    </alariaMesites>
    <gustsArkosesBegash>
      <malayaBusing>sunback</malayaBusing>
      <fillipsFascist>
        <dont>offingsHersallAzumbre</dont>
      </fillipsFascist>
      <misrunCapaCosh sirkiTirlsSynfuel="1401325">
        <fleuronJapers>hawaiiPlayboxRiccia6</fleuronJapers>
      </misrunCapaCosh>
      <isogone diamOceanHomered="amebula">
        <peatNeoceneMuseist>676</peatNeoceneMuseist>
      </isogone>
    </gustsArkosesBegash>
    <poeticDebus>
      <bolaJointer>manuresMadisonSalmine</bolaJointer>
    </poeticDebus>
    <chyleLoanEmperor sooperVacua="genistaEnrageJoyous">
      <raggies>rillingPoshly</raggies>
      <molder>
        <gulleyAirless>resinaBootfulBrazing</gulleyAirless>
      </molder>
      <trochilBoardWhand>
        <visagesTorminaBrevet>undye</visagesTorminaBrevet>
      </trochilBoardWhand>
    </chyleLoanEmperor>
    <sarraPhomaZant saporsAmuseeEspavel="24" stimyHooplaEnvine="algy3">
      <patrinReaver>norselVolvoxPortage</patrinReaver>
      <exxonSamen>
        <isolateCames>797474894</isolateCames>
      </exxonSamen>
      <solansNaulageTalahib guardsVertsSull="3774">
        <releivo>zinober</releivo>
      </solansNaulageTalahib>
      <fanoPataria sunnierWharf="toking">
        <reekLarlike>glassedTorporsBariums</reekLarlike>
      </fanoPataria>
      <damar>
        <ionomerCabberElatery>reearn</ionomerCabberElatery>
      </damar>
      <arecheLocrine maulviDawe="singSlay">
        <bedelve>wangaEndymaTrymata</bedelve>
      </arecheLocrine>
      <agrafesHaupia>
        <voguey>carcerNeemInport</voguey>
      </agrafesHaupia>
      <ashkokoArroyaTapit coronasCenWaes="pothole89">
        <hessiteSpaeman>kasturaArrySkyfte</hessiteSpaeman>
      </ashkokoArroyaTapit>
    </sarraPhomaZant>
    <euchre>
      <contesBoxbush>alabama</contesBoxbush>
    </euchre>
    <amidesPanging>
      <abwatt>70540</abwatt>
      <dewclaw lutraVaquero="vows">
        <hypnicDubba>prollerPileoli</hypnicDubba>
      </dewclaw>
      <loafsIndrapeMace tetanicGuberla="3759">
        <shearsKutch>fellageYarakAwlwort</shearsKutch>
      </loafsIndrapeMace>
      <nephewsMaamSphalm>
        <cantelCondor>refrigDholeDhutis</cantelCondor>
      </nephewsMaamSphalm>
      <boubousPhage petune="molalaEnsient">
        <upthrewCaffled>vulgusBurlierBrichen2</upthrewCaffled>
      </boubousPhage>
      <scodgy henad="townies">
        <fidgetyElechiPlazas>harpaChilinaAves343</fidgetyElechiPlazas>
      </scodgy>
      <musthsOwlingHaidee>
        <ragwormValetedSamuel>titar3679</ragwormValetedSamuel>
      </musthsOwlingHaidee>
    </amidesPanging>
    <witter>
      <selung>hoised3</selung>
    </witter>
    <enode gory="salvorsUpleapScuffle211" usedlyGos="educate">
      <cavallyColate>upbuiltUpases</cavallyColate>
    </enode>
    <inducPiqure titisShovel="5661">
      <estaminDartingVog>stymieMunsAflower7481</estaminDartingVog>
    </inducPiqure>
    <unquickClaveAlienly>
      <wetsSedate>fictor</wetsSedate>
      <lowlifeFoetiEuros dtente="5" codgersBetwit="59">
        <eduardo>chlorylSemens</eduardo>
      </lowlifeFoetiEuros>
      <dinglesUnze mergersHowfs="pucheroHumsRibbony">
        <sculksVanwardBrutter>73708</sculksVanwardBrutter>
      </dinglesUnze>
      <ebbet coccoid="35" agoneMythoi="3956496">
        <quaedam>cotheDwarfedMalum</quaedam>
      </ebbet>
      <adeemsBarbel camiseRehoe="gymel">
        <galosheLabarum>merch</galosheLabarum>
      </adeemsBarbel>
      <jowelBeworm>
        <snibbedReconOsmics>grume</snibbedReconOsmics>
      </jowelBeworm>
      <cabbies tyrChivWhiffy="fixupPapas">
        <nabakTibbit>paly</nabakTibbit>
      </cabbies>
      <tomelet poloi="excel">
        <whisketAlgoidAvgases>droobByssus</whisketAlgoidAvgases>
      </tomelet>
    </unquickClaveAlienly>
    <spairgeMyelin borrel="pifflerDockerVoicers" calusarWaxing="thumbsWommera">
      <pasquilKeach>bandits</pasquilKeach>
      <floresCurlyLuian markup="indorseAlmury" mackles="nots">
        <omphacyFucousSuffari>87</omphacyFucousSuffari>
      </floresCurlyLuian>
      <cord seatronGazelleFinfish="torsosSataiBiotope" rankles="mahmal">
        <halvaHandier>tariana</halvaHandier>
      </cord>
      <clothedBesague>
        <eudemonNamesRaguly>tiderip8633</eudemonNamesRaguly>
      </clothedBesague>
    </spairgeMyelin>
  </accerseMikvahsCorny>
  <measly toweledSiecle="lancerFlufferBeech" />
  <kamasSkiddyOddside trotylHorsingPycnid="hawksIntraDespise" pedata="1997" lossesAviary="corpnJaunce" />
  <muspikeAkebiaHichu chieldsWhooped="1648" />
  <hoggyRoadite rakish="teagueTyper" lustra="cissoid" flooeyPassayMissit="roturePogoBelard" pistonsBoddle="anglers">
    <sherifaMucopusConsarn>
      <faunistCamber>bedegarLabaara</faunistCamber>
      <deforceGalops rhbUnsillyEngem="tetric" quininaDuma="invited">
        <ceilingReprove>cracksSkysail</ceilingReprove>
      </deforceGalops>
      <fenite>
        <rattle>7939</rattle>
      </fenite>
      <lewiePlinkerTaels piute="blancs" ovuliteKeawe="drycoalPasteTunably">
        <rajabPackage>2694416</rajabPackage>
      </lewiePlinkerTaels>
      <daubed>
        <lidderJuicedAdoxy>scusin258</lidderJuicedAdoxy>
      </daubed>
      <oquassaRoastOsmol>
        <kanchilMorlopBloomy>dousers</kanchilMorlopBloomy>
      </oquassaRoastOsmol>
      <glomiCauseur salmisForstOollies="clearsKraterLaban1">
        <keatsSoleaChacun>vibes</keatsSoleaChacun>
      </glomiCauseur>
      <fainestCuppedKyaung calendaBlainSmiter="secsFuguing">
        <plattenAericOceania>corkish</plattenAericOceania>
      </fainestCuppedKyaung>
      <sestetsCovinIodizer>
        <ganchBetwitColins>881</ganchBetwitColins>
      </sestetsCovinIodizer>
      <fizzersBebog caleanGingrasRents="881767" gonifsPauser="9">
        <fsiestEncheat>pontifyAtticeMordieu</fsiestEncheat>
      </fizzersBebog>
    </sherifaMucopusConsarn>
    <stramSdlc>
      <diviMerchetHumet>70</diviMerchetHumet>
    </stramSdlc>
    <probablLugnasSkither genoms="345" raconFilmilyEmceing="nauseamRobalos">
      <atresy>9</atresy>
    </probablLugnasSkither>
    <suintReap chalet="hyraxParangiOligist1312">
      <canvasAvarWasat>leekCarlsCortege</canvasAvarWasat>
      <syphonTrident torpedoAnomiesRegrasp="9797">
        <kerriesCopycat>gloyUprouteDeposes</kerriesCopycat>
      </syphonTrident>
      <goofah armscye="manned">
        <toplineCochal>fyrd</toplineCochal>
      </goofah>
    </suintReap>
    <vitrous>
      <lehr>179196774</lehr>
    </vitrous>
    <herbmanEmboil>
      <linous>gunungDisdein</linous>
    </herbmanEmboil>
    <serranaWeavingCertosa>
      <slummyBerberHanker>998495</slummyBerberHanker>
    </serranaWeavingCertosa>
    <flancheValeric>
      <baratTocusso>64377507</baratTocusso>
    </flancheValeric>
  </hoggyRoadite>
  <ramseyForget>
    <chebecsAbigeatBulak>
      <broomsTryste>ruttyPascualNepotic</broomsTryste>
      <pointed>
        <frescoOctrois>snockerCiliolaPeltast</frescoOctrois>
      </pointed>
      <cibolaCattanJudases nuddy="cpsAnaitisSororal890">
        <grangeAbacScenas>colate</grangeAbacScenas>
      </cibolaCattanJudases>
      <timidlyShushed quando="gustingCheddar" cobironKachinaGillie="bichy">
        <talmasBeaked>28244</talmasBeaked>
      </timidlyShushed>
      <stog johninEighthsMesenna="smidge">
        <winVihuela>tectal</winVihuela>
      </stog>
    </chebecsAbigeatBulak>
    <outspit>
      <scraighRemiges>algardeVagary26</scraighRemiges>
    </outspit>
  </ramseyForget>
  <molary yerthOverridCucupha="mantoidDeddSagest917" isotypeTictacsManter="823249" joltyUnhoned="malm5449" />
  <deturOpes />
</feudum>