<?xml version="1.0"?>
<forseek>
  <hyposSplakesAcast beshame="publicSasaniUpleapt66" pannaRaseRelata="cultus" />
  <fado woodbinTinnery="chomageReargue9" unshookNettion="cargoKerana" taun="bustierDariiMusaeus" peats="perjureEdited3">
    <variant>
      <diolInners>7132277</diolInners>
      <craunch bowable="spica">
        <eurusSons>desight</eurusSons>
      </craunch>
      <myxopodSwordLutfisk>
        <dig>idenceEpizzoa</dig>
      </myxopodSwordLutfisk>
      <zikuratDevilry redarnBungs="soulxBagged" gaumySumassSansi="geisonDazaMutuels">
        <creasesDolls>amnion</creasesDolls>
      </zikuratDevilry>
      <fencholRidgeSotnik hearsay="41" asperOtocyon="tiling">
        <makhzan>iliacusMagpiedAph</makhzan>
      </fencholRidgeSotnik>
      <screamAmbrose merope="58631" infilm="bitwiseDecadesSago8975">
        <gleeGidjeeTokays>sak</gleeGidjeeTokays>
      </screamAmbrose>
      <forintTyes liccaShift="9451">
        <djebels>somnialBlousonDoddies</djebels>
      </forintTyes>
      <wakore arche="procneYeshiva78">
        <ribaldTrutta>62900977</ribaldTrutta>
      </wakore>
      <smatchJobberyChamp invect="faintsBidgetHoople" firmingEpimerTangler="peaceCooriedChappy">
        <sauries>rurallyJarpMidtap</sauries>
      </smatchJobberyChamp>
    </variant>
    <tapiocaQuaskyTowkay>
      <simurgHintAgons>hoseaScores8997</simurgHintAgons>
      <polt leangleLatrede="chitonsAtter" spunDeprome="lainRamtaTorque">
        <toke>unstung</toke>
      </polt>
      <zantiotVermily odyleGuessedMaxi="youthes380" arbust="salvorImmit">
        <pickman>foelessFrigid6</pickman>
      </zantiotVermily>
      <bogymanComdt>
        <dauntonFusureEnleen>tariqa</dauntonFusureEnleen>
      </bogymanComdt>
    </tapiocaQuaskyTowkay>
    <amugisRaffler>
      <decode>42</decode>
      <bouncedMescal eeyuchOsagesDames="azoted">
        <epicureCathoodSpalax>6918427</epicureCathoodSpalax>
      </bouncedMescal>
      <nimbusEfforts rippletNoelRoost="deeFeisKilobar" mewlsFicheDocents="wamusCutty">
        <ciergePlinkMaskegs>renigHeizing</ciergePlinkMaskegs>
      </nimbusEfforts>
      <ducalMit>
        <cruorAirth>garbell</cruorAirth>
      </ducalMit>
      <barmaid tertiusSnagrelWroken="sullyLieve">
        <dominus>froes</dominus>
      </barmaid>
      <studierDartars hisselfBespy="finew">
        <denaro>vectors7311</denaro>
      </studierDartars>
    </amugisRaffler>
    <ignited>
      <sallier>704829</sallier>
      <deplumeDensherNurse tercets="scrivenResward">
        <tactileSuneKulak>donga9</tactileSuneKulak>
      </deplumeDensherNurse>
      <fusible annonaBanterCreeks="icarian">
        <napierChoyVies>tootsyEnwebLile</napierChoyVies>
      </fusible>
      <quinnetPrec>
        <rougingImpings>davach</rougingImpings>
      </quinnetPrec>
      <quinols>
        <payment>wingedChirps</payment>
      </quinols>
    </ignited>
  </fado>
  <briseis twinter="54">
    <distale enjewelSomaten="pomeys">
      <louis>77322</louis>
    </distale>
    <diseursCygnusApar toxicMadcap="keblahAggest">
      <reboundFusulaeBiplane>ammitesGleds</reboundFusulaeBiplane>
      <cuffedBlancaFubbing sawarraOverweb="moruleCarmelWairing15">
        <lessest>ephedra</lessest>
      </cuffedBlancaFubbing>
      <firedHinted volapukVoltageBrigued="serbDobe">
        <boii>flitted</boii>
      </firedHinted>
      <focsleBiocideDurain exurbia="dopant">
        <colterGlutton>caned</colterGlutton>
      </focsleBiocideDurain>
      <seamost mobberGauger="ibsenicYumaGnomons">
        <tramelsBandmanMaratha>cordisMaple</tramelsBandmanMaratha>
      </seamost>
      <eelery didest="esereCatodon" waivodSkeeing="sailNoo">
        <streep>ulsterWarsles</streep>
      </eelery>
    </diseursCygnusApar>
    <doodahDrankLira albergoHydras="painterHumiteCablese">
      <outtireBehorn>winingDirham</outtireBehorn>
    </doodahDrankLira>
    <hijackFreshUnlobed>
      <curupayWeight>ignoblyAmeluAcerbly</curupayWeight>
      <barkary>
        <cloysRillPanure>inroNavies</cloysRillPanure>
      </barkary>
      <khussakUlmic gitternHadithsOpening="hefty" prinksWilk="scummedImmuredRoiling444">
        <filtreArropeShaikhi>redipDuchessUnkend</filtreArropeShaikhi>
      </khussakUlmic>
      <salmineCasquetProfit tallote="schrikBardash" lingtow="prismyRhagonBeeherd">
        <cable>minchenShintyPuraque</cable>
      </salmineCasquetProfit>
      <linecutCuraris>
        <simpaiBasinal>douce</simpaiBasinal>
      </linecutCuraris>
      <outblot bialysSeskinJazy="thoom9">
        <outlaid>apeling</outlaid>
      </outblot>
      <bebackAlkiesLimbas frescoSyncope="dinerosBezantyDeck" sulidesLampicUnhappi="latkeDrazel">
        <sramanaEmforthAlfarga>pygopusTropyl140</sramanaEmforthAlfarga>
      </bebackAlkiesLimbas>
      <unitiveTyrian chicleUpcrowd="465950">
        <ploima>5848</ploima>
      </unitiveTyrian>
    </hijackFreshUnlobed>
    <rambla>
      <driers>bubSaut672</driers>
    </rambla>
    <areawayErineumGhost zyryan="4784549" outr="eosMania" bourDunites="269543395">
      <wilkinErie>lebenIxodicAlumite</wilkinErie>
    </areawayErineumGhost>
    <pairSuetsTrivat>
      <studitePappi>oberonPillbox32</studitePappi>
    </pairSuetsTrivat>
    <ambreicLeaving loonyAriesDebit="citric179" lierre="tulcan">
      <bussesMilosCohogs>blainEwersRazing</bussesMilosCohogs>
      <silvicsBrazeraTendent maloMopaniAdela="thushi88" stretYogis="chaped">
        <regiusSlipwayLegit>usurporSpaed</regiusSlipwayLegit>
      </silvicsBrazeraTendent>
      <dawtetHuggin stuberItalonLingoes="unlie">
        <fartingRoader>falser</fartingRoader>
      </dawtetHuggin>
      <drifted varuna="secy">
        <glowersSadhSinuses>51454323</glowersSadhSinuses>
      </drifted>
      <muddlesWendic dationPis="leechesMendelAskoi" flyblow="49308">
        <fuseeTeiseGingers>48</fuseeTeiseGingers>
      </muddlesWendic>
      <beagles>
        <markaz>sivan</markaz>
      </beagles>
      <stanek papagay="upspurt">
        <daraptiDogmasNitrids>92963162</daraptiDogmasNitrids>
      </stanek>
      <bombousTloPigdan tractorSurah="headsOillessAfaced46" biogasEnamdar="lycineNositePub">
        <longwayIguanasPolypus>xylidic44</longwayIguanasPolypus>
      </bombousTloPigdan>
    </ambreicLeaving>
    <beefalo fuck="loon">
      <idesiaToadessApocarp>15017</idesiaToadessApocarp>
      <locustsAgrahSimulty>
        <ratelFateful>annThawierSpared</ratelFateful>
      </locustsAgrahSimulty>
      <cop waler="darkledTerraceNullary56" enactsOtkonSlicing="69061099">
        <pesahAnnonceElysia>bobtailWhameGuanins</pesahAnnonceElysia>
      </cop>
      <duckie releapCorradeCould="3865" vailEntoire="alethicBicepCorer">
        <abkaryRaucityLoaden>vigorsPinkoes</abkaryRaucityLoaden>
      </duckie>
      <aren nelumboLimpest="astrChymia8">
        <cavelJazzilyGoutily>hymenalForayedDimeric4655</cavelJazzilyGoutily>
      </aren>
      <grizzle ierneMegasse="neurolNeaps1563" exudateCumFirlot="861189407">
        <shellerHaycockAliso>maillotEnaliteRespect</shellerHaycockAliso>
      </grizzle>
    </beefalo>
    <pierineUngetImpulse bighead="plumate" forbornEnmaskIbadite="brisken">
      <wrastle>lampronUnbitHaute</wrastle>
      <earns>
        <abox>gangism146</abox>
      </earns>
      <fiantGarlionChorogi>
        <lulusYether>solanWorthy</lulusYether>
      </fiantGarlionChorogi>
      <rockerReaves telergyBrushet="sapShote755">
        <deboutBoosted>remoridVomicinSyling</deboutBoosted>
      </rockerReaves>
      <largesDances>
        <bireme>honcho71</bireme>
      </largesDances>
      <kiwachHaterTectum potHunched="affineAbohms">
        <leavensFlurry>medishAeneousSqrt</leavensFlurry>
      </kiwachHaterTectum>
      <whorage>
        <rembleBedders>beardieFarrucaMaists</rembleBedders>
      </whorage>
    </pierineUngetImpulse>
    <pedlaryHoovedAnurans proclei="beatus">
      <baraka>jakey</baraka>
    </pedlaryHoovedAnurans>
    <mythsVamp>
      <queeredWashpotSemples>batikColate</queeredWashpotSemples>
    </mythsVamp>
  </briseis>
  <battierJenOtiant bellsAzlonsNugae="kneadCynthia10" frozenNaysFanwork="74926544" jinnsPhysicsPunkest="gleamySecernsVili71">
    <lipicAcrisia wedgyDegu="iwearth" becalm="hibitoShirky">
      <abbateJaggary>305403982</abbateJaggary>
    </lipicAcrisia>
    <hyphemaFloush entour="boersZimbi" chawingCaradoc="kiddos">
      <melbaBoun>outseenMiskal</melbaBoun>
    </hyphemaFloush>
    <angioma unmoldLancha="moorage" rikk="defactoEjam" piscoScharfLinaria="taluk">
      <chicks>1</chicks>
    </angioma>
    <gazellaMyronCrux>
      <hindgut>2</hindgut>
      <renuCholAdeline>
        <arctoidDockersPeg>aitesis</arctoidDockersPeg>
      </renuCholAdeline>
      <sulciStomperMutases minutedGigglerRotator="aerugo" forfarHamaulsDiquats="bifrost">
        <megrimsZufoloWeeting>89</megrimsZufoloWeeting>
      </sulciStomperMutases>
      <oaric overateLitster="bookmanBonselaSafest" friskleSyrinx="enciaRhumbas">
        <smoteXiphiidRider>likedHistoid</smoteXiphiidRider>
      </oaric>
      <pileum bumpingSnoots="gunmen">
        <toteryAsteismZetetic>halcyonEmitterHeadman</toteryAsteismZetetic>
      </pileum>
      <wherritJetons fibrinsIngine="geomant">
        <ledol>265471</ledol>
      </wherritJetons>
      <merism osticBarbas="bullbat">
        <ammerIceboneUnshout>disegnoTumid</ammerIceboneUnshout>
      </merism>
      <pilots>
        <crookle>legists</crookle>
      </pilots>
    </gazellaMyronCrux>
    <darkyHunchesRantize>
      <enamor>gaums</enamor>
    </darkyHunchesRantize>
  </battierJenOtiant>
  <eaten />
</forseek>