<?xml version="1.0"?>
<hearten>
  <bruleRayingSemites bedouseGolding="tethys" flookFaginBlister="696540" cleeky="beknow">
    <adoptPelletImbarks>
      <donorsTriarch>3255</donorsTriarch>
      <beccoForleseJugatae>
        <fanumPapulae>76537</fanumPapulae>
      </beccoForleseJugatae>
    </adoptPelletImbarks>
    <engluts>
      <granumReadies>threesFriskForgoer6518</granumReadies>
      <tortive forsarWishes="aurochRolleyRucker" pip="whyeverCalvusKnarl">
        <sethicPicotee>paviseKral</sethicPicotee>
      </tortive>
      <congrioScholiaMezquit thereofCornets="albumenAloes" recombChottsEscalan="annoysDunkersPuja">
        <lustrumHires>teemed5595</lustrumHires>
      </congrioScholiaMezquit>
      <nongMafias>
        <coml>awlessGuana</coml>
      </nongMafias>
      <retieCeileCaped foremanEnsePrecipe="kebLuckilyJavelot">
        <malo>191085</malo>
      </retieCeileCaped>
      <oakboy beanySatinayMoorish="74">
        <porzanaDolvenRewound>6333319</porzanaDolvenRewound>
      </oakboy>
      <aphididDrupeSypher>
        <actualsPlatsBap>deborahQuaddedUnmagic</actualsPlatsBap>
      </aphididDrupeSypher>
    </engluts>
    <soddedOsmolShul druggerBruxism="aldideMiltersSunless14">
      <hostelUnburst>tramell</hostelUnburst>
    </soddedOsmolShul>
    <retractGrazers>
      <radulae>misgrow</radulae>
    </retractGrazers>
  </bruleRayingSemites>
</hearten>