<?xml version="1.0"?>
<nopalryDaratFlots>
  <extinctBelar smythWaggyCurvous="aridityFirsts" sighingTwiny="craddyHouhere" />
  <legatedHurtlesHickway eloinerComradoMayhap="radionEquinalInstals" midairMisken="cadmiumExaunBlood" poolingPecan="weneMuskieOrgone" />
  <sericon />
  <canevaSlubValewe macule="galcha" casel="bandoraZygosis" />
  <exulateAxstoneAmyctic megilph="762423" sels="revetKerflop" puppyWeeble="medimnoCyperus68" moltenPopeler="grotenDromond">
    <spooredFlatmanCrunch unpoiseAlasasBedirty="gombosUplyingAsaphid" droukit="sawlogSeidSyun">
      <habutai>17778367</habutai>
    </spooredFlatmanCrunch>
    <amabileBallota>
      <sarkitScreek>bagsfulSafaris9340</sarkitScreek>
    </amabileBallota>
    <nimmed orogenyNummi="glecoma322">
      <willfulJasmin>emotes</willfulJasmin>
      <flenseDuodene cheesesGynMusico="pungled">
        <sevens>ranalesFridge</sevens>
      </flenseDuodene>
      <justinaFucusGambas>
        <avenine>3950</avenine>
      </justinaFucusGambas>
      <rubsEpaule pinkedGouaree="863131" spuriaeYobsTeazles="8304">
        <darweshBoggy>auburnsDegrainWareful</darweshBoggy>
      </rubsEpaule>
      <soord seelilyWoreCopei="kansasFattiesPct" umbrousPolewigFlinch="2885062">
        <taqua>repanel</taqua>
      </soord>
    </nimmed>
    <arco tieboy="shyer" featerBaskeVised="338314108" talkerJunkingCreaky="deliriaFetusLuri8625">
      <trikayaRedoxesAnonang>subdeanEccles</trikayaRedoxesAnonang>
    </arco>
  </exulateAxstoneAmyctic>
  <dunnockBlotch hicket="yugaTetanus">
    <churada>
      <lappishBeakful>bestrawDrouk</lappishBeakful>
    </churada>
    <vintageTwankle gippoAniba="eurobin" wrinkle="zinzarCaveletXipe">
      <sourcesFissleAdalid>23</sourcesFissleAdalid>
      <hutreJewless crambes="621" toraDraftsPlowman="bunyaConchie">
        <warlEolithTestril>intrailRemoldsDojiggy26</warlEolithTestril>
      </hutreJewless>
      <aurata sedumsMensa="casksLowrie" joyLunchedDeduce="lodgingAzygousWive">
        <rockabyBalsamCooch>434</rockabyBalsamCooch>
      </aurata>
      <coneyAnlaces pechiliPileum="393959851" pukaBarkhanRighter="golfsQuib4538">
        <lugsEmbrake>carotolBloomy8917</lugsEmbrake>
      </coneyAnlaces>
      <delint semeiaAgueUrsal="dossingLinha198" faqirsMoulviMap="9885427">
        <flerryViron>pargosAdienceJennier</flerryViron>
      </delint>
      <ogdoad mehrdadAprWyted="dryfatEssenicPurpie">
        <marry>95085</marry>
      </ogdoad>
      <radiary clerklyGhrushRooving="apoideaYearner">
        <lop>gangsBossboyCusses</lop>
      </radiary>
    </vintageTwankle>
    <agrise>
      <pyropes>972939</pyropes>
      <grinderSkeppe>
        <choreic>46375</choreic>
      </grinderSkeppe>
      <gittithWhyness>
        <behavesTrigged>oysters8244</behavesTrigged>
      </gittithWhyness>
      <brawKafirLanzon>
        <panurgeDunnock>cobbierAtomicPirnie8</panurgeDunnock>
      </brawKafirLanzon>
    </agrise>
    <grisonsAmbariUnaging>
      <pnyxHimneBelie>teety</pnyxHimneBelie>
      <minow tonusesToreroBeata="sigmaFickly">
        <guiding>tissu3</guiding>
      </minow>
      <chieve cloisonCysted="18443720" spaeman="kvintGumboBee">
        <flybeltParnas>255</flybeltParnas>
      </chieve>
      <toshAimObvious scrupleChikaraEnfaces="paunche">
        <maedUnbeget>searyDulleryCcoya</maedUnbeget>
      </toshAimObvious>
      <fannellHegira grunzie="waxmanTacticParura7" ligularTubuliBrittle="289293016">
        <recrownMudroom>863</recrownMudroom>
      </fannellHegira>
      <arrasResaveRatti wride="rabbinsTaise" bumph="dolled173">
        <bayalEbcd>4</bayalEbcd>
      </arrasResaveRatti>
      <phonicsIlloyalNiched mewsGigletsAlce="dawenSimiaSteigh">
        <shanePrimiToo>cascadoRattersMammula</shanePrimiToo>
      </phonicsIlloyalNiched>
    </grisonsAmbariUnaging>
    <chesterDuplexTmesis xeromaTorsel="retrace" centon="bewryOldland">
      <stanner>galaxy</stanner>
    </chesterDuplexTmesis>
    <lotanGraeme>
      <clinchLadingsTwiner>cloteHeld3</clinchLadingsTwiner>
      <needingUpgirtCowbarn arryishDaydawn="turtanRelievoMosk850" babongo="19519242">
        <mendedTupiks>parises</mendedTupiks>
      </needingUpgirtCowbarn>
      <wifelySquamyWobbler filii="minifyAnapneaRamaite">
        <khasi>schuitsFlowsUpcrane</khasi>
      </wifelySquamyWobbler>
      <lumpsOxamateSocles smotherPinless="seamsCalkerSlag" prim="foxlikeCruxBetas91">
        <rockoonAvys>setnet</rockoonAvys>
      </lumpsOxamateSocles>
      <tincladPlainerZazens isolog="consterNutcake" lehrmanScarfeGoracco="14">
        <worset>mintingMoldy</worset>
      </tincladPlainerZazens>
      <banty diesBolis="inspake">
        <coryzasCombineSalago>straikNaiflyMealed</coryzasCombineSalago>
      </banty>
      <wagedomMajorsZaires saltie="froughYoking5273" adds="pokuntStupidSecno7">
        <theorem>gallonLamperSilos</theorem>
      </wagedomMajorsZaires>
      <bluecap>
        <teety>motificCavae</teety>
      </bluecap>
    </lotanGraeme>
    <elide>
      <dircaMudder>150513</dircaMudder>
    </elide>
    <aggersJehus viragosSarinsApii="79045">
      <molvi>ditesJudex</molvi>
      <makutasTheyllJupiter pott="eebree">
        <tabulaeMean>885</tabulaeMean>
      </makutasTheyllJupiter>
    </aggersJehus>
  </dunnockBlotch>
  <billonsQuarlesCullay sleuthsTruantsWadlike="34830" kph="oghuzAdjute" phoria="heleninShayedZizz" />
  <yakala cytinusFrisky="5530874" ranchos="86" comptlySacring="64" />
  <tinker pearletQuop="loofah833">
    <resitUnwitsBelie>
      <sterideIlongot>1401936</sterideIlongot>
    </resitUnwitsBelie>
    <inclose>
      <bargeeFledgesHindoo>valeria</bargeeFledgesHindoo>
      <jasonTroches breirdMayeyDaunii="wynMerghStad" clkSkirled="mirishDystomeAnne3574">
        <plungyGemmery>stereoGoanSauve6</plungyGemmery>
      </jasonTroches>
    </inclose>
  </tinker>
</nopalryDaratFlots>