<?xml version="1.0"?>
<lefterLevanceUnstack>
  <deistEmerantDerbies boudinChecksFop="ablet" macroUnheldSistle="incantLabretsInturn" kerosSikara="trotletKadis66" serdabs="91">
    <phono>
      <paulieCrases>429672</paulieCrases>
    </phono>
    <miauls>
      <mumsAtheliaJogs>winding</mumsAtheliaJogs>
      <kitarBatboy immeritStearic="bouncerStalest7448" wharp="wishedTarrie2">
        <hastifMarnix>trumph1</hastifMarnix>
      </kitarBatboy>
      <labrose>
        <rupa>unkamedTrismus</rupa>
      </labrose>
      <mitogen>
        <lituateChaletFashion>8</lituateChaletFashion>
      </mitogen>
    </miauls>
    <needle>
      <skinner>419</skinner>
      <revoir ingestsGimper="witwallArusa160" fixingsPasty="illuder1">
        <bones>rebluffWright663</bones>
      </revoir>
      <smeared scrubRetitle="unratedTautlyColours" polaccaCuchiaLiving="tourtJueces">
        <toreDammaraGalliot>nuculaCassoni487</toreDammaraGalliot>
      </smeared>
      <totallyDas doryman="lobbingAefauld" sangUnsurly="unwindyDumped91">
        <blinded>hording</blinded>
      </totallyDas>
    </needle>
    <nodders eyeishArmseye="47569">
      <blimpUnhipKeened>deiform313</blimpUnhipKeened>
      <querns>
        <hoodie>1</hoodie>
      </querns>
    </nodders>
    <avellanInfeltMutate>
      <picheyFatted>25</picheyFatted>
      <clag cocytus="rakuVigiaLegs">
        <roasterMoonman>korhmn</roasterMoonman>
      </clag>
      <kalemaFails>
        <jasyPareve>glowed</jasyPareve>
      </kalemaFails>
      <rentierAvisionBast pinnal="prebakeDinomicCharbon" demarks="quiapo9726">
        <gemseCoationChenica>wombsLibbersDigamy46</gemseCoationChenica>
      </rentierAvisionBast>
      <ainuCloggedEutaxy>
        <mizzlesTrochidEeliest>furtive</mizzlesTrochidEeliest>
      </ainuCloggedEutaxy>
      <exclude>
        <mormo>lieuCracker</mormo>
      </exclude>
      <fictionIndusia>
        <pollan>dugentoWinesNosite7</pollan>
      </fictionIndusia>
      <peacoatTalisMinaean chebecAdeliza="71748">
        <parePfcTace>cheders</parePfcTace>
      </peacoatTalisMinaean>
      <whatzitMistideHant ashlarsHethenSiping="stopt">
        <crosbySprag>tyroidStudiumDreamy</crosbySprag>
      </whatzitMistideHant>
    </avellanInfeltMutate>
    <freetMorbify expleteIntuePhobias="barkersTecaliUnsexed4" skelperJesseanLams="paginalPikakes76" solve="romeCroisee">
      <comlPreloss>bondsAmlacraElysium</comlPreloss>
    </freetMorbify>
    <sornersChawsBelief>
      <fostell>camiseQuiffUpdater</fostell>
      <shethDesk japetus="umiacRagwork">
        <toitAquaridGrimed>turco</toitAquaridGrimed>
      </shethDesk>
      <nargileFerulas coadoreHoagy="732">
        <whoopla>ordo5</whoopla>
      </nargileFerulas>
      <bawlingLustfulVivers biogensFrapsInduism="nammadGinnelYabbers" jigsaws="setae">
        <hersirGalatea>shaikhi</hersirGalatea>
      </bawlingLustfulVivers>
      <gabbingFeasterLewdly>
        <hepcatByplaysJambed>tos</hepcatByplaysJambed>
      </gabbingFeasterLewdly>
    </sornersChawsBelief>
    <bas hectyli="aroyntCotinusThick" paisanoCrispin="rimpi">
      <peri>4992888</peri>
      <neossinTwpMedevac hainchArmine="scupperWain" rubbleSilvasWaggly="sirrahsIresine">
        <marplot>dutra8291</marplot>
      </neossinTwpMedevac>
      <carrs>
        <stretto>864593313</stretto>
      </carrs>
      <noddledAndeanStewing moronicReclimb="retoldBudukha38">
        <sulfasNanismHexade>pilfreAssortsGreeds</sulfasNanismHexade>
      </noddledAndeanStewing>
    </bas>
    <departPyic>
      <vellJukingAmnesty>359870</vellJukingAmnesty>
    </departPyic>
    <missusSaura>
      <cura>aumakuaIgdyrWingmen7</cura>
      <abiosisWarsawsEdictum>
        <balonea>scamler</balonea>
      </abiosisWarsawsEdictum>
      <mazilyTities>
        <sidecarScendRussia>715099758</sidecarScendRussia>
      </mazilyTities>
      <bahumaLedgyGrift murreResiantGentiin="quaveryGluers" nodous="intinesSawlog">
        <enthean>tunmoot6015</enthean>
      </bahumaLedgyGrift>
      <mower cantosFozierCopses="lasherToustieInspire">
        <outingsLivierAcridin>azine</outingsLivierAcridin>
      </mower>
      <asprawl etuveeUkraine="canamo" mamChn="inklingRiferMyalgic">
        <odorizeRatios>exodic</odorizeRatios>
      </asprawl>
      <yawling>
        <cooky>niyoga</cooky>
      </yawling>
      <sondageSergioLevana mousers="270974972">
        <namedJamshid>78</namedJamshid>
      </sondageSergioLevana>
      <dhoti uniflowMannaiaKirkmen="vintnerFluePsywar2">
        <parchesAmarvelFluorin>kneeletBarbulaLargely</parchesAmarvelFluorin>
      </dhoti>
      <uncouch>
        <glutael>cerises6</glutael>
      </uncouch>
    </missusSaura>
    <glaryReweds>
      <sordoCingleApologs>shoaled</sordoCingleApologs>
      <motFarfelCirsoid jordenOedipusPicker="691" restrMagian="aggersGrowly14">
        <telpathGottenAffrap>469429</telpathGottenAffrap>
      </motFarfelCirsoid>
      <saloonUnclewTuitive>
        <risqueeSelectKnockup>distn</risqueeSelectKnockup>
      </saloonUnclewTuitive>
    </glaryReweds>
    <milagesAculeiCodec>
      <furiosaHyrstBandle>maire</furiosaHyrstBandle>
    </milagesAculeiCodec>
    <jeofailTienda>
      <barongaGunyangTules>betseyHairenChumar</barongaGunyangTules>
      <teel tatoos="745" dammish="halveFalernoMaioli29">
        <pongee>ensteepCarniesGranter</pongee>
      </teel>
      <snows thrawnMurrine="whifferJinking" kukuiWat="arridePlatoon">
        <looneryShutokuQuaich>dopper3254</looneryShutokuQuaich>
      </snows>
      <enders emceed="pointel" rubblyCasabeThon="divi">
        <durocDialistCopying>raps</durocDialistCopying>
      </enders>
      <pingedTactic dietalDropax="accreteApertum">
        <unevil>prismyAgronUrotoxy</unevil>
      </pingedTactic>
      <durnedTripoli muniaDeathsWooers="geckosSorgheGinners" ibaditeSulidesEnology="87">
        <kissing>tenfold</kissing>
      </durnedTripoli>
      <decencePrees>
        <wastsCanetonAnilin>dualism</wastsCanetonAnilin>
      </decencePrees>
    </jeofailTienda>
  </deistEmerantDerbies>
  <hater setonListelParte="emeritAmbles68" mythosIlly="unlap" shaftsBurrs="poetdom84" />
  <enstampBeerBlanchi denmark="augersDoddiesRecants" />
</lefterLevanceUnstack>