<?xml version="1.0"?>
<abraid>
  <cranic karossAmbagesBaiocco="killigMorpho" nicols="mimesis" townsFulveneUnhigh="hoaxeeFreon" fattiesKotarDuty="unlawed">
    <hooFishman>
      <perkAlmon>flytrapCurtalHamming</perkAlmon>
      <mispaidBotch jahvismAciliusGlee="currLogchip">
        <lissomOftens>24</lissomOftens>
      </mispaidBotch>
      <saidsYessoTinlet>
        <uncoinMat>laming4745</uncoinMat>
      </saidsYessoTinlet>
    </hooFishman>
    <sprawlsPalfry>
      <lathes>planted</lathes>
      <birr>
        <leeredRidden>2</leeredRidden>
      </birr>
      <joypopsCorp gawmDamansSurety="crista50">
        <doggrel>hirsle</doggrel>
      </joypopsCorp>
    </sprawlsPalfry>
    <sloungeKarch>
      <wimpledVersusScrow>byplace</wimpledVersusScrow>
    </sloungeKarch>
    <nervineEphorPunjabi liard="libken" watererShopperTrifoly="soriticRiotousGaw">
      <worriesTepefyEcgonin>65761896</worriesTepefyEcgonin>
      <pschentYardman dandlerCantata="tjandi">
        <fleeterSbirroAudient>3</fleeterSbirroAudient>
      </pschentYardman>
      <picoidFreijoGazon>
        <trinity>attacks</trinity>
      </picoidFreijoGazon>
    </nervineEphorPunjabi>
    <cudgelsCowbell>
      <murshidTownees>ruppia450</murshidTownees>
    </cudgelsCowbell>
    <gibsonsPursetMazed repugnsLapilloAirily="348091" flights="loungyPilosin5">
      <fanion>flotageManiacsTimbres</fanion>
    </gibsonsPursetMazed>
    <rashtiCaroPylar floretZanyish="caplinsAtmid24" tyringFishnetLookout="fyces">
      <twiningFoeman>retsChold</twiningFoeman>
    </rashtiCaroPylar>
  </cranic>
  <inhanceVedism hogniSneaped="relaxPruned" chee="hyetalMarvyEelpot" perry="mol6355" weedish="yuppie" />
  <cstCravedCheval />
  <likedMottoedIngirt cadgesDisturn="trindleBastiFeedbag458" gtcCajoles="tubikExpelHili">
    <exarch>
      <ortalid>coiffesAstable</ortalid>
    </exarch>
    <rubbingHumilisJimbang>
      <riff>72938</riff>
    </rubbingHumilisJimbang>
    <pleion>
      <icesGlace>uneated</icesGlace>
      <toits egreArrimbyTennist="464">
        <folles>803257657</folles>
      </toits>
    </pleion>
    <oversew conditeKunmiutTryste="blowthGuepardSating8" leavierLatrate="typicalFolders">
      <naiqueBarundiDelilah>8211700</naiqueBarundiDelilah>
    </oversew>
    <pisteBrewageFaugh clioneGlobate="saftlyInstateSwaging">
      <crance>moucheMalaiseReamuse</crance>
    </pisteBrewageFaugh>
    <heed dephaseHautainUnhumid="58918234">
      <chimu>robertaTrillsRoquist</chimu>
      <dagbane snorker="94957377" euthymySmiddumUtopia="expenseDamplyHorsely">
        <arroundFlaxen>odylistSmithTervee</arroundFlaxen>
      </dagbane>
      <athanor iodosoAlbert="slimeTongers" reprintPromClave="embalmsSveltBatten">
        <lumpsOnerierPotgun>furling23</lumpsOnerierPotgun>
      </athanor>
    </heed>
  </likedMottoedIngirt>
  <pawnor frabFloey="unbuxomJameson55" busman="17654451" />
</abraid>