<?xml version="1.0"?>
<rapids>
  <sacre />
  <minksKeeler unclick="penurySealerVeter89">
    <gallerEggnogs>
      <syrinx>41957</syrinx>
    </gallerEggnogs>
    <silvasPitmenCoeval>
      <rabfakGalileiChalker>flymanTugging1621</rabfakGalileiChalker>
      <turnkey paynimsFlyballAlkynes="unducalPunches">
        <untellStigmatVariety>bepaw4</untellStigmatVariety>
      </turnkey>
      <shadily savedSieStork="sulksInamiaMiswire">
        <tumefyEbcdic>600816865</tumefyEbcdic>
      </shadily>
      <unchildCloffImbue dawtEdgewayDen="besoul" gooseryTaiyalJalap="frontsRubs">
        <patesi>48193952</patesi>
      </unchildCloffImbue>
      <kintraDrias sanaiCofound="oleum4478" siplingEntria="agendLentileAbaddon">
        <adarYawned>roboticSmrgsAdnouns</adarYawned>
      </kintraDrias>
      <testerSwingy>
        <perkierLimeLunks>guarand</perkierLimeLunks>
      </testerSwingy>
      <copula lammHuchoTaps="docetic" yachtyUppile="skyfteRocklayRingite">
        <machoYapocks>manwise</machoYapocks>
      </copula>
      <shinnerAgathisDjuka abomasiGedact="volutes" spug="redareGlandes93">
        <creazeShlockGrouped>forelZulinde</creazeShlockGrouped>
      </shinnerAgathisDjuka>
      <compotFarmers chough="stanzo" grantiaYabaVmsize="65986">
        <furoate>gobans</furoate>
      </compotFarmers>
      <factorsCowalWedgier>
        <prebend>soueegeLarksMiswrit83</prebend>
      </factorsCowalWedgier>
    </silvasPitmenCoeval>
    <bergs basicFutharc="260654182">
      <burly>gunshot</burly>
      <oxcartsBalesCroppa fawnierPanusAcoria="pylori" swaggi="54">
        <bottleSoaping>angelet</bottleSoaping>
      </oxcartsBalesCroppa>
      <kotarIllerKakas>
        <abashedOdelet>vibicesPooh</abashedOdelet>
      </kotarIllerKakas>
    </bergs>
    <inulinsToby nasuaFriborgArsine="sarafJewship92" presses="bevomitQuatuorCipher" zarema="unsingSertionEbriose">
      <martStalked>autota</martStalked>
    </inulinsToby>
    <tineola supsTela="freshen1" summarZiczac="kyriesPacsPotator" ceruses="venlinBambino">
      <jazzed>25084</jazzed>
    </tineola>
    <stickleDrythDiazo>
      <remixedHongsLarmier>oogenyCheskey</remixedHongsLarmier>
    </stickleDrythDiazo>
    <putted clamped="861511" bifaraCursedTaxably="abretJanHashish1029" roamsVilloteGamier="wosithNewsboy">
      <shanteyQophs>tonk</shanteyQophs>
    </putted>
    <ectopicSloomyWoful hakeVeloutCustard="grippalAxinPoyous">
      <congius>unogledAlfurCuitled990</congius>
    </ectopicSloomyWoful>
    <hlqn stipule="unfaith">
      <khlysti>platanoGruelly</khlysti>
    </hlqn>
    <ongaroDormy>
      <heypen>feltyPanusPlods63</heypen>
    </ongaroDormy>
    <wineryIdeateVerite>
      <copalmSeskin>agoniesCostateImbibed</copalmSeskin>
    </wineryIdeateVerite>
    <rheotanUnrowed eaglesGrowers="jambart" seebeck="doucet" briss="rebackMonikerNutmeg">
      <gapedHickeysMagneta>airportPgnttrp5</gapedHickeysMagneta>
      <enticerCookdom>
        <oofiest>7</oofiest>
      </enticerCookdom>
      <cleftOscnodeElytral caurusAirhead="blench">
        <whishts>16287491</whishts>
      </cleftOscnodeElytral>
      <levins wheem="azimide" inkweedUmbraeSkymen="colicky">
        <dortourGingersTurnoff>bonanza</dortourGingersTurnoff>
      </levins>
      <cutworkWappetKeltoi vulgus="8">
        <deniersGudrunSailer>kwintraMohrAconin1</deniersGudrunSailer>
      </cutworkWappetKeltoi>
      <sicketGleadDekes eerieSteamerBrieve="makranPledScarfs">
        <remintCoanSapid>73</remintCoanSapid>
      </sicketGleadDekes>
      <mediaCrypta wurmalJewismDolphus="latests380">
        <dankaliMiseatTaotai>weighs</dankaliMiseatTaotai>
      </mediaCrypta>
      <rudous>
        <thrap>rationUnsoldPense</thrap>
      </rudous>
    </rheotanUnrowed>
    <tentureVoluperJewship>
      <batchedVitalsMargosa>elidesBusesEnrheum1611</batchedVitalsMargosa>
      <skelder aliyothJemMalarin="49680" senorScuts="coilingWannaBabudom9">
        <raverEaglets>eardropDilo1</raverEaglets>
      </skelder>
      <conchiePoisterVandyke>
        <unstockMotacilWhereso>censurePirnsCasher</unstockMotacilWhereso>
      </conchiePoisterVandyke>
      <slatePlexPassay soberedYokForefin="oker" krausenMartianBalds="ratheOps">
        <sogetTuffingAmebula>21</sogetTuffingAmebula>
      </slatePlexPassay>
      <bezil morinLucilia="lithiteAmerce">
        <hystrix>unalertDidDivulge</hystrix>
      </bezil>
      <upcheerAdviserHilch swooner="8134">
        <bruleeGivensNairobi>peter</bruleeGivensNairobi>
      </upcheerAdviserHilch>
    </tentureVoluperJewship>
    <fingentEpilHazan>
      <peckfulUpgang>gusainBanged</peckfulUpgang>
      <giaourNotices isodefBapCaraja="idism">
        <zincicGrillePteris>451</zincicGrillePteris>
      </giaourNotices>
      <woofDinned wagger="arthur" gestureBogomilEkerite="valerylPeeredTentful">
        <taphriaChobGweduck>97554870</taphriaChobGweduck>
      </woofDinned>
      <mussedTrypticKissers>
        <bittersHield>87229</bittersHield>
      </mussedTrypticKissers>
      <snapbag>
        <cullaMacaber>69</cullaMacaber>
      </snapbag>
      <laitheDahsCleat highishUneaved="barseFeriaeDrawer">
        <dharma>ducatonLankyOchreae</dharma>
      </laitheDahsCleat>
      <waubeen sansi="35563">
        <outlyDaresayFaucet>prunell</outlyDaresayFaucet>
      </waubeen>
      <astomiaTested>
        <humbledOntarioEtherol>44031571</humbledOntarioEtherol>
      </astomiaTested>
    </fingentEpilHazan>
  </minksKeeler>
</rapids>