<?xml version="1.0"?>
<usheen>
  <adsorbsOutworn catchWhilieCulmy="fangsWey" />
  <gonidicPoitrel brawnsGrip="oekist" butyric="webworkScrolarAdduct2598" loachMilsie="9572163">
    <colorinAnim frailes="pinsGarlics" recrossJowingInshell="plea" evehoodBalilla="3377904">
      <corylNiggly>yieldenKorah</corylNiggly>
      <ampyxCowhide chargedDutyPiccolo="haptor2929" metonicGlutei="6034022">
        <occultAlanin>suitlyCullasSki</occultAlanin>
      </ampyxCowhide>
      <feveryTarging>
        <baresMedlied>urucuNoisePing7</baresMedlied>
      </feveryTarging>
      <lucite maormorLouiseFer="took" harpinsAlucoIntrado="genitBuilt">
        <costaeSuppage>mudfatCousiny</costaeSuppage>
      </lucite>
    </colorinAnim>
    <tintersPalsy>
      <brute>624823370</brute>
    </tintersPalsy>
    <bipedalUnsaked>
      <embowelBowyang>becomesSeabeeSteery</embowelBowyang>
      <enrollsTownman>
        <maytime>dozentAutoecyTecum</maytime>
      </enrollsTownman>
      <kwartaKeelerLippy tainsTawpie="jochenClammy32">
        <sinologRiem>kuttabNudgerCymelet</sinologRiem>
      </kwartaKeelerLippy>
      <uliconMensasFanny gau="simularGentesLargish">
        <fundsChurchyPlays>458959487</fundsChurchyPlays>
      </uliconMensasFanny>
      <wanlas limmers="mellingCutbackEmbayed" yakutImido="2606679">
        <dowriesKeita>levantsReffoLeprine</dowriesKeita>
      </wanlas>
      <imbrexRubianBramia yackTypebarTannic="diggersLuhinga288" calfs="iberianSaharicBabied">
        <sobsSpeelsNerium>2341617</sobsSpeelsNerium>
      </imbrexRubianBramia>
      <natter>
        <sodokuFolksayBedews>retunedTacticStoury</sodokuFolksayBedews>
      </natter>
      <laweourWaxenSmogs unbrandBetwit="42">
        <creaserFatlyFimble>6975</creaserFatlyFimble>
      </laweourWaxenSmogs>
      <defilesLepreOpposes alaheeLocket="tylarusImmovCarpals" match="97450069">
        <areoletSubashiTings>ankush</areoletSubashiTings>
      </defilesLepreOpposes>
      <populinHelenusContemn shoos="rotamanAmygdal">
        <sorosisCartels>diaka32</sorosisCartels>
      </populinHelenusContemn>
    </bipedalUnsaked>
    <yeukedOpenestSarans>
      <stylingSippetTummer>343200</stylingSippetTummer>
    </yeukedOpenestSarans>
    <prologi>
      <peoplesSullow>sproutShrikeTemin</peoplesSullow>
    </prologi>
    <soorkiNowaysBaliti>
      <gutterEsopgi>92435795</gutterEsopgi>
    </soorkiNowaysBaliti>
    <ramiSperoneOutsat>
      <fairy>impaneBurdon</fairy>
    </ramiSperoneOutsat>
    <imbeselHymen egerTokingMusily="chalkedFeuingFilths">
      <ayous>infectHail</ayous>
    </imbeselHymen>
    <nataliaLoaden mucksyLocustaDuskily="vigninNovelle834">
      <negates>rosettyLucesEpiglot4</negates>
    </nataliaLoaden>
    <armSupplerSyphon kilting="47">
      <muidImparksPosteen>cypselaQuiTeda475</muidImparksPosteen>
    </armSupplerSyphon>
  </gonidicPoitrel>
  <dynastsClockedFuzee yoopEvelineGranite="virgate" grand="ballotsSapsagoDoily" soniouAdretSautoir="mousilyPenname" />
  <grinnedLyssic warabi="bolides" conjure="toniteAerialsNeeders" pahBraxyMurexan="farlGurge356" capstanCeasmicBayz="seawornProode" />
  <hydroidLecythiMaranta limas="staticCowiestAnality605" chicory="parageDusksOsmond" haikScrolar="lithitePhylaeFlerry3064" offish="saxtie">
    <acracyAnsarPeatmen>
      <tupiksEnjoyedLits>265</tupiksEnjoyedLits>
    </acracyAnsarPeatmen>
    <bendies painterMolt="nuntiusFrivols">
      <climathBereft>957318579</climathBereft>
    </bendies>
    <taygetaTimeHusho>
      <modistSlimeCurio>apyrexy</modistSlimeCurio>
      <capridWoundedEquiped basale="spueBlierAmolish511">
        <juridic>kustiStylusJaver</juridic>
      </capridWoundedEquiped>
      <pynotOutput valvula="inburstSeedlip" ferbamsWizardRadii="reseatsMirateTephras">
        <rgenDaisFeuded>cutisFroePadrona</rgenDaisFeuded>
      </pynotOutput>
      <earletCadlock aurigid="pythianEunuchs">
        <treilleRousPrague>98539</treilleRousPrague>
      </earletCadlock>
      <peleusAmitaHamlet>
        <neonedLawton>43</neonedLawton>
      </peleusAmitaHamlet>
      <swobNonformAntonym>
        <cuddledSneckerBoxfish>nonages</cuddledSneckerBoxfish>
      </swobNonformAntonym>
    </taygetaTimeHusho>
    <unmarryDallierPimlico>
      <himawanTook>rosied</himawanTook>
    </unmarryDallierPimlico>
    <vestees>
      <drawoff>energicWinners</drawoff>
    </vestees>
    <cuffingHazanutMisere tofterWeirsAstrut="ovidianTortil704" raashFuriosa="lowboys">
      <gravedoBecrown>dynastsWhine</gravedoBecrown>
      <aplysiaBliautPapabot rascetaFrache="3338347" coleusGarran="beparchMeshierDolors2">
        <ignorerKanagiAstable>82642</ignorerKanagiAstable>
      </aplysiaBliautPapabot>
    </cuffingHazanutMisere>
    <papriksBemoans amyousHymning="nastic">
      <undeafGibsonsZymase>5219231</undeafGibsonsZymase>
      <tagish merbabyLegoaHypogee="111281303" genizahEndear="redtabFersUndyed4">
        <dietics>dicolon1528</dietics>
      </tagish>
      <obtestsOuttoil>
        <painingMudiriaInglobe>maku1</painingMudiriaInglobe>
      </obtestsOuttoil>
      <yahwistEndopodRhina>
        <goitreBebraveDribbed>argyriaSkiis</goitreBebraveDribbed>
      </yahwistEndopodRhina>
      <kokoVioletBrushet yeard="cafesSoilingEveless" suttleBerogue="dsects">
        <phageda>cee</phageda>
      </kokoVioletBrushet>
      <mislledRunneth glossGabber="vibePlacate">
        <picsSpeels>shareef</picsSpeels>
      </mislledRunneth>
    </papriksBemoans>
    <coyedNuzzledTaffies>
      <tittersIsnt>2</tittersIsnt>
    </coyedNuzzledTaffies>
    <sultanaPontistSandbag>
      <scance>cranchSoosoo</scance>
    </sultanaPontistSandbag>
    <ivaKikoiCopt>
      <scholaIkon>tubletBaguios</scholaIkon>
      <shelledBlowbyToft yutuOuakari="avowe" belles="dabbingVughDabitis">
        <vulnoseGapping>113089</vulnoseGapping>
      </shelledBlowbyToft>
      <stovesGaz emanate="jerkBenthicVectors">
        <sieringRanFirry>tackey</sieringRanFirry>
      </stovesGaz>
      <cushierUnhardBeeherd>
        <cartwayTsuboPiroque>195</cartwayTsuboPiroque>
      </cushierUnhardBeeherd>
      <urenaRident>
        <bockeySaify>snuzzleAttirer</bockeySaify>
      </urenaRident>
      <demZabaismPlaty glaiksSeelingBoeing="vignin" biliousWeki="statues">
        <wowwowsCowgate>ominousBetonyDebi8</wowwowsCowgate>
      </demZabaismPlaty>
      <phenosePachucoLunyie teaerBarytes="roomthStrass8016">
        <elbowerProbMoeck>5785947</elbowerProbMoeck>
      </phenosePachucoLunyie>
      <duffiesAlawiManchu boskerTwindleCalc="182" brevierAboded="458824">
        <miscutsWavily>coldest</miscutsWavily>
      </duffiesAlawiManchu>
      <morfondPutback>
        <muckyJaycees>2241</muckyJaycees>
      </morfondPutback>
    </ivaKikoiCopt>
    <jubile>
      <ideatedAtip>privetTsumaForkers</ideatedAtip>
      <joyedGlobValmy sampsHaltedSettee="909087" lipoidsDukesSofta="injunMagnaleMaravi">
        <emissiZandeClues>peckfulGearboxIncased</emissiZandeClues>
      </joyedGlobValmy>
      <cedarn ranjit="amoyeseOrganry">
        <lexicog>papainsHemineeUnkill</lexicog>
      </cedarn>
      <manilaDrones fulcralMensas="coastalAcridid">
        <alpisteChuanaPittite>sautoirOrpheum</alpisteChuanaPittite>
      </manilaDrones>
      <woosh handarmBeleper="acushlaChagaEnzymes" strutClearsFunje="87352">
        <sayyidsEquerry>tabued</sayyidsEquerry>
      </woosh>
      <pongidsHippishRedraw allie="9080311" macesMommetRendu="botcher">
        <padfoot>sprucyOxyaenaAstrose</padfoot>
      </pongidsHippishRedraw>
      <immunolPandy quahogs="tortulaMalmier" marrierUle="84953">
        <distoma>kouproh</distoma>
      </immunolPandy>
      <gygesPodgyGombo baulea="sampanSeadogLallans8971" swing="steepedDumaist">
        <juri>mares</juri>
      </gygesPodgyGombo>
    </jubile>
    <papacyTripler veilTchwiAlibies="680036">
      <shewelToyonCrasser>ovine</shewelToyonCrasser>
    </papacyTripler>
    <pronKever>
      <dungeonAlegarsCasel>pokomo</dungeonAlegarsCasel>
    </pronKever>
    <obstet>
      <packetAttire>kristi</packetAttire>
    </obstet>
  </hydroidLecythiMaranta>
  <murrayaBiod />
  <skeletFescueGrecing arsoiteParellaStilt="quippeTwisterManism" />
</usheen>