<?xml version="1.0"?>
<buyable>
  <atonerTaigasNimmer />
  <weldersHoliestMonarda />
  <biozoneLegoaQuashes lounged="gradingFishily" aloudThraveMired="contendUprein" serolin="159759" pincheTrionesExul="solvateMindfulCanzos" />
  <hubbobPiteira boozersXylopiaGaudery="craping" suraheeCrambo="yaoort" leachesCant="paprika" />
  <abilene />
  <stgeScyphoi>
    <harrierBoucheTammuz>
      <anginasCal>camusDeify</anginasCal>
      <djinsBeecher>
        <lakhsFatuism>sharira</lakhsFatuism>
      </djinsBeecher>
      <artemia>
        <stellioPadou>cladBalconeInclasp</stellioPadou>
      </artemia>
      <pebrine freefd="piteiraWabron">
        <arachicAlfasVervets>rall</arachicAlfasVervets>
      </pebrine>
      <kvar>
        <courtinTextualBirkie>7566901</courtinTextualBirkie>
      </kvar>
    </harrierBoucheTammuz>
    <scincusDeltaicFlimmer leersia="pondage">
      <infuseSequelMaulers>stibial</infuseSequelMaulers>
      <barrenAtokal haggishHaraya="436">
        <boldest>985537</boldest>
      </barrenAtokal>
      <palalaViti payeesHiemal="60865609">
        <umset>couleeAroused</umset>
      </palalaViti>
      <odorousCeriseTamarao magilpsTimetLadyly="iridizeToned" murrhasMenthyl="redidUnfrillZirak">
        <doatishPurinsUptill>357185693</doatishPurinsUptill>
      </odorousCeriseTamarao>
    </scincusDeltaicFlimmer>
  </stgeScyphoi>
  <hyenoidYackingSate subgitBanianMasher="distort" zested="yareta" />
  <paroler thebaid="127537" kennellYowingYaffing="paroecy" arnaGleamy="brailleYeshiva" hastulaStilesBrank="54836">
    <slaw seconds="helge" tektosTetrads="destainCallboy619">
      <jimbangIntoed>alveary47</jimbangIntoed>
    </slaw>
    <televoxRutsLiangs>
      <antas>sifeMallam</antas>
      <wreaksSpell kiwi="tarandCabletCuppen">
        <redes>maholiZipa</redes>
      </wreaksSpell>
      <alkines otolith="cool" aulasYolden="upbayTopknotCunts1974">
        <tumor>lleuPalookaDative</tumor>
      </alkines>
      <airdock>
        <mesasNesty>scotomyShinglyNytril2</mesasNesty>
      </airdock>
      <rowte gonifsYeahMamboed="441790" morassyRussellLieue="pianosMugfulAcerola">
        <metwandTikurAortae>cathroCarveShushed943</metwandTikurAortae>
      </rowte>
      <logierNotesMammons>
        <summist>481527</summist>
      </logierNotesMammons>
    </televoxRutsLiangs>
    <deboneChimpsLeon>
      <safestLovierLexeme>518596</safestLovierLexeme>
    </deboneChimpsLeon>
    <sydBidesBevels idite="bullousFobbedHoudan" lycusBlesser="reimRamsch" barbetGlass="aurealInburst">
      <orpinAthlete>2620779</orpinAthlete>
      <oneryDoylyCooboo exuviaMansionToftmen="ektenesYarnedScrum" callotLevier="chute">
        <bonbon>threaps</bonbon>
      </oneryDoylyCooboo>
      <rundel kiaughs="guz" sirenic="blaineCleatedIsotely">
        <theyllNicolsUnriven>gorlinChylousCasel</theyllNicolsUnriven>
      </rundel>
      <spite spavine="unkink" waddersTurgorTiklin="parkyGalla">
        <tussehs>866173693</tussehs>
      </spite>
      <matelot coeditMycotic="anisate">
        <unsharp>zendikGrazers</unsharp>
      </matelot>
      <gauger kuhniaFixings="vasefulSwift">
        <outrodePetuniaPatapat>audileCuspidsAband</outrodePetuniaPatapat>
      </gauger>
    </sydBidesBevels>
    <sinaiteOuteate>
      <soyateKnap>clyerSixthTachina</soyateKnap>
    </sinaiteOuteate>
    <saga>
      <feffWlityHdbk>crudleZoosis29</feffWlityHdbk>
    </saga>
    <yappSalfern satisHemlineKorrel="metricMadroaDoo">
      <ated>paulaKakkakRile</ated>
    </yappSalfern>
    <beefinBaze>
      <loves>rewaken</loves>
      <herpetEpactsShopped wooding="forloreWrabill9" stepupsScrever="seapostMartletIxtles">
        <premieSamekhMaskoid>44</premieSamekhMaskoid>
      </herpetEpactsShopped>
    </beefinBaze>
    <startupGypster>
      <mugwump>intima</mugwump>
      <unhuedSchloop>
        <ulla>garCruds</ulla>
      </unhuedSchloop>
      <satlijkSjambokSmews rezoned="scurfy" chiroUnput="pygalRutherBistro">
        <pacoletBilges>fairsEmetins</pacoletBilges>
      </satlijkSjambokSmews>
      <pryersSaltingLene>
        <kniveySidecarSleaved>kenyteAbr</kniveySidecarSleaved>
      </pryersSaltingLene>
      <burns berthedChalina="triamidApnoeas" pasengGygis="8242731">
        <slipwayTraduceShemu>guld</slipwayTraduceShemu>
      </burns>
      <florateSadis rouensOutspit="fishmanEnseal">
        <bleary>5510</bleary>
      </florateSadis>
      <argal>
        <hangby>buildedSeptane62</hangby>
      </argal>
      <fagoted>
        <sheererMasque>orias201</sheererMasque>
      </fagoted>
      <warblerCaxtonIsn vrouwsFutiley="totery" lagopusSlape="bosniac">
        <evalOvercow>lapsersSetaridThoron</evalOvercow>
      </warblerCaxtonIsn>
    </startupGypster>
    <cered arcusesIllthDogdom="19224" dindledKinked="douceUnieCurtein" weatherGuiananFrothy="astr">
      <upslopeGiglotsSurface>gofflePeace</upslopeGiglotsSurface>
      <bidBroidSpiels finetop="ericaUnsewFatso">
        <ashesMails>917217</ashesMails>
      </bidBroidSpiels>
      <sajous yores="36121357">
        <etrenneBahai>eboniteHorral</etrenneBahai>
      </sajous>
      <piltock>
        <fittyCruiserAcryl>tuttoJanitorMins</fittyCruiserAcryl>
      </piltock>
      <market cumenylHeartenSpatter="779" scripto="rerisesSousedGeswarp">
        <demidog>dual</demidog>
      </market>
      <flankedDeilsLottery wakambaOctalAiriest="bizoniaSata">
        <ramplorPrenderUpjet>610528</ramplorPrenderUpjet>
      </flankedDeilsLottery>
    </cered>
    <aerobicNerka>
      <flocciHamated>arrha</flocciHamated>
      <mancus embogStrobesLiane="fluteDoppedExmoor" curvity="27443212">
        <cee>glandesClefs</cee>
      </mancus>
      <scuffyBorizeDrossed>
        <outerlyAbluteBeeway>bengaliGlares</outerlyAbluteBeeway>
      </scuffyBorizeDrossed>
      <secedesWhitin navahos="bezan" vaticLobbersShtetl="ranids">
        <whitishWails>mehelyaOhmage</whitishWails>
      </secedesWhitin>
      <saccosTipples ceintPareira="micellaParoch" yowedLvovBeylics="inwindsEuploid">
        <hoping>histoidShinkinCrumbed</hoping>
      </saccosTipples>
      <moldyTippetsTwiggy>
        <primateFarmers>380322</primateFarmers>
      </moldyTippetsTwiggy>
    </aerobicNerka>
    <retapedHaymow froughyRhodite="ethicalPookooWhale">
      <fakirRevisor>elohim</fakirRevisor>
    </retapedHaymow>
    <midmost anolianMightRomeite="81894114" mesoleNaioWauked="inyokeClunked" hollandDuoviri="noucheMocoLaur1">
      <miseatSnathsHeist>wadsets1</miseatSnathsHeist>
      <gasbag oncia="estuateEvidentUsual" escapeeAssayer="recheckWrackedTronc">
        <thinly>561119</thinly>
      </gasbag>
      <dodgersPhilicNookery>
        <somiteNepmen>dioxideRoastsCylix</somiteNepmen>
      </dodgersPhilicNookery>
      <bruangUncaped liangs="shaleApercu" sinaic="keyset61">
        <ravioliHackeem>slumber</ravioliHackeem>
      </bruangUncaped>
      <autoecyCustomsEnscale>
        <hexonicRaouliaGunyah>zinkify</hexonicRaouliaGunyah>
      </autoecyCustomsEnscale>
      <erodePeriods>
        <crabit>snoozy</crabit>
      </erodePeriods>
      <clepedImbrium>
        <accurTanachUncrude>489</accurTanachUncrude>
      </clepedImbrium>
      <arterinMarries pliantHeminsOrgamy="boobsBoaster" vendeeCoprahs="rumbaed">
        <syndets>mioticSaltingSinuous</syndets>
      </arterinMarries>
    </midmost>
    <octylsRosebay egressBombusAefaldy="ingram" quicken="floterFondlerDawted" retire="medio137">
      <oundy>tychite</oundy>
      <cupreinFudges cirrateRipupOafdom="bedecks" ponteeOrfeCouters="414">
        <xerarchBealing>bajoccoTopcoatCrutch49</xerarchBealing>
      </cupreinFudges>
      <jarvyAdossedEmbrue purpieWinnerOstent="4678776" uredial="887">
        <iiiOsculeFroust>bhutanGold</iiiOsculeFroust>
      </jarvyAdossedEmbrue>
      <yarrowsChaouiaGummose onwardTownful="echidna" medlarCotman="281">
        <oogoneWagaun>touselScharf</oogoneWagaun>
      </yarrowsChaouiaGummose>
      <gallow usefulGuahiboAjoure="creeky">
        <whirledFealHalfa>diapsid</whirledFealHalfa>
      </gallow>
      <cells lochusTreddleAppet="summut">
        <isotypeFender>masaOvertax</isotypeFender>
      </cells>
      <spreadyGrasNyoro>
        <strip>632</strip>
      </spreadyGrasNyoro>
      <deifierPolarisWanigan>
        <bambukGrillerGypsous>49858</bambukGrillerGypsous>
      </deifierPolarisWanigan>
      <pucksNav>
        <efforceDaddleLumenal>60000</efforceDaddleLumenal>
      </pucksNav>
      <etherinEutonyAnthems kobu="unalPavlovProvand6281">
        <heirs>aesopicIodo</heirs>
      </etherinEutonyAnthems>
    </octylsRosebay>
  </paroler>
</buyable>