<?xml version="1.0"?>
<ruffleTamest>
  <dictum triodeDebars="ahimsasYaupAnba" coffretDilluerPopulus="cornsMohockShulwar" sipAcratiaDaman="spales">
    <meanersNerium>
      <kobangCaffle>hagwormReculeBailiff6</kobangCaffle>
    </meanersNerium>
    <htelAminase>
      <dictum>aes</dictum>
    </htelAminase>
    <vomity earth="capableSpites" hudsonAttaste="mashmen">
      <stoondPau>mailesBitoreFlayers</stoondPau>
    </vomity>
    <rudPotsiesTutly>
      <cavallyRegrade>tubateClinalWalk</cavallyRegrade>
    </rudPotsiesTutly>
  </dictum>
</ruffleTamest>