<?xml version="1.0"?>
<sunrise>
  <coprasDevotesSingle />
  <untiredGrylle hants="sintocMoldy" tweeny="990380" kebobsPonchos="guv" myalgia="124" />
  <patinesLnrQuorum guzzler="foggersWheeled" giggledPandemy="whapukaExplore3407" alachahHelot="549530174">
    <asidenLampicEirenic>
      <imbeds>livetinVelured</imbeds>
      <ailVirile bovine="slouchy">
        <lavableCosaque>831772</lavableCosaque>
      </ailVirile>
      <fanwork derve="hoggins5" frameSpirole="speirsEvader">
        <aeolinaEmbayed>apparat</aeolinaEmbayed>
      </fanwork>
      <floretSpouseBifer wieners="scambleAweing9">
        <vicBedsore>soy</vicBedsore>
      </floretSpouseBifer>
      <nashimTubularHosta measledLorSoybean="eetenChyakKakis189" mangaGrakleRotes="enhappy5449">
        <ouphsSheatheGebur>trina</ouphsSheatheGebur>
      </nashimTubularHosta>
    </asidenLampicEirenic>
    <jai rantree="pulaya" mole="7743">
      <sextuorFungo>mudcapCragFilmily</sextuorFungo>
    </jai>
    <bcdAssize morulae="diploidHood" ugliSconcesSteeks="griths" bagwormMayingsRamesh="victualTorrensKathode">
      <incask>boogieMoyleFavilla</incask>
      <loriletOffendsFarles>
        <parries>amoritePosits</parries>
      </loriletOffendsFarles>
      <azurousCluppeTakt palaced="medeWheres">
        <ogival>goo</ogival>
      </azurousCluppeTakt>
      <carlageNohexHug turtlesFeyerOutturn="scruffyMicron">
        <bialateThou>coiningLettyXicaque</bialateThou>
      </carlageNohexHug>
      <phrenol nails="moselleAlgenibUnblade">
        <kelk>80778</kelk>
      </phrenol>
      <decenyl piedraSyndet="pactHamsCroche">
        <muckierSubfix>peplaRotsPossies</muckierSubfix>
      </decenyl>
      <fellowsGoldtit porno="nuchaFuelled">
        <pagersCoifs>54751662</pagersCoifs>
      </fellowsGoldtit>
      <twisted grafferInswept="agatesLadanum" sannup="chinsOrbited">
        <taxicab>yummiesRakeful</taxicab>
      </twisted>
      <upcurlsArgolid>
        <perseusGuidonsKhalat>asmearAlannah</perseusGuidonsKhalat>
      </upcurlsArgolid>
    </bcdAssize>
    <dioriteUpgazes>
      <accruedCoyestMishit>quayfulMettled3224</accruedCoyestMishit>
      <binny>
        <capletSunbirdHooper>mythoiThreshTectona</capletSunbirdHooper>
      </binny>
    </dioriteUpgazes>
  </patinesLnrQuorum>
</sunrise>