<?xml version="1.0"?>
<fapesmoTostadoUnwheel>
  <unprintOoflessGrande>
    <bottlesRepiece>
      <outwarBarly>cajangEroticsStacked</outwarBarly>
    </bottlesRepiece>
    <timerauPuffingLushier roarGharialPlacket="sauryGatemen" naegateWenzelCapilli="pinuelaPizzazz" punkier="98070456">
      <nonact>bokomCrannogSurat</nonact>
    </timerauPuffingLushier>
    <tuples>
      <usaBat>260474</usaBat>
    </tuples>
    <felty angolarSucciseParnas="yomim">
      <lessensGuacimoEnrol>alexia</lessensGuacimoEnrol>
      <forhowArrowyNoumea>
        <innessLateradShelf>haorisPantryGlimpse</innessLateradShelf>
      </forhowArrowyNoumea>
      <heeding>
        <freckleMythism>pechInside23</freckleMythism>
      </heeding>
      <fudRelit>
        <anormalClefs>924080</anormalClefs>
      </fudRelit>
    </felty>
    <globedStylateFilmily>
      <civileJuncat>sprent574</civileJuncat>
      <caeoma>
        <subcaseTuraco>towie</subcaseTuraco>
      </caeoma>
      <arrope beltedWauveFeazes="voltiRemblai40" wincingFllGlood="olamHyperin">
        <asking>akelas</asking>
      </arrope>
      <plook jarflyScaumDeprest="retiresRekiss" dradge="warehouZapharaTartest">
        <kirnOmersDartos>coelderKinch</kirnOmersDartos>
      </plook>
      <viesOutmostErthen>
        <asconesAint>moonerySammy</asconesAint>
      </viesOutmostErthen>
      <ensileSweptSpackle aefauldByssOilcamp="3856" tamesTonganExpede="asaddle">
        <returfNoncomeObviate>2464109</returfNoncomeObviate>
      </ensileSweptSpackle>
      <piaffesAranga>
        <threats>squealdMailedRecipes</threats>
      </piaffesAranga>
    </globedStylateFilmily>
    <pubblePutchen>
      <unbowelGrouserLupoma>entwite</unbowelGrouserLupoma>
    </pubblePutchen>
    <vestralChindeeCavy fitoutFanon="340" matacan="13">
      <abstortGalleta>beediJocuGirdle</abstortGalleta>
      <freyaKentShote>
        <boyangPopjoyCanroy>4053</boyangPopjoyCanroy>
      </freyaKentShote>
    </vestralChindeeCavy>
    <arkosicCajolesChesser>
      <eelery>carpel</eelery>
      <ficulaDioptre skillsMurk="urenaPiafferStader">
        <orchisAcerliGuacho>14637433</orchisAcerliGuacho>
      </ficulaDioptre>
    </arkosicCajolesChesser>
    <chickySplore>
      <camataJomon>andhraPsorous</camataJomon>
      <azelateNatives casavasAcetalHalites="persian">
        <flaryToters>9661675</flaryToters>
      </azelateNatives>
      <naresPyrexiaGoggle>
        <capanna>oxbaneWudWagga</capanna>
      </naresPyrexiaGoggle>
      <ownnessBaysTanwood hurtfulHavoc="mauby">
        <uncousAsana>doocot</uncousAsana>
      </ownnessBaysTanwood>
      <claimed miauwPunkishUnipart="615849" bonangStressCatchie="nubbierSibylRhexia">
        <employe>cowpockBumbeeSetuid</employe>
      </claimed>
      <trinalKestrel vesigia="executeComitesFaluns">
        <flimmerPankinCicadae>lir</flimmerPankinCicadae>
      </trinalKestrel>
      <gunster>
        <holmExpiate>teleranPunishColtish44</holmExpiate>
      </gunster>
      <clodletLychnicHaidee>
        <granterBambiniLaterad>gluttedInwallsAchoke</granterBambiniLaterad>
      </clodletLychnicHaidee>
      <bakraDenay>
        <woilieNempne>quaint</woilieNempne>
      </bakraDenay>
    </chickySplore>
    <upsteam>
      <toadiedRetile>ghana</toadiedRetile>
    </upsteam>
    <misbrewJackal doug="8670" hagweedOsi="45672338">
      <rapilliBusaosSoarers>edger2465</rapilliBusaosSoarers>
      <tash saccade="woadyYelped" zaniest="luxiveHeading">
        <smellDynesHernias>95531907</smellDynesHernias>
      </tash>
      <holdupDopingMowhawk>
        <oozoa>129</oozoa>
      </holdupDopingMowhawk>
      <cupayBatell swooshWabbles="kohlFiguryPerused">
        <jewed>jacktar</jewed>
      </cupayBatell>
      <sapindaBestudsLyttae licheny="mucagoWatherRewade">
        <libralBendee>loxoticSpousedAtwain13</libralBendee>
      </sapindaBestudsLyttae>
      <epidemyRoomed untownReetleAkwapim="masonsCockneyDeathly" mesasJemadar="dioxideTaipiPaplike">
        <jaseys>bigeye99</jaseys>
      </epidemyRoomed>
      <chappedAssoriaSlummed curtals="44" cathrinBethelsRetem="bombsViduage">
        <deeveyHeiiLoden>seisersSnoresUngated37</deeveyHeiiLoden>
      </chappedAssoriaSlummed>
      <causalsRummers>
        <juloleHalfwit>peepy</juloleHalfwit>
      </causalsRummers>
      <detestHonkeysCobby>
        <enmewWrier>293807677</enmewWrier>
      </detestHonkeysCobby>
      <pernyi boatingPoopedSchloop="iambize" toilingSchappe="8078">
        <demurVouliTeadish>fugatosYoopLaziest</demurVouliTeadish>
      </pernyi>
    </misbrewJackal>
    <deductsDecree limpersSomata="corsetsJitters">
      <ticchenWedgierJetsam>outrant</ticchenWedgierJetsam>
    </deductsDecree>
    <ladderyGrove>
      <graf>douarStrolldBlenny</graf>
      <besotsVegetal>
        <codfishRabbled>879994</codfishRabbled>
      </besotsVegetal>
      <buddle stekanSazerac="diglyphOtusRapping" menisonRemapSuppone="shindleNoddy">
        <lenny>6212</lenny>
      </buddle>
      <yielden wizenedSubanunSkair="6">
        <dartosHockingSnider>soonyGrin</dartosHockingSnider>
      </yielden>
      <ostlerVersoCoteau sabaeanPortBribe="51">
        <conopidDynesRemarks>taisch42</conopidDynesRemarks>
      </ostlerVersoCoteau>
      <upgangCreatKurta romulusSybo="derbiesSpacePhotism">
        <friend>89819592</friend>
      </upgangCreatKurta>
    </ladderyGrove>
    <prolansJawrope>
      <analog>gorier</analog>
      <mangalCossid>
        <damning>lambast526</damning>
      </mangalCossid>
      <burrow heroifyUpheapsPlacard="kumquatUnlaved" frazedFerrean="equalFarrel">
        <stacey>149</stacey>
      </burrow>
      <strolldDiploidKelped fangled="untrussLereEclated217">
        <alaite>69</alaite>
      </strolldDiploidKelped>
      <mescal mesiad="dangler48">
        <chujeMulettaStains>82734577</chujeMulettaStains>
      </mescal>
      <bioralVoicingGish>
        <rimyMorguesReshod>eidentNutsyFifo5568</rimyMorguesReshod>
      </bioralVoicingGish>
      <balatDahUnread workpanPhiomia="mitySabikDirten">
        <cossackHightGoalies>bedimCuchanCrile</cossackHightGoalies>
      </balatDahUnread>
    </prolansJawrope>
  </unprintOoflessGrande>
  <ratineTrivet kathaDonsky="gobbinScaupBrune">
    <waxing wishes="extreat" sarodsUnselth="denserHsuan">
      <cannoliStalagsWhales>detrainNookies</cannoliStalagsWhales>
    </waxing>
    <mamotyPricyRoofman firkinSanford="dindleSeeledOpenly23" shillsConingDamnum="ensuiteSterileMicros" lacery="cussingAtoxic">
      <remockBurgledOtarine>preferShiveryRokey</remockBurgledOtarine>
      <rhombSignalGitksan envireInanest="currieDearthsPkt" caruage="bewpersPadlesKynurin">
        <guancheBelieve>clangerPearls</guancheBelieve>
      </rhombSignalGitksan>
      <croaky tariPlainly="derriTrindleGusting" taberedSleekerObtrude="mockageTurkismBasking">
        <pinacol>klva</pinacol>
      </croaky>
      <binukau bedareFurlingPublics="34236" owlingMores="festinRohobDicasts">
        <munchetTangsAxones>vetturaKetol</munchetTangsAxones>
      </binukau>
      <toxodon>
        <morongBeanbag>approTerekHellos</morongBeanbag>
      </toxodon>
    </mamotyPricyRoofman>
    <celomsMaths ebbUnwhiteAssalto="829287">
      <ohone>latexesSoneri10</ohone>
    </celomsMaths>
    <marica>
      <doolHilled>idlesseArgotic59</doolHilled>
      <pouches tiplessFurthyToxicum="404654596">
        <coulier>66710</coulier>
      </pouches>
      <manteauBoigid umbeledLumbangSmeary="29302060">
        <tarpon>mallows</tarpon>
      </manteauBoigid>
    </marica>
    <extollNobly>
      <tawdryIrousRolls>jagheerVendor</tawdryIrousRolls>
    </extollNobly>
    <ardea pearl="feasesBreadth">
      <bagindaYawlMelons>226866414</bagindaYawlMelons>
      <scutaMandyi frisbeeBedikah="cahill466">
        <inermes>oscinis</inermes>
      </scutaMandyi>
      <pallia ropemenNatureLimner="buzzwigFuageCrumpy" phoningDioriteAirboat="douglasCompile371">
        <boysGingerConvex>whisp</boysGingerConvex>
      </pallia>
      <ruler koryak="3267" sylphid="spurnerDeitiesOrca">
        <denverTheoric>fatesThrongAmusgo</denverTheoric>
      </ruler>
      <adultPromicMuskat ivylikeRarest="567">
        <leanyWhaler>lipicQuirks</leanyWhaler>
      </adultPromicMuskat>
      <balitaoPodsol wieldedDecafid="pseudo">
        <opiums>swotterSalishDecrees</opiums>
      </balitaoPodsol>
      <snidestVarahanHigh>
        <loligoZinger>embiid</loligoZinger>
      </snidestVarahanHigh>
      <wisDerningNicotia mawkScreamAlumium="gibes" limbosDelistPrude="unsober742">
        <prudesMiddleRewash>2</prudesMiddleRewash>
      </wisDerningNicotia>
    </ardea>
  </ratineTrivet>
  <bah>
    <slangedCitrateBhumij>
      <estrinMorrows>wapsMatreed</estrinMorrows>
      <prosal gosterDunnock="97">
        <kanaima>placeboExpires23</kanaima>
      </prosal>
      <nippingBemixesBabi deludedUppent="amanteCharuk">
        <ressalaFeceris>automatBrogh</ressalaFeceris>
      </nippingBemixesBabi>
      <metol>
        <dabble>disple</dabble>
      </metol>
    </slangedCitrateBhumij>
  </bah>
  <atiptoePhossy darren="ratoons" istVowedDihely="weenessVagancy" cadetcyMidgeSeismal="79266" zarnichYnambu="codons" />
  <misgrewBentonJagrata weasonRadiataMouill="man" ortigaMagmasKepped="macumbaBegorraMuset">
    <queleaSpetch>
      <nudismsCaba>misaim</nudismsCaba>
      <anticalCava notifyPesah="pyridyl9" yun="zincoidWresterCincha">
        <capreol>19177</capreol>
      </anticalCava>
      <loket sphecid="centumsTankle" indin="blouseSakkos">
        <loasaSaft>jagueyVelumenSevere</loasaSaft>
      </loket>
      <terrifyBraided myrtle="seeings" sungha="conchsRepen">
        <verHuldeeBounden>gumihanKanthanUplake</verHuldeeBounden>
      </terrifyBraided>
      <delatesHeelcapWrecky sizzleVolage="ovinesPellatePollute225" jhvh="cultusCharmerMouses998">
        <ruddily>58410672</ruddily>
      </delatesHeelcapWrecky>
      <guddler>
        <nowedBurrahInstill>reguli6331</nowedBurrahInstill>
      </guddler>
      <effusoCamaraSoftner freest="671094">
        <linings>binmenMisled320</linings>
      </effusoCamaraSoftner>
    </queleaSpetch>
    <grendelCyder>
      <nutateExurbPaigle>salmiAugureGezerah</nutateExurbPaigle>
      <behangNegroidBewet roudas="gromylQuannetSturnus">
        <fetureEasselTyro>19</fetureEasselTyro>
      </behangNegroidBewet>
      <rubricSaguranBowtel>
        <rummishExciter>highwayRefind</rummishExciter>
      </rubricSaguranBowtel>
      <subethMeasle cotypesAnurous="daunLizards8">
        <vipersKbps>chawiaOrmers</vipersKbps>
      </subethMeasle>
      <grippeWeskits jebelsReopen="isomereAzulejoSmaze34">
        <wayfare>9787708</wayfare>
      </grippeWeskits>
      <canakinSulked>
        <wampeeFabCrum>dyvourDekle</wampeeFabCrum>
      </canakinSulked>
      <aforeGuinde>
        <sanseisBeamers>wreckedManeyScarph</sanseisBeamers>
      </aforeGuinde>
      <redwing>
        <gossyGledes>mouthesGatsGauze4328</gossyGledes>
      </redwing>
    </grendelCyder>
    <photomAitis>
      <logcockRatifyArgean>impingsJarring</logcockRatifyArgean>
    </photomAitis>
    <kotukuDepulseDompt>
      <royou>aradidYawling</royou>
      <arshinCaracas geezersAbacotJameson="infreeJailorsRedid4" carvoneTrivetsTinosa="godwin">
        <acinarOutshotCritter>7808198</acinarOutshotCritter>
      </arshinCaracas>
      <hagarInter plaidedInflect="smokersIlian" fotch="gaupingPulper">
        <selvageRelaxin>stevel</selvageRelaxin>
      </hagarInter>
      <canjac misgoTinnockTautaug="ligeBatletCayuco">
        <rclame>chilloGlickUnhuman</rclame>
      </canjac>
      <bideLinaloaAmellus hackiesGalium="158218" roenengFartsWimpled="yillsAcmatic">
        <douceTurquet>twingedSorbetsSlurped6567</douceTurquet>
      </bideLinaloaAmellus>
    </kotukuDepulseDompt>
    <finagleCupiubaCulbute>
      <unallowJaloppyIdea>upstaffDomine41</unallowJaloppyIdea>
      <senor ferryGetherPreened="frostSerToque">
        <harlsAdriana>jaw</harlsAdriana>
      </senor>
      <baufreyWormish peliomaOutwoe="513729">
        <obitalTicket>caseous</obitalTicket>
      </baufreyWormish>
      <lingers seralIceberg="wysonKilovarTourism6">
        <prasoid>shairds</prasoid>
      </lingers>
      <lokaMylodon sanggilTinware="thanker87">
        <anagoge>aconite</anagoge>
      </lokaMylodon>
      <percur mariStoondMuridae="houmousHaymow622" paulus="redawnLeastNegroid">
        <asexualFoldage>latenUninertAvis</asexualFoldage>
      </percur>
      <brens deavingCyclops="479020">
        <peahen>83457</peahen>
      </brens>
      <mnaHoardedTamest pannagWinareDeck="mimine6650">
        <ridgelHuger>veinal254</ridgelHuger>
      </mnaHoardedTamest>
      <kiddleCuspid feinter="quackGavelerKabukis" malayanIkan="scouryErvil595">
        <rantock>frizzyLepomisAgathin5568</rantock>
      </kiddleCuspid>
      <jurist emplane="errsyn1">
        <yech>coms</yech>
      </jurist>
    </finagleCupiubaCulbute>
    <serenaIchebuFirn>
      <spoonerEnstool>monodyWaggers</spoonerEnstool>
      <pteromaTutti>
        <jesuateAlpistChief>flexingSlime</jesuateAlpistChief>
      </pteromaTutti>
      <deprestUlmoDiting dombeya="7949" tracheaGrecoOdinian="butanes">
        <incudal>collaFecalSemple</incudal>
      </deprestUlmoDiting>
      <famularStabbedFirepot>
        <diceboxGurVady>579</diceboxGurVady>
      </famularStabbedFirepot>
    </serenaIchebuFirn>
    <eyaletWevet>
      <liquidyEnukkiAdorsed>coyolReparkSeif</liquidyEnukkiAdorsed>
      <brokingFediaBemadam picadorSaponul="vox">
        <buncosTheria>alop</buncosTheria>
      </brokingFediaBemadam>
      <ceruse>
        <piqureFelloesGanda>pathicEdifierArmory</piqureFelloesGanda>
      </ceruse>
    </eyaletWevet>
    <furlaneExosmicPealer>
      <gamins>dhobyDhurnasFreckly28</gamins>
      <addrest sciousClayeyReedily="265110573">
        <wailersSpiredVery>jigsawsLegginMustees</wailersSpiredVery>
      </addrest>
      <snuggleRealizeRaising>
        <ronald>promoveWalked</ronald>
      </snuggleRealizeRaising>
      <sabra>
        <doh>couters3071</doh>
      </sabra>
      <dipcoatUngraceHend>
        <collide>bathic</collide>
      </dipcoatUngraceHend>
      <kanat egers="abrotin" cucuyo="knoppiePriusVenger">
        <headed>unfusedDidie</headed>
      </kanat>
      <clouTabidly atekniaSesban="tragiIsseisStamnoi8476">
        <saltCarping>admiralCyanus</saltCarping>
      </clouTabidly>
    </furlaneExosmicPealer>
  </misgrewBentonJagrata>
  <sheenie perky="antisiMetage">
    <josipMatsuriShades aspy="adhortBallat" waveryOcarina="chud">
      <breechPinnaceWhisker>repels</breechPinnaceWhisker>
    </josipMatsuriShades>
    <nidgetyWiry>
      <givingMenschRenters>88626</givingMenschRenters>
      <aviatedMuffsCenser doh="roseolaMilkmenBicrons">
        <coween>analAlopiasMustily</coween>
      </aviatedMuffsCenser>
    </nidgetyWiry>
    <omnesUmbersGoldic teanCords="pillowScalled" portletDryades="smidginBravoHuddles" bouleTunning="382531407">
      <blibeOrariumEthane>dahlias</blibeOrariumEthane>
      <uncles>
        <iodal>bungingSunstayOvernet</iodal>
      </uncles>
      <somehowKoinesTiffing>
        <filaree>30912420</filaree>
      </somehowKoinesTiffing>
      <ayreTchapanTearoom>
        <facadesBeedom>67</facadesBeedom>
      </ayreTchapanTearoom>
    </omnesUmbersGoldic>
    <kraversDwalm>
      <laurRattoon>ostiaryXanthan</laurRattoon>
    </kraversDwalm>
    <acquestGelts>
      <cigCleanlyVinca>6607</cigCleanlyVinca>
      <rappini>
        <silagesNaked>766399103</silagesNaked>
      </rappini>
      <rakuSquawViggle dryadsSpratGoaty="jinxingPlaitedScarrow" freirGufferKiddies="486113">
        <theasumTauridRecoal>397860</theasumTauridRecoal>
      </rakuSquawViggle>
      <ulpanim unkend="dolphinBedye">
        <devonicExiler>painterRampole</devonicExiler>
      </ulpanim>
      <ryeDeceaseVeskit>
        <jurymanHud>elytrin6</jurymanHud>
      </ryeDeceaseVeskit>
      <cheeserUrnlike curbSeedlip="lungyis8032">
        <calic>agynic</calic>
      </cheeserUrnlike>
      <hircus fissileQuedlyUnken="impalsyCpuLabret" tepefy="thokeFadlikeJewdom76">
        <gambe>2731445</gambe>
      </hircus>
      <auturgy gnawedReachesCostata="swiwetRedDiorama" tires="handed">
        <epistSortyDabbled>tiqueur</epistSortyDabbled>
      </auturgy>
    </acquestGelts>
    <halibutEndowedCathars>
      <berm>5649</berm>
      <vastierBerries swung="9" elsin="oxanateIndia">
        <closishTsubaPulk>41154371</closishTsubaPulk>
      </vastierBerries>
      <envayeWingcut tagishJoual="446" hurlockTwirp="ambroidSloopsHominy">
        <plating>vitalsRebate</plating>
      </envayeWingcut>
      <cocains sennets="taun">
        <moduloPupfishGalago>footledEntalTripe</moduloPupfishGalago>
      </cocains>
      <flab>
        <stenosAbacate>61</stenosAbacate>
      </flab>
    </halibutEndowedCathars>
    <llanosRastleOrpine>
      <hottish>35725668</hottish>
      <metersLychnis tryingShorans="blowzyOmalgiaAmydon7" lifefulCecaPlanont="545382">
        <ballupDuncanVapours>lomata</ballupDuncanVapours>
      </metersLychnis>
      <brimingGehey quieter="stewsMinetteRabbles" sildsNatoOrbing="abaveAdjurerArsenal735">
        <auspicyCystPlouter>mokihiBuna</auspicyCystPlouter>
      </brimingGehey>
      <hatersCausate>
        <goffer>992</goffer>
      </hatersCausate>
      <crupperShirvanSavant>
        <vexes>2973</vexes>
      </crupperShirvanSavant>
      <ledidaeGou derning="mumnessCrevice">
        <linalolCapomo>tortrix</linalolCapomo>
      </ledidaeGou>
      <vulturRewend teucriBrustle="84" misterKeyway="mosaicBundlesWarday">
        <avoutry>632</avoutry>
      </vulturRewend>
      <parringLathierLucrece>
        <lockersArboret>congasTarsaleTampans</lockersArboret>
      </parringLathierLucrece>
      <streit>
        <lovage>skelpitPebbly</lovage>
      </streit>
      <ovening mizraim="59868">
        <nabberInoPunctus>katsBoleliaHernant</nabberInoPunctus>
      </ovening>
    </llanosRastleOrpine>
    <napalmGeelbek>
      <dugento>cfh</dugento>
      <lifo isaianRondosLilts="gamble" agnizes="paramidLeban2827">
        <caille>finific51</caille>
      </lifo>
      <crissetTaffleDrusy auras="baboen" obeishJunkmen="9">
        <poodlesTarots>lobbed</poodlesTarots>
      </crissetTaffleDrusy>
      <inbentAmorphi>
        <ughs>cyanite</ughs>
      </inbentAmorphi>
      <kilp wherveStupa="fetchScuz9">
        <ouija>65128141</ouija>
      </kilp>
      <hutlikeTorquer dopasAugends="35">
        <planontYouths>wurlyPechsEntrez</planontYouths>
      </hutlikeTorquer>
      <carinasCastralDouter dekkoTriolsStrumas="268559">
        <erysibeUnguealChappal>coralsKupharWhiteys859</erysibeUnguealChappal>
      </carinasCastralDouter>
      <gobioidSwabbieBarbu wachaga="3929388">
        <gestate>stirpesBucolicMutisms</gestate>
      </gobioidSwabbieBarbu>
    </napalmGeelbek>
  </sheenie>
</fapesmoTostadoUnwheel>