<?xml version="1.0"?>
<lubes>
  <thunarOwnhoodJim birianiBulgariDoyly="assert" alwitePanaceaFusion="nebuleAsseWanghee1338" consulsUnleanPubian="moppingHadean16" hypuralPlumpyGibed="leptite">
    <maslinTextile>
      <plimmedFactorsLechosa>cueball</plimmedFactorsLechosa>
    </maslinTextile>
    <acyKaliumsTridii onlepyDeforse="nowthePegtops772">
      <eyebathClonosMermen>186642252</eyebathClonosMermen>
      <trehala>
        <sesuto>limbersInhame</sesuto>
      </trehala>
      <thiamidBoreleKekuna>
        <dilliskResinol>47</dilliskResinol>
      </thiamidBoreleKekuna>
      <enripenOneness>
        <somiteHutuktuOrby>427731075</somiteHutuktuOrby>
      </enripenOneness>
      <eure urbanaBottsGazeful="brunchTaipans20" blintz="418">
        <emulsicNoah>humanlyEmblemaLyttas</emulsicNoah>
      </eure>
      <scrappy unlawedNoriaWaler="assethSeary" assocOnusesPaw="pangeneGorgioPlayboy">
        <amidateDrizzle>nocksVairyTwoness</amidateDrizzle>
      </scrappy>
    </acyKaliumsTridii>
    <vicUnhorse>
      <fetedEncyclDispute>trullan</fetedEncyclDispute>
    </vicUnhorse>
    <cartesPreveto caramba="iminesHeydeyLavers" lucumoWalter="sparestPricing1" gobioidKickedHein="chirperCalmy">
      <lobar>735</lobar>
    </cartesPreveto>
    <tribunaCoyureOtides>
      <aeolian>lieneeMogsSancho7629</aeolian>
    </tribunaCoyureOtides>
    <magnetWabble>
      <prnStartor>hooAncylusBeaners</prnStartor>
    </magnetWabble>
    <prussia danaanAnilicCrapes="cirsoidSazenAlloquy" goaleeBassly="claroesGouts" jocuma="duplyBeancod">
      <skiddooUnheedyOpes>drunken</skiddooUnheedyOpes>
    </prussia>
    <tunningForstLogbook>
      <alkylicAmos>labsWisher5</alkylicAmos>
      <grandly rimatePoppean="niasese">
        <cathionSwaggie>enaminePubisClast</cathionSwaggie>
      </grandly>
      <hushaby enthuseCherguiHashery="52259">
        <dardanAdelina>gruftBobbyNidge</dardanAdelina>
      </hushaby>
      <drowsyDuelingChorook scutterReekier="yarerSlockerChivy">
        <wardersChirr>poopChiding</wardersChirr>
      </drowsyDuelingChorook>
      <hangups fidiaMiscast="fagoted">
        <enjambDamara>318</enjambDamara>
      </hangups>
      <ummps chinwag="pietoseVenaeOdored">
        <waddiesBlissGaliot>teninoEjector</waddiesBlissGaliot>
      </ummps>
    </tunningForstLogbook>
  </thunarOwnhoodJim>
</lubes>