<?xml version="1.0"?>
<gepeooMaggingVets>
  <clomben />
  <taresBesiegeBelace />
  <babloh chedersThallicRabic="redeifyAas" achieveYangtze="ouphish" />
  <talentsAdonis nervy="45969" />
  <alodiaSnarl compone="1">
    <pinkily>
      <bilkisCloughsDuodene>191117</bilkisCloughsDuodene>
      <lugged tinfulYoni="4746" stagGavelsRemise="mobbingDemistXystus">
        <stannyl>fedariePresign</stannyl>
      </lugged>
      <scoldedGironsWhirrs zonedOkoumeMacadam="colloidAtaxicPilin322" abidersMatsuPalour="2664398">
        <foller>queens</foller>
      </scoldedGironsWhirrs>
      <murdrum>
        <regencyGameyImpalsy>givingSkirrehTrioxid</regencyGameyImpalsy>
      </murdrum>
      <aroastFitrootUnaway boller="defilesLaminaFaecula81" seragliTensiveUrao="hankerKaaba">
        <duperySautoirTailfan>oatyUnflakyKhitan</duperySautoirTailfan>
      </aroastFitrootUnaway>
    </pinkily>
    <feudAnaboMangyan>
      <dagassaKeeledGambeer>styldiaChinois</dagassaKeeledGambeer>
      <kicksPtyalin disrobe="wyneImpavidSimule" botonnJyngineGrounds="gopuraPinfishRecency981">
        <mangal>savssatNudnik</mangal>
      </kicksPtyalin>
    </feudAnaboMangyan>
    <furoreBalmMaars imbaseTombing="762">
      <unglibHying>17585</unglibHying>
      <yogurtsMaliceTyred dormerBathmanVanda="cleated" bemourn="bandage7">
        <catsos>skiwear509</catsos>
      </yogurtsMaliceTyred>
      <mutWishly>
        <gienahSexuale>applotSlumpyMinyas</gienahSexuale>
      </mutWishly>
      <mensKeno bengalAspy="trickedMinerRussine">
        <wyrockGliosaArrode>finest</wyrockGliosaArrode>
      </mensKeno>
    </furoreBalmMaars>
    <ocelliUnhull>
      <faunch>outplot</faunch>
      <clockAthrillPus sever="plerome">
        <duce>bdrm</duce>
      </clockAthrillPus>
      <hybla>
        <ephahsNaming>cabret</ephahsNaming>
      </hybla>
      <earholeMyrica beleafQuaukCloots="tucktooDespairMouille" thanSeguedHipbone="714690392">
        <drizzlyCuraticWafers>753138</drizzlyCuraticWafers>
      </earholeMyrica>
      <drublyLoosenPippin>
        <resiftRubifySeemer>tiderip</resiftRubifySeemer>
      </drublyLoosenPippin>
      <bottledWhispTurcism>
        <gumlahIntube>abstainDevelsSwiz</gumlahIntube>
      </bottledWhispTurcism>
      <setwiseAeraria pricklyMatilda="4">
        <ferrumWavablyRanatra>creakedBombedDefray</ferrumWavablyRanatra>
      </setwiseAeraria>
      <diduceEmotesDoghole eikons="loessic37" meristScian="26279343">
        <aureiWatteau>boterol</aureiWatteau>
      </diduceEmotesDoghole>
    </ocelliUnhull>
    <bilkedFlangesShinkin>
      <humHush>upsteps</humHush>
      <primageTwinyBesra bawdricIbidiumKoodoos="indicArrachCupolar">
        <mellonKabakas>doxyInpour</mellonKabakas>
      </primageTwinyBesra>
      <eutopiaReoils boarishAbseilsRadiate="colobinCatnaps1" cimaBamboo="58">
        <hydrionFastSinopie>281550</hydrionFastSinopie>
      </eutopiaReoils>
      <trainel fouls="apassAlexisCamwood5">
        <remue>dowdyGlumose</remue>
      </trainel>
      <thung>
        <glazers>letitia</glazers>
      </thung>
      <cricke ladler="burst" belays="fizzingPercheVeteran">
        <cresol>bestedEmend</cresol>
      </cricke>
      <fewerCurchLicheny nowhen="gurScrimps">
        <exmoorEucleid>chomps</exmoorEucleid>
      </fewerCurchLicheny>
      <estafa>
        <sanchoDewitt>1</sanchoDewitt>
      </estafa>
      <gyreneBlatted medakaMagiric="venderMovie" bedsAnisate="jogglesRidably">
        <saint>daynet</saint>
      </gyreneBlatted>
      <gourdyOzonousWarless>
        <ajugaSalpaeOpiatic>wambled</ajugaSalpaeOpiatic>
      </gourdyOzonousWarless>
    </bilkedFlangesShinkin>
    <patteeSetsSeeding>
      <manglesSeizer>wideFuselRigole8</manglesSeizer>
    </patteeSetsSeeding>
    <inta droppySturoch="feselsZeburro" stooreyBiotomeBirths="bahisti">
      <readmitDeignWaired>artistDonnot</readmitDeignWaired>
      <presealOmelieBonus>
        <kori>swalingAfield</kori>
      </presealOmelieBonus>
      <busting goldeyeSpokyNordic="3">
        <kipage>diodia</kipage>
      </busting>
      <stifeMiddestFlats booleys="becrawlPeytralVac">
        <gushyValerylUnfold>sulfaWarringFibbing</gushyValerylUnfold>
      </stifeMiddestFlats>
      <fakeryCotrineRottock cyclene="fauldPawnLucre">
        <actg>137</actg>
      </fakeryCotrineRottock>
      <stupefy>
        <purlsNumbed>komeMeatier</purlsNumbed>
      </stupefy>
    </inta>
    <moatImbroin>
      <cryable>purpler</cryable>
    </moatImbroin>
  </alodiaSnarl>
  <taxablyMilieus purgersDeciusDiarize="unifaceOperand685" sushiPeers="44386" bosherHaledayWath="bootery" />
</gepeooMaggingVets>