<?xml version="1.0"?>
<tickenKor>
  <ortiveUnwild>
    <chacunRicketCarpool libardUpknit="2811746">
      <swingedKittly>bewall</swingedKittly>
      <borschtPinlock dukaCoralla="kalifsYang">
        <lampadSalmons>postwar</lampadSalmons>
      </borschtPinlock>
      <inflect paulusGordianAlohas="shankerJuliettAngoise61" tpkMahoeWinnel="tartrylSedersKiowan">
        <lipidic>taxiesMusilyWaived</lipidic>
      </inflect>
      <panditsTerebraPineal canari="lastingGumly36">
        <sprucedSorts>paramo</sprucedSorts>
      </panditsTerebraPineal>
    </chacunRicketCarpool>
    <gibaroPecuniaDeis benson="adrianLayship">
      <spiffRotche>woos</spiffRotche>
      <taniaFibre satienoEraserCobnut="752" trankaWaniganLxx="ecphoryLamany">
        <geodic>upwaysWlokaBeatuti</geodic>
      </taniaFibre>
      <haybote calando="bksLousierChoses" elksCeltishCaliga="dicolic8279">
        <firmanVioland>667</firmanVioland>
      </haybote>
      <unmix murrinaFits="hoptreeSahoShrubs" violetsLhiambaGrat="770140">
        <sundownSunnudTurmet>46588097</sundownSunnudTurmet>
      </unmix>
      <prudyNobs>
        <deducerAcamar>flic</deducerAcamar>
      </prudyNobs>
      <adsTantony percussDivulse="debitorGoodbyeBerith">
        <codeiaGrill>clopsTalkier</codeiaGrill>
      </adsTantony>
      <ekesRotunda hidesFrogs="wannessPinfire" nenesWapp="73325">
        <emys>roaderArcCantor</emys>
      </ekesRotunda>
    </gibaroPecuniaDeis>
    <phenate>
      <ixionDryfootBluffs>avoidsRybat41</ixionDryfootBluffs>
      <acharyaCarbeneTurrion lyctusRudyHokerly="3597">
        <skidded>evovae</skidded>
      </acharyaCarbeneTurrion>
      <outkingPlush yankee="hurdlerSeedman" opalsAtameSalmary="113649531">
        <uvidBurly>1059753</uvidBurly>
      </outkingPlush>
      <lenvoyUprearLibated dovish="holksVaagmer" moidore="strow">
        <cestuiCebatha>woolies9</cestuiCebatha>
      </lenvoyUprearLibated>
      <phossyBozze valerieFlyleafPrep="crotons">
        <sememe>mutuleAvoutry</sememe>
      </phossyBozze>
      <maclibGunzJudoka oxalato="setaridCeteraVeneris">
        <jonThruv>336799508</jonThruv>
      </maclibGunzJudoka>
    </phenate>
    <alegars scurvyBlotch="scanmag" otalgicGadaeaJeweler="sasaniAvowGuesser" bowessMagadhiPadauk="7745">
      <wharrowMandoerFathead>swidgeCamelYear</wharrowMandoerFathead>
      <tercerBlabs amantThymolsGhoster="newingsInspan26" poulterWaistedLines="hoggler518">
        <fadedFader>jibberSlavist</fadedFader>
      </tercerBlabs>
      <lwpFated>
        <nonrunGemara>feaseMercifyZeolite</nonrunGemara>
      </lwpFated>
      <klephtsPisachiBanig tikurRetundPiquero="too">
        <stars>culversMelange</stars>
      </klephtsPisachiBanig>
      <riyals>
        <reburn>analyst</reburn>
      </riyals>
      <cowshedWoohooBeancod rubyingMagicalTriable="uranideUnchicDozent" bodiedWartern="56">
        <abraxasSamshooInbred>talionCnicusItalite</abraxasSamshooInbred>
      </cowshedWoohooBeancod>
      <cootchFipples evenerCaver="calmato">
        <qindarsTribune>acloud</qindarsTribune>
      </cootchFipples>
      <jailishWrapt majestyTruffe="tumuliMoraineScramb" infest="6559639">
        <wispsGateau>escobaOutring37</wispsGateau>
      </jailishWrapt>
      <messman>
        <calchas>riskfulOstiumAngliae</calchas>
      </messman>
    </alegars>
    <serinus>
      <gutterySeughMexical>whumps</gutterySeughMexical>
    </serinus>
    <gomaHeather>
      <juponsPilosinSigher>thiaminWaxlikeLoads</juponsPilosinSigher>
    </gomaHeather>
    <friday>
      <leadageUpwheelYet>59</leadageUpwheelYet>
    </friday>
    <oregoniDanaite>
      <wusser>thingumSwagsThuja</wusser>
      <viasma>
        <obrazilResacaTunner>unsnaky</obrazilResacaTunner>
      </viasma>
      <ulsters flumesExuvium="2">
        <raashScopsKauries>745</raashScopsKauries>
      </ulsters>
      <chumpy>
        <freshen>gymelTrowsArgyll</freshen>
      </chumpy>
    </oregoniDanaite>
    <canonicFrugBoer>
      <kerel>preteen</kerel>
      <chide>
        <sarcleAgenize>49481</sarcleAgenize>
      </chide>
      <bivocalSuppos refelsVilSizzing="kenya">
        <davachSpades>murkest6</davachSpades>
      </bivocalSuppos>
      <goburraStampeeBardo>
        <barbsUnnewly>chiton</barbsUnnewly>
      </goburraStampeeBardo>
      <teheranBeezerCoscet flutistSears="catered">
        <unslip>lavashBasosJargon</unslip>
      </teheranBeezerCoscet>
    </canonicFrugBoer>
    <palms dullCreeksJampani="amigoWalrus" taccaAlvelosNonegos="coleenOftestShirrs" standsRaspier="7271858">
      <vellumsFirkins>beadingMarplot</vellumsFirkins>
      <pennied>
        <chintzTsatlee>32</chintzTsatlee>
      </pennied>
      <silliesSmellerWarrant lobosaChayotaWhizzer="albin" foutyOctyl="toxoidBarconeCaseic53">
        <meccas>478823903</meccas>
      </silliesSmellerWarrant>
      <scopsDimetryTou buddageFuroidTrophis="biancoQuakeryTryste2" glutteiLatests="tarsaleDepsid">
        <keblahsFurrily>bumkinsMouchDefiled</keblahsFurrily>
      </scopsDimetryTou>
      <flutistAdulate>
        <lotionsAforePilori>glidersListredSoldo</lotionsAforePilori>
      </flutistAdulate>
      <afenil>
        <alenuSageneDusk>actuateHabitanKarn</alenuSageneDusk>
      </afenil>
      <cabs proodeRibozo="okays" myologyVultureShtg="dertra">
        <tensorScythedUndrape>tuftyZizzPuchera</tensorScythedUndrape>
      </cabs>
      <harrietMisbrew soulzSlate="aleuticHameil699" toured="nonny">
        <lophiidHastishWahoos>whilingLiasonJimpest7</lophiidHastishWahoos>
      </harrietMisbrew>
      <brenda prewireDaylongCahita="snagrel" rustier="795006612">
        <crappinCassia>attaskFlookBarrio</crappinCassia>
      </brenda>
      <xoanonaPloysDinero>
        <warthogSuldGenie>cert</warthogSuldGenie>
      </xoanonaPloysDinero>
    </palms>
    <replateMyosesViande>
      <boroniaIceni>4</boroniaIceni>
      <bedsideDakir>
        <oveningAddles>590261</oveningAddles>
      </bedsideDakir>
      <skagsLuxus nilgai="50704971" caribesTaberedVersify="knopperTrippet">
        <workpanCornu>7</workpanCornu>
      </skagsLuxus>
      <carvel pasiJewelerFlatmen="amongNimmed">
        <gesan>murrain6763</gesan>
      </carvel>
      <eluxateFagoted>
        <terpanePunts>infixes</terpanePunts>
      </eluxateFagoted>
      <ridenCorbelAraua ungiddyTails="coutetGoshen">
        <thymolsGigeria>reindexGerate</thymolsGigeria>
      </ridenCorbelAraua>
      <kiangsGael enjelly="slotterBelonid" gulling="atomics">
        <colombBefop>oxbowLeporid</colombBefop>
      </kiangsGael>
      <soodleSpurletSliving>
        <puntsManbria>2987</puntsManbria>
      </soodleSpurletSliving>
      <endaze>
        <mortisChador>trinkumUridineKetoses</mortisChador>
      </endaze>
    </replateMyosesViande>
    <kissar filled="vowel">
      <suablyHellos>guilfat</suablyHellos>
      <actonSowcarTable>
        <tunhoof>todusPlacets372</tunhoof>
      </actonSowcarTable>
      <jot capraFrib="331605" outlashCrumen="bonnive">
        <quillyDuala>syphonScabrid</quillyDuala>
      </jot>
      <alruna aimless="sussy">
        <tattaSiwash>shinsWorstHapten</tattaSiwash>
      </alruna>
      <cubiclyOffs roanToup="515247" vaudouxReelersMarkis="213988">
        <simba>fandomsStymiedPhials</simba>
      </cubiclyOffs>
      <hemippeSacate>
        <nanigo>91</nanigo>
      </hemippeSacate>
      <calcium toqueAcylaseWhither="cathyOppone64" respite="64096">
        <zinzarAumilResays>chudderTuttyGenic</zinzarAumilResays>
      </calcium>
      <tumpsBiscuitRaces>
        <bundaFarleu>tawnilyAnearsGleets</bundaFarleu>
      </tumpsBiscuitRaces>
    </kissar>
    <bosonLingasUnmeant>
      <holydayPendens>upboltLleuKed</holydayPendens>
    </bosonLingasUnmeant>
    <doyleyEngraftFouler maragedServed="miasmaLaylock" alkydGemming="tapperCivilerScallop">
      <hawkyCubing>ecstasyMimmoodPawer</hawkyCubing>
    </doyleyEngraftFouler>
  </ortiveUnwild>
  <vaulty sinkedLignify="6" centimePape="marshy" yogiMinoizeMedico="9937" />
  <antapexQuixoteRashly tweedyCattailConcurs="damnifySavaged" gully="bignouWynn" kamansi="mucorsCoble4397" dopyKraal="seismol" />
  <shantihUnplumeHippa chare="accingePaxilla" embusy="clonedPrudeDister8364" lysCouldn="sacopeNebiimCaret">
    <buddle>
      <brewisCava>patible</brewisCava>
      <fabling>
        <gormandGoosier>guanize</gormandGoosier>
      </fabling>
      <toadeat>
        <excurseXmasYukkel>esrogsEmigreeOboles9</excurseXmasYukkel>
      </toadeat>
    </buddle>
  </shantihUnplumeHippa>
  <lawks />
  <actiumOrians tacoma="605521" tsonecaUnprim="solderKapasMaros" />
  <bally satdIdesiaBirl="emptioPlexalKyurin" razziaWeenieEggroll="weave708" hoopoe="jorramChevon" techierRotten="16933" />
</tickenKor>