<?xml version="1.0"?>
<elains>
  <aramidsCaudaeEnvaye conductAnobing="detatLochFarouk7" hounded="32657066" pyruvicKilljoy="hyrstPremitFittest" canela="hoorayCuraghsFootler57" />
  <avengedObjurePrill />
  <rattail senam="heughsCrimea" mousmeeVoragoLounges="columboCampong" />
  <loselryBiter />
  <hairy ullaSuccose="shivesBurgWeaning" thwaitRearm="943067" />
  <hobbedBowknot sexipedUnismHuly="whetileYameoDikkop" purlingCunas="spectryBoldineLeany4448" abactor="iridBlare" wortsAhoy="pinnalSkoptsy">
    <bowpotIterateSalon>
      <boccesFraghanHyloid>marageAscon</boccesFraghanHyloid>
    </bowpotIterateSalon>
    <tubikRandell>
      <rehangsEgipto>4</rehangsEgipto>
      <roaster>
        <taler>637</taler>
      </roaster>
      <espyAloysiaFunje uphoveYakmanOhioan="groten" unhazed="43">
        <muttonyCheckySpecify>unionicAkinete</muttonyCheckySpecify>
      </espyAloysiaFunje>
      <bionicsGuloPelvics soggilySheogueIguana="cattabu9930" hawedLunet="larchen">
        <lichensPeppery>knobs</lichensPeppery>
      </bionicsGuloPelvics>
      <besnow spouts="asocialUptube" hange="beadeye700">
        <cista>busticOutcase852</cista>
      </besnow>
      <endoral cookedBluffy="8724925" jowsFlogKapeika="pompomPalmsAwes">
        <jasy>396797</jasy>
      </endoral>
      <benemeBackupsBudder>
        <dronaSufferBauno>upyard</dronaSufferBauno>
      </benemeBackupsBudder>
      <forgat grecoueStent="faked">
        <payoffsZoosFilao>psalmDingily</payoffsZoosFilao>
      </forgat>
    </tubikRandell>
    <rldCorinObtrect amicBarvellKabayas="mistedRhoditePorkers">
      <tangierUptideKina>799</tangierUptideKina>
    </rldCorinObtrect>
    <sowteGambitPsychol mityLilesViolal="obeli">
      <sweats>4372823</sweats>
    </sowteGambitPsychol>
    <parsersCalifsBlaw norkConventSoleus="aggrateSuffix" gloatCreeded="salvoes">
      <derangeAkovTercet>myosoteYuzlukOctopus</derangeAkovTercet>
    </parsersCalifsBlaw>
    <unclay mousierShahin="pumped290" byeeBonnock="stinty" ornesLophiid="marron">
      <tamaraGurgeonNeocyte>crossMajesta</tamaraGurgeonNeocyte>
      <costaeCheapoSoakman coagulaSuttasTaisho="passuMedium" sulea="tibiaSnastWafty">
        <tea>74615075</tea>
      </costaeCheapoSoakman>
      <zuisinLurk>
        <sizingsAnepia>902816047</sizingsAnepia>
      </zuisinLurk>
      <slimmedBellite vespineGagee="caum58">
        <bodily>loungerSliveBred</bodily>
      </slimmedBellite>
      <eyr benefitAlulimBoil="suclatSeasons">
        <merkMudweedYacking>ripoffClosishBegirt19</merkMudweedYacking>
      </eyr>
      <quashyArghan>
        <latchedCrimpleSeamer>cowpatsMyosis</latchedCrimpleSeamer>
      </quashyArghan>
      <holaKyung bahanDuchy="9102541" pigherd="admiralExodusCarbo">
        <deluxeGamboge>loyallyTint</deluxeGamboge>
      </holaKyung>
    </unclay>
    <abangaKnopite>
      <feltyFairyNicotin>bufo</feltyFairyNicotin>
    </abangaKnopite>
    <cannonsLungiWelder>
      <fancilyDicesSink>frypanPennameGuato</fancilyDicesSink>
    </cannonsLungiWelder>
    <terrine voodooAptsNaives="foozlerTimid" meliolaPat="sampansBakerlyUnpick" transomSeines="copoutsUnbless">
      <owlhead>lewtySorners</owlhead>
      <runrigCsmpAljamia>
        <desmansHaulmy>sortie9</desmansHaulmy>
      </runrigCsmpAljamia>
      <rummyShier bringal="semeFeveret5701">
        <jailors>carreau</jailors>
      </rummyShier>
    </terrine>
    <porchesLamp tattily="prill" tendry="abrus" linumsEnmew="peruse">
      <kneeled>youthGappy</kneeled>
      <rubatos>
        <tanning>lactoidFlaskerCove9149</tanning>
      </rubatos>
      <smutchyStood>
        <ruvid>dorsalGrowly</ruvid>
      </smutchyStood>
      <skierCequi tezkereVulpesSawlog="spikedLanificDafter" stair="cymenes">
        <anteactGarten>drantDecidedAntiman</anteactGarten>
      </skierCequi>
      <tangyEbons>
        <ufosGeeing>376736</ufosGeeing>
      </tangyEbons>
      <easier>
        <tissual>bube</tissual>
      </easier>
    </porchesLamp>
    <khalsahSindryTilsit envireCoalers="avidya">
      <debParkyCukes>acetars</debParkyCukes>
      <rooedCurbing wirierEctypeTourbe="texasAmminoCharnu" crozerGilpy="positedOgrisms250">
        <begsBornylBrughs>brahm</begsBornylBrughs>
      </rooedCurbing>
      <sipers>
        <innerCodettaTuckets>6586848</innerCodettaTuckets>
      </sipers>
      <lumbangOctavicAus retemsElixirSial="smitter" deplore="proseWawBrimmer846">
        <saddensZitternRuddock>outwayMalagaSynura127</saddensZitternRuddock>
      </lumbangOctavicAus>
      <ranomerOvenSeqed reemishPrepave="whatmanAggadicPinas57">
        <londresChisledDuroy>comaker</londresChisledDuroy>
      </ranomerOvenSeqed>
      <obolusAbsentsNisi baga="bumbass20" gripper="urdeCapichaLowdown">
        <bedellDodderyDamner>couloirBailers5643</bedellDodderyDamner>
      </obolusAbsentsNisi>
      <ithielRegimes pitiesWahehe="slopersDasyus">
        <glisterDaypeepPostage>patellaOppleteDottels</glisterDaypeepPostage>
      </ithielRegimes>
      <moariaWoveAirbags shellSpet="81" atomityDhobiesBesonio="wherves">
        <baizasSambursSawmon>villarSubareaPiggish895</baizasSambursSawmon>
      </moariaWoveAirbags>
    </khalsahSindryTilsit>
    <licham>
      <daemon>sicerMourned</daemon>
    </licham>
    <labis>
      <ounces>boreadThiefly</ounces>
      <lintol sunniah="agibLeu">
        <saffior>fordingThrouchPyuria</saffior>
      </lintol>
      <saccadeErns geasterGrough="1198" wakasGridderRutin="98032547">
        <nervismLipa>vajra</nervismLipa>
      </saccadeErns>
      <saucer birring="milhaGordiusGaufre">
        <svelt>1</svelt>
      </saucer>
    </labis>
  </hobbedBowknot>
  <upshoveLoamily absoilTarpon="2991849" cahot="90461752" courida="azurite" />
</elains>