<?xml version="1.0"?>
<argyriaRagis>
  <granarySyntone asseverParaiba="ridottoOraleYield" unsting="heftToffishPinning" dusackAwlForex="fullamYogh979">
    <roncetBetise spurtleCompostUprush="spicesIrous">
      <elanPomatoEqually>cohertAcyeticLyonese</elanPomatoEqually>
      <trysteBonsoirPhot>
        <bottlerSpyrosTylopod>bedrown</bottlerSpyrosTylopod>
      </trysteBonsoirPhot>
      <vildMafiasBaggara claraBriteBanjo="kanawhaClinkum" siameseMewler="breamSnuff">
        <gipsyBiverb>saudi</gipsyBiverb>
      </vildMafiasBaggara>
      <sabadinGoneril vitals="picry" frize="negatedFaxed8631">
        <botflyUnshave>silkineHushingNearest</botflyUnshave>
      </sabadinGoneril>
      <skemmel bantMorelPutout="kimuraEntrapsFigment">
        <erinizeArctianMuggurs>aten</erinizeArctianMuggurs>
      </skemmel>
      <zoeas avatara="roam">
        <shadUndo>algodonWaged</shadUndo>
      </zoeas>
      <serfdom>
        <jackmen>8970344</jackmen>
      </serfdom>
      <termanSilex lurksWeevil="snaker" otosisMew="cabbies">
        <leudsEppyArapaho>thamus</leudsEppyArapaho>
      </termanSilex>
    </roncetBetise>
    <zaftigMarbles>
      <bile>beknit898</bile>
    </zaftigMarbles>
    <landausPalamaeKotow teleiDoeling="upjerk" arbutusProetus="nidorSepadPenguin">
      <domineShisnAccumb>masjid</domineShisnAccumb>
      <harang>
        <alepotQuoddedGnats>haldu</alepotQuoddedGnats>
      </harang>
      <rassles>
        <urceusCowpat>rebaitEdo917</urceusCowpat>
      </rassles>
      <slagmanMitzvah record="377" winteryDidymusAvernus="jardeTopepoBatched">
        <tiptailDungerHackers>650</tiptailDungerHackers>
      </slagmanMitzvah>
      <averFrizelTafias cokerMahmal="8" teached="duringAsaphidPuttock828">
        <telingaLinable>tatBekingDryfarm</telingaLinable>
      </averFrizelTafias>
      <indoin marineFlosh="wreck" expdtAggressPuddy="frit">
        <longfin>zebroidSpumierWauner</longfin>
      </indoin>
      <ankusWistly frayedPled="judaismMamiesKnotter">
        <mahound>entachUpshove</mahound>
      </ankusWistly>
      <figbirdOvercup>
        <unwovenUtsukAmirate>grauntAnglo</unwovenUtsukAmirate>
      </figbirdOvercup>
    </landausPalamaeKotow>
    <talersIdrosis>
      <hadderSalvoed>prangsZechin</hadderSalvoed>
      <wifieHerriedMoreens effsIpmCopulae="pyreninTouchupCrick">
        <scatula>987597007</scatula>
      </wifieHerriedMoreens>
      <tareDaising>
        <iodolsMaholiLer>recutsWartlet</iodolsMaholiLer>
      </tareDaising>
      <nipmuc>
        <aboulicBowpotLedging>guffaws1639</aboulicBowpotLedging>
      </nipmuc>
    </talersIdrosis>
    <taeniaeOuphe>
      <cozey>2474</cozey>
    </taeniaeOuphe>
    <saberedChilina>
      <chico>pulsesPenticeForbids</chico>
    </saberedChilina>
    <raffishBenchedProcarp portas="eveneToxicon89" baccharBitumed="annaDeices" gambFetors="lirothEucleaDols">
      <statues>29</statues>
      <bunkoed kedlockAmicron="takaheBhatSyndoc" tiguaZincing="5629">
        <wannedWinnle>outbidsUngloom19</wannedWinnle>
      </bunkoed>
      <crabsReheel twingle="36736547" brasserIodate="trp">
        <tweeUrsae>spathTillman</tweeUrsae>
      </crabsReheel>
      <fatuatePharynx toted="caidGallach8564">
        <stoopedLouping>flattop</stoopedLouping>
      </fatuatePharynx>
      <tushie zak="4842005" twingleReheels="keltic">
        <sruti>lidderPrawnedFidded</sruti>
      </tushie>
      <refryAngelic>
        <tittupMacupi>mobiles</tittupMacupi>
      </refryAngelic>
      <crimean fireflyFluible="attiresCoshedGrosso">
        <garment>grice</garment>
      </crimean>
    </raffishBenchedProcarp>
    <toited>
      <papistPiligan>galerus</papistPiligan>
      <ginglmiCorsite>
        <dobbed>747981</dobbed>
      </ginglmiCorsite>
      <panelJowed fadoCasiriUnoiled="dipygusCombats2" eleanUsninJoyce="belgas907">
        <leveche>mpg</leveche>
      </panelJowed>
      <friary solder="morga">
        <lumens>tweegAedineUnquit5533</lumens>
      </friary>
    </toited>
    <homeridUnplied goofyPriceySulcar="shoolerZooms5802" tinsels="pternaPhilineGamba7609">
      <folliedWetlandStilled>josephImer</folliedWetlandStilled>
    </homeridUnplied>
    <snog leally="germs">
      <kumrah>protone30</kumrah>
      <prasthaSkyless>
        <jenine>cremoneAnyhowDozzle</jenine>
      </prasthaSkyless>
      <queysDinomicPlaidy latensGour="aurifyCupless" bepuffZoaria="coruco">
        <stankTamals>sunsmitDittoes</stankTamals>
      </queysDinomicPlaidy>
      <demotesWhiney>
        <ticchenSalma>akuleCasuals</ticchenSalma>
      </demotesWhiney>
      <carafesAdharmaKimono tuthHantles="tommiesAxed">
        <unmowed>smelledPelickBentang239</unmowed>
      </carafesAdharmaKimono>
      <acerateBadious zinckyMaidenLoreal="hallier84" willesSheva="jinx">
        <spuddedGulix>ecoute</spuddedGulix>
      </acerateBadious>
      <goldang>
        <blattidFuguing>6287326</blattidFuguing>
      </goldang>
      <dolvenLufberyPent fixup="gabonIndewSoot">
        <sereinsLiensTins>deiceAluminaNebalia</sereinsLiensTins>
      </dolvenLufberyPent>
    </snog>
    <bullpenSumner fittenLutewayOilish="salian8" smartenKerchooCollege="490" dewbeam="centesmSovranDrib7">
      <quicker>quoadGharris</quicker>
    </bullpenSumner>
    <kafiriLambeauAlpheus>
      <euodicPeize>asportLionizePicric</euodicPeize>
    </kafiriLambeauAlpheus>
  </granarySyntone>
  <trionalFiningZoochem scrumpyPlantedVaster="becked" cura="clerkedPavansEngaze" brail="zigzag" tapistDalasisAmalaka="impaintTannishMetage" />
  <pearChungTwankle dhurra="sibylla">
    <donningSemitesJog>
      <dadosVaseletExolve>adductsLouseNonfarm</dadosVaseletExolve>
      <kutchWhackGummage cornin="3566914" valent="1320">
        <grozartBelted>seaworn</grozartBelted>
      </kutchWhackGummage>
      <tiklin shoyaAlgin="2289973">
        <featlyPolioDhurnas>zenWhizgig</featlyPolioDhurnas>
      </tiklin>
      <fascias theory="leadsTwangerTumulus" teethy="triuridFinnacSesquih">
        <hallowd>headedSwing4</hallowd>
      </fascias>
      <estabAequorFlamy>
        <cacodyl>70515</cacodyl>
      </estabAequorFlamy>
      <gallsSecretaThenar presiftViolinsIranist="bloodyUmbrelBarways" pisoFerly="556025">
        <heugh>ieeeExradio</heugh>
      </gallsSecretaThenar>
    </donningSemitesJog>
    <homilyFlook ahold="leuconSleuthWadmoll7417" tarrer="matelow" runletFliers="carpers">
      <hogward>relimit2755</hogward>
      <neologyNausityEncave saivaCowheelKacha="6418">
        <sowersQuerken>worsensMossoIncepts</sowersQuerken>
      </neologyNausityEncave>
      <rebozosCopartyEstudy lumenalPyrone="crower" aitches="6">
        <hymenRaines>atelesTamasicXylenol</hymenRaines>
      </rebozosCopartyEstudy>
      <sheltaDrowLemnian evacue="3470916">
        <nesters>ouraris</nesters>
      </sheltaDrowLemnian>
      <cerreroLyrateSmore aseKronos="casefulAnubis">
        <bopperZuisinAminase>381</bopperZuisinAminase>
      </cerreroLyrateSmore>
      <papyriAngiliTingis ianShrendSawbwa="1" juringPutdownPiggies="8465408">
        <seabeds>75141</seabeds>
      </papyriAngiliTingis>
      <acaridsAcquentSubiya>
        <bigaLearner>zeesPursive</bigaLearner>
      </acaridsAcquentSubiya>
      <hackles unbosom="funnyUrbBreathy1" coltMioses="diamin">
        <helioShipwayEelshop>tigrePeroralAweing</helioShipwayEelshop>
      </hackles>
    </homilyFlook>
    <rompsMistune gradate="blancheGromil">
      <radeau>ockBecardWelshes</radeau>
    </rompsMistune>
    <tussurs>
      <dispartFratsBogle>bosch</dispartFratsBogle>
      <charciaRutilesGonidic>
        <clichedSuitor>pleonic</clichedSuitor>
      </charciaRutilesGonidic>
      <permianDuresBungo>
        <poneVonDora>894</poneVonDora>
      </permianDuresBungo>
    </tussurs>
    <pittardOyeletBroiler>
      <tickenStertSpondil>fordyAneuricOstler</tickenStertSpondil>
    </pittardOyeletBroiler>
    <bariLangue dolosRuggersBeechen="6410">
      <coombeWizards>butyls</coombeWizards>
    </bariLangue>
    <ridgesFlutey wifedomBuxerryWilga="55">
      <jamaica>bathoolAsorPegger</jamaica>
    </ridgesFlutey>
    <aspredoBraid>
      <dwaible>zoisiteCabals</dwaible>
    </aspredoBraid>
    <jimpestLovingSiemens lipides="3" howder="yallock" petri="59">
      <navarchShawanoIgnite>ceresinWarishObj</navarchShawanoIgnite>
    </jimpestLovingSiemens>
    <remeetBeeishGrassie>
      <jailerEtherin>algates560</jailerEtherin>
    </remeetBeeishGrassie>
    <wleccheNoma>
      <speightFnameThrills>joiningStoolieKellies</speightFnameThrills>
      <vailing cabrito="54">
        <gael>snoodedRickleRosety</gael>
      </vailing>
      <thirstyCleaded emerCaurusStrauss="ursae" welsomNudges="41367048">
        <chiclyOpen>axemanPrepgShurgee</chiclyOpen>
      </thirstyCleaded>
    </wleccheNoma>
    <sinopic>
      <cindy>kathKannadaLogout937</cindy>
    </sinopic>
    <bolder>
      <vughsLongful>rebecs</vughsLongful>
    </bolder>
  </pearChungTwankle>
  <treblesChoosey ungagLicuriReaped="hircusRoostsPickee160" avalonBonserTweets="mattersTeeteryPelanos" tonnesLaiose="spreadsTrenail">
    <bejapeOvarium>
      <poems>pastileDeprestDyable</poems>
    </bejapeOvarium>
    <lathie>
      <bossetSolfge>hoops</bossetSolfge>
    </lathie>
    <tsarinaJabbers debacleGarlic="hazanimOphis" insiderTarveYerking="lockpinAmlikarTrinkle1" cadish="peul5">
      <stropSewster>awheelKelchyn</stropSewster>
    </tsarinaJabbers>
    <lygaeidSneckedBlowgun>
      <biderStoaterPuccini>pickingDeface</biderStoaterPuccini>
    </lygaeidSneckedBlowgun>
    <ditolyl>
      <fluty>cockneySeizes</fluty>
    </ditolyl>
    <diazoicAculeiErupts>
      <roomilyFooldomSchoon>378519</roomilyFooldomSchoon>
    </diazoicAculeiErupts>
    <swinks>
      <featyTackled>albinicPilau</featyTackled>
      <kashmir>
        <uptrendOusteeAbaff>gobbinVenula</uptrendOusteeAbaff>
      </kashmir>
    </swinks>
  </treblesChoosey>
  <lotriteWeekwam rulesSetulaeZealous="niteryAdangleUnlist" grinter="lowestImpregChirmed">
    <mutedMannite inconnuIffy="spinelScudo">
      <obtestEpeiraSealer>hausenBromoilFronter</obtestEpeiraSealer>
      <penialScamper>
        <garauEarbash>formedAxeMedle</garauEarbash>
      </penialScamper>
      <knifesWham undewyMean="rostersApacePesetas">
        <sandalsSublist>340</sandalsSublist>
      </knifesWham>
      <tybaltAker abatis="peacodCalxesDumpled9" mystics="pledgorBenzoxyTongers">
        <uprearsHidageLorien>crcheMobbist</uprearsHidageLorien>
      </tybaltAker>
      <drabbyMoxoWittall bewormsCarps="kaberuTalbot" cobang="goosingAnottoAaliis">
        <cowardySaluted>theclan4</cowardySaluted>
      </drabbyMoxoWittall>
    </mutedMannite>
    <rastik>
      <tgtRoused>loca</tgtRoused>
      <doling causeyTenacesMilady="naganaYamun">
        <cobegoFloreatCasters>cooersRyokanManis</cobegoFloreatCasters>
      </doling>
      <slavsSuffariUpo>
        <aries>376766</aries>
      </slavsSuffariUpo>
      <lallingSlimmed>
        <swags>pleb</swags>
      </lallingSlimmed>
      <byroad>
        <churlyAurateShagged>9578</churlyAurateShagged>
      </byroad>
    </rastik>
    <amiles cuinfo="shottedTaj" abieDiarialWhittle="26352133">
      <fleshedSequoiaDuikers>267144</fleshedSequoiaDuikers>
      <vacuua>
        <kanten>5039508</kanten>
      </vacuua>
      <alliage nongreyStrokesHumpty="enfireTsatlee">
        <gnocchi>pathlet</gnocchi>
      </alliage>
      <cohibitGoers env="restfulEmbrave">
        <bangos>tertonOsone</bangos>
      </cohibitGoers>
      <bugging vivandiOrlesOpimian="886">
        <zygaHockeyDrupel>cockerObelionTabific</zygaHockeyDrupel>
      </bugging>
    </amiles>
    <condorsSlangUncouch malheurRemuda="acrid" haftingWitchy="coelomeDortsGaoling" duster="eth">
      <hegari>pernorAnnular</hegari>
      <chinikNomadesGrippit aperchLeadage="flours">
        <fgnSorusArcana>495</fgnSorusArcana>
      </chinikNomadesGrippit>
      <tahsil>
        <songAdditumBeisa>midbandHunch</songAdditumBeisa>
      </tahsil>
      <onusesPachisiChino abanicWeeders="uranine6710">
        <skrupulWhereer>362765</skrupulWhereer>
      </onusesPachisiChino>
      <sunsuitAlchymy>
        <oorali>6991</oorali>
      </sunsuitAlchymy>
      <babuismJurally lowererCannierGalaxy="cacique">
        <ribibeRelicGuts>enfonce</ribibeRelicGuts>
      </babuismJurally>
      <grinnyGroupie bowsie="begnawnCrockerWillets">
        <gotchRussel>edenic</gotchRussel>
      </grinnyGroupie>
      <piggedWorms>
        <whissleUraniumRewelds>scolds</whissleUraniumRewelds>
      </piggedWorms>
      <spyshipStromedBight pulsing="kilting" peed="penancyInitionEndmost">
        <clinah>whingeSculpMelled</clinah>
      </spyshipStromedBight>
      <keeningIerne hoblikeYwcaAcetify="latticeSynergyPleural" gygis="pocus">
        <eggcup>telsons</eggcup>
      </keeningIerne>
    </condorsSlangUncouch>
    <cambucaAcclaim skirledCudeigh="akebi" scaffCalling="bangersArrasedRagusye" rumblyApathy="soricid">
      <dikaEeyuckAdelia>estevinAfrownMosaist</dikaEeyuckAdelia>
      <tuladiInwardsHippi>
        <cardiasJowlish>102</cardiasJowlish>
      </tuladiInwardsHippi>
      <fanningIons>
        <dabsterStemletKer>direxBagnetDesmoid</dabsterStemletKer>
      </fanningIons>
      <sarsonEnduesBread opera="biases" siddow="501">
        <wannessMeerkat>gugglesBarff1061</wannessMeerkat>
      </sarsonEnduesBread>
      <undyeAsbest ootidsFosie="outgoesVidimus" piercel="dairt">
        <shlockCottAttuned>stolonsErinnic</shlockCottAttuned>
      </undyeAsbest>
      <mosesNobs anaspid="colmar">
        <schnell>afzeliaQuataDieter</schnell>
      </mosesNobs>
      <punjabi closingEcdyses="gagerSwayfulSarzan">
        <odsoMazily>sightlySaggyHymens</odsoMazily>
      </punjabi>
      <wenDerays omaniTusksRecramp="coatie" slaverManisHuke="twitsLamboysShipman">
        <ungiftRevuist>borize</ungiftRevuist>
      </wenDerays>
      <harmerCavinPobbies pyroVangloeColk="chinaShyness">
        <girtingChamp>adryGallied</girtingChamp>
      </harmerCavinPobbies>
    </cambucaAcclaim>
    <ejooFinaleByrled mahsirSmews="526798421" costaLepraHangul="47912666">
      <asbolan>pronityRetakesRhapis643</asbolan>
    </ejooFinaleByrled>
    <subdeanDerbiesCramp dermaEntases="busk594">
      <wordierFinialsGardeen>josephCavuVichies</wordierFinialsGardeen>
    </subdeanDerbiesCramp>
    <piffled felsparIndaneUrolith="klops" octavdGuidon="14" spanemyBlocked="rorippa93">
      <tragedyItalics>12948</tragedyItalics>
      <kolosPsoaiQuabird>
        <ribeEngulfs>onstead97</ribeEngulfs>
      </kolosPsoaiQuabird>
      <wumble variacKyrial="shoersAshcansTurkis418" scrimpsAmeenArable="poisterTanhaLeister">
        <spewedDight>santoMadoc</spewedDight>
      </wumble>
      <choop>
        <tweegWizards>7154</tweegWizards>
      </choop>
      <assailGelderAdamsia sanaiBeckons="sinawaPitawasBraze" urbifyGaliumCanters="emeritAsearchDoits">
        <gherkin>9</gherkin>
      </assailGelderAdamsia>
    </piffled>
    <cartist>
      <areanFlourAdance>stepupPimola</areanFlourAdance>
      <hexace>
        <ossianAlister>dacoitTaleLoran</ossianAlister>
      </hexace>
      <boomerPlates cordery="andianBreves46" kingrowPandita="sketeGuck89">
        <agedPushrod>nosebagBombay</agedPushrod>
      </boomerPlates>
    </cartist>
    <duckJibba vinaTimbals="24487510">
      <burrhelPaveedGyppery>2</burrhelPaveedGyppery>
    </duckJibba>
    <incage>
      <dalasi>turnery</dalasi>
    </incage>
    <roquetLardsScaffie>
      <octuorJokistSkirt>explore</octuorJokistSkirt>
    </roquetLardsScaffie>
  </lotriteWeekwam>
  <mems>
    <nevada>
      <chimneyAlarge>pontonsCachesLets</chimneyAlarge>
      <decaniCannachRubdown>
        <kirmew>godsent</kirmew>
      </decaniCannachRubdown>
      <orestes debell="admit" tannaimSecernsReaves="boot">
        <legger>unmanedPsaltes</legger>
      </orestes>
      <rentalsHrznPun bhaktasKivasSpink="1503">
        <sloeOos>grauntCreachy</sloeOos>
      </rentalsHrznPun>
    </nevada>
    <ceriphsSobbingAmtrac>
      <unlistyChryAtheize>4151742</unlistyChryAtheize>
    </ceriphsSobbingAmtrac>
    <henbitRudera yobboesParrierLac="atticsAmnicMislain" whifferTowheadInstal="harijanRori">
      <utrumChesses>scokePilOverawe</utrumChesses>
    </henbitRudera>
  </mems>
  <seltzer taunOuteate="bblAtalayaPhidian" kirsenKinahDigraph="yuitVandaBuzuki" prerichDitting="ecbolicMeredTaish" kearnPlott="vamp">
    <wivernCahuyOffed>
      <onlySuto>122031</onlySuto>
    </wivernCahuyOffed>
    <pattensBrisesUpblast>
      <berlins>soldan2424</berlins>
      <stourie>
        <markazHauler>603505</markazHauler>
      </stourie>
    </pattensBrisesUpblast>
    <pyritic plopped="coptine" woodingAiriestMonads="sutoria" neral="16204630">
      <proggerBalatCanman>hedgesAbactorSlogans5177</proggerBalatCanman>
    </pyritic>
    <fees>
      <vinalsWizzensBident>40242</vinalsWizzensBident>
      <wolferSignonBoose>
        <scaletOchromaIsopag>clamsHispanoOiled28</scaletOchromaIsopag>
      </wolferSignonBoose>
      <thunorNobelSensing upayaLaurate="walnuts">
        <duplyPelerin>tenting</duplyPelerin>
      </thunorNobelSensing>
      <becalms pinusFylgjur="banduraPummelDruxey" cassonsAspPierian="fardageDinkier">
        <pinguidReverieFactive>pennageBit4</pinguidReverieFactive>
      </becalms>
      <afridi>
        <wraths>tratler</wraths>
      </afridi>
      <reratedTiffs lyncherBetterKnocker="izzardVesicaeAgers" geiraFletch="9079918">
        <rheniumYapster>wedana</rheniumYapster>
      </reratedTiffs>
      <planetaTraditeRuth airfareTaphole="fraile576" aplombsSpitful="oveyWaxer">
        <ternateSternedGpm>zosterFrissSabelli5</ternateSternedGpm>
      </planetaTraditeRuth>
      <curbedRegion walkie="wavedFrags2240" destinyTask="zymaseChaseEnclave">
        <behaveTilsitSquiz>tassesArachinBilboa</behaveTilsitSquiz>
      </curbedRegion>
    </fees>
    <oyer>
      <yogurt>rangier96</yogurt>
      <ostendKnackedMoppet>
        <rampierKantar>humulonCrambidEtuis</rampierKantar>
      </ostendKnackedMoppet>
      <bejigShirks rapelyKolobiaSwive="5" revestsMammaeBeers="fibra">
        <boderHamiticBeebees>ripieniCondue7</boderHamiticBeebees>
      </bejigShirks>
      <liftsUnstonyRelevy reveresAngelim="6">
        <tythes>weirdoBewieldTaig</tythes>
      </liftsUnstonyRelevy>
      <martextExtinct>
        <semises>jambeeWarner</semises>
      </martextExtinct>
      <wetterAntiq>
        <ilissus>inapt2</ilissus>
      </wetterAntiq>
      <putterTombolaCup>
        <suresMimulusLapping>borismHerba</suresMimulusLapping>
      </putterTombolaCup>
    </oyer>
    <pastaAmigo>
      <quotiesAcumbleKele>harrageDibble9</quotiesAcumbleKele>
    </pastaAmigo>
    <torousKubba>
      <badaxeKicks>5</badaxeKicks>
    </torousKubba>
    <forbyPlatoda>
      <gentesBewhiteKipping>batelBridler</gentesBewhiteKipping>
    </forbyPlatoda>
    <farther roilingOusts="jivaroXiiiCullage" mercers="mistersFussifyPaeonia" projectCrinite="639162151">
      <zingerFaddistOban>diodonLullyMetrify</zingerFaddistOban>
      <secretaBilbies kickoffEnserf="chonk">
        <fiacre>swisserIlian</fiacre>
      </secretaBilbies>
      <kabiki avernus="49378913" shawlNellMonton="kummels34">
        <tesla>allured</tesla>
      </kabiki>
      <mercies>
        <sipageEmbarkSinamay>matthewGetahMoxas121</sipageEmbarkSinamay>
      </mercies>
      <dismawUnearth arcsineCingula="dowedUptimes378" podzolsAortaParents="suresFontletPennant">
        <what>warners</what>
      </dismawUnearth>
      <gippoHaidan>
        <bowfinsKytheArdelio>zackTecum</bowfinsKytheArdelio>
      </gippoHaidan>
      <praters>
        <grockle>197713</grockle>
      </praters>
      <sartainLyttae>
        <exodiumDaphnid>lemnadComedia</exodiumDaphnid>
      </sartainLyttae>
      <disdarGogga>
        <sartishDonal>lockyAllays</sartishDonal>
      </disdarGogga>
    </farther>
    <rcvr>
      <osiride>322753</osiride>
    </rcvr>
    <liangsAyenSheaf undoingPaxiuba="82263715">
      <ramadanBalmonyWeftage>argans</ramadanBalmonyWeftage>
    </liangsAyenSheaf>
    <maheshBelch athort="docker" obstant="903172054" pipid="bromatePayees2770">
      <erasionElodea>conk</erasionElodea>
    </maheshBelch>
  </seltzer>
  <heminsTunhoofRitling ipil="chekaVealer">
    <nitredBrassy>
      <ramaite>drudge</ramaite>
      <canelaUredema>
        <gomePulgadaSewing>cardonaAgush</gomePulgadaSewing>
      </canelaUredema>
      <aging drame="629419290">
        <rhinoDiscourNympho>bigginFormed</rhinoDiscourNympho>
      </aging>
      <clitesDankishTempre>
        <lactifyCurialGipsyry>mudroom</lactifyCurialGipsyry>
      </clitesDankishTempre>
      <turks thwartsPlagaBiplace="invadedVelured">
        <cratchStanly>muscadeFilazeJusten</cratchStanly>
      </turks>
      <sagapenFully doveletAttealApass="feijoa">
        <septime>tochersWithesSubaud</septime>
      </sagapenFully>
      <vacance>
        <beakfulParadox>saccliMaples</beakfulParadox>
      </vacance>
      <softyRepasteTopside invarOrfrays="molassyRollockDozens" saggars="gnarledCuprums">
        <sludgyEducive>raisineCodling</sludgyEducive>
      </softyRepasteTopside>
      <dhooti nessusDigammaBegarie="goffle">
        <auspice>emeuLegesMixtion</auspice>
      </dhooti>
      <bessiWatchet ansaeEuryale="oppidaMaida">
        <wagonedBaringChulha>waybirdCussing40</wagonedBaringChulha>
      </bessiWatchet>
    </nitredBrassy>
    <jogtrotBosniacVenom bursarDupla="atopenNauticGip">
      <infanta>planerEsauBelayer36</infanta>
    </jogtrotBosniacVenom>
    <sinae>
      <salute>elfwort2</salute>
    </sinae>
    <bedip>
      <whydahsRelataOurself>sawbill</whydahsRelataOurself>
      <isidae flite="snipes">
        <whitinOutfit>steeds</whitinOutfit>
      </isidae>
      <wheep smatchStrobicGazoz="611356" damoselHeuchMol="mucedin7067">
        <axialApionol>emerseEdit</axialApionol>
      </wheep>
      <urnalHullersUltimas seigeStances="tuitiveFlowingAdamite">
        <comitiaWhippa>hellishWeeting</comitiaWhippa>
      </urnalHullersUltimas>
    </bedip>
    <unvenal>
      <spissySoigneeCerrero>157653</spissySoigneeCerrero>
    </unvenal>
    <nentaWeaponReutter>
      <belterDisroofDhobey>piplessBenzilMyiases</belterDisroofDhobey>
      <twofer banuyoSerums="7047893">
        <goodmen>hexesUrsone</goodmen>
      </twofer>
    </nentaWeaponReutter>
    <insoulMowtMismaze>
      <steenPardonsAverah>korma</steenPardonsAverah>
    </insoulMowtMismaze>
  </heminsTunhoofRitling>
  <vitasti quizzes="monkeyBilabe">
    <predata>
      <sereins>flaneur</sereins>
    </predata>
    <initisFennel cammedCutey="syllidCaraneForpit" erd="14530">
      <analyseAkeyRemand>oremanSamogon</analyseAkeyRemand>
      <syddirWidowyTriform ramageNaughtyChokes="yearthSewless" thongaHettieAmmino="layetteSpermy">
        <barhop>57919</barhop>
      </syddirWidowyTriform>
      <misusesPensilsEchoer>
        <typoChopper>fuzee</typoChopper>
      </misusesPensilsEchoer>
      <unstack eoithsDimmerGleeds="6943">
        <jutting>875477964</jutting>
      </unstack>
      <cerisesSoonyCarica prickerDarefulSpaed="boget">
        <truckleCan>praamsOldiesChaffer</truckleCan>
      </cerisesSoonyCarica>
      <oakenNoisomeGamier tippier="islemanAdultly1">
        <tubbieSwerves>resews</tubbieSwerves>
      </oakenNoisomeGamier>
      <fulup>
        <montanaChoraBasial>sinnersPreboil</montanaChoraBasial>
      </fulup>
    </initisFennel>
    <junciteAnkaraMarkkas>
      <adnounsHobiler>5634263</adnounsHobiler>
    </junciteAnkaraMarkkas>
    <yanquis chumpy="kinbote">
      <splashsIseumChewie>tapounPivotsQuiteno</splashsIseumChewie>
      <staveLoonsCnemial leprose="chainSorned" roseryWhiles="forehew">
        <jervin>larusZuisin</jervin>
      </staveLoonsCnemial>
      <barflyIntoned adynamyAliquidRighto="amastySubteenPuffier">
        <psalms>craved</psalms>
      </barflyIntoned>
      <gibbiUnsiegeGome edwinJunius="860" tampinThorter="laroidTrilisa">
        <pygopod>bourd</pygopod>
      </gibbiUnsiegeGome>
      <patedNegaton luiginiCinder="trest">
        <scandixBinateBrinny>goozle</scandixBinateBrinny>
      </patedNegaton>
      <cabouca sirees="wheyishBothnicOptive" reboast="olax">
        <pizzle>pitomieFrostySpeedo2078</pizzle>
      </cabouca>
    </yanquis>
  </vitasti>
</argyriaRagis>