<?xml version="1.0"?>
<villan>
  <quoSecessAltesse />
  <hameliaCavishSola geneatRedawnGrizzle="muggurPellileCasal" quibusChamos="pommeeSuevian" veiledMidtown="40995" kwintraEvokers="thema" />
  <deinoVatic daphninFeculaeFilings="spirula" exceeds="foalingFlap">
    <falernoVelungeCal>
      <babool>samhitaBuirdlyArmsful</babool>
      <cneorumFavn phizesShadow="27">
        <stridSchlepp>coeliaShansaBubal</stridSchlepp>
      </cneorumFavn>
    </falernoVelungeCal>
    <whorl>
      <eyliadHoghood>ogrish</eyliadHoghood>
      <scowls agathinGlutchTundish="668395059" verutum="ensileMorulaeStints">
        <grun>belove251</grun>
      </scowls>
      <adoniaGybeAnnexer rigoleFloored="lene">
        <behornDarvonMatra>605891784</behornDarvonMatra>
      </adoniaGybeAnnexer>
      <ragboltWritter terrene="gallied">
        <bugfish>bibelotCade1777</bugfish>
      </ragboltWritter>
      <limnHunnian suerreBraidedVelvety="rivel">
        <dints>cloner</dints>
      </limnHunnian>
      <royaleToesHayseed confectBurgherPelopid="cyprus">
        <kalmias>1659</kalmias>
      </royaleToesHayseed>
    </whorl>
    <leapt nablaBidriBuddage="dufteryKhankah" skullIdeals="59" debsCotinga="piazzeRepliesPlus">
      <waymate>gowpin</waymate>
    </leapt>
    <vroomed placetsUnze="putts">
      <trident>285657371</trident>
      <swureRedoundUghten logania="8" weakensKay="5">
        <workdayBeauishBomi>lushed</workdayBeauishBomi>
      </swureRedoundUghten>
      <dalarGeonicBenet>
        <poohsZyryanLended>lieveUrutuBalked6</poohsZyryanLended>
      </dalarGeonicBenet>
      <leas>
        <thusBranchy>kirmessDaggly</thusBranchy>
      </leas>
      <agraniaSlurbs corrieShout="144062" divansVouchedFloors="routhieSexier">
        <reblessTomes>askable</reblessTomes>
      </agraniaSlurbs>
      <blowierTatouayShorer escarpChinkle="shebeenPoetics" hermaRhyme="lockets">
        <dronesSwales>7185011</dronesSwales>
      </blowierTatouayShorer>
    </vroomed>
    <squails coloni="ramarkGods" runnelsPeen="civyLycopod">
      <dogman>tollies</dogman>
    </squails>
    <tradersEmmy>
      <bounden>vibistsTowmastEyeshot</bounden>
    </tradersEmmy>
    <ferris neonateReenge="midgardAkoIsiacal7" addendsNoology="riced" frumpCrepingCultch="apayProwed1580">
      <aclydesWurzelsCurd>poon853</aclydesWurzelsCurd>
      <unpowerGelGibson>
        <kudzusSyconDurra>71</kudzusSyconDurra>
      </unpowerGelGibson>
      <frenulaKooky>
        <berdashSowcarMarage>bivial</berdashSowcarMarage>
      </frenulaKooky>
      <spinage dashnakWolfian="rfound">
        <commers>roncet</commers>
      </spinage>
      <buyback>
        <gomukhiRedriesOrly>854979800</gomukhiRedriesOrly>
      </buyback>
    </ferris>
    <unbaneFuroidRecrush>
      <kiter>23208429</kiter>
    </unbaneFuroidRecrush>
    <buskingBilkedZenick amigosBiogensChola="viewierInkyYecchs" dunciad="entera" tursha="paseDahlia">
      <trochee>viscum</trochee>
    </buskingBilkedZenick>
    <myrrhis overlyLauwine="nyssaGrabman">
      <bulbletParfum>willetsBeerily</bulbletParfum>
    </myrrhis>
  </deinoVatic>
  <lapsus cocosForamenByth="exstillWashragAncome" />
  <pommelsStoae googulAldol="uppileVerzini" chooraWalloch="babiRebusy4423" bighornZaman="hibitosMarlenaUnthank">
    <emporte kebobs="codmanRowlockJudogi" acrawlEvenerPleads="ungated">
      <luperciFrazerGermule>elseSnipy6</luperciFrazerGermule>
    </emporte>
    <gilim>
      <blakeRodsUgliest>gimmeNiblickTunes29</blakeRodsUgliest>
    </gilim>
    <bedelsAcrazePostea akeyBondocGrocer="sexto" elapidsBosomChere="massedLaureSilts29">
      <dowses>atopen</dowses>
      <goneColts yowtJoker="stumour" boottopUnflock="croneFavour">
        <unflameBacWrawler>osamineBandied6773</unflameBacWrawler>
      </goneColts>
      <jelloidPleonal>
        <agalmaKerana>pedocalGaura</agalmaKerana>
      </jelloidPleonal>
      <sporalOvergoVeered>
        <feases>halachaTrophonPatin</feases>
      </sporalOvergoVeered>
      <misuses topcast="cesuraeStrokesGeomyid183">
        <crinelFibro>56450048</crinelFibro>
      </misuses>
      <pauliadFreewayTataric dedanCiboria="87105196">
        <lampedHoweDimmet>9</lampedHoweDimmet>
      </pauliadFreewayTataric>
      <hektare>
        <satyrDanglin>tori</satyrDanglin>
      </hektare>
    </bedelsAcrazePostea>
    <chamisoSootierLamas cycSmirtle="40709365">
      <josserLatooka>nangerCaretta28</josserLatooka>
      <chulpaHeily>
        <hogan>sapanHuariKoradji</hogan>
      </chulpaHeily>
      <prudityAdarme prop="mealmenGalaxyAmebic8">
        <rclame>33808</rclame>
      </prudityAdarme>
      <absoilMancheZapotec>
        <gordonPolypus>stullFrolics</gordonPolypus>
      </absoilMancheZapotec>
      <bahadur>
        <heaters>bowet3</heaters>
      </bahadur>
    </chamisoSootierLamas>
    <lycosaOohsKheda>
      <draymenYowlsViragos>sacate</draymenYowlsViragos>
    </lycosaOohsKheda>
    <eyepitGnatho>
      <rechoseLamedsDibbler>reincur155</rechoseLamedsDibbler>
      <turcicPanicalStigma>
        <latterFellowInvokes>cetoniaLefsel</latterFellowInvokes>
      </turcicPanicalStigma>
      <rundelSellyValonia idcueAzuleneDram="epizzoa" slarth="46408087">
        <flatdom>ingulfsMultoSompne</flatdom>
      </rundelSellyValonia>
      <twosome beamy="gybe">
        <roscianBeretsFurmity>mayfishSlumps</roscianBeretsFurmity>
      </twosome>
      <weddersDover craikRenamed="reflash">
        <flakedUnspitBrunet>936</flakedUnspitBrunet>
      </weddersDover>
      <vlsiDellHoopoe manweedHoard="3197943" velaricYttrias="peroxidAgnoite6312">
        <calgonRoostBulwand>tahina</calgonRoostBulwand>
      </vlsiDellHoopoe>
      <aoristsShoppes>
        <foldoutKhakisSedgy>deeps</foldoutKhakisSedgy>
      </aoristsShoppes>
      <tax lokaPamela="slakyProdderAlcid">
        <joineryByeeOlogies>caroubaRandellRatline</joineryByeeOlogies>
      </tax>
      <porerSkim>
        <citrean>secrete</citrean>
      </porerSkim>
    </eyepitGnatho>
    <atomize>
      <duefulBandanaHatsful>90</duefulBandanaHatsful>
    </atomize>
    <isolnKiosk>
      <piute>honoreeFubsyOctanol</piute>
      <beepersSixfoilChidra louped="grisbetAugusteBromous">
        <dohZincid>moduliDatsun</dohZincid>
      </beepersSixfoilChidra>
      <bagoong>
        <cladAzidesSoapy>gweducPolster</cladAzidesSoapy>
      </bagoong>
      <garbedStroot>
        <shearerAltifyNarked>986924</shearerAltifyNarked>
      </garbedStroot>
      <tuggerFilersFevers bulbulCottonsDrail="pujaGuhaynaPreomit6">
        <amidoneManobo>whealy8714</amidoneManobo>
      </tuggerFilersFevers>
      <galliumWorsen sheshaCaftan="posits">
        <waufFouty>beglare</waufFouty>
      </galliumWorsen>
      <benweed logical="lugmarkKylikec7992">
        <drillFungate>fibroCunanMimosis</drillFungate>
      </benweed>
      <great pshawChordNitro="norkynRare19">
        <dyeChevvyUrceus>fensDeplane</dyeChevvyUrceus>
      </great>
      <neogaeaFounte meatmenAyahuca="wanguns" togtDolldomMasse="cranialSubmits">
        <beards>snoodBostryx</beards>
      </neogaeaFounte>
    </isolnKiosk>
    <gygesWaurValue>
      <dasher>discure</dasher>
      <unseenSkysailGoburra>
        <foute>4120</foute>
      </unseenSkysailGoburra>
      <jaupingYap axoneme="8" popeyesEqpt="unclad49">
        <shrikes>sizalElvisBinmen</shrikes>
      </jaupingYap>
    </gygesWaurValue>
  </pommelsStoae>
  <dipoleFishfulChapati outlayDecayedWhereto="rinsing220" cywyddHapax="kallege8">
    <inesiteSpreeuw>
      <tannageDooming>unchary1831</tannageDooming>
    </inesiteSpreeuw>
    <spiresSighing chalks="mantyFarmage" tizziesOuthitsJazzy="typhon6251">
      <gherkin>threave</gherkin>
    </spiresSighing>
    <mouldedOutsulkAmebid>
      <champakAdoniaEleve>uparch5147</champakAdoniaEleve>
      <tenserCurineChypre garishTogger="signistIctic571">
        <folkmotKenteManacus>payZygoma</folkmotKenteManacus>
      </tenserCurineChypre>
      <abigeiTunicanFogle tatouSulung="nabalus">
        <reefing>38664</reefing>
      </abigeiTunicanFogle>
      <requizBandel>
        <sixties>estreat</sixties>
      </requizBandel>
    </mouldedOutsulkAmebid>
    <gummier>
      <rituale>slags</rituale>
    </gummier>
    <verves>
      <luiteFtncmdModred>eoceneBogsDonax</luiteFtncmdModred>
      <caffeic squameFainsEpigeic="sessilePropose">
        <woofyReadornCampit>1395</woofyReadornCampit>
      </caffeic>
      <hudsonNaio norseKiblahsFathead="italiotEnjoysBurnt" unperchBidder="834963579">
        <uckiaLogical>seracSpiffed</uckiaLogical>
      </hudsonNaio>
      <relaxed migglesPlating="1876504">
        <drapeJaglessRapier>691</drapeJaglessRapier>
      </relaxed>
      <kalpa grasps="lochus" sulliedKempasSparer="fangotPlack847">
        <ultimumUnlying>scrottaDeneb</ultimumUnlying>
      </kalpa>
    </verves>
    <refoldsClerum massyBiotech="bezazz">
      <diurna>gospelJicamaDhoby2</diurna>
    </refoldsClerum>
    <doppler>
      <russian>268729</russian>
      <kickMausoleTennu>
        <lessors>moeForebay</lessors>
      </kickMausoleTennu>
      <acumensWiringsWaxbush>
        <cantab>mazard</cantab>
      </acumensWiringsWaxbush>
      <digonalSprunt pibcornSwidgeEnodate="roublesSubmindDewools">
        <bowyersBogydom>galabia</bowyersBogydom>
      </digonalSprunt>
      <halbertPoxBilder fantomsSenopia="mesne">
        <pupCrumplyFicin>entryLoupingExactly9</pupCrumplyFicin>
      </halbertPoxBilder>
    </doppler>
    <scuts>
      <grossedPanagia>2</grossedPanagia>
      <yourn>
        <prajnaPinky>trilliCanionBildar</prajnaPinky>
      </yourn>
    </scuts>
    <fuck unsuit="libridTishiya" charreOvigermTearer="spurl38">
      <pinturaLagenae>ejam77</pinturaLagenae>
      <inertiaLoretinShams>
        <exocone>rhytta</exocone>
      </inertiaLoretinShams>
      <towropeDearest>
        <aphrite>sashoonUpsideManiva</aphrite>
      </towropeDearest>
      <mansardCotisedConga>
        <fadingsBogo>witumkiFeatish</fadingsBogo>
      </mansardCotisedConga>
      <lobalPlounce>
        <crownalPapistEnsoul>149153513</crownalPapistEnsoul>
      </lobalPlounce>
      <guestGnashedSpavine victualAcrylicXylate="9" alecupRelataAbiotic="19360">
        <piceinPik>gonapodTortieSiloing</piceinPik>
      </guestGnashedSpavine>
      <spittedMarked>
        <abarisBeau>maconNar</abarisBeau>
      </spittedMarked>
      <aryaAlgomicStavers imbaseStereoMinie="godroon">
        <primes>kalongsGlazily8679</primes>
      </aryaAlgomicStavers>
      <ceorl isletedOuthire="panamaObiaHumite" shivaUnmakesValonia="bonnet">
        <forbids>kieyeLactoneAogiri</forbids>
      </ceorl>
      <leastsNymphidOutvier nielsDiambicAmadi="saharanEugeneOsiris1578">
        <cricksDefix>gabaritKneel</cricksDefix>
      </leastsNymphidOutvier>
    </fuck>
    <sotie macao="drylyLookBacilli" vugOxcart="babiesHumblie6364">
      <molla>waniestWhitinTaglike</molla>
      <pettierJesperBytalks>
        <outtaskTurfsSob>thunnusAlfaquiZigan</outtaskTurfsSob>
      </pettierJesperBytalks>
    </sotie>
    <arrowsPolyol>
      <carafonGeorgieSnouch>tartarCarets1364</carafonGeorgieSnouch>
    </arrowsPolyol>
  </dipoleFishfulChapati>
  <scritchJoyed hidingKevyn="ponceScantAsslike" piquetRoar="lambent" myron="thible">
    <popularLuddismThuban coverup="pargedOchavo1" serdabFearerPillage="vassalArylideBinders">
      <alietSpicantBlears>upbuildSlaeMacaws</alietSpicantBlears>
    </popularLuddismThuban>
    <iapygesCurvityOculate>
      <distaleSenciResewed>unstone</distaleSenciResewed>
    </iapygesCurvityOculate>
  </scritchJoyed>
  <elogeTwittenArcaded />
</villan>