<?xml version="1.0"?>
<donatorIntuitoPrecut>
  <orientsLeapt atoningYuapin="zemstvo" retinue="cueistAcamar" exposeDenoteMeat="bailiesCachedCartes" />
  <prayers thyiadPaperedDeftly="171487715" dehisceCoalingLiegier="lanugosPiotedSemarum">
    <topiaryHinoidEtonian glimpse="80887280" medimn="silureRon" lentigoPreheatBoth="modal">
      <unfluidDeicersCoapt>8519</unfluidDeicersCoapt>
    </topiaryHinoidEtonian>
    <strow rhedas="sapphicPshawsBidding" jakeyBisect="oxreimGleydeWelch" cambletPilon="873">
      <fooyung>impshipFarfal</fooyung>
      <abmhosChuggedSternal bidriSosie="antling" timbeMels="peised">
        <staboyPurer>upshotHypedCronie</staboyPurer>
      </abmhosChuggedSternal>
      <ascaridDemibob dottersBriny="expy">
        <ligule>guido</ligule>
      </ascaridDemibob>
      <tufterEndogenLuther butatMackles="riotousAlmagra">
        <biodArbaloUnjuicy>blaoner</biodArbaloUnjuicy>
      </tufterEndogenLuther>
      <smashedCrabmanAssurd dicetylAbsohmMane="wielderBadaudLimbus">
        <ungildPigeonEnse>olivileTealeryYields</ungildPigeonEnse>
      </smashedCrabmanAssurd>
      <gammyFaddismMusks>
        <testilyClintHumdrum>noddies</testilyClintHumdrum>
      </gammyFaddismMusks>
      <dwindleAvalPleases>
        <waiveAppling>rwound</waiveAppling>
      </dwindleAvalPleases>
      <dys vagromAngeyok="rokeOutflowDurian">
        <waufCludder>doors</waufCludder>
      </dys>
      <oread acutate="woodhenTrottieTrimmed" emigreAgamont="2589501">
        <seige>ominaCallas</seige>
      </oread>
      <unwedge>
        <alswith>viharaEfecksClotted25</alswith>
      </unwedge>
    </strow>
    <guard>
      <cavingTuber>5</cavingTuber>
      <ast reechoAlongOunce="magyarsOutrib">
        <panctiaScolocAtresia>bikolTjaele</panctiaScolocAtresia>
      </ast>
      <betoyaOrfe>
        <prorataShakoesAmidst>5288</prorataShakoesAmidst>
      </betoyaOrfe>
      <safenerAcoin>
        <terrae>testeCultch</terrae>
      </safenerAcoin>
      <ablushCeibos fecialsDowncryGlops="pitomieHemad">
        <heparRiskfulCautela>fixure</heparRiskfulCautela>
      </ablushCeibos>
      <upbeltDebauch inspMarmor="brendan">
        <matkah>eserin515</matkah>
      </upbeltDebauch>
      <nebule adeemedAliyoth="9675218" crambos="tanguinNyalasAuger4">
        <gowdyFereBanks>leadoffHool</gowdyFereBanks>
      </nebule>
      <gruesBeltir banianWhirret="396678">
        <ashrafGuesten>omalgia</ashrafGuesten>
      </gruesBeltir>
    </guard>
    <endball>
      <freespBritskaAmati>frameaOverfly7202</freespBritskaAmati>
      <murreys updosTheban="proxenyCopen" stodgeNairy="metazoa">
        <renter>unpoise555</renter>
      </murreys>
      <dextro hadjPhrase="writeTwaddy">
        <lowishBides>bawlerCruety6</lowishBides>
      </dextro>
      <squintsLatroAfrete untiledFondouk="tragedy" grubbyNep="427">
        <pibcorn>facer</pibcorn>
      </squintsLatroAfrete>
      <enraptGirnalStaidly vaneInket="heathObsedeIrpex" ensure="inknitWaversSax">
        <gremmieLimbalRhizota>outjazz</gremmieLimbalRhizota>
      </enraptGirnalStaidly>
    </endball>
    <girnalMeanderCachua>
      <roomlet>54558</roomlet>
      <houvariFensive>
        <caserAgarita>edgesFlipsFley</caserAgarita>
      </houvariFensive>
      <tylocinSilenic>
        <ambonesHippier>caque</ambonesHippier>
      </tylocinSilenic>
      <hadjees simplerKurtaArefact="cymlingBlackly" rearms="florRaspis2140">
        <carshop>tilleyFleam</carshop>
      </hadjees>
      <noctisCadwell>
        <cascrom>inseam</cascrom>
      </noctisCadwell>
      <assautGudok swill="ruggers" inajaKorunSagest="porte">
        <cankersPinless>1128147</cankersPinless>
      </assautGudok>
      <revotedFordidGourded dharanaFohatBarwin="51301" jumps="72">
        <aleut>aghanPacoSloking</aleut>
      </revotedFordidGourded>
    </girnalMeanderCachua>
    <featCruceDeeny loonyUpdry="hau" blowseBookdom="doggies1001">
      <josie>creepWorksDiet</josie>
    </featCruceDeeny>
  </prayers>
  <falcataSaluteSomites>
    <retanSwinks jowlop="panganeInks247">
      <devoveCashierGregge>snugify69</devoveCashierGregge>
      <munite elephas="linolin">
        <debtors>wombs</debtors>
      </munite>
      <shellsTuille>
        <grazingWaviataNammo>972110903</grazingWaviataNammo>
      </shellsTuille>
      <bottleFriars subclan="jaapCher">
        <chupon>9257942</chupon>
      </bottleFriars>
      <markmen>
        <asylums>mincing</asylums>
      </markmen>
      <chunnia>
        <vegansWenchRelatch>unclamp34</vegansWenchRelatch>
      </chunnia>
      <naps betellPaludicKipuka="exotismLispedBlickie" yhwhPhilomeMyxopod="termors">
        <lettuceAcates>mnaEchoers</lettuceAcates>
      </naps>
      <enodateGritsHack fjorgynFinnedGutte="cravenSizablyNeurite8896" afoot="9283">
        <airtingSalagoBallism>carnyTartishOld</airtingSalagoBallism>
      </enodateGritsHack>
      <brodSokemen verdeZymoses="churroIronish" beverlySylloge="trinedRuledCloque">
        <kebDirledRepents>lasiusCarabusLydian</kebDirledRepents>
      </brodSokemen>
    </retanSwinks>
    <reptileBullierAlien mazedly="disruly" apochae="intines">
      <chumuluOuthutBlew>tawhidUrucuri</chumuluOuthutBlew>
      <sediliaDuringEgba>
        <unwilleFedayee>coronae</unwilleFedayee>
      </sediliaDuringEgba>
      <dadu forgedEstates="monaxonCassabaCropper" ligansMonas="81">
        <esbayAlannah>marquisBanga</esbayAlannah>
      </dadu>
      <chayota>
        <estellaEnvoys>aunterSkeanIworth</estellaEnvoys>
      </chayota>
      <cliteKoscheiStopper>
        <sutra>peeper</sutra>
      </cliteKoscheiStopper>
      <roadingBautaUpdove spicaeDeiced="waddedTaqlid" knoutsEpicyteAeolia="tummiesEbraickAmala">
        <ductIdeasSorrier>98967</ductIdeasSorrier>
      </roadingBautaUpdove>
      <lithog haycart="rebrush">
        <crabitZoisite>colpusStars</crabitZoisite>
      </lithog>
      <monsoniStromed>
        <hakeemStrivy>70</hakeemStrivy>
      </monsoniStromed>
    </reptileBullierAlien>
    <ushered>
      <acutelyBedungReblame>golfPias16</acutelyBedungReblame>
      <nictateUrchin>
        <tapuyaGuaricoSpodium>praesesStelene</tapuyaGuaricoSpodium>
      </nictateUrchin>
      <hordesGaycatWrecks oomiaksDefat="tulipFrater" spinors="boilyDepressTav71">
        <nevoidMonad>eczemaRushee82</nevoidMonad>
      </hordesGaycatWrecks>
    </ushered>
    <aftersVoluptyPunger>
      <allahDecoic>zeinIneriUnclasp</allahDecoic>
      <suggest omagraSatable="apexedRanters">
        <smuse>alationBetakeKefirs</smuse>
      </suggest>
      <recrank>
        <parbake>gumlikeHermo</parbake>
      </recrank>
      <falangePashaSosia emp="randersLettedShrived">
        <hobnailSecantsHisn>peponidAtriaJitneur</hobnailSecantsHisn>
      </falangePashaSosia>
      <punster>
        <mydine>threepsChechenAlumel</mydine>
      </punster>
      <ilissusToughlyCputime>
        <ciliaryAstintBunted>inflameArcady</ciliaryAstintBunted>
      </ilissusToughlyCputime>
      <atonesFewmetsParidae spawlerShimmey="waukedTwae">
        <odum>neskhi</odum>
      </atonesFewmetsParidae>
      <banteng fathead="tammiesMotifsLepanto" dizzen="styloPrajna">
        <rally>logoffGaud</rally>
      </banteng>
      <greigeAurine wackerOutsideGonotyl="bescurfUnfrockStorier" bungTmhSpalder="lecythiRecusf">
        <chacconCrocko>jayceesKerfs</chacconCrocko>
      </greigeAurine>
    </aftersVoluptyPunger>
    <showedLosersTimish>
      <pinnaeAlisma>582939</pinnaeAlisma>
      <myrosinSmutchyFollis conerTermly="rallCist617">
        <peptideDyakish>maggingCampout</peptideDyakish>
      </myrosinSmutchyFollis>
      <pecify peartenForthonJoseite="oldnessShifty" reshutTebu="testuleAggregeAweek">
        <admiralBoggyGabfest>slavFind</admiralBoggyGabfest>
      </pecify>
      <golokaShahsOenolic slitterElse="glome">
        <growsSnugger>amnia</growsSnugger>
      </golokaShahsOenolic>
      <penneyForevow>
        <fourth>chauvin</fourth>
      </penneyForevow>
      <kike abyeFlorula="edental" boyship="jewhoodRooserEphraim">
        <skydoveVampey>68167823</skydoveVampey>
      </kike>
      <stuporDomage aleuticPainedCycling="cabree">
        <hondoLubber>1609</hondoLubber>
      </stuporDomage>
      <gnawsRack laccolTimersRaisons="moodierPraying">
        <pallyCieCitrins>ourebisGristThreep</pallyCieCitrins>
      </gnawsRack>
    </showedLosersTimish>
    <swivetsNaperyGraters omitis="figlessBummel" kelperKirverWamel="carpals31" shammos="myopsPrecentPelotas">
      <tartlyOffends>reposesZunyiteSwifter</tartlyOffends>
    </swivetsNaperyGraters>
    <letterMyomasNamban weltsGooks="579">
      <skereScrimpyEigh>apehoodMeatsDaidle</skereScrimpyEigh>
    </letterMyomasNamban>
    <truedCoble>
      <halfaWansomeDewanee>shipboy</halfaWansomeDewanee>
      <borley combustLaithKnuckly="250">
        <wymote>musters</wymote>
      </borley>
      <saltily>
        <betrustNies>594548912</betrustNies>
      </saltily>
    </truedCoble>
    <assetsRaiasFuchi hehUnbeastConvict="985" leamer="thickly" tabidDiableMorgen="chawle">
      <madisonAlludeOrestes>hatcher</madisonAlludeOrestes>
      <forestDarksum diploisSophoraExesion="90">
        <misture>sundownChamfer</misture>
      </forestDarksum>
      <allongeNodusYferre>
        <pedleryRaleMolly>albacea</pedleryRaleMolly>
      </allongeNodusYferre>
    </assetsRaiasFuchi>
    <paneMaracan beamage="frogletMagnumDiadic">
      <madcaps>rounded</madcaps>
    </paneMaracan>
    <peckersMarkmen anolyte="pacos" slangsNamesMenders="node">
      <barytonEscrime>tachismCodonsSepone</barytonEscrime>
    </peckersMarkmen>
    <rewrapsMannDatura>
      <weedishPainsRegma>raucidAdapaModern4</weedishPainsRegma>
      <fldHaikwanWhir forumMazdoor="idiotryTwibilDrinks">
        <bruscusCentricQuinite>372</bruscusCentricQuinite>
      </fldHaikwanWhir>
      <armsDiota>
        <babesiaLissomSieging>195076</babesiaLissomSieging>
      </armsDiota>
      <manic>
        <spiculePoddedGiust>berretPelite964</spiculePoddedGiust>
      </manic>
      <clayishNylgau>
        <caliban>pobedy</caliban>
      </clayishNylgau>
      <secaleGomastaOft>
        <pidan>towlikeSmutch</pidan>
      </secaleGomastaOft>
    </rewrapsMannDatura>
    <curedChimedRumble>
      <fluteyGomavelSuccoth>76177502</fluteyGomavelSuccoth>
    </curedChimedRumble>
    <chalkKappe>
      <sorbAlhagiTripod>exiture</sorbAlhagiTripod>
    </chalkKappe>
  </falcataSaluteSomites>
  <lofterSlapeEncharm />
  <tallestSloomyAmpul crambo="780318479" unteam="panditCrusty">
    <ternaryChibchaLagged>
      <workbagKrapina>forlive</workbagKrapina>
    </ternaryChibchaLagged>
    <tapperSodiums arylideTumuliLabrums="dukery">
      <copper>67727772</copper>
      <becivet wages="1">
        <hiems>hussite</hiems>
      </becivet>
      <rearersWeccheFiddly shins="evensFubbing5">
        <caproinHeftingStid>restrCaitif</caproinHeftingStid>
      </rearersWeccheFiddly>
      <bblsTaxmen fice="stagerDisparkDalai">
        <raniHapi>tong</raniHapi>
      </bblsTaxmen>
      <foolishSuttee gubbinCriniteSquaws="infeoff6437" hatbox="sahukarCanonic">
        <veny>acyloxy</veny>
      </foolishSuttee>
      <cherish>
        <unmaskCharingGimble>pimpVitisTeetan</unmaskCharingGimble>
      </cherish>
      <bravers tripler="isuretDunlap3">
        <heaf>59</heaf>
      </bravers>
    </tapperSodiums>
    <woundlySpirant foreday="shrupsRateen">
      <laichsWetchedMicros>pannes</laichsWetchedMicros>
      <mantrapIdyller>
        <empodiaOselaAuloi>burleys</empodiaOselaAuloi>
      </mantrapIdyller>
      <thecateBandage>
        <manqueAgazeViziers>signorsVeinalGreyfly</manqueAgazeViziers>
      </thecateBandage>
      <hogan>
        <sketchy>coiture</sketchy>
      </hogan>
      <coseatLunge phrygiaRaps="depasRhodite">
        <cobwork>gracias</cobwork>
      </coseatLunge>
      <lucreHizzPashed nixerGraced="nyanja" ceste="dildo">
        <streetCiphonyBrussel>78507</streetCiphonyBrussel>
      </lucreHizzPashed>
      <mutuelsBlackNettled>
        <mammonDollingVar>mucific</mammonDollingVar>
      </mutuelsBlackNettled>
      <cloquesBestial>
        <hakuOpiumsLig>rasenArmets</hakuOpiumsLig>
      </cloquesBestial>
      <rummleElectic turcian="rother">
        <blirtPunning>misdaub8</blirtPunning>
      </rummleElectic>
      <chendeBas zythiaLiquor="salueCollTuple9079">
        <reglueTyphula>fadsOveract</reglueTyphula>
      </chendeBas>
    </woundlySpirant>
    <isoamidRussetsNephews yogeesAal="skeifPulings">
      <mortal>easilyThose</mortal>
      <bowetVadosePassed>
        <villas>hoops</villas>
      </bowetVadosePassed>
      <casingAgitant epocha="kinin" clapLegator="rabbinPaleolaUnfaked1">
        <tabriz>adsorbImago13</tabriz>
      </casingAgitant>
      <deewan>
        <avaUnboxedWilsome>bribriSintoc4</avaUnboxedWilsome>
      </deewan>
      <upbreakRompish kelliaAtresy="897" judices="dingleAlate">
        <yolkyVerbumDirged>druids</yolkyVerbumDirged>
      </upbreakRompish>
      <borishCookedNolos onymizeDeboiteNibbed="11668">
        <whooper>barmierProposVinea</whooper>
      </borishCookedNolos>
    </isoamidRussetsNephews>
    <heroesCoaming>
      <bavettePetrelInchain>duhr</bavettePetrelInchain>
      <oftlyMargesImaum>
        <zaguan>555693286</zaguan>
      </oftlyMargesImaum>
      <prismsJockAurei skegBaculum="74717877">
        <sokoFlitsMeruit>exhbnPimaricCital</sokoFlitsMeruit>
      </prismsJockAurei>
      <croukeSweens raspis="olonaMurielGuemal">
        <outblow>306508719</outblow>
      </croukeSweens>
      <fatbirdEnfever kiosksCoinNuttery="vibistOwletEeler">
        <lobi>dormant</lobi>
      </fatbirdEnfever>
      <orrisesWatala rouleau="depends6414">
        <stodgyKhmerJuster>jaime</stodgyKhmerJuster>
      </orrisesWatala>
      <wir sock="hydnoraRypeck" jiffleBohunk="rebolt">
        <camwoodMucificFlorin>guarishOversum4534</camwoodMucificFlorin>
      </wir>
    </heroesCoaming>
    <poucerBhavani>
      <tawtieHexdraDefined>vincula</tawtieHexdraDefined>
    </poucerBhavani>
    <mauleyCuteyShaul>
      <peinedAsimina>darnelsSleeken72</peinedAsimina>
    </mauleyCuteyShaul>
    <boloedBrooderRapes>
      <noltStartMetals>4692392</noltStartMetals>
      <piquantDklInsee>
        <froward>binomenJapanee</froward>
      </piquantDklInsee>
      <throatsQuelt pippleOffing="snotty">
        <swagsCribGreets>glebal</swagsCribGreets>
      </throatsQuelt>
      <feltingSuu encaveBaloneyGrad="thecae">
        <adducerUnhave>168743</adducerUnhave>
      </feltingSuu>
      <assbaaIowaBister rehangs="bedawee" runmanSpanemyFuse="thymsAmarinTora">
        <isologyWastrelIloko>7992</isologyWastrelIloko>
      </assbaaIowaBister>
    </boloedBrooderRapes>
  </tallestSloomyAmpul>
  <skitedMatzasRidden aphetaCarline="sataiDistortKilnman40" brieferElutionImpiety="unaflow" astreamBamahScarcen="broeboe" bustleMisture="ethaneThumb4">
    <triquetPerish>
      <solaninCogniseIsize>enskyedStrut</solaninCogniseIsize>
    </triquetPerish>
    <ultimaKeynoteColage poligarPycnite="flb" shrogsHolokuCagot="octoicRedockGromia" reusesSorrows="hubertCooling">
      <beyondsCurvityLobose>slicklyKoraMoun6446</beyondsCurvityLobose>
      <palankaSkinnerRecency gustsTink="44018" rubricaIreneOutslid="2798">
        <humusBillion>patronsPlumist</humusBillion>
      </palankaSkinnerRecency>
    </ultimaKeynoteColage>
    <steelen ellaApothemReshoes="91077" mengZelotic="hopes" nidiotKurschPenful="6259">
      <kava>enorm</kava>
      <impubicTongersMoeurs>
        <cestodaUnbornJann>baradGazedSeeder2640</cestodaUnbornJann>
      </impubicTongersMoeurs>
      <amazingRugbies knitted="warlyBawneen" maidlyGlorifyZones="fawnedSiamang">
        <squallyGigsAlcaics>77059970</squallyGigsAlcaics>
      </amazingRugbies>
      <cuffinSebait tees="lawgiveSteekedSkyugle" formity="vielle">
        <scobby>hockeysEngird</scobby>
      </cuffinSebait>
      <litvakSiamSerrage disobey="resendMyxopod631" touaregRashing="gombay">
        <pacayPoetitoKran>293</pacayPoetitoKran>
      </litvakSiamSerrage>
      <bulbed gansy="fora" prutotMezuzas="704">
        <damasksAmixia>pardiKukri</damasksAmixia>
      </bulbed>
      <demotAnoiaDequeen caribal="koorgMiaowerTorulas" coombe="meristBushet">
        <renter>haviors</renter>
      </demotAnoiaDequeen>
    </steelen>
    <limbsToitishSclaffs>
      <drummedErrands>coronas</drummedErrands>
    </limbsToitishSclaffs>
    <bouge>
      <swanky>caffeicAnhimae8711</swanky>
    </bouge>
    <relatorDeonticGabon jimperErsatzLedol="974733110" althornYesso="novene" mesailShortia="vacanteMuntinMing">
      <tortulaCutlass>ladler</tortulaCutlass>
      <mela scram="remue" metsShishya="sturty49">
        <cranchElektra>anopsiaUngillTortor6</cranchElektra>
      </mela>
      <goadsEundemSoodly battersViolist="monyFontes">
        <bantuMemoria>48844</bantuMemoria>
      </goadsEundemSoodly>
      <poltUnstungBoke bunkoKalachCostean="propons">
        <ascham>upsets</ascham>
      </poltUnstungBoke>
      <wingateKaasStoning asiarch="call" kaguraTapist="canelosMarkery">
        <ricky>subtack8927</ricky>
      </wingateKaasStoning>
      <bhdGoiters overjob="yezidiAlkalicTetter5">
        <tingedNegatedQaf>pneumasOnymizeCocuyo4190</tingedNegatedQaf>
      </bhdGoiters>
      <pannageGrfSaxhorn riggishGarrya="quilledStomate">
        <mongolBlettedCrapula>atimon</mongolBlettedCrapula>
      </pannageGrfSaxhorn>
    </relatorDeonticGabon>
    <amebousKhowar>
      <papess>capitaFilt</papess>
    </amebousKhowar>
    <subaquaOutnessUster>
      <jampanAsarum>20929781</jampanAsarum>
    </subaquaOutnessUster>
    <begrims orcStirs="45861945" chacte="futterCaseinBumtrap68" peghChaftEphebi="remorse">
      <hexactHatteMerops>tressyMachinYesso</hexactHatteMerops>
      <sardarBescabDurity twatAxillar="ventingCoyishSoyate" durions="lottoSpatlum">
        <grosz>eyeroot</grosz>
      </sardarBescabDurity>
      <natrons henninPrologOrles="65413" duddiesAphodi="leeTardiesNantz">
        <mocoan>misput</mocoan>
      </natrons>
      <hymner anonym="palletsIsopyre" smartieIncarnBeewise="thiramTongingZoysias">
        <octopiMenukiSextile>33238921</octopiMenukiSextile>
      </hymner>
      <skeyPuttan>
        <vignin>uniquesIsaminHatte</vignin>
      </skeyPuttan>
      <smokeyMarringAvowed lackingLoupen="stockChapeSolved" undullFibulaFlubbed="outfireAculeaLaicise">
        <thoomSlainCoeval>4</thoomSlainCoeval>
      </smokeyMarringAvowed>
      <alleys>
        <tapoun>rimiest</tapoun>
      </alleys>
    </begrims>
    <cuniliJauner askarOkra="60847153">
      <fourbleLeonardMatoke>votedStreen</fourbleLeonardMatoke>
    </cuniliJauner>
    <fidsHullock>
      <swobsPopes>loris</swobsPopes>
      <apathic azimeneAggie="335611845" tumbakiRortyUnwon="9">
        <virbiusGuiserStephe>98</virbiusGuiserStephe>
      </apathic>
      <maranta dwightSageer="amirateLitreSilked">
        <jardinHamelMoguls>yoghurtYarding</jardinHamelMoguls>
      </maranta>
    </fidsHullock>
    <asearchReichTaimen>
      <woning>75635925</woning>
    </asearchReichTaimen>
  </skitedMatzasRidden>
  <endrin>
    <dinkumCeroticAnteed argolWoolwa="restampCrewels43" lampic="sidings79">
      <quant>ashcanPref</quant>
    </dinkumCeroticAnteed>
    <expo>
      <mournsDoblons>logionLightenIsogony</mournsDoblons>
      <hastler>
        <plantal>xyliaPalmiteColauxe</plantal>
      </hastler>
      <ajharCoupChapeau cantingCobbs="onium" knoppyJinjiliHove="croonPhoenixOtolith61">
        <sleteWeanieWangler>cachous622</sleteWeanieWangler>
      </ajharCoupChapeau>
      <bokos gooPolyene="34778" jawn="hugely">
        <khadi>blickEmpanel363</khadi>
      </bokos>
      <sciara>
        <sinsHuashi>highlyJymoldNimrods</sinsHuashi>
      </sciara>
      <azaroleRend hotfootOgle="lakistMaomao" dadoedTwinkly="bonumBludgerBaaed">
        <lbs>taperly</lbs>
      </azaroleRend>
      <carboraProetusQuiet reopensPoise="reddle">
        <filetBarmsDross>8975093</filetBarmsDross>
      </carboraProetusQuiet>
      <rptFordam arrears="bubbledPoopedSigher">
        <uptillJennet>dionymArclike</uptillJennet>
      </rptFordam>
      <juntosCooptedZequin>
        <billersZakuski>8226007</billersZakuski>
      </juntosCooptedZequin>
      <unleal wilningInjurerRetake="iraqian">
        <foppyFibber>sulky</foppyFibber>
      </unleal>
    </expo>
    <clead>
      <croreNiseisDourade>remixt</croreNiseisDourade>
    </clead>
    <muguetAbongo heatedJewbird="61622792">
      <jozyAnanda>estrayNonaryBrooke</jozyAnanda>
    </muguetAbongo>
    <graddan>
      <rectrixGraham>birlieMowanaSephen</rectrixGraham>
      <jealousPitas enstoreBisect="38123820" meaniesLavantCozie="dietic">
        <amidins>wlatfulOrcein</amidins>
      </jealousPitas>
      <assemblWakes murriesHangerDacron="ineunt7138" dekle="funking">
        <juang>2444</juang>
      </assemblWakes>
      <redtailAlcae>
        <spinoidAbeighKremlin>avastSellsRebury14</spinoidAbeighKremlin>
      </redtailAlcae>
      <unpared skellat="coacher8376">
        <all>indeed</all>
      </unpared>
      <clingAzoxyTragia>
        <greyedAntigen>cowslipMorgens</greyedAntigen>
      </clingAzoxyTragia>
      <roubGrackleNoyade>
        <simabaNeilah>4745953</simabaNeilah>
      </roubGrackleNoyade>
    </graddan>
    <alnathRelostQuite>
      <gongedEunuch>tariana</gongedEunuch>
      <racingsRanders>
        <pasternStrumas>vahanaActgZing</pasternStrumas>
      </racingsRanders>
      <exergueDelugesBragas>
        <napaea>pentailBawneen</napaea>
      </exergueDelugesBragas>
      <pluton pygargArolla="diecaseBeirutHetaera92">
        <sirpea>stacksFauveLabaria</sirpea>
      </pluton>
      <zorisRaisingRetag abscondHemodia="pimentFlyingsFronton">
        <cheero>snuffHeuvel</cheero>
      </zorisRaisingRetag>
      <jinjaOlamic numbers="probataWoolie" porgerFledgeChekmak="crestalCastoffSpright">
        <pitmark>dobbieBromate37</pitmark>
      </jinjaOlamic>
      <chiplet ferdPetrarySighed="coreignGamoriBetook" asbolinEndCommers="heptadBabysit">
        <slater>62184</slater>
      </chiplet>
      <gripingHarpyBetises>
        <wastsBorings>aeolianTamalOceanog</wastsBorings>
      </gripingHarpyBetises>
      <noxQuinteStylize>
        <trefRebunchDuffing>arctiidQualityTushies7</trefRebunchDuffing>
      </noxQuinteStylize>
      <bulbedAnconasUnhurt oblatedSkeough="egoismOtiantModally" psyllid="fensiveUntaped69">
        <oppose>petioli</oppose>
      </bulbedAnconasUnhurt>
    </alnathRelostQuite>
    <embelicAlachaShogs>
      <spinets>4</spinets>
      <pocul quiff="350525433" cairba="cruors">
        <telsonThioSciniph>bestockDominic</telsonThioSciniph>
      </pocul>
      <jure>
        <smurrFurioso>buttsAfflue</smurrFurioso>
      </jure>
    </embelicAlachaShogs>
    <yellMuclucsHoofing curlikeIcelandElfkin="midas4">
      <spokyLeeds>jagath</spokyLeeds>
    </yellMuclucsHoofing>
  </endrin>
  <thawersAmmites shide="cephasKeslep" />
  <foxlySlewedFusulae eudeveReisnerPsychol="frictiHippy" />
</donatorIntuitoPrecut>