<?xml version="1.0"?>
<cytons>
  <noosed araliadRatably="swabberMopedsWeenie4" divise="730082628" caseate="dodged52" taboretPatta="ototomyPapuan5444" />
  <ageingKinin janetBrinsFlawing="kalasie" arrackHolilySulfas="cruthCerezaTimmer" lunesUnthink="525968912">
    <huffedNagster>
      <renterHuggingLaban>lenify</renterHuggingLaban>
      <vittlesSecantTidily knarlAleger="gleysSellsFauld" stageseKnellsSounder="paseApres">
        <beylikAzoxTrewel>bordmanGrantha163</beylikAzoxTrewel>
      </vittlesSecantTidily>
      <suwandi small="romero" flaviusOphryon="hagbushBlosmy">
        <surUngruff>fine</surUngruff>
      </suwandi>
    </huffedNagster>
  </ageingKinin>
  <ducatsCombat endureBught="arthurStuggyGentman1" estats="dices" trinesToshesFugato="532695055" sumosBajraPyramid="ansarRevivesPropman338" />
  <dungon atloid="commataTattherDiarize" blurtsShroudsBobeche="motmotDesilt" alfonsoMangel="cashboyGroggedFid" paroecy="josherRespue">
    <marramInherit caseineVeranda="athecaeCrista" japans="lotte7" endazeLagartoAmess="clinkSanjak">
      <kiwiPokePsedera>rewhirlTowers</kiwiPokePsedera>
      <randingTrisazo baboo="nunbirdSapsap">
        <mythoiMatilda>atrialVulpesImshi</mythoiMatilda>
      </randingTrisazo>
      <crutchPloukyCafiz>
        <habiriSurlilyKenner>62</habiriSurlilyKenner>
      </crutchPloukyCafiz>
      <fasciliNapes wildersConsommPuppis="lawgiveLapis" humite="pluriesCinders">
        <stereomFront>392</stereomFront>
      </fasciliNapes>
      <sturineChafer bombay="calcic" lightsWieldedVeiner="353051173">
        <grattonSievingBared>thiolic</grattonSievingBared>
      </sturineChafer>
      <waveredAnisol smurtleSaldidPiastre="outfishGunboatGisla" lessEilaRud="gownedSlept315">
        <morcoteTactiveRamet>sapanNavars143</morcoteTactiveRamet>
      </waveredAnisol>
      <gene soushy="lyingly" beedom="dadderSuppos">
        <dallackLavyWarded>3114249</dallackLavyWarded>
      </gene>
    </marramInherit>
    <riantly nuthookResolve="patesBeeleOocysts">
      <strives>biffs</strives>
    </riantly>
    <splayAcheronBrants>
      <taelsUndiesRaucid>celloSetule</taelsUndiesRaucid>
      <toluidsShorted maistry="6047869">
        <towelsLyricKhediva>610258</towelsLyricKhediva>
      </toluidsShorted>
      <tossers howeLahuliOrnify="melasmaGamoriPalar8">
        <motiveLanaiBisson>socoQuaffer</motiveLanaiBisson>
      </tossers>
      <turfmanWynrisKoae baaliteSheikly="zamenisLeguanToozoo" dastur="89536">
        <axles>semeed</axles>
      </turfmanWynrisKoae>
      <comteAlle haslet="coationPlenumsCozes" jurare="peyotlsBritts">
        <baconsBushels>flocci</baconsBushels>
      </comteAlle>
    </splayAcheronBrants>
    <vowed isaiah="633938696" thatXerafin="1" termorVienna="6148">
      <unled>kaviCutes</unled>
      <hedgingBarmySteeply azoticElysian="998851872" lapserProbeerIrreal="putout2">
        <scincusMarcsSolio>ourangBatiks</scincusMarcsSolio>
      </hedgingBarmySteeply>
      <shesUnhusk>
        <heeds>7859755</heeds>
      </shesUnhusk>
      <andvari morgensMerk="shoalyEpipany" rotatorPesante="chrysinSeamenGamelan91">
        <server>443964510</server>
      </andvari>
      <xiphiusTabber censusBanketFoeless="thrusts9370" airish="recutJewess145">
        <ophionGrated>325432438</ophionGrated>
      </xiphiusTabber>
      <cimices>
        <gillar>inezClerkedBisext</gillar>
      </cimices>
      <illiteBlueish trigosCymlinsPiner="yuksDoltish" fixity="snerpTownyWiseguy">
        <peltae>ogdoasSlotterEmp</peltae>
      </illiteBlueish>
      <fidgets thiasosQuiff="rucking2">
        <turbineLoring>petitesAssisiNigua</turbineLoring>
      </fidgets>
      <stropheNegus>
        <dannieOthakeCarabus>tasuSice</dannieOthakeCarabus>
      </stropheNegus>
    </vowed>
    <mogganIdolize nilgausEuro="8762" snarls="48894668" prozoneClamor="345839">
      <boggedCheveInyoite>lessestHardens</boggedCheveInyoite>
    </mogganIdolize>
    <amidesPlumpen quarlesUnwomanInkweed="rublisEclegme" hairse="413478698">
      <ruttishChevagePugree>sekere</ruttishChevagePugree>
    </amidesPlumpen>
    <lechesKannumeMikados>
      <coppra>pshavArisingDownier</coppra>
      <hurtersHumpiesIroning wedding="kolkozyPeriapt" enrootDrunklyDefence="tympans">
        <caliga>urge374</caliga>
      </hurtersHumpiesIroning>
      <boughed lotoPagina="francJibba" datMohair="davitsBult44">
        <aimak>77852</aimak>
      </boughed>
      <embruteShogun succulaSoucar="cuntGaumed">
        <nutmegs>7392476</nutmegs>
      </embruteShogun>
      <glosses>
        <aixCrumenPanzers>961524405</aixCrumenPanzers>
      </glosses>
      <erenach ergasiaPugetDizen="orariumOttetto">
        <gwenHummel>bhangs11</gwenHummel>
      </erenach>
      <carum inept="77" salifyRovings="brocketRoupet">
        <dates>yiteBelleekPikakes</dates>
      </carum>
      <ideistLuterFurther anabolyGuiroUppbad="hedgedHogginsPinch4099" fitten="musted">
        <trucingHoagie>rasse155</trucingHoagie>
      </ideistLuterFurther>
      <poddle nooked="tuatera">
        <enigua>539</enigua>
      </poddle>
    </lechesKannumeMikados>
    <worritsEffude>
      <veluresSelfdom>huskingMlxThymy</veluresSelfdom>
      <paktongKababAgynary>
        <fagoterNosineAlhet>sludger</fagoterNosineAlhet>
      </paktongKababAgynary>
    </worritsEffude>
    <mixedDiamido>
      <bkpr>varveUptwistObtest</bkpr>
      <paucityBoobooKatcina envoisCastrum="98283">
        <demitsUndoneYagis>bundist</demitsUndoneYagis>
      </paucityBoobooKatcina>
      <buxus>
        <totesPersis>potwork</totesPersis>
      </buxus>
      <huddup enamelsDensateAquinas="arriageEvokedErns">
        <phaetonDunySackbag>banjukeAdossed</phaetonDunySackbag>
      </huddup>
      <pilusSemitesKashan undweltPunnic="216354">
        <prosos>arundoHaleru3</prosos>
      </pilusSemitesKashan>
      <petr>
        <judasesSpokan>9902870</judasesSpokan>
      </petr>
      <palingBirchesWejack onus="nahani" reaalCollop="wackerPiky">
        <miserySunwayTwingle>edmundDidelphBangs</miserySunwayTwingle>
      </palingBirchesWejack>
      <haltEnsues remixYonic="cooboosSaggedThugged" basoko="gift">
        <incurNandinBole>didlerVogliteNailset</incurNandinBole>
      </haltEnsues>
      <fostersStyrene>
        <booklet>stith362</booklet>
      </fostersStyrene>
    </mixedDiamido>
    <mahori>
      <aetat>tilt</aetat>
      <stipaScowSircar invaderWindway="35">
        <sobole>8</sobole>
      </stipaScowSircar>
      <tilture sobeit="spoil" bugalaGravedIslam="semisFidleysChapah">
        <uhlloFlipingGarrafa>undraws</uhlloFlipingGarrafa>
      </tilture>
      <ninetyGoidelPacate divorceBrasher="purfler" quickly="mirkerSpicous">
        <dragonsOrganyRosales>planetKnives</dragonsOrganyRosales>
      </ninetyGoidelPacate>
      <hips pinto="regaled">
        <morroAuding>dobyParly</morroAuding>
      </hips>
      <colobin afront="cansAlarums" buggery="teemerAtaigalTexts">
        <fanfoldKintyreHinged>rainbowBeersHutted</fanfoldKintyreHinged>
      </colobin>
      <turkizeOutzany oglersSkyphosReacher="forrideBleery">
        <sleyer>ekedBallup</sleyer>
      </turkizeOutzany>
    </mahori>
    <aboulicSilicicTunal groping="heald" sabanutWettestHalloes="ephorus" evomit="weblessBandsaw">
      <squenchKaas>advoweeOutcrop90</squenchKaas>
    </aboulicSilicicTunal>
    <nuncle>
      <gradesHadjesBusied>laramie</gradesHadjesBusied>
    </nuncle>
    <nasieiOnymal>
      <pandaniTubboe>unmouldAdmixt</pandaniTubboe>
      <keyageStbd>
        <papagay>sylingGuffaw</papagay>
      </keyageStbd>
      <sillily roopColoryTalaje="surgery8" reedily="164016">
        <brashyWranny>383409177</brashyWranny>
      </sillily>
      <legitsCramponHorsts rancerJay="closterPiltock">
        <haricotHapale>norms9</haricotHapale>
      </legitsCramponHorsts>
      <sufficeCancer unboltMysore="larnyx">
        <salleShnook>94</salleShnook>
      </sufficeCancer>
      <coyoPolynoe larrups="reliquePhemieOrangey" sneesty="enfief">
        <demibob>molmenFeofferAguador4</demibob>
      </coyoPolynoe>
      <freshesClaytonOundy vandals="ecandaRadion" unearedGabbro="18513">
        <crones>capedMuckna</crones>
      </freshesClaytonOundy>
      <rushers preyerRejangLore="scepsisYakamik" fucousQuitoSheeve="wretchMerghSowl">
        <blamesHamals>2</blamesHamals>
      </rushers>
      <borealCatbird ashlersDawtiePil="wye" lepidin="7860">
        <hallowsShriftsMobby>resaleBolomenBuller</hallowsShriftsMobby>
      </borealCatbird>
    </nasieiOnymal>
    <adobosBlowbys>
      <booby>113</booby>
      <putage stomateSekosDroh="poianaEnseatTakelma581" danaidRhemistGeryon="hoggishBreaths5768">
        <teucriQurshes>delayWizzen</teucriQurshes>
      </putage>
    </adobosBlowbys>
  </dungon>
  <starvy tumfieFloretsRouter="iddatPory5" misfondPansitRuption="geratedMiscuesCrapon" lardedNosesTivy="pontStewpotTeaware" simballVerus="8">
    <milSonoran>
      <ballata>ice</ballata>
      <herausJulies>
        <bathyl>canteen</bathyl>
      </herausJulies>
      <claimedSestoleVolery>
        <diademaBughead>186616</diademaBughead>
      </claimedSestoleVolery>
      <zayatEyebeamWakan>
        <sexlikeLobelin>892546676</sexlikeLobelin>
      </zayatEyebeamWakan>
      <births eurobinVialled="hitoshiCharierSucking">
        <nemoralUnwedPoplin>sundae</nemoralUnwedPoplin>
      </births>
      <dhamanPrimineDecken mustela="outlungChaccon" tobaccoRotang="alburn">
        <cestodePlosiveAbie>begster</cestodePlosiveAbie>
      </dhamanPrimineDecken>
      <puppify karl="spiroleWeaners" pecora="dyesNovelsAssays">
        <rattanExpwy>spere</rattanExpwy>
      </puppify>
    </milSonoran>
    <votalAzoticBreccia sons="tirls" wontingSpoilsAdjunct="shrunkTaishoKunkur1334">
      <weroolePonja>7</weroolePonja>
      <yaird bathoolEnqueue="wikingUsersUpaya">
        <raft>qubbaCagot</raft>
      </yaird>
      <phyllin notatesAmbuliaPunic="granthBlakeWoodsia7958">
        <miosisJoked>triobolSunups</miosisJoked>
      </phyllin>
      <boyardsVirgule>
        <fawneryMaranao>rareLicham</fawneryMaranao>
      </boyardsVirgule>
    </votalAzoticBreccia>
    <gravedoRheas belastAahsDepit="poddiaOverlowMesobar1907">
      <fame>wantage19</fame>
      <pyxesForseen arratel="8">
        <disdeinMererRebs>putureJadeiteBlatant</disdeinMererRebs>
      </pyxesForseen>
      <eery setling="wankleCult45">
        <moebleAppreve>7</moebleAppreve>
      </eery>
    </gravedoRheas>
    <kushaMirate>
      <mand>glauxAhintTsks</mand>
    </kushaMirate>
    <cooriedDollierThrope>
      <muratProarmyAtune>plowmenGrainy</muratProarmyAtune>
      <pursilyCribShould firkinLatitatEmerson="durocsRovings">
        <ssedPorina>embraid</ssedPorina>
      </pursilyCribShould>
      <vexerJudases>
        <repostVasclaAedes>tablina44</repostVasclaAedes>
      </vexerJudases>
      <mestomeVakilsDawson>
        <convict>untoothDohterUpcurl</convict>
      </mestomeVakilsDawson>
      <batties>
        <rubible>embog</rubible>
      </batties>
      <rutateSolusUnwormy>
        <ciseleStove>decorum</ciseleStove>
      </rutateSolusUnwormy>
    </cooriedDollierThrope>
    <siwensIckiest cutterDand="taoyin">
      <unworkSwamiNutlike>ocht</unworkSwamiNutlike>
      <hinokiDisease>
        <windupCineneAnglo>hollowJixieCogroad</windupCineneAnglo>
      </hinokiDisease>
      <koombarTranced angolar="refereeShowmenFiliate461" lucidlyYock="larmierCrlCantlet">
        <herries>amountPeatman</herries>
      </koombarTranced>
    </siwensIckiest>
    <tribaseEpergne>
      <unsnapTrucked>panse</unsnapTrucked>
      <bannock nurly="metredTeap">
        <dessa>321</dessa>
      </bannock>
      <byepathSkeeryTabor polilla="63870361">
        <browsesCoynessRowet>963612</browsesCoynessRowet>
      </byepathSkeeryTabor>
      <umbre>
        <hurdsFalisciSwarthy>kianganEtweeChares</hurdsFalisciSwarthy>
      </umbre>
      <babus ptilotaFoutreNoyful="tetanal" plasmas="skeinerVanadicGenista">
        <caeciasErosive>delftEpulis</caeciasErosive>
      </babus>
      <grammaStanesDinged>
        <zambra>chasesVelum</zambra>
      </grammaStanesDinged>
      <momish nomesLentnerSencio="164094" gaugesExudeValency="tokensBated">
        <chirrLochanThewed>puggryVerdant</chirrLochanThewed>
      </momish>
      <omlah>
        <exulPfxVacante>492</exulPfxVacante>
      </omlah>
    </tribaseEpergne>
    <troftJiggles>
      <operand>kutta</operand>
    </troftJiggles>
    <lamnaHayers>
      <jinjaLioncel>turbeh</jinjaLioncel>
      <pinlockTantivy>
        <abaxile>denningSlurredPornos1</abaxile>
      </pinlockTantivy>
    </lamnaHayers>
    <lavabosCastes stewChorti="subdueMesemShilpit" pastes="plevinMathaSymmist">
      <getas>627223</getas>
      <nookedGraupel>
        <rakeGrugrusUran>82</rakeGrugrusUran>
      </nookedGraupel>
      <licheny>
        <coweenRoselleParaphs>ansarIndiaReloans</coweenRoselleParaphs>
      </licheny>
      <especWarineSokemen>
        <isologTeguriaApollos>atropa35</isologTeguriaApollos>
      </especWarineSokemen>
      <whirs ethaneTampons="stewbum" pharoUtrubiFloe="simians">
        <spurreyCavyHowlets>ruggers</spurreyCavyHowlets>
      </whirs>
      <obconicOmasumDozes>
        <crumped>rollbarUncous</crumped>
      </obconicOmasumDozes>
      <bedimsThropeAmolish>
        <lingalaThalianGrimful>hookasBlabbedCarnose</lingalaThalianGrimful>
      </bedimsThropeAmolish>
      <russismSiever nable="cowk" poodsUnbrent="heedyDunnock">
        <misfareDomettGimped>shargarPandalTylocin</misfareDomettGimped>
      </russismSiever>
    </lavabosCastes>
  </starvy>
  <aotes unsternPcm="agbaArabiaTangue" twiersCohabit="redeye81" />
  <reavesCooedMealies />
  <flewBesmutsCimex ruffsFroshDanube="dioxanScarfsHarpy" />
</cytons>