<?xml version="1.0"?>
<lensmenBurps>
  <ioneBotcherFulgur />
  <lushy>
    <sexfidBahamHak>
      <cofoundVav>taketh</cofoundVav>
    </sexfidBahamHak>
    <fleererKhamsinShedim>
      <reurgeSkunksFld>hashy</reurgeSkunksFld>
    </fleererKhamsinShedim>
    <mutatorChimedPay>
      <susans>unplantIngrownRubian</susans>
    </mutatorChimedPay>
    <withnim>
      <mounted>raku</mounted>
    </withnim>
    <tholus waivodNitrite="2">
      <goncalo>xenianAriusJails495</goncalo>
    </tholus>
    <petioliHaycockFours>
      <hajilij>361109192</hajilij>
      <iodoxyHervatiClapt>
        <airplotLairmenNoster>15386</airplotLairmenNoster>
      </iodoxyHervatiClapt>
      <begariMantras norimonOutline="ophirUmbrianBoreens" kangriHambleSphacel="postmen">
        <chemic>dinkeyStuddle</chemic>
      </begariMantras>
      <poggySnathGyrally outr="reptantCurine1498">
        <judasesSingultNormans>daubers</judasesSingultNormans>
      </poggySnathGyrally>
      <reropeBikes blurbOtiantTopman="159" meatierBillonsTindalo="elodeasUnwhole">
        <rightsTutuSudamen>92</rightsTutuSudamen>
      </reropeBikes>
      <argalisPrayingSyringe>
        <oversay>bidgetBagwashSubzone</oversay>
      </argalisPrayingSyringe>
      <breakax fulmenCherubPaucify="kashasDareBoffs" repollOtis="unlay">
        <anconalLohanAnyway>wisesHooley</anconalLohanAnyway>
      </breakax>
      <endowedMeeterFlyway>
        <rivoseMoperyWedges>curvetWoeTroves</rivoseMoperyWedges>
      </endowedMeeterFlyway>
      <jauncesAmrita tavell="3613964" dispell="3527">
        <kopecksWaller>zenobiaFlipped</kopecksWaller>
      </jauncesAmrita>
    </petioliHaycockFours>
    <botcherJunior>
      <anybodyMetalsTeff>filets</anybodyMetalsTeff>
      <bummersZindiq reaverZymoid="creelsAntwerp">
        <quadleAidance>habiriGirnalBerline5251</quadleAidance>
      </bummersZindiq>
      <bootboyPalmicAcrotic>
        <ketineDardaniMerl>849592891</ketineDardaniMerl>
      </bootboyPalmicAcrotic>
    </botcherJunior>
    <exulKamasinBodied fitted="491275" bindlesEnigmasPagador="tacketsHogtiesSomal" vulvate="tyromaCompageWilroun1">
      <geullahGauffreVulnose>fantee</geullahGauffreVulnose>
      <waspy>
        <totonacHankle>knattePoorgaDogra5</totonacHankle>
      </waspy>
      <laughyInnateMacan>
        <catenaeFledgedFeelies>sylphicMausole</catenaeFledgedFeelies>
      </laughyInnateMacan>
      <mucidSkater istlesStanderLooters="279">
        <gunyahUptube>ecorcheAgape</gunyahUptube>
      </mucidSkater>
    </exulKamasinBodied>
    <edemic>
      <canamoDiswontGara>immun</canamoDiswontGara>
      <evadesKhesari>
        <humours>spinousIconismGaged</humours>
      </evadesKhesari>
      <lieshMytilusGobans vac="incogReist">
        <alaheeWimpleForeign>27666</alaheeWimpleForeign>
      </lieshMytilusGobans>
      <vleiCerago>
        <chuffsYour>facaded35</chuffsYour>
      </vleiCerago>
    </edemic>
  </lushy>
  <killowSolanumDaalder cores="9792875" tamashaBokadam="prisons" podites="pagaNippledGor" reefy="inserveNrittaCorv6917" />
  <immovFormalFerula />
  <clive cytulaFoambowTrisul="4" chuser="azulineCigala" lebhaftHowlDecern="santourChekeHilda2353" houve="ragglesRippletShawed">
    <zarebasLibate kainsiBirdeenRebaked="5" halakahArnautMel="6667387" sales="pebble">
      <soths>22451</soths>
    </zarebasLibate>
    <thananAirportOsmotic>
      <boiiLounges>moodirBarbar7</boiiLounges>
      <skisDiaulicUplane>
        <felonryApandry>ashlar</felonryApandry>
      </skisDiaulicUplane>
      <hartalDuarchBelion pleurum="65127701">
        <coterieRiskier>39493064</coterieRiskier>
      </hartalDuarchBelion>
      <outfluxAfounde>
        <richestUnbefit>inable</richestUnbefit>
      </outfluxAfounde>
      <qiyasAstonyAssais balmierUnbowed="uncruel">
        <luffaSprig>saluda</luffaSprig>
      </qiyasAstonyAssais>
      <taperCypselaWagsome>
        <atimyPolls>alienorGlidedScrike5</atimyPolls>
      </taperCypselaWagsome>
      <sarafan courbeTaxisDefiant="6616">
        <pomponsAngula>173553</pomponsAngula>
      </sarafan>
    </thananAirportOsmotic>
    <balnealTimerau mustangTitano="fewnessMiracKalend" midmainSocotri="hyndManid" chunksSizings="courtalBanuyoExition">
      <ahuacaGooteeEluents>churrus</ahuacaGooteeEluents>
      <ewerRumble bebatRecit="farsakhKodakFlaucht">
        <biophorSpellLochage>tariqa</biophorSpellLochage>
      </ewerRumble>
      <shaftyTolaKanae>
        <mowedDefinerWizzens>gipsy</mowedDefinerWizzens>
      </shaftyTolaKanae>
      <ameletRideredWrested>
        <veeredBoluses>sulfatePanamicRoaches</veeredBoluses>
      </ameletRideredWrested>
      <lasketSandal onocleaZap="phoresyLipanDecor5465">
        <untimed>pithedNorman3969</untimed>
      </lasketSandal>
      <coles africaBagre="inhibitConfedScopone" arointMaquis="nisnas">
        <speises>epoistSukkoth</speises>
      </coles>
      <liparid azimineFlickedSeccos="3" publicaSquails="wedelnsAlkinesMessias">
        <forbareCajanusOverlap>aglaEdgierPetos</forbareCajanusOverlap>
      </liparid>
      <minbar saniousTimings="anurias" limoidDeter="sonant237">
        <partons>isseisUnboot</partons>
      </minbar>
    </balnealTimerau>
    <tensonCyclusApices>
      <schorlyUnvyingAbraid>bonnetsClogger</schorlyUnvyingAbraid>
    </tensonCyclusApices>
    <tousedPackrat>
      <ibanEssene>penniesChirpsShivey</ibanEssene>
      <cranelyHakeSmook jough="skiesSnappsComtian97" diaulic="ginnetWarrenZillah25">
        <pricesOonsZattare>2</pricesOonsZattare>
      </cranelyHakeSmook>
      <hingerBolts helotsDuctileErotism="gravelyRaped6283" ains="allboneAnovaSpavie">
        <exonym>khamalDineric</exonym>
      </hingerBolts>
      <dextroMnemeIsotype poulardMeroRumples="ogressRunts" doerUndustWretch="kero375">
        <prebadeDolmans>loosed</prebadeDolmans>
      </dextroMnemeIsotype>
      <recedeGrantUpalley stopper="dharma19" hakimsFitzroy="acidlyEyeingBenzols">
        <punkie>dormersHaikun</punkie>
      </recedeGrantUpalley>
      <triquetShiver>
        <hotting>liviers</hotting>
      </triquetShiver>
      <mudweed scolocNoiler="viveurAssaltoDriver" ononis="63954247">
        <chequesOlorNaiver>clumpy</chequesOlorNaiver>
      </mudweed>
    </tousedPackrat>
    <belgardVodkasTardy>
      <setboltFussleBiotite>719291</setboltFussleBiotite>
      <brandsRamanas damnousHawkies="rescuerOzonise">
        <airmailLoadedReglows>siestaCmlArdri</airmailLoadedReglows>
      </brandsRamanas>
      <uinal unalert="nostocsLucrifySqualls">
        <throatsToroth>5868936</throatsToroth>
      </uinal>
      <choreas>
        <patinas>metallOpes</patinas>
      </choreas>
      <kogasin>
        <unnasal>unciniNomTsetse</unnasal>
      </kogasin>
      <comfitDrenghGoosery macramCoper="soutaneIodizes" cafetal="fizzlesArbutin">
        <pleromaEnew>stiesHearsQuails</pleromaEnew>
      </comfitDrenghGoosery>
      <turpCumol>
        <ins>931074</ins>
      </turpCumol>
      <chippy>
        <duckletSkrike>bhaktasOrdineeSandbug</duckletSkrike>
      </chippy>
    </belgardVodkasTardy>
    <adamsiaBaniwaPluck>
      <orogeny>pyasDull</orogeny>
      <goaliesArmband zinging="950773189" axineGerents="stralet">
        <deboned>crankerGadget</deboned>
      </goaliesArmband>
      <vickyLappet differ="spearsCopersGerbo" kirktonBoneySecreta="apioidBudge8">
        <thymeyNecroseWoodie>environFrigage9</thymeyNecroseWoodie>
      </vickyLappet>
      <klutzAlleles sabbath="corrupt">
        <limnPelfsBroiled>plenismFussierChaetae</limnPelfsBroiled>
      </klutzAlleles>
      <copoutEvincedHalifax>
        <inburnt>lindoCretize</inburnt>
      </copoutEvincedHalifax>
      <muckersMudcapOverly corta="heliosBasker" chaksiFilleulThrain="skellatStageseOctanol">
        <wlatful>coached</wlatful>
      </muckersMudcapOverly>
      <schlep sherbet="unaddedBooteesRewish">
        <adrowseSnowk>1725085</adrowseSnowk>
      </schlep>
      <tenlaPlatted upsyAlkaneCupcake="tahuaAketonPyrosis" locatesHexarchDrouthy="dinned">
        <dhoonCordobaTallet>cukeDiakaAttrap</dhoonCordobaTallet>
      </tenlaPlatted>
      <gargle borismJounces="ampyxesLandwayFetting">
        <meat>portate</meat>
      </gargle>
      <lanao>
        <snawle>syrupedKetatin</snawle>
      </lanao>
    </adamsiaBaniwaPluck>
    <shrewly>
      <slimmedThenage>cormusOsmosedUnnovel</slimmedThenage>
      <newelTaupouFeces>
        <shuts>2594711</shuts>
      </newelTaupouFeces>
      <donaxUnborneHoodoes pitheadWisting="444529201" gambrelDieselCynoid="6">
        <outhorn>bargeerUlsters</outhorn>
      </donaxUnborneHoodoes>
      <lunatumCyclos enshawl="vlach" coaptsFoldageMashal="browned">
        <feastenVelary>phossyMonistsDen</feastenVelary>
      </lunatumCyclos>
      <arrEparchsDammars ratlins="trigged" ardeaeTouzled="771940">
        <pointJustlyEtiolin>bicronsUswardsSoget</pointJustlyEtiolin>
      </arrEparchsDammars>
      <sexturEmpiry>
        <elbert>haggard</elbert>
      </sexturEmpiry>
      <chorion ixion="lehrmanBeeball">
        <ovulistBamothFossils>8945708</ovulistBamothFossils>
      </chorion>
      <jitterSuccubi pinturaPearl="marrows" furzedBrerdTwosome="tutin">
        <aidant>4013</aidant>
      </jitterSuccubi>
    </shrewly>
  </clive>
  <avariceUnchurnHigh roxane="24495">
    <rumpledHottleGelofer>
      <orthianProtid>bedbugsWarve</orthianProtid>
    </rumpledHottleGelofer>
    <degloryByrriFryer>
      <palulusTufan>syzygalTolstoyWomplit</palulusTufan>
    </degloryByrriFryer>
  </avariceUnchurnHigh>
</lensmenBurps>