<?xml version="1.0"?>
<dropsEstrada>
  <rapacesFlunkedTsamba atopiteCohosh="2460" cambTaitHalloa="housage" />
  <subget peltryMatchetDolph="capulinChuckleHag67" kirnBelgium="hawkersSheeves849" surhai="wollockKolisBilaan530">
    <suitersCarli>
      <kelehFourier>10375</kelehFourier>
    </suitersCarli>
    <rinded>
      <meltsAlexiaRecour>flagonsSkidway</meltsAlexiaRecour>
      <albataBelton squamaRefuseNum="mestomeInfantSprunk6">
        <cesspitSulk>magnetsBrocket</cesspitSulk>
      </albataBelton>
      <quotee enfeverKumni="obley4409" woofyMickles="vetanda">
        <pataoStamAdatis>binateRaddled</pataoStamAdatis>
      </quotee>
      <encyWaysBuckles isnadWampumsBaetuli="trireme">
        <kifsSlapdab>cuartoIodize</kifsSlapdab>
      </encyWaysBuckles>
      <gareChuted gaypooMaat="893">
        <wrapGenosChazzen>pidgin</wrapGenosChazzen>
      </gareChuted>
    </rinded>
    <wuspBewash>
      <deflea>43362</deflea>
    </wuspBewash>
    <deedierMangeao>
      <gregos>outwallOecusEasts</gregos>
      <waxandLustfulBhalu upspoutSharplyStriked="upcloseMamryUpperch7956">
        <disert>deboiseCudgelsFishers</disert>
      </waxandLustfulBhalu>
      <sarsiArarobaWoolmen calcompJovial="adhakaWaw">
        <opacify>trypSteroid</opacify>
      </sarsiArarobaWoolmen>
      <deports>
        <sowleButleryVaudism>cratedLanson</sowleButleryVaudism>
      </deports>
      <aix fratersShrave="cryptos">
        <ionismKharwaWinfred>62</ionismKharwaWinfred>
      </aix>
      <urite lamanyDollop="canevaMashie">
        <townletFogramLoomed>tetroseDebyes</townletFogramLoomed>
      </urite>
      <nabk>
        <bulteySylingJiggled>4535019</bulteySylingJiggled>
      </nabk>
      <ladkinCaromel>
        <barytonCompted>terserFaraday4142</barytonCompted>
      </ladkinCaromel>
      <forhooRoun>
        <boltinOeuvrePinking>717047792</boltinOeuvrePinking>
      </forhooRoun>
    </deedierMangeao>
    <caffeolMidbody>
      <perjinkOxhideRudolf>face</perjinkOxhideRudolf>
      <compsoaKilij yawns="spoom" septileChallah="9496174">
        <coronadDorperChiv>rarebit</coronadDorperChiv>
      </compsoaKilij>
      <somaticNursers>
        <neeger>759069</neeger>
      </somaticNursers>
      <saddikEyewashLond>
        <oconnorToward>mether</oconnorToward>
      </saddikEyewashLond>
      <sceptre>
        <flauchtDollish>lycid929</flauchtDollish>
      </sceptre>
    </caffeolMidbody>
    <nowtheDevisor>
      <dinglesSwaggyBlinker>demencyGiaourHading</dinglesSwaggyBlinker>
      <rfreeSecale>
        <metriaAxwortHaoris>overtNegrosMarlite</metriaAxwortHaoris>
      </rfreeSecale>
      <scotinoAlma compartFerally="royetSurnounUptakes2">
        <avens>snipperHackers</avens>
      </scotinoAlma>
      <dourasLungsCocked drunkMemoRumour="lungisCapitalRabfak">
        <freddieRooterDivas>rammassBiogens</freddieRooterDivas>
      </dourasLungsCocked>
      <lamiae tumidGroofLittle="anseisTellina">
        <liquorResteep>byouslyJapetus</liquorResteep>
      </lamiae>
    </nowtheDevisor>
  </subget>
  <anguinePepticBoson lucres="viminal8" cloquesBartree="moonlitAnchory" bariMendel="9438" refried="gobbeDatchaReamer" />
  <quibble fortes="8141939">
    <pennateAlcogelBustics saudisVirtu="940242">
      <niveous>grozetSolon4576</niveous>
      <scrawkTwinge dormer="5848">
        <kilij>bopperBailsStreams</kilij>
      </scrawkTwinge>
      <regent mastage="pkgCroppaLicking" wouldstCetera="samkhya">
        <eurusKairine>newt</eurusKairine>
      </regent>
      <dakhmaThumper leeway="thrainCosier" isotypeBubbler="69604">
        <oogamyAccinge>cafBoho59</oogamyAccinge>
      </dakhmaThumper>
    </pennateAlcogelBustics>
    <swelthBeamySwabble>
      <retoastDaoineVisney>drewite</retoastDaoineVisney>
    </swelthBeamySwabble>
    <cabbagy>
      <piprine>tankasHubQuiina</piprine>
    </cabbagy>
    <bedwardKuehApexing speeled="untwistEidosLimbeck" rubato="joloanoElectic" drawoff="nonylic">
      <whitmanWordyGrowler>bensell</whitmanWordyGrowler>
    </bedwardKuehApexing>
    <comble>
      <harr>arestKoph</harr>
    </comble>
    <ballsy>
      <kebabHalyardBipedal>goniumsProcne</kebabHalyardBipedal>
    </ballsy>
    <punto ziffsKinsmenCursors="levanceTractsLieve" taupeVac="askantDynamos7" ephoralCursusCrisper="solanumSpikes3989">
      <hushoOrchatDithery>pocosinSkite</hushoOrchatDithery>
    </punto>
    <fleapitJure>
      <fangerChakramLooted>undutySouthsFlashly5</fangerChakramLooted>
      <garethHurrBethorn>
        <tomeletBoggleEncadre>denter</tomeletBoggleEncadre>
      </garethHurrBethorn>
      <popifyTonk>
        <noesKlismoi>steekIntwine</noesKlismoi>
      </popifyTonk>
      <curie>
        <isoamidInhance>proserTombakUpeygan</isoamidInhance>
      </curie>
      <prorate gooier="masoolaJokulGhis4788">
        <tsunGrippleArrases>markhorBbl</tsunGrippleArrases>
      </prorate>
      <buyout abangaPencelNare="palmaWangaLyrical" deltaicNoduledForesey="31">
        <bequalmMatesWambais>indunaBaizes</bequalmMatesWambais>
      </buyout>
      <pontageDeathlyDioxane ough="accuseDeltal">
        <debelSucces>rhesus</debelSucces>
      </pontageDeathlyDioxane>
      <gestapoRabble>
        <elixateLumineLiasing>slimsyQuatres</elixateLumineLiasing>
      </gestapoRabble>
      <doingCharnuBoys belout="schinus94" harrowsPostals="towzieLif385">
        <pocheHattedChinles>corylinPhasemy</pocheHattedChinles>
      </doingCharnuBoys>
      <peeler mahajan="678271" bitmapSilviaHadj="slimlyRetainHusking">
        <corser>94</corser>
      </peeler>
    </fleapitJure>
    <sikar>
      <sorrowsWairLooplet>vaguityBoudReesle97</sorrowsWairLooplet>
    </sikar>
    <moocherKoranDietic eathlyTelarlyPulajan="95231">
      <desertsAlcidDean>benorthStrichWelches</desertsAlcidDean>
      <swamps hagdonOpencutWellman="866371496">
        <diaenePoldavyPurda>wedanaGottenWhims</diaenePoldavyPurda>
      </swamps>
      <ferae ethnishTrinelyBeekite="arleng986" fahlerz="brinieGooralEgbert">
        <pightelScowder>nocuous</pightelScowder>
      </ferae>
      <udishAbe boyoAsideuSparids="biribaSkatistAigrets">
        <canulaeGummier>61976359</canulaeGummier>
      </udishAbe>
      <bhoosaPlummetAgrised thixleDancesBuaze="darciPernineUntipt734" pulledMunchy="uncleAgonize">
        <leadwayLinker>pawneeRepure534</leadwayLinker>
      </bhoosaPlummetAgrised>
      <issuingGpmGlaver yodlesConteck="curragh">
        <ondineTopiary>misselTaxpaidFevers</ondineTopiary>
      </issuingGpmGlaver>
      <snivel>
        <herman>lotosWhizgig3</herman>
      </snivel>
      <mombinDrinn faienceParotid="plaidedRecropSlags" brawnRenable="45">
        <reapplyHamlets>acheAstertSpiry</reapplyHamlets>
      </mombinDrinn>
    </moocherKoranDietic>
    <fancify>
      <evidentTutmenBigae>intactGellingFiercen</evidentTutmenBigae>
    </fancify>
    <lawPygopodMisterm>
      <vizzySeptiLoyn>risorseNoritesSeriola153</vizzySeptiLoyn>
      <tinkleOjibwas tuskyAtwirlCruises="2922780">
        <elevatoForgab>259577471</elevatoForgab>
      </tinkleOjibwas>
      <nairobiBod lollersMilacre="riverlySlagman">
        <emissiUpstep>titlingAlopekeGyrates440</emissiUpstep>
      </nairobiBod>
    </lawPygopodMisterm>
  </quibble>
  <dessaHdwe ghalvaPorter="arcedMoanedFretty" fusel="23557578" />
  <uirinaEyeball croydonCiliaHaars="sturdy">
    <bonifyNaiskosPeeling>
      <sapsap>polit</sapsap>
    </bonifyNaiskosPeeling>
    <rhytonCollyFraela>
      <crawlieAsquirm>kharuaGastTatary</crawlieAsquirm>
    </rhytonCollyFraela>
    <dronesBusker>
      <hide>hookish</hide>
    </dronesBusker>
    <sennitKvintMuscari>
      <triptSindryMurally>frowner</triptSindryMurally>
      <unstackZadrugaBarwing rubesFloroon="axungeInarm" deities="soporUntwine5">
        <keechJulianaJujuist>guestsYatagan</keechJulianaJujuist>
      </unstackZadrugaBarwing>
      <envaporBema urocyst="basongoLimingIncurve" unspoilHadland="471638">
        <grudgerGrager>3305</grudgerGrager>
      </envaporBema>
      <guepardClough graine="9833728" salameOnkerPilules="oxanateAliptesScrump">
        <derated>octetsTeadWebworn</derated>
      </guepardClough>
    </sennitKvintMuscari>
    <mizzleBeleve copart="ghbor">
      <proDissentLupis>tassesGurish</proDissentLupis>
    </mizzleBeleve>
    <skitesJeeredPelade>
      <sahidic>hairdosAtlatls</sahidic>
      <workerFungateNaphtha>
        <yummiesPlanxtyFirking>unchicGattineSalting38</yummiesPlanxtyFirking>
      </workerFungateNaphtha>
      <yite dogtrot="woyaway810" lamnidUnamiss="idetaHippiSlaver">
        <causingPeckier>coptineDormice</causingPeckier>
      </yite>
      <weber elbertaCledde="rowletSchnoz" diauAnornNunatak="bottle">
        <maduros>naivete</maduros>
      </weber>
      <quoitedElflock>
        <meratiaElectic>termesMacrame</meratiaElectic>
      </quoitedElflock>
      <tarumaLeam>
        <pulvinoReweigh>loeingIdoism878</pulvinoReweigh>
      </tarumaLeam>
      <intailCobbledKumis wappo="jaegarsSwabbieErrant62" bunkos="guidage">
        <saripSpaders>monasePasseePurty43</saripSpaders>
      </intailCobbledKumis>
      <slartShmoes>
        <rispMoxiesAirmass>yaruranPidanHostly</rispMoxiesAirmass>
      </slartShmoes>
      <actonOverden lipanMistalAchree="bidedBastonRacism39">
        <scoad>honeyedBayingPoshly</scoad>
      </actonOverden>
    </skitesJeeredPelade>
    <sclawLegge awetoThrepeFlinty="bugdom" epigeum="morgana" cukeSked="spiler37">
      <besnuffUsefulUveas>417813265</besnuffUsefulUveas>
    </sclawLegge>
    <gatherVerismsSestuor>
      <guttyTrefoilNectar>eugeRedd</guttyTrefoilNectar>
      <dolos dmodFaverel="bowelsRhagite" apercu="gazelErugo">
        <cotset>ados</cotset>
      </dolos>
      <lichSlish gliffs="upchuck162" tausCochiefPaletot="borrowsChocksAntewar665">
        <paynizeMousleSabbed>overIodite99</paynizeMousleSabbed>
      </lichSlish>
      <tropins bident="marcherRumorer">
        <cladMetusia>quadsColomboHookeys</cladMetusia>
      </tropins>
      <blokesPeedAethers gippedPure="reprintGemulTeaming" forpetFoppishNukes="wardayCalor">
        <ramass>regencyThester</ramass>
      </blokesPeedAethers>
      <flyschOutglowQuittor spicasTrinkleRitzily="swedeSpaviesTeachy">
        <orpinsYogini>manxmanSite</orpinsYogini>
      </flyschOutglowQuittor>
      <moravid beths="5225590">
        <ribozaAfricSelfs>meads</ribozaAfricSelfs>
      </moravid>
    </gatherVerismsSestuor>
    <tholedIsopods sley="917">
      <dover>lodeman</dover>
      <cursenAttaccaBufidin induced="dhanukLispundJagath">
        <jotisi>brelaw</jotisi>
      </cursenAttaccaBufidin>
      <cut law="tsatleeCrabutScyphus" mishipsSoup="4736978">
        <ureHutzpa>9260681</ureHutzpa>
      </cut>
    </tholedIsopods>
    <unchair>
      <stolen>530289018</stolen>
      <drawled zanyMinster="9" sonovoxHarr="pertlyGlucateCystoid">
        <ghetti>9835</ghetti>
      </drawled>
      <increst>
        <hareldDialers>dublin</hareldDialers>
      </increst>
      <epeeistWhidded>
        <showupStoopAshrafi>909</showupStoopAshrafi>
      </epeeistWhidded>
      <melts screwer="97882">
        <bisulc>fanjetUppbad</bisulc>
      </melts>
      <charrasSculper quashy="curdly6">
        <dutyGlossae>butoxyl7</dutyGlossae>
      </charrasSculper>
      <raptOptate coquinaCuckoldBignou="quintinPlants" scammel="pickinClamberBarns">
        <dactyliDynamosRoture>stolae782</dactyliDynamosRoture>
      </raptOptate>
      <unfilmMarkusLiin dolHarmedGuldens="piecerLuketCoyed">
        <duelPalulus>coenuri</duelPalulus>
      </unfilmMarkusLiin>
    </unchair>
  </uirinaEyeball>
  <eulogicTrypticSiva />
  <hichuMir justedPatentEnrheum="valgusTalloel" />
  <bletiaLibMahoes taxite="covingsWairch" azurean="roguedZohakMisset" reputesLoobiesDecors="goatyGeinAxion" cedisAmyrinYurok="patrialListersPeeler" />
</dropsEstrada>