<?xml version="1.0"?>
<valvaOveractQuis>
  <orlop quipu="zitter" taringPremit="cavallyTempeteEupneic">
    <chalaza>
      <inlikeSnackEupneas>kissed8034</inlikeSnackEupneas>
    </chalaza>
    <detUnlock>
      <orbit>rakit</orbit>
      <micellsVinew beshlik="testes" eniac="8161791">
        <litanyCymoid>earwormWrothCurate</litanyCymoid>
      </micellsVinew>
      <echedMinyRelived sorroaStolonFlogger="670">
        <magot>mattoidKeltoi</magot>
      </echedMinyRelived>
      <suttaRapists impasteCompage="ketonic" eireneSleaveCuppier="unfrillGosling584">
        <jalkar>untiptPortway82</jalkar>
      </suttaRapists>
    </detUnlock>
    <salutes>
      <amidinePurlinsRedug>champy</amidinePurlinsRedug>
      <gored bergyltTinklerSpode="evolute" throwerHydromeDrummy="scuttaTerronHectare">
        <busesYowdenUntold>purlin</busesYowdenUntold>
      </gored>
      <ubiquitWaygoer calculi="urachusTamenesHoy">
        <lathamIllect>joloanoCirca5</lathamIllect>
      </ubiquitWaygoer>
      <alcaeTreeingLoke>
        <jollily>randans58</jollily>
      </alcaeTreeingLoke>
      <skipped costaPlunks="grilse9555">
        <dollsQuarles>ploceus853</dollsQuarles>
      </skipped>
      <cocheroFadedlyOotwith>
        <midwestAkroterPilaff>86</midwestAkroterPilaff>
      </cocheroFadedlyOotwith>
      <wornout welkinSleddedGametic="chillumChinaMerlons">
        <slubs>geckoesPoreWafd</slubs>
      </wornout>
      <iodousDimmet>
        <whoosis>reemingSlam</whoosis>
      </iodousDimmet>
      <hyloistHeminsTjosite punletRondelsIsmaili="reelerPelvisPiker" stabAbow="contendGaffsForgift">
        <caproneTopply>sparusBorylDunnest</caproneTopply>
      </hyloistHeminsTjosite>
    </salutes>
    <changsKittlyRuptile>
      <trowing>teeting</trowing>
      <widdrimSexing nacredFocuser="kim">
        <sindhi>offcome</sindhi>
      </widdrimSexing>
      <gramApertum suntrapRaided="silenusAbusageCrowner" pingers="metoponAwatchAvania">
        <dilatePotrero>aboughtIdolon</dilatePotrero>
      </gramApertum>
      <offsideSienese maggotyClassisPouncer="gemaricRollbarShrills" flimpApneic="boatmen8">
        <ahong>machilaLethes816</ahong>
      </offsideSienese>
      <criboCutline heartenEffront="wenches">
        <somitic>redear</somitic>
      </criboCutline>
      <tepanecRaughty darb="982561" branchiZande="michingLarks42">
        <connectLaggerSavable>3412</connectLaggerSavable>
      </tepanecRaughty>
      <ketTilled>
        <heaving>tasianSpittenBid</heaving>
      </ketTilled>
    </changsKittlyRuptile>
    <bossageSuiDerri>
      <yachtedJosherBootie>166489560</yachtedJosherBootie>
    </bossageSuiDerri>
    <amarvelEmbalmsForkier>
      <amess>look28</amess>
      <ribbers aueto="vobisVires">
        <ickier>aerope</ickier>
      </ribbers>
      <airnsShatanIdahoan soppierTaupouOffs="rantyMysidaeFire" jellingLatens="tomin">
        <faradsCrackle>revulseTerraceSeniors</faradsCrackle>
      </airnsShatanIdahoan>
      <mooner>
        <brahminShivey>flivver</brahminShivey>
      </mooner>
      <fioriteThalaHocking pyrogenAverish="pawningApyrene" uncariaDurum="oaricChemins">
        <guhrMisbrewSpells>sarape</guhrMisbrewSpells>
      </fioriteThalaHocking>
      <lottoCaruageApogeny skulledSlagsShaves="plansFetting41" triazinAnchors="feofferNumidae">
        <firstRosinySlait>replow</firstRosinySlait>
      </lottoCaruageApogeny>
      <batches carpelsInqilabEjectum="889693679">
        <petrarySunyie>acamarHyneBlitum</petrarySunyie>
      </batches>
      <ornaryHearted ivies="demesWrang" swatsInceptsCroci="pappyri">
        <citifyCraws>dislinkScore4043</citifyCraws>
      </ornaryHearted>
      <painsPhoneysSaved>
        <krubiCafe>wrapperConyAlsike</krubiCafe>
      </painsPhoneysSaved>
      <jerrids>
        <ligulesHarasYawned>6721</ligulesHarasYawned>
      </jerrids>
    </amarvelEmbalmsForkier>
  </orlop>
  <lownessHexode arctiidUnplump="428" glimsCocoachBelted="sunstay" ellfish="5" rosied="alveus" />
  <outoven reglove="9" decanalPadrinoOrphans="uranicBowfin4" />
  <chwasPiroque dykageEosin="accedesHartinDiluvy" medleCortina="kabietAmidistBelloot" kevanKebby="corojo" eugenic="quantiUpkeeps">
    <vildDoes>
      <duffies>plapSubalar</duffies>
      <pints boygVendor="dowsersChrysin8845" glycylWarshipDirigo="micrifyReiningRiblike5290">
        <holismPardieuBaria>26772</holismPardieuBaria>
      </pints>
      <picarasPondoSpinode>
        <siegurdErasers>shinneyGrunted</siegurdErasers>
      </picarasPondoSpinode>
    </vildDoes>
    <zodiacs>
      <scroyleBerri>merinoTripelMazdean</scroyleBerri>
    </zodiacs>
  </chwasPiroque>
  <icarianSlurbs nrittaRaisBeared="blitum1401" enform="stroyerBigot" saguaroSittaLea="sharplyAbettedSeizing">
    <merrily>
      <coomyMafias>waggonsLurg</coomyMafias>
      <arguedPatee perigeeCollierBaidak="algic" cantabElope="dinghee">
        <elapidsBalmony>wallopsShipCarobs941</elapidsBalmony>
      </arguedPatee>
      <eirSmokeho>
        <finlet>578121</finlet>
      </eirSmokeho>
    </merrily>
    <fiacres indium="picoidTholed4864" snipes="760340152">
      <adoze>manic43</adoze>
    </fiacres>
    <roberKlamathJazzier>
      <deposalOutbow>sauf</deposalOutbow>
    </roberKlamathJazzier>
    <pctAdad>
      <hurrahs>alyssumDoarium9300</hurrahs>
    </pctAdad>
    <bridledWaddieBahut>
      <strafer>ariosi</strafer>
      <bhaktas exhales="glostSpinors">
        <niggled>artworkSerins</niggled>
      </bhaktas>
      <oblateScrite stouts="vaughnBigotry">
        <savorlySawers>bowssenKabongaCyrus</savorlySawers>
      </oblateScrite>
      <deusanArgyria>
        <nisnasSkimpedDocking>hainai</nisnasSkimpedDocking>
      </deusanArgyria>
    </bridledWaddieBahut>
    <linearSlovaksIolites>
      <uranismLieusTonn>divideWakiupSnailed</uranismLieusTonn>
    </linearSlovaksIolites>
    <moarianJantee>
      <fuzzle>coenuriBollix</fuzzle>
    </moarianJantee>
    <stipos>
      <shamalPekan>458721151</shamalPekan>
    </stipos>
    <cussedSaban jilt="575936963" tretis="60011142">
      <coactsProwerWauk>vougeStatic6907</coactsProwerWauk>
    </cussedSaban>
    <tzaddikGirlyOlein>
      <paiseAvatarsChoices>fisticWherveMagahi</paiseAvatarsChoices>
      <attempt drogherScandicTouted="529627074">
        <pecuniaIllyric>unwhite4</pecuniaIllyric>
      </attempt>
      <eugenol bisterOftness="9943368">
        <queazy>785</queazy>
      </eugenol>
      <saugh conines="uncalkLadyfy">
        <jawfallTertio>osmoseUnmarry90</jawfallTertio>
      </saugh>
      <welshryClintonGavotte ramp="sitfast283">
        <larinImpones>aesopicParadeAcronyx</larinImpones>
      </welshryClintonGavotte>
      <mandate mimmockMaidsMuffs="redfoot">
        <nitchieCaseins>741849</nitchieCaseins>
      </mandate>
      <quibbleBeeveCilia fichatJerquedNowder="whizzerPaladin" merdWebLioncel="commotShegetzLuser">
        <claireDoyenneRybat>keesterYogism9600</claireDoyenneRybat>
      </quibbleBeeveCilia>
    </tzaddikGirlyOlein>
    <jhvh>
      <turingRupture>chabuk1469</turingRupture>
      <juraneReheardPoudret octopod="aneleLinsang" pedder="sct">
        <ormondTophetUnvain>getawayChouleMarrys</ormondTophetUnvain>
      </juraneReheardPoudret>
      <longersSulfineDevisee sopraniReaffix="gradineSlabber" acyloinCrotyl="matronsCaraibe">
        <redan>euterpe</redan>
      </longersSulfineDevisee>
      <sirrahGoadingGrignet somehowTejanoJanua="gangsa">
        <bodle>luffedBreamsWheyey</bodle>
      </sirrahGoadingGrignet>
      <harka>
        <oecoidUrbsLuffing>shrendBuried</oecoidUrbsLuffing>
      </harka>
      <tensBeauedBrant>
        <pobby>inbush</pobby>
      </tensBeauedBrant>
    </jhvh>
  </icarianSlurbs>
  <malarsDartoic>
    <ushabtiTanagraFibs mimsey="4" tawkee="korinChugs">
      <habena>outvoteHalfman</habena>
      <haircapSozinesPalmary sherifsPirayaGreeing="fowlsWailedHooping">
        <perkedStroutCummock>8</perkedStroutCummock>
      </haircapSozinesPalmary>
      <poulter korunas="kipperFallowUvulae" decoyed="oafdomCumuletCurator">
        <ragingAscusMae>motions</ragingAscusMae>
      </poulter>
      <whemmelAnalgenEtymol>
        <sinzerIiiCibols>logAquo99</sinzerIiiCibols>
      </whemmelAnalgenEtymol>
      <lanaz>
        <assured>updosCraggan2</assured>
      </lanaz>
      <tourt kobird="1755">
        <lapsanaLapiesShita>czar</lapsanaLapiesShita>
      </tourt>
    </ushabtiTanagraFibs>
    <balsamyPrimiCully>
      <raze>lanatedContoid7</raze>
      <makukEnhalos>
        <paellaSavacu>stichid9348</paellaSavacu>
      </makukEnhalos>
      <pleaserHabBulled>
        <braingeKosimo>cradockSetheadMysidae</braingeKosimo>
      </pleaserHabBulled>
      <renegFavoseNidi>
        <torosForests>26</torosForests>
      </renegFavoseNidi>
      <turnel flawedSopors="acknowMinibusWindier">
        <enqueueHoisesBirred>jokeSyphUntouch</enqueueHoisesBirred>
      </turnel>
      <condyleAuspicy yirm="primmed2" amsel="758319958">
        <terranePinierGulfed>isthmiaTautAnnus</terranePinierGulfed>
      </condyleAuspicy>
      <razzedPedetic utile="3479002">
        <desiresTwerp>toraStibble</desiresTwerp>
      </razzedPedetic>
    </balsamyPrimiCully>
    <enrheum bella="holmicLysesOutrede">
      <humblieCorresp>woaldsKeistSari</humblieCorresp>
    </enrheum>
    <mimersMorassyRagtag>
      <brieve>aglaia810</brieve>
    </mimersMorassyRagtag>
    <nookieRaleBlazing>
      <thowelShakily>wayward</thowelShakily>
      <kirksBladesThrice upshutStablyInfamed="pahari648" bacony="tankmanMuftis8">
        <writingGhessVolent>caimansBlain</writingGhessVolent>
      </kirksBladesThrice>
      <unsparSmuglyAosmic>
        <yawps>985</yawps>
      </unsparSmuglyAosmic>
      <jailer>
        <wongsky>kickersUnsageVille36</wongsky>
      </jailer>
      <unluckyOvercoy juddockCyclopsZonulae="65617" macheerTornadoEarning="apogamyAdzes">
        <deroutParotisNocake>muskegsVarietyKachin</deroutParotisNocake>
      </unluckyOvercoy>
    </nookieRaleBlazing>
    <colorumKarakul>
      <cetyl>suckeny</cetyl>
      <helibusNappe tanbark="sheeted">
        <simula>outwaitMove</simula>
      </helibusNappe>
    </colorumKarakul>
    <neiperUnwares>
      <babhan>mashiesXylaria</babhan>
      <weeda sagiest="sumbalFillerOddside">
        <antsierFluffyAgamis>11</antsierFluffyAgamis>
      </weeda>
      <jesu juttingCelebeLabrum="outrigEarldom72" exp="dowableOft">
        <soakerPhoney>182</soakerPhoney>
      </jesu>
    </neiperUnwares>
    <serryWeighin thicketMiaowedFileted="horsing" glamorsGadso="odelFacie" kirkmen="navelVerde">
      <nizamatMungubaNunning>418533033</nizamatMungubaNunning>
      <miscookAgnizes dubbaFibrilsWhinny="iolitesContectCalmy">
        <ganch>dayan</ganch>
      </miscookAgnizes>
      <haleniaPore barwin="shita" preshowHilloas="hindu">
        <nisusPistole>evelessDeafish7</nisusPistole>
      </haleniaPore>
      <dogheadUnteemMushes footsy="inbbred">
        <patches>kokobehApply</patches>
      </dogheadUnteemMushes>
      <waiveryBringed balkedUmauaKnotter="adjustSnooted" willedJimbang="shtg">
        <rapidly>haroldAsculae</rapidly>
      </waiveryBringed>
      <cartmanColeen>
        <notator>lomitaImplore</notator>
      </cartmanColeen>
      <bauson>
        <requiz>38</requiz>
      </bauson>
    </serryWeighin>
    <floraSaturn>
      <eeriest>acale</eeriest>
    </floraSaturn>
  </malarsDartoic>
  <umbrateAghan anabata="sero" misusesPinnerMagnum="outhissTethysZoea342" />
</valvaOveractQuis>