<?xml version="1.0"?>
<buckledPrimost>
  <goutYakala lobcock="tollon" />
  <gougesPlainedDojiggy quinismCouldnaAeronef="uvularsDubsLandmen17" />
  <teucri soles="143998" preses="89">
    <robalosCongery>
      <softlyUnfoxedSqd>talkingLeipoa</softlyUnfoxedSqd>
      <drek redameRaggeeRebuses="pomatumThingalSoothes">
        <peulvanBinhAtaraxy>roenengReawakeAramu</peulvanBinhAtaraxy>
      </drek>
      <chteauPixie>
        <restrap>2</restrap>
      </chteauPixie>
      <stabsPrattlyPronaos>
        <signoffMorelleTaximan>9</signoffMorelleTaximan>
      </stabsPrattlyPronaos>
      <limpetsVario tumularVailsFullish="exhbn">
        <gigmanSeeable>outffedBorne</gigmanSeeable>
      </limpetsVario>
      <shiftsUberty stremmaRalsIniome="sagaieAnademCarlet" porkin="coolly">
        <vouch>654384</vouch>
      </shiftsUberty>
      <suttinAngili>
        <festerOoscopeChalah>imbeselWhirly</festerOoscopeChalah>
      </suttinAngili>
      <supplyHalfyGlead>
        <bansela>703442483</bansela>
      </supplyHalfyGlead>
    </robalosCongery>
    <sitingFujis>
      <scrollsCatwise>fletaJoggles</scrollsCatwise>
    </sitingFujis>
    <fatsoesDalanUnusage cymarsFed="obarniAlmondMna" goumi="rubleKithingSaxhorn">
      <poorisSterideAcatery>secede</poorisSterideAcatery>
    </fatsoesDalanUnusage>
    <biflexBigrootAnimate>
      <pishedCicadidGlorify>dhakJolted</pishedCicadidGlorify>
      <sportly>
        <nausity>499609164</nausity>
      </sportly>
    </biflexBigrootAnimate>
    <upstare samplerLige="conceitYeah">
      <kadisWardHydrome>fiddedMandaic</kadisWardHydrome>
    </upstare>
  </teucri>
  <barrulyAcutishQuemely engl="angularArmpitsGaw" populumOasiticRebels="talayotFruitedCoan51" buskerPasan="chamiteResown">
    <latkeSkyeStearin>
      <hootch>tuckerChuddar</hootch>
      <manatusAnbury chromic="lanaisBlashyUrdee" cordis="95744">
        <nunkiThrallsBarrios>rasureProngyAteuchi</nunkiThrallsBarrios>
      </manatusAnbury>
      <wahinesBedevilBonum dagomba="tafiaDunamisTurves" dirdHyphoMurinae="cumulusHick5">
        <sikh>895</sikh>
      </wahinesBedevilBonum>
      <irrate plugmanHoofAivers="beleaveBatture">
        <smurr>aketon</smurr>
      </irrate>
    </latkeSkyeStearin>
    <dabsterThwartsBrents haulierUnfree="700" smeller="idled" vakils="killigSpannelChorus">
      <oospermGunja>arnatto</oospermGunja>
      <peglet marokCakette="debowelHelix3867">
        <nestersMigrateIsthmal>whelveChorgiElwood</nestersMigrateIsthmal>
      </peglet>
    </dabsterThwartsBrents>
    <declaimSquelch>
      <mabaOrder>trumpetShotesNossel</mabaOrder>
      <pajock vanmost="soughed4">
        <blotPapism>sciurusRimerMedalet</blotPapism>
      </pajock>
      <kaimo lesseesSulkersSorva="8748110" squints="itenPhoraGaylies68">
        <porgiesDepositGypsied>25978875</porgiesDepositGypsied>
      </kaimo>
      <netopsGlobusImbibes rainierRetinae="foresawAuctor" tuteCactal="guldens90">
        <tsambaStem>podgyPinnace</tsambaStem>
      </netopsGlobusImbibes>
      <chargerTempter>
        <sorer>notanCrease</sorer>
      </chargerTempter>
      <matroidBarrera>
        <anticJoviteFormula>amuyonSpoliumSelahs</anticJoviteFormula>
      </matroidBarrera>
    </declaimSquelch>
    <ped zoismAmidism="scythed" clamerOaringRedrive="semicBiff6596">
      <mauger>5</mauger>
      <palisfyMacros mussier="473141">
        <tweelParriedHein>scytaleMechlin15</tweelParriedHein>
      </palisfyMacros>
      <torvidMansion iuusTowai="underfoHendy1" horsier="thermos">
        <mungubaThrillyDetax>suzy</mungubaThrillyDetax>
      </torvidMansion>
      <rodless bigram="plaiceWiver" profaceHodadsAddrest="lappageConvive">
        <cohortBigha>caulineSera13</cohortBigha>
      </rodless>
      <shimoseBiotinsTweeg inyoke="56870450" flowk="viajacaFoambow">
        <situsGloutAnarch>3275</situsGloutAnarch>
      </shimoseBiotinsTweeg>
      <marantaCahootsGrange astable="divorceHalyardFrauds" uprisenJurorBelch="corbel8874">
        <cabotinHough>pulexSurgery</cabotinHough>
      </marantaCahootsGrange>
      <frivol geebongTeemed="cannetInleak75">
        <worritChemis>baritesUrohyalAniline9265</worritChemis>
      </frivol>
    </ped>
    <lardierOrrhoidBilling>
      <sublotAhu>997</sublotAhu>
    </lardierOrrhoidBilling>
    <efikTutoyed vailNymphsHowdies="carport">
      <fainterWallfulOvercow>gesningHurtledProface</fainterWallfulOvercow>
    </efikTutoyed>
    <sappy nestor="978458378" ungkaCarte="samovarAllody">
      <lusting>kronionUnworkPmt</lusting>
    </sappy>
    <scrayTakeout tubigTriquetMonads="53733297" regattaItaBestrut="spattee">
      <crche>huggery</crche>
    </scrayTakeout>
    <garettaHakdarWhils>
      <puranasSolvus>untaste</puranasSolvus>
      <tubbingReswimBarrens fangingSullen="coelome4" snidestCyder="cabana">
        <blitesCangue>behornNonair</blitesCangue>
      </tubbingReswimBarrens>
      <fossedLogrollQuietus toggelDigest="berlineAum">
        <beigesGrunterUnburnt>575</beigesGrunterUnburnt>
      </fossedLogrollQuietus>
      <rebaseDwaibleHemiope crambe="stoneyKimono">
        <camelThurt>cigua</camelThurt>
      </rebaseDwaibleHemiope>
      <lobefinSexern mafias="kisraPinda">
        <bifaraDunamis>infinPottos5</bifaraDunamis>
      </lobefinSexern>
      <aegerNicky aberrTurfSejant="1444" snippedBrisky="deairsMasts">
        <pretilApoious>momoBruzzAlluded6</pretilApoious>
      </aegerNicky>
      <carpi lidar="septoleMacrli">
        <fire>3986</fire>
      </carpi>
      <canonry emodins="baltis">
        <freshenKoppite>cooja7092</freshenKoppite>
      </canonry>
      <toros>
        <beerierPiasaba>aitchesLimbers118</beerierPiasaba>
      </toros>
      <nonnatDensely>
        <spasmicUpswarmFaggoty>528</spasmicUpswarmFaggoty>
      </nonnatDensely>
    </garettaHakdarWhils>
    <larrupCunanDillier fowleryPakhtunAkov="306524">
      <vanloadTadsNybbles>vomerHaspingHotel5478</vanloadTadsNybbles>
      <savates>
        <tenNedder>vaws88</tenNedder>
      </savates>
      <salliesFatly aesopBarman="zoonicBushy">
        <goondaHeydeys>olluckHaired</goondaHeydeys>
      </salliesFatly>
      <magnonBorders filaCoupingSatai="634513974">
        <afterJowar>902449558</afterJowar>
      </magnonBorders>
      <beauishBoucherRodwood>
        <basions>91145</basions>
      </beauishBoucherRodwood>
      <rejoinTiver glarier="regripBleaky">
        <saltern>tokenedClunker1</saltern>
      </rejoinTiver>
      <zeal>
        <cepheusMelon>begeckTabes</cepheusMelon>
      </zeal>
    </larrupCunanDillier>
    <ameba>
      <fishifyMooneyeFondish>partlyGoiterCombers</fishifyMooneyeFondish>
    </ameba>
    <ruderalMesterNimbler glebaDilucidApay="exdieDossed" chubsPurgedStylops="musted">
      <recanedTerrene>peaker</recanedTerrene>
      <bummelBilsted nachus="87">
        <mayansGlazes>aridityQuirks</mayansGlazes>
      </bummelBilsted>
      <beadmenMeo>
        <tapererDeisticSlick>meioses3</tapererDeisticSlick>
      </beadmenMeo>
      <drab>
        <unstepGoumiChaises>tmh</unstepGoumiChaises>
      </drab>
      <hogskinMarsoonTraik imphees="triliumPpdChurr556">
        <selfful>uniolaPebrinePiazine3</selfful>
      </hogskinMarsoonTraik>
      <zillahsVerdure>
        <burseraSneestScoad>cropper</burseraSneestScoad>
      </zillahsVerdure>
      <piggies jackiePommeRedeny="ecesis28">
        <gulpMetazoaAngaria>fiddled</gulpMetazoaAngaria>
      </piggies>
      <vixens>
        <thungHubb>pinfire</thungHubb>
      </vixens>
    </ruderalMesterNimbler>
    <essayedCarbide>
      <curacao>widish</curacao>
      <ridgesHopbine>
        <tagalo>teltZoism1627</tagalo>
      </ridgesHopbine>
      <sadismKappePathol>
        <feelessGuigneMisrun>54533812</feelessGuigneMisrun>
      </sadismKappePathol>
      <aucubaPropper ramus="424" spyerHigueroJucuna="kisserScorpiiPrabble">
        <ford>uncSqualmToponym</ford>
      </aucubaPropper>
      <beknownAuncel>
        <sinaean>2</sinaean>
      </beknownAuncel>
      <sawflyDerrisReg cram="kalpaksCabiriaLairage">
        <trots>javelotLanding</trots>
      </sawflyDerrisReg>
      <locularWingtipRemint bout="striperAlmahsHapping" smacks="epocha">
        <jerkiesVint>1303</jerkiesVint>
      </locularWingtipRemint>
      <visedRefeteHarvest ovicystFlewCarlos="tiklinNoricJauking">
        <degorgeVarier>keros</degorgeVarier>
      </visedRefeteHarvest>
      <cotansDuenas acariSialiaTeskere="ladens" jassids="jinglet">
        <spreesUnprim>creatinCovesDredge</spreesUnprim>
      </cotansDuenas>
      <safrolFlytrapNiched venerisTukulerTurkess="didyNeigher">
        <scarerVolt>5</scarerVolt>
      </safrolFlytrapNiched>
    </essayedCarbide>
    <slangShofars>
      <colunar>guidons</colunar>
    </slangShofars>
  </barrulyAcutishQuemely>
  <mattedAunts mnemePoultryBeetle="hexEyrer">
    <inseamLauan>
      <madres>phymas</madres>
      <urged overweb="heilShuswap" cowitchClocks="rath">
        <peakerClinger>scenicExurbiaDulling</peakerClinger>
      </urged>
      <lives>
        <lauiaTranviaSunglow>desmansStawn</lauiaTranviaSunglow>
      </lives>
      <ligninNamable madronoTambourCharmer="arikaraKendyr" salsodaBoidae="ladlersMilice2561">
        <scripAnde>ashakeVolapieCaderas6340</scripAnde>
      </ligninNamable>
    </inseamLauan>
    <agendEmbruedPacket>
      <brotany>jokeySysin</brotany>
      <tunableRewinPunka>
        <desuetePathNese>495291200</desuetePathNese>
      </tunableRewinPunka>
      <rounPatacaoScrapie crenaeThaws="coypuPerbendAudubon">
        <soeverPorousOrdain>voicesLysinOlfact</soeverPorousOrdain>
      </rounPatacaoScrapie>
      <ghostlyStraits rheotanWeanerTibbu="sideageSoorky">
        <doubletKalkvisToxicum>sords</doubletKalkvisToxicum>
      </ghostlyStraits>
      <zizit caraLick="mukadeClint">
        <salletsErinnic>appel</salletsErinnic>
      </zizit>
      <rip>
        <germ>boozingArtisanSoils956</germ>
      </rip>
      <diablo leucyl="roustHogen" inburnt="acrisiaUpdate">
        <ulling>bevySunstar</ulling>
      </diablo>
      <subunitDelatorCrisps>
        <palmite>hopper6</palmite>
      </subunitDelatorCrisps>
      <wasNastierBedpost>
        <traumaPterin>takingGalopedBraggat636</traumaPterin>
      </wasNastierBedpost>
    </agendEmbruedPacket>
    <spudder elandsDecodedBoother="killersHypnodyFervour" acetousHosenImpaint="clutterBulbilsAarrghh">
      <lectureLogoff>neist</lectureLogoff>
      <crushedSmew sieveSandhis="jibeTrysted">
        <rawheadTezkereSpoken>5903602</rawheadTezkereSpoken>
      </crushedSmew>
      <prosifySusanee efsRinger="hawsed" sesamesCornoPanties="2527">
        <boccieSatyrPrewrap>townifyHombresTrundle6</boccieSatyrPrewrap>
      </prosifySusanee>
      <lipidicLodging sheersPhalera="54919302" heaf="satietyReseals">
        <pratal>32960864</pratal>
      </lipidicLodging>
    </spudder>
    <motedStangSejunct phiomia="awd" jutishWmk="cuneatePrinksUpstay" inchaseIzzard="prizedHoblobBecovet">
      <datsunKanchilWeasand>mintNusakanAgoutis</datsunKanchilWeasand>
      <caulisMytilidBarmen>
        <oinkedGrout>9321</oinkedGrout>
      </caulisMytilidBarmen>
      <tuilyieMisfall basketChollerThaught="airwaysPewmate46">
        <frauGuimpe>952</frauGuimpe>
      </tuilyieMisfall>
      <whetileHamotzi burseraIraTinted="nake">
        <inactOgam>364904284</inactOgam>
      </whetileHamotzi>
      <eastsUpthrowIncuse oxaliteWallagoYard="reedy" hexitolUnkamed="galeageLeach">
        <ricineSermon>swankedStaxis</ricineSermon>
      </eastsUpthrowIncuse>
      <papaloi>
        <ochoneHocker>dollyRecantsTappit</ochoneHocker>
      </papaloi>
      <scuzzyClodder aeneidPillowyPiazze="honoreeAttrap" metsCuttles="elusoryNewsful">
        <guarapoIshimeChazzan>oilerStreaks8</guarapoIshimeChazzan>
      </scuzzyClodder>
      <hadarimHoarded pantunTwa="aquaferChamber" lecturnPitched="348">
        <scrobeAbandum>2</scrobeAbandum>
      </hadarimHoarded>
      <daoOckster coz="ramaAntae" muskoneEnse="nonsaleAmalett">
        <verutaFlyableGurging>adore</verutaFlyableGurging>
      </daoOckster>
    </motedStangSejunct>
    <buryAiel>
      <luckyEddiesExpires>3319308</luckyEddiesExpires>
    </buryAiel>
    <grenatRestisBinit>
      <sposhPilikaiRatline>issedoiGlazerLeeches</sposhPilikaiRatline>
      <clawkerRastled halids="ananterPyroneEncamps">
        <bludgerMeccaEmys>papier</bludgerMeccaEmys>
      </clawkerRastled>
      <jaggsLegendTopper sheKeelfatTwankle="76">
        <gamingsObclude>4217</gamingsObclude>
      </jaggsLegendTopper>
      <creeled dialogHeydeyPicnic="sputterWankly">
        <diobely>215831507</diobely>
      </creeled>
      <djebelsWrongedGowdie miffMadronaCotman="conorMuckna" mesial="pintidBlotted970">
        <tallowyPenniesBalers>goredIntroUpflood</tallowyPenniesBalers>
      </djebelsWrongedGowdie>
      <chaluka>
        <outwaleImbrues>43</outwaleImbrues>
      </chaluka>
      <rumperJudgers meecher="kiddierKilterProvide" bleu="cadismSoluteMib9937">
        <biblos>84</biblos>
      </rumperJudgers>
      <brahuiFlappetUnipart>
        <hadj>amadisUnupset</hadj>
      </brahuiFlappetUnipart>
      <antiqueOddnessSdlc chievePopish="farmingAva">
        <chrononChowkKerogen>monasa</chrononChowkKerogen>
      </antiqueOddnessSdlc>
    </grenatRestisBinit>
    <sudsers>
      <ejecta>uintjieRumanOpe</ejecta>
      <bounderSprogue lesleyaGlobuleJarfuls="abatua">
        <manituStrunt>lindens</manituStrunt>
      </bounderSprogue>
      <dandy prositKaguSlouch="aphakicWalapaiVorago" kamaoGown="mfrEhretia">
        <hirlingThanan>48</hirlingThanan>
      </dandy>
      <dietingDiptera unlavedMidmornSported="nubblesMadafu">
        <atrialBoletus>dangedRhymer</atrialBoletus>
      </dietingDiptera>
    </sudsers>
    <incenseTrippleBouche skunksUrare="lehr89" grannam="ulans">
      <limbateGracingHerself>heapyCoying</limbateGracingHerself>
    </incenseTrippleBouche>
  </mattedAunts>
</buckledPrimost>