<?xml version="1.0"?>
<ethnicsOverlySamgha>
  <klickBridesMoff />
  <cambletFist coelectCoves="grove">
    <stupend>
      <peiserElecteePia>osmosed</peiserElecteePia>
    </stupend>
    <scuzzyCavated toomly="prickerMollahs" ernestPaon="3002">
      <unequalHebrews>gaduinLummox</unequalHebrews>
      <kernes dawtAboral="dubbersSpectraSirrah">
        <infreeErgusia>blewitsDroolyLamus</infreeErgusia>
      </kernes>
      <heistCreneleBelling>
        <final>chiack</final>
      </heistCreneleBelling>
      <bestridDjibbahIraqian>
        <knavessBicron>traumas</knavessBicron>
      </bestridDjibbahIraqian>
      <swabsSalina crivetzMuring="9333" qoph="anisoyl">
        <drovingFsiestLerp>kaabaPinus</drovingFsiestLerp>
      </swabsSalina>
    </scuzzyCavated>
    <roamageStrawTracked>
      <impedeRoteSwelly>exines</impedeRoteSwelly>
      <inuredMilieux>
        <coach>itel</coach>
      </inuredMilieux>
      <zerBlinter vinata="savara">
        <analgen>wakfPromissBibbery4</analgen>
      </zerBlinter>
      <molluskAtresiaCheetal bladeGaugedSmally="rider" stigmat="gibbed">
        <trashy>48002</trashy>
      </molluskAtresiaCheetal>
      <swoonedClaquer>
        <grammaPinesap>cliftsTunicae8790</grammaPinesap>
      </swoonedClaquer>
      <spancel>
        <mantledPosse>pilmyFurivae</mantledPosse>
      </spancel>
      <stammerSeriStooped parlorFoiledApheses="tayassu" beer="919835">
        <snabbieIsotria>softs</snabbieIsotria>
      </stammerSeriStooped>
      <wimbleDoubter>
        <flyings>5193479</flyings>
      </wimbleDoubter>
    </roamageStrawTracked>
    <rarest legiferAesirSmurtle="ankleGattine2" cyesisGrogCachet="cheveeDoko">
      <sober>clutchyTeenet</sober>
      <runkleHull rutty="plumaOyana">
        <chirkSlit>decianCosmine</chirkSlit>
      </runkleHull>
      <keriteDoppingAtom tubemenCrinet="cfmHaploma70">
        <beadierSlatifyFifties>82881291</beadierSlatifyFifties>
      </keriteDoppingAtom>
      <oculusCausaeBodes lycaena="yeech">
        <floweAdeadCymars>takyr8272</floweAdeadCymars>
      </oculusCausaeBodes>
      <seducer oscin="leniticOomiacVarment5">
        <whirrooBagiosKitan>lammasMinimisHasan</whirrooBagiosKitan>
      </seducer>
      <hagwormHonker>
        <mismaze>peakyMunitedAbet</mismaze>
      </hagwormHonker>
    </rarest>
    <alewhapNayar whigsRedeye="rindedArmory">
      <batikerPensils>cheviesMafuraQasida</batikerPensils>
    </alewhapNayar>
    <dwiningTraneen cantate="earingsMacigno" jinxedMurrinaUpanaya="sneerySextsHenwife">
      <prevailPatinedCoesite>mons</prevailPatinedCoesite>
      <unsolveInfeoffMoe jarmoRawheadFrot="arabism2" unsweptCodilla="aposoroPondo4104">
        <achenCepheusAbsorb>gwineSuff97</achenCepheusAbsorb>
      </unsolveInfeoffMoe>
    </dwiningTraneen>
    <bipedalFerigeeGels>
      <yellingMilieuBallons>429492</yellingMilieuBallons>
      <nefasBeduins rewwore="7" rancid="ghegishMalarky">
        <flangeScorchs>irrideDepeach</flangeScorchs>
      </nefasBeduins>
      <quicksRoyals lacunesSugih="nudiesChaoua">
        <lards>174</lards>
      </quicksRoyals>
      <numbestLongee amuletOutwellFun="3" rapinicPyxides="naugerStacherDumbly">
        <lacworkKorzec>regillDuly</lacworkKorzec>
      </numbestLongee>
      <phloem>
        <wetters>61031350</wetters>
      </phloem>
      <outrageThesiumBlellum>
        <loriSloked>anguloaCusec</loriSloked>
      </outrageThesiumBlellum>
      <hateful nacrineTiang="25015">
        <boebera>99486097</boebera>
      </hateful>
      <orbateCandid isis="bumaree" flagWhorlyUrohyal="chindeeLayedTiklin">
        <copyAriditySoil>71</copyAriditySoil>
      </orbateCandid>
    </bipedalFerigeeGels>
    <vivianClaspsDynamo>
      <mosqueViolety>rekneadEffusesKoumis</mosqueViolety>
    </vivianClaspsDynamo>
    <mirzaRecdBubas>
      <tauntedSaraf>leerilyAssise</tauntedSaraf>
      <feisJavelFucose>
        <mintingToluolIulus>ulpanimAppdSocial</mintingToluolIulus>
      </feisJavelFucose>
      <lushedBucklum broguesWheyeySleepry="chumawiSwigger" traitorUpsuck="entour">
        <andamanLanderRowels>975881874</andamanLanderRowels>
      </lushedBucklum>
      <collaudStrowed tacklesCunzaVises="stadlePinteStrolld" widowerFikeryUnroven="10102160">
        <regearAncoraQualm>panhead</regearAncoraQualm>
      </collaudStrowed>
      <epicalBrusqueAcadia>
        <cotinga>tamersOohed</cotinga>
      </epicalBrusqueAcadia>
      <ever>
        <gaboonMarliteGyassa>diswoodGrifts</gaboonMarliteGyassa>
      </ever>
      <berber>
        <ger>ungaro</ger>
      </berber>
      <fulful aptTricot="incideAlerce">
        <harks>dobbinSumpHummaul</harks>
      </fulful>
      <ensue obiHissel="askoyeIseriteCuarto" gabble="usualsGrunt">
        <suspectSkellat>loessicDoglikePipidae</suspectSkellat>
      </ensue>
      <coucherHumectLasque sklentsSluicerOutlord="88058864">
        <grubber>buxerry</grubber>
      </coucherHumectLasque>
    </mirzaRecdBubas>
    <adviserUrgencyPandava motif="puelcheBorish">
      <loadsBarkedPinches>aquiverBumickyYaourti</loadsBarkedPinches>
    </adviserUrgencyPandava>
    <defail filetMicklerCom="7097713" grushDosAlarum="whishedAccount">
      <horyWiglike>thanesCawed</horyWiglike>
    </defail>
    <deckmanMedizeTinsels syncedMalatiHoch="6540">
      <sambo>anusesSwimHomoean</sambo>
      <vielle dzeronBuffont="bearing" breaden="pyxieCrack7140">
        <orillonRehedge>stoaeOncetPujari</orillonRehedge>
      </vielle>
      <aflushRinger saclikeHaikSkills="rosbifVacuit4760" endemicPrieFlews="597339">
        <turkmanBernese>zoniteWhoopedMoneral</turkmanBernese>
      </aflushRinger>
      <owseSphecid scythedImperilRevoked="184509051" rhachis="bucrnia100">
        <oouassaDapplesHeroner>leaverMislays</oouassaDapplesHeroner>
      </owseSphecid>
      <smeechCoolyLatches sesamolCabinda="grumpyCuddled9893" bigginChontaAntonio="metasEndarkCribbed">
        <heilingLyncinePlaten>kindalPleione</heilingLyncinePlaten>
      </smeechCoolyLatches>
      <synapheInleakTiqueur>
        <slopsSylvage>piercesArrectPlitch14</slopsSylvage>
      </synapheInleakTiqueur>
      <sloshedHopsackPoco plautusBedamp="taxemicGoitcho" mucusCrabbitImmov="coyest3508">
        <cubbyuMantoid>255705</cubbyuMantoid>
      </sloshedHopsackPoco>
      <mafurra purrFoshUsurp="7451" bedropNormal="86">
        <deripiaPembina>8</deripiaPembina>
      </mafurra>
    </deckmanMedizeTinsels>
    <kinder>
      <sennaNeascusAwlwort>waygoerScutal</sennaNeascusAwlwort>
      <trashesWarsledBeaner stounPiqued="urim">
        <pollamCell>rehems</pollamCell>
      </trashesWarsledBeaner>
      <abying bacquetRainerHangle="patella" ticks="acyeticWarwick">
        <zatiHighlyReword>dassentRotta</zatiHighlyReword>
      </abying>
      <reseiseJonglem>
        <toitsPropman>noraDoodah</toitsPropman>
      </reseiseJonglem>
    </kinder>
    <niggot>
      <borasca>1240</borasca>
    </niggot>
  </cambletFist>
  <hollows irbisCouhageBoojum="ionogenChapes" tumionHanif="25939873" turfdomIdledUnhands="draperyOutcrop" hubert="kodakedYer">
    <hersEyespotSandust>
      <abendWetbackArgyll>hemase462</abendWetbackArgyll>
    </hersEyespotSandust>
    <uchean mutuelEmbow="bathingDorsa">
      <outray>44201697</outray>
    </uchean>
    <paresisCorbans>
      <dellaMisluck>derailsOrdainPolyene</dellaMisluck>
    </paresisCorbans>
    <bliestSmutsCrambly>
      <hundredAvianDishorn>shakoesRoofWans</hundredAvianDishorn>
    </bliestSmutsCrambly>
    <remoted>
      <burgess>geotaxyAbstainBallote</burgess>
      <unroofsKelimaYoghurt>
        <britainZendik>rampikeMatches</britainZendik>
      </unroofsKelimaYoghurt>
      <merrilyZithers hoopoeHum="timor" slive="lyciumBoloney">
        <jinneeRambure>lucina</jinneeRambure>
      </merrilyZithers>
    </remoted>
    <beaverOzonidManitos>
      <ireneSvc>daidle32</ireneSvc>
      <mitu>
        <recluseDasya>2808768</recluseDasya>
      </mitu>
      <etrenne hole="souchetPound793" bsktSagLinolic="egencyAbuta">
        <preallyFlutersMonaene>chapedBlvd</preallyFlutersMonaene>
      </etrenne>
    </beaverOzonidManitos>
  </hollows>
</ethnicsOverlySamgha>