<?xml version="1.0"?>
<mulleysPeltersReem>
  <censedGolet bothersUniquesAldol="348149" enherit="simiousKerchug" infarctFerrisQuilkin="maftir" isonym="carotte45">
    <eltimeDechlog>
      <sayings>satraps</sayings>
    </eltimeDechlog>
    <fagSneapedJitters gramashGiojoso="hogansWrytailMilkers">
      <bimaneWangheeTeacup>subg</bimaneWangheeTeacup>
      <malakin>
        <foxer>tucuna</foxer>
      </malakin>
    </fagSneapedJitters>
    <unsheetOra mirky="tynwald" guddleOwnable="phyla">
      <voltIpmAbuttal>blushyDoumFeston1</voltIpmAbuttal>
    </unsheetOra>
    <mekbudaAdenAlforge>
      <jonnickCassoniTopis>tissued</jonnickCassoniTopis>
    </mekbudaAdenAlforge>
  </censedGolet>
  <tsurugiSinaic />
  <dialyseVinalia twatsMumble="walnutsWamusGoodie" brerd="6440814">
    <touzlesMuddify yaupons="nidulusHarbour723" wontonsRimeryInshade="bartramPhenols">
      <thuleSursizePibal>7</thuleSursizePibal>
    </touzlesMuddify>
  </dialyseVinalia>
  <hoondi vampersDjinnZendo="blackey" tribGeolGizzern="66" etch="peulUrentMalaria" slantLouredBlatter="29362" />
  <wordilyAnginalWithery influx="screarBothie" brianRooms="yeuked" />
  <arunta>
    <apian>
      <windageShwaZingano>disedgeJadyFooling</windageShwaZingano>
      <tucketsWedge serinLemmaJed="hintingDiscern">
        <adroop>jincanIschiumChuet</adroop>
      </tucketsWedge>
      <pala iphRupaToffing="venaAgrestSifting" strowedBasidia="nubsUnrungMameyes">
        <mooingBinniteLbinit>mitisesLatiteTagrags25</mooingBinniteLbinit>
      </pala>
      <retteryExpone nobbyGraals="dautSkylook554">
        <prester>manpack</prester>
      </retteryExpone>
      <etuveTapetta>
        <unsatin>weddersFluvio</unsatin>
      </etuveTapetta>
      <foreverOxygon>
        <wahineManbirdEtape>prayed</wahineManbirdEtape>
      </foreverOxygon>
      <unstripColins sobfulBatboy="1" irohaAquageTenancy="coshes">
        <poserOgee>bibbled74</poserOgee>
      </unstripColins>
      <tubbal>
        <revoirVerbalsLofty>ascapeBoluses</revoirVerbalsLofty>
      </tubbal>
      <nauseumUnsweptHet>
        <tembeta>nonfluxHilloaOryssid</tembeta>
      </nauseumUnsweptHet>
    </apian>
    <claquer margedAhriman="7" nudgersMutusKolkhoz="tribadePartletEponymy" smallFog="trockHodDewier">
      <bawlsSiolGlanced>reninAlnoite3456</bawlsSiolGlanced>
      <lizzieAspyNeology>
        <aspretePicul>hydraulBosks</aspretePicul>
      </lizzieAspyNeology>
      <kallegePegmenLane unreaveTwistle="genapp" unbrandOmber="queasyTendedPlaters">
        <uncloutFumetteVessel>kindlerUncage19</uncloutFumetteVessel>
      </kallegePegmenLane>
      <garnersSmogsKonde mudcatAforeStygial="shalwarHoickFudge">
        <wagatiMiskin>thulrSynura4</wagatiMiskin>
      </garnersSmogsKonde>
      <yawnfulDiasperTotemy araujiaCadwalBaling="747">
        <bruke>astralsEntreStreen8121</bruke>
      </yawnfulDiasperTotemy>
      <hammadaCrypto>
        <corozosDelfMediary>zealfulDomneiSajous</corozosDelfMediary>
      </hammadaCrypto>
    </claquer>
    <callousStog>
      <jeu>calibre42</jeu>
    </callousStog>
    <prehendMucking>
      <odible>ouzosFurivae</odible>
      <quiteveLamster sangirAlsikeDoers="deixisPlissesNett" finallyGyri="greases4899">
        <yummiesProponeSpa>dewFlummoxCubed</yummiesProponeSpa>
      </quiteveLamster>
      <predamnCongery>
        <chowkSquaddy>unknotKlipSerger7</chowkSquaddy>
      </predamnCongery>
      <pennon aces="dklMavie" unpanelMyalgic="metricsCarvesCortes">
        <renegerFactorsMuseums>uglyReback</renegerFactorsMuseums>
      </pennon>
      <nostrumLuceNeg rotuletFlouncePtosis="779312" likingsScampsCuna="bewaredComd">
        <larkier>925140863</larkier>
      </nostrumLuceNeg>
      <fixgigItylus>
        <fauredAlanylsCourtal>89</fauredAlanylsCourtal>
      </fixgigItylus>
      <embeamSerpigoGifola owing="enurnyKolsunFlimsy" fabricCotwist="scarid">
        <vernine>swedruZoner</vernine>
      </embeamSerpigoGifola>
      <umbraidAddison>
        <lativeFondueBochur>reeling51</lativeFondueBochur>
      </umbraidAddison>
      <afernan>
        <gernitzTrippedBewater>ghoster</gernitzTrippedBewater>
      </afernan>
      <roxTemporaOutrage lane="216" liegesTuftilyCommos="2">
        <eonism>muzzily</eonism>
      </roxTemporaOutrage>
    </prehendMucking>
    <ulnasSikhara wankerTaxibus="parlaysCarvingImaged5" oogoniaFudging="vocularDroverIcespar" ussrSouthedNaleds="pallial">
      <enzootyMalamHairof>2449231</enzootyMalamHairof>
    </ulnasSikhara>
    <hygieneExradio>
      <swatsFerallyPrio>twigs</swatsFerallyPrio>
      <gigglesSloanea>
        <brahmanOrageMinty>hexagonHiss</brahmanOrageMinty>
      </gigglesSloanea>
      <rallyPannaRelucts nyrocaHolsomRecords="modules">
        <jerkersUphroes>precelBescorn</jerkersUphroes>
      </rallyPannaRelucts>
      <seaveQuartosBrest earnPlumpyOutknee="klutz" whitsGalatea="7889">
        <somaliaPorionsAranga>dulcite</somaliaPorionsAranga>
      </seaveQuartosBrest>
      <chowingTaculliTetard amarnaFerreanArchons="sponsalTwiggy">
        <amides>fittestGardensKenyte</amides>
      </chowingTaculliTetard>
    </hygieneExradio>
    <ripenBrewsEnfort>
      <quilly>cgsEructsTapped</quilly>
      <urgencyMesennaEnrages motivic="wjcAblutedPigmies" polyve="bespeteNocuous5">
        <guaiac>diploidCadisAmazia</guaiac>
      </urgencyMesennaEnrages>
      <aburaCarreeScaloni reheelStrath="veinsValeria" lippersDankish="imbuNumbleHolloes">
        <cauchCstCostate>komarchDerivalYakima</cauchCstCostate>
      </aburaCarreeScaloni>
      <rhabdosNaiadWimples bucko="riddel">
        <matchedFaltche>memoirSamelyScolia</matchedFaltche>
      </rhabdosNaiadWimples>
      <vivresDimmishDeul>
        <franciaHemanRedeck>oinking</franciaHemanRedeck>
      </vivresDimmishDeul>
      <gigman>
        <list>eleve808</list>
      </gigman>
    </ripenBrewsEnfort>
    <laik>
      <philter>plumach</philter>
    </laik>
    <otacustCooksUintjie suavify="maskegsGuavina">
      <unmerry>arrishCitternWoodwax482</unmerry>
    </otacustCooksUintjie>
    <sporid bifaceMoolviPecify="bipods581" shallopEphetic="bardismHiren" gibsonsJuvernaWhank="chirlRevomitTellen12">
      <versTaberDyeing>adaxialOrioleMarli</versTaberDyeing>
      <oxeye hurtsBestrowShoal="cissiesOhv">
        <mismoveUvella>7620</mismoveUvella>
      </oxeye>
      <aglucon trophonSuaedaLibya="colzaPerdie669">
        <rotgutAditusTexases>691948976</rotgutAditusTexases>
      </aglucon>
      <beadman>
        <iridalTonjonArdure>caserUnaiJellib601</iridalTonjonArdure>
      </beadman>
      <fiji>
        <yutu>neotypeEricius</yutu>
      </fiji>
      <reboantAdeliteChytrid>
        <needySuperiHosel>soySicesChabuk</needySuperiHosel>
      </reboantAdeliteChytrid>
    </sporid>
  </arunta>
  <jointsDynamic yugadaDouse="7294169" munsterBaht="apiol" />
  <mowNeoza guffyOxford="yarlyBenzoyl661" tavghiOnanismToppled="ogumAlmain" yearnerAlphornInclasp="bunchy" />
</mulleysPeltersReem>