<?xml version="1.0"?>
<imamahMisdeal>
  <soots>
    <respue>
      <ariettaDidelph>samovarBollixAnalyt</ariettaDidelph>
      <dorkingCecalGiga oaky="abduced" knotPunkies="oldishDressSaxes">
        <riprapMarbled>motived2</riprapMarbled>
      </dorkingCecalGiga>
      <gonotylMopersSower nutlikeSubzeroClement="hemodia">
        <chagalPoikileUrases>828821206</chagalPoikileUrases>
      </gonotylMopersSower>
      <tethys>
        <outword>inower</outword>
      </tethys>
      <squushVideosFerahan barhal="relumeAtwitchZebras" sthenicAlchem="summitsChadar">
        <arrimbyLoamyLan>dudlerKulakTetrose</arrimbyLoamyLan>
      </squushVideosFerahan>
      <jumpsSuclat migrantPotableFilt="volumen">
        <ernessePenrack>34</ernessePenrack>
      </jumpsSuclat>
      <charmel fanatic="yengeesCelebreGalatae64" sumach="pimply">
        <chave>abvRpt</chave>
      </charmel>
      <turkeerFannersHipline>
        <ductalEsprits>slimierDiners</ductalEsprits>
      </turkeerFannersHipline>
      <nasallyTeeting>
        <pikesDwarferKeymen>afdecho2475</pikesDwarferKeymen>
      </nasallyTeeting>
      <pagurid lumpyKaid="marreeBawling7" guaduaGoosingAmora="81">
        <parled>plungyClara797</parled>
      </pagurid>
    </respue>
    <diswereIph>
      <broganMilan>palmateFollies2945</broganMilan>
      <tubifer ragwortBeglads="kinkingNearingFtncmd611" mesodicYellsGoldic="disturb27">
        <putlogsBistre>sfreeBulldog</putlogsBistre>
      </tubifer>
      <arimaspTsades forritAzolla="1583668" firsterSinge="mustRompeeMongoe9051">
        <beauish>wangle</beauish>
      </arimaspTsades>
      <cheepyOutpayHernia spangleDuplonBanging="memoriaDemiseMucosas" lobuli="zonaryAdeemsEmploye">
        <plonko>thruv</plonko>
      </cheepyOutpayHernia>
      <tausRecord>
        <emerge>boopicPohnaCreeks</emerge>
      </tausRecord>
      <draysFarlsWarper zazensManedOffset="984278">
        <kanakaNeascusGuimpe>mathesWinnersMoste</kanakaNeascusGuimpe>
      </draysFarlsWarper>
      <gemmer>
        <mikingHeygh>downilySodlessAmoebic</mikingHeygh>
      </gemmer>
      <burianForwrapYucker>
        <yeasSpacers>blitzesLegistAugite</yeasSpacers>
      </burianForwrapYucker>
      <secparJubeWees>
        <ungoutyEkphoreAquabib>guldensLaquaisCopies</ungoutyEkphoreAquabib>
      </secparJubeWees>
    </diswereIph>
    <vinewVaiVaginal joggedSidlesTweeded="endrinDivellCivvies" borismCavieZanella="blowenHounder">
      <decarch>703178657</decarch>
    </vinewVaiVaginal>
    <saucersCrazingSlimed>
      <flosses>defixResward</flosses>
    </saucersCrazingSlimed>
    <shamansRomancy lemmasUncuth="cakesPleurum" mignonLuridlyChamsin="reheatShalderBarrace">
      <testily>flutedMuzzlerTepas</testily>
      <sniddle promsPesosDalar="8511">
        <watery>2763</watery>
      </sniddle>
      <manivaNetter swobberTearoomDeeds="awagAskablePhoney">
        <blushesTelial>61</blushesTelial>
      </manivaNetter>
      <carrysMercCoteful unwomb="fustier8438">
        <peddles>8623</peddles>
      </carrysMercCoteful>
      <mameysVanningBecause calefySpating="flick">
        <gamines>unspellMiki</gamines>
      </mameysVanningBecause>
      <ansatedAcopon>
        <palulusPagnesBollies>pioxe</palulusPagnesBollies>
      </ansatedAcopon>
      <uremicLadler pogrom="wivedNothus">
        <confactRecptRazed>cornell1436</confactRecptRazed>
      </uremicLadler>
      <uneasy>
        <biacuruBafyotCroise>deportFleshlyShirr560</biacuruBafyotCroise>
      </uneasy>
      <pussleyBurlingNephew lemma="cullersPlebs">
        <twaddlyQuendaDivus>dindon</twaddlyQuendaDivus>
      </pussleyBurlingNephew>
    </shamansRomancy>
    <fauve>
      <douaneRhusesRooflet>2</douaneRhusesRooflet>
    </fauve>
    <jean gursh="seamus487" bocciasKialkeeDebris="plagoseRouses" slippyAwabi="22">
      <holPhleum>agnomen</holPhleum>
    </jean>
    <wifieUncityGnarred>
      <ingotsOutgaze>protean</ingotsOutgaze>
      <catfootCasts>
        <rammass>outcaseWealBrickle</rammass>
      </catfootCasts>
      <niteredSaltman unbarkMohawksChoric="7">
        <dianaNims>bundtsInkraDauts</dianaNims>
      </niteredSaltman>
      <nontanGlyphicWops>
        <aequorTuamotuWiles>parky</aequorTuamotuWiles>
      </nontanGlyphicWops>
      <latten prewrapValses="17153794">
        <biomassPorus>weighsGrazes</biomassPorus>
      </latten>
      <nupeManna justicoCitingAble="spinoutOutdrewLeadier">
        <unvicarBuggeryPimples>trimersGreaten</unvicarBuggeryPimples>
      </nupeManna>
    </wifieUncityGnarred>
    <amara cetanesBorscht="cutoffsTyauve3077" hapaleAlf="stong">
      <daimonsMyalgic>ssingChaccon</daimonsMyalgic>
      <atelene>
        <siccanAdducedShegets>snookerGlossalFrier</siccanAdducedShegets>
      </atelene>
      <toggelWilts dryfarmCapsizeColpheg="westingSoles" larrups="veepsKhatibAnkush">
        <cabfulSeeks>larks</cabfulSeeks>
      </toggelWilts>
      <skraigh gofersTauten="photoedBabuma">
        <bussedEnageSynonym>826</bussedEnageSynonym>
      </skraigh>
    </amara>
  </soots>
  <lightenMuntOsculum meanerCultusPsalmed="cohobWaviata" kankrejEludeFoysen="wisting" malamInachusIndrape="manentNerts" />
  <armiesCnidianLetters>
    <cuffleDefaultTwaddle>
      <serean>hoaryLarigo</serean>
    </cuffleDefaultTwaddle>
    <exodistTauridGantsl>
      <comelyDownersLeef>swahiliSnugglyOmers</comelyDownersLeef>
      <desiNiciHarbors moistlyCoupesGrated="pernisAnearFugue">
        <enemies>longedBrotel</enemies>
      </desiNiciHarbors>
      <decianLacmus dulcTopnet="equerryOrgasm">
        <camiseTapPoditti>malarWarts</camiseTapPoditti>
      </decianLacmus>
      <skyhootKetoseDerout sinky="shists">
        <vergers>fencesOutlimbYerk91</vergers>
      </skyhootKetoseDerout>
      <chakramMetazoaIsoster kettyDevisedUnfix="enologyDirestSered">
        <girrit>opeluMarliteYerth</girrit>
      </chakramMetazoaIsoster>
    </exodistTauridGantsl>
    <katarMorescoDongon>
      <dronelRemorseZephyr>xystiAltaian</dronelRemorseZephyr>
    </katarMorescoDongon>
    <sarapes>
      <overhotAbdielTmema>295</overhotAbdielTmema>
    </sarapes>
    <impalaBullsLaical kadein="chaplinKendalPaw1218">
      <pogeysSonjaRanks>pliableInclipsTheelol649</pogeysSonjaRanks>
    </impalaBullsLaical>
    <scorperViroled bnfSmartsBlately="panickyTorret" oileryPinings="bangash">
      <hulaPallallHansel>hunting</hulaPallallHansel>
      <sleaveBuboedLagetto>
        <scungeWhampee>kunziteRevue1</scungeWhampee>
      </sleaveBuboedLagetto>
      <whuffle unmeteErects="yawy">
        <bimotor>lunoid</bimotor>
      </whuffle>
      <mysidaeFourbCeliac rillingIranic="891" burned="49159">
        <orpinNickeysHestern>scarAulu</orpinNickeysHestern>
      </mysidaeFourbCeliac>
    </scorperViroled>
    <noelGeckoidBionic>
      <vakils>barrierCreaky</vakils>
      <headsaw jacateDoughsLivers="tetrazoPromic">
        <rattonsMarkaz>genekiBariWindle</rattonsMarkaz>
      </headsaw>
      <cromme>
        <agistLooverToasty>4</agistLooverToasty>
      </cromme>
      <laagerBatlet karl="3032" judica="spencerLover1">
        <vimpa>43122491</vimpa>
      </laagerBatlet>
    </noelGeckoidBionic>
    <ajimezDipnoan>
      <chedersSabbat>ginkgoLustyTaxon</chedersSabbat>
      <quoadSinopiaOzonium acoria="virialKuffiehSullens" kyatResaltFugued="4004">
        <awelessReliefs>shirvanWaxesDomal</awelessReliefs>
      </quoadSinopiaOzonium>
      <tartagoElsin bonzes="unfunnyCalcesPirot">
        <cacheFinePlena>faithsCeladon</cacheFinePlena>
      </tartagoElsin>
      <filmilyGreigeBogyman minimumNevus="baggage">
        <aythyaMidvein>siddurBabbler</aythyaMidvein>
      </filmilyGreigeBogyman>
      <bainiteAusuTrave>
        <colludeReinter>8677032</colludeReinter>
      </bainiteAusuTrave>
      <karbi struckClubdomAtturn="7628">
        <guidersAuksKouza>fountSuddyMagnets</guidersAuksKouza>
      </karbi>
      <cashelRtwBackway>
        <proves>versineQuatchTypikon</proves>
      </cashelRtwBackway>
    </ajimezDipnoan>
    <exturbZoolithDirgy dasheeHearseLatomy="auristsErron2">
      <earletGreavedSwarm>prosapyBeflea</earletGreavedSwarm>
    </exturbZoolithDirgy>
  </armiesCnidianLetters>
  <huffleGenizahDanes skylook="7353336" joweryDene="470383510" whileenAgoniesSenior="alamosBrandleLewing" office="445325031">
    <wheedle>
      <totara>boatfulImpregTugless2</totara>
    </wheedle>
    <idlemen keymove="6307" threoseMulctedGallus="emoloaVon" morally="prelawEathlyCheapie">
      <tributeHler>anodon</tributeHler>
      <crozedCataian neumAmorosoReglair="prawns">
        <uncuredNileLudo>chromicBuxine</uncuredNileLudo>
      </crozedCataian>
      <limmersEyrieMonte pycniteGrammesTapioca="clothePionBiddery107">
        <prismed>durrieSwound8768</prismed>
      </limmersEyrieMonte>
      <tripoliReexpel decarchQuetch="wabe">
        <kandjarLindaRegin>74288485</kandjarLindaRegin>
      </tripoliReexpel>
      <territBaguios hurlerDragnet="kicksFiuman" acuchiGrifted="298038">
        <titres>bossilyDesole</titres>
      </territBaguios>
      <unshell rikkTuatera="farcistAmabileCotwin">
        <avikom>bandiesAkhyanaConjoin</avikom>
      </unshell>
      <rotPannagePatine>
        <apemanEcstasyAcastus>6149878</apemanEcstasyAcastus>
      </rotPannagePatine>
      <eelierUpher>
        <outjest>untinStrent</outjest>
      </eelierUpher>
    </idlemen>
    <riceyLcmForevow yere="mangoHamitalBambusa" muchel="bashlikTassely" oheloSuldan="alienerVefryMarcot">
      <zingers>630789536</zingers>
    </riceyLcmForevow>
    <moudyOctylsAnseis>
      <bagheliGymsHennish>65605505</bagheliGymsHennish>
    </moudyOctylsAnseis>
    <isodrin>
      <jokeySmother>2308475</jokeySmother>
    </isodrin>
    <warmfulHash>
      <pouserRestain>mimirDeboiseHowbeit</pouserRestain>
    </warmfulHash>
    <fusileShinner>
      <yataganFlouterSloops>patanaSuccus</yataganFlouterSloops>
      <hormeMandsUnsmoky zouaves="fastedCleanse9" shooflySurplus="5331268">
        <chattahTaitShrubby>youths867</chattahTaitShrubby>
      </hormeMandsUnsmoky>
      <burpsBaraOutspat>
        <anthems>783735</anthems>
      </burpsBaraOutspat>
      <overtCloysCard>
        <muddiedTuracosProlan>rekickBigha</muddiedTuracosProlan>
      </overtCloysCard>
      <intros>
        <geticPlumbet>323</geticPlumbet>
      </intros>
      <biset>
        <emerantLetoff>nerts</emerantLetoff>
      </biset>
      <emparl>
        <okeniteBudges>suum50</okeniteBudges>
      </emparl>
      <furiosa duddyCigarsBuri="influeSingTumbrel" sorbileHepNootka="83701">
        <cherteResaltLatests>nitwitsKarpasFlirt</cherteResaltLatests>
      </furiosa>
      <rubblesSinaeVellums rillesUpdoveHematal="wildsPursingTeleut" brickyChatti="fusedBebaronArmenia">
        <tinctsFatima>wourari</tinctsFatima>
      </rubblesSinaeVellums>
      <sexfidWimbles entasesThecaPangwe="5425714" gracileDortour="staledCoillen">
        <instepIvy>pure</instepIvy>
      </sexfidWimbles>
    </fusileShinner>
    <cedulasOutkill>
      <amidoxyMoguls>21308229</amidoxyMoguls>
      <sokotriMalling sexernTret="baresmaDackerGofers">
        <grenadoGedunkDowries>noneCgmCliver</grenadoGedunkDowries>
      </sokotriMalling>
      <porism>
        <teemIronmenKintry>nemineMicronRecks</teemIronmenKintry>
      </porism>
      <proceed depots="barse" bedurWauchleMegbote="gadders515">
        <munchDadapAgatoid>skeed</munchDadapAgatoid>
      </proceed>
      <carioleInviter beleafMocked="spurreyOstlerTatta6090">
        <wildernSalty>obeyeoDestrySepta</wildernSalty>
      </carioleInviter>
      <ones wamelMapleGrumes="sebificApinch" clinchMacaberMiledh="3628298">
        <stompsFailles>araby</stompsFailles>
      </ones>
      <fleayOctoidChilcat>
        <unmewsCanariDurwan>akuleFresh29</unmewsCanariDurwan>
      </fleayOctoidChilcat>
      <stemmasSwolnPlutons reive="rusotBossletDripper7303">
        <kopiPimp>19809</kopiPimp>
      </stemmasSwolnPlutons>
      <alhenaNaggerItalics arterLuddism="kumbukQuila6" bemusesChilloMeu="tile">
        <elapsed>ghee</elapsed>
      </alhenaNaggerItalics>
      <pesadeAphakic biersTwitchy="isseisJimpy" petumLana="simiansAllis">
        <mokshaManmade>20442</mokshaManmade>
      </pesadeAphakic>
    </cedulasOutkill>
    <wantingMoils serowNichilManjel="tilth" earlapsAztecaFistule="barbuteTippierArroya" polacre="93">
      <europaCronish>girse</europaCronish>
      <orgiaWirily funli="moravidVoivodGasser" ban="5803">
        <gospodaAbcess>cossicFabrilePercase546</gospodaAbcess>
      </orgiaWirily>
      <plasmic contex="onanistGranma">
        <curneysYas>agreEgret6</curneysYas>
      </plasmic>
      <scupsSoferMasoned>
        <randellDeepest>maranhaUropygi</randellDeepest>
      </scupsSoferMasoned>
      <salletsBonnock pailowSaccus="644543">
        <beaches>4</beaches>
      </salletsBonnock>
      <sergeErogateArdebs adeliteEmpresa="cavort" unovertPivoter="962">
        <yirths>sedanMaypoleSaidi</yirths>
      </sergeErogateArdebs>
      <luperci>
        <yippieCafe>spading</yippieCafe>
      </luperci>
    </wantingMoils>
  </huffleGenizahDanes>
  <dradge />
  <callan corAlveoleRedeck="ricottaUnflushCamisia" pearsVailingHooper="huipilVicaOgive" buzukisSuncup="zoril" />
  <phenoseTeemers>
    <nymphonGuazutiLending>
      <borersCithers>181</borersCithers>
      <sipling gabby="46219">
        <honorsUproad>5056</honorsUproad>
      </sipling>
      <middens>
        <risky>856</risky>
      </middens>
      <roadZiara>
        <aerosolRapping>94</aerosolRapping>
      </roadZiara>
    </nymphonGuazutiLending>
    <guids>
      <civismsBroigneSmirkly>gambled</civismsBroigneSmirkly>
      <flummerHaughtWintles trierManus="rooters">
        <bnfOutjazz>souringProwess23</bnfOutjazz>
      </flummerHaughtWintles>
      <dorismBoodieSjouke berates="ritardWawStoolie">
        <tulle>rateenSoonishPotrero</tulle>
      </dorismBoodieSjouke>
    </guids>
    <marline>
      <renet>haidaOrangsSinter</renet>
      <tyburnWitesFinning juicing="flaggerSchussGroupie">
        <nittyAffixedWhirly>ogumSnum</nittyAffixedWhirly>
      </tyburnWitesFinning>
      <schismsDiadem lamster="cheered">
        <reaumur>plasmicMorphinBretons</reaumur>
      </schismsDiadem>
      <glazerMannaMille fillips="gonkAeonicAikidos">
        <tattingMartele>rbound</tattingMartele>
      </glazerMannaMille>
      <wabumaPyaemicManess dolRhymy="jornada" curtise="deckerNebbuck">
        <lowery>spailsRewaked6</lowery>
      </wabumaPyaemicManess>
      <combed>
        <renail>rubies</renail>
      </combed>
    </marline>
    <guz>
      <croakApyrous>shohetToher</croakApyrous>
    </guz>
    <natronNoonday>
      <doryLags>hokku</doryLags>
    </natronNoonday>
    <tingles drugger="sinfulUncloutLomata7080" anywhenChrysinHubbubs="ingiver" emoterAgonizeUnamend="mealie">
      <cloveryBoxtree>8657136</cloveryBoxtree>
      <redders>
        <illumedSuttees>92651097</illumedSuttees>
      </redders>
    </tingles>
    <prahuEnwomb>
      <orionPickyNamable>cotypes36</orionPickyNamable>
      <wealthsCandentKapuka>
        <moorhen>unbuiltMauled</moorhen>
      </wealthsCandentKapuka>
      <smoodge>
        <enurePanaris>onymityBasaleInone</enurePanaris>
      </smoodge>
      <pluralMimly>
        <preemieMellitaDryable>arcoPieman803</preemieMellitaDryable>
      </pluralMimly>
      <euscaroWelsom howffsAbandAvenged="poshlyHanuman">
        <edgingEdplot>escheleTictocsChalone</edgingEdplot>
      </euscaroWelsom>
    </prahuEnwomb>
    <paracmeDacoity garawiShavian="869335975">
      <ordain>conder</ordain>
    </paracmeDacoity>
    <availTrancesFroths>
      <kenPeckful>204</kenPeckful>
      <donatorJaspersEwhow affies="flesherKulaite">
        <cohuneVidduiCatso>aniccaBacilliAeolus</cohuneVidduiCatso>
      </donatorJaspersEwhow>
      <triwet>
        <navely>20</navely>
      </triwet>
      <browet layoverUghten="lactylBailiff3742">
        <disownsHingFuscin>endgameMacaoHooka471</disownsHingFuscin>
      </browet>
    </availTrancesFroths>
    <rennaseZygotes>
      <biers>naevus</biers>
      <abonneKorunaBomb husho="pierces" sysinRheniumDayless="dogheadPinacolStrati">
        <waffleOttoPlonks>147520089</waffleOttoPlonks>
      </abonneKorunaBomb>
      <mesion estatedIsort="41">
        <pouters>asyleChiral</pouters>
      </mesion>
      <louredDwamish foetus="shrinePeres">
        <silvernVacuum>maliceSitchSabana</silvernVacuum>
      </louredDwamish>
      <hlerDitto>
        <shogaolHumor>2892</shogaolHumor>
      </hlerDitto>
    </rennaseZygotes>
    <cycShives>
      <onehow>buboedNuisome</onehow>
    </cycShives>
    <hafniaSwabbed farmostGarn="bardane">
      <timish>inkiesSilkerGateaux</timish>
    </hafniaSwabbed>
  </phenoseTeemers>
  <dhootisTinklerAeried triglidSojasSing="saltilyAlias" tippeeAwnless="evite" />
  <spaders chagrinIronic="hearsayAsiento76" biassed="tsambaSodless" phallicAscite="aniliid" kpuesi="1423">
    <bundh>
      <finoMusgu>buckoes4341</finoMusgu>
    </bundh>
    <dowfartBorak>
      <pommeySklent>purpartItalite</pommeySklent>
    </dowfartBorak>
    <gheraoAleppo frae="lazyish" hirsleTucumaDarzee="afretMachinaCuria" squalidColoner="knivedUpslopeBlamed">
      <mommySuccula>dollierPiproidEncase</mommySuccula>
      <runneth>
        <hurraysUnpaledGarrick>tickers</hurraysUnpaledGarrick>
      </runneth>
      <rumen cycasinSpryerUrase="likestNegaraPhiroze">
        <footageSampDomable>trippedDecreer</footageSampDomable>
      </rumen>
    </gheraoAleppo>
    <subtile>
      <holgateLekythiAnions>coughed</holgateLekythiAnions>
      <osprey neglectHardily="whettedWished" ungrave="718">
        <curpinCottaeCrude>slotterSozzly831</curpinCottaeCrude>
      </osprey>
      <tubulesPastry upsuck="mottsAgenaRasures" vicaraAcquietTabors="shader">
        <bergsAmandus>lopersHansa</bergsAmandus>
      </tubulesPastry>
      <dargah hederinSweatBaskets="885470426" coppasEntopicBrasils="mandatShackerIntend">
        <decimeGheesToehold>cluniacChaveMaftirs</decimeGheesToehold>
      </dargah>
      <duende>
        <hortiteFungiteFath>domite</hortiteFungiteFath>
      </duende>
      <mettledShrivel coppraServile="673">
        <lifersCalamusTakosis>redfootSmarty1</lifersCalamusTakosis>
      </mettledShrivel>
      <twitchyIncr>
        <hoistedHaemad>shawed</hoistedHaemad>
      </twitchyIncr>
      <bite>
        <equiniaMormon>escotOuttaskGer</equiniaMormon>
      </bite>
      <urdsSamkara etalageJauks="ciguaKneepan" gaggersMuffinsShisn="damsons">
        <lahnda>spyism</lahnda>
      </urdsSamkara>
    </subtile>
    <meublesProsalFumerel>
      <biorgan>6</biorgan>
      <makaraNachoSaccule rompedUnlucky="3" abendsDegrainLiebig="emporiaDeedyCombust">
        <lagoonSakiyeh>tummies605</lagoonSakiyeh>
      </makaraNachoSaccule>
      <reexpelButut keesPinlessExpires="747651472">
        <nurslePotlike>668408355</nurslePotlike>
      </reexpelButut>
      <hoptoadMeazle spaeAppaumeSlinte="xystumLucerneShilly">
        <semeiaLaweourCenture>rebusyBarbula</semeiaLaweourCenture>
      </hoptoadMeazle>
      <bayheadCryJaygees>
        <respond>shantihPumaWigmake</respond>
      </bayheadCryJaygees>
      <mehelya gipsiedToyonsSouagga="4">
        <sangarsGolachBogum>meinieAffeerScenic</sangarsGolachBogum>
      </mehelya>
      <hastes meileJaguar="petrol">
        <vibrioDkmJostler>goladar</vibrioDkmJostler>
      </hastes>
      <daleth waltrotTestee="taskingMoped" bygone="stavesUnteachMinded">
        <storeLaicize>moroneCharkha</storeLaicize>
      </daleth>
      <sundaeFlawfulGanging squeel="glancesRedye" armlikeHambleHellbox="gomaCambers">
        <preboilDaglock>busyingHooded</preboilDaglock>
      </sundaeFlawfulGanging>
      <fixableActinonGutty wartPoodCrackle="35504">
        <reed>6971</reed>
      </fixableActinonGutty>
    </meublesProsalFumerel>
    <rindWhealed>
      <foggily>760088455</foggily>
      <burkiteDrylotsElating>
        <animalEmbeamNocktat>cervixCoof</animalEmbeamNocktat>
      </burkiteDrylotsElating>
      <ramifyMehallaBoskets>
        <lavaret>umbralPayably</lavaret>
      </ramifyMehallaBoskets>
    </rindWhealed>
    <kaldaniAminesInkroot>
      <scrimpyStartSemify>win</scrimpyStartSemify>
      <shoeman tangum="casasMocMuir" pushrodSweater="wintery8">
        <dextrinShulHolm>morfondShillaPeapod50</dextrinShulHolm>
      </shoeman>
      <uralineBrasseyAnglian>
        <octectDelugedAlmach>yemsel</octectDelugedAlmach>
      </uralineBrasseyAnglian>
    </kaldaniAminesInkroot>
    <diwanEttarre asiansMyacea="soriUsuressJuries" filaree="trinil" renduDonees="venererBradley7816">
      <brutesGawkies>tokaysChafed</brutesGawkies>
      <pedionViningInwall arulo="bienneRidgerChron">
        <subalarSadrFalloff>amimideBrame969</subalarSadrFalloff>
      </pedionViningInwall>
      <khussakPetaryAal sowseCorf="alidad">
        <bumpoffRteWohlac>byliny</bumpoffRteWohlac>
      </khussakPetaryAal>
      <buckler sawnebVase="shippyOuting">
        <culmsStrenth>901</culmsStrenth>
      </buckler>
      <jowlish enticesAtropin="831734">
        <grottyWatapesPapains>usedDisdubRapport72</grottyWatapesPapains>
      </jowlish>
      <talakSexuousCortile>
        <dronishSpitous>duskGayalsIrous</dronishSpitous>
      </talakSexuousCortile>
      <comitiaWashday makosCaddedAoife="snipe">
        <bulbusNickles>minuses</bulbusNickles>
      </comitiaWashday>
      <igloosSilanes ariadneAswirlAnnulet="bronzenRikariOutlip" monaCelesteScends="giboia7">
        <ripenIsogamy>pedial</ripenIsogamy>
      </igloosSilanes>
      <earring sothTootSaidi="reflows702" knobsRatinesEvident="senaTunefulIncubee99">
        <unseely>9874364</unseely>
      </earring>
    </diwanEttarre>
    <ric>
      <remit>banande</remit>
      <badderWhalery thrastExpy="301" faldfee="cassVesture1784">
        <tanzyRhatanyBruges>sspHatsHolia</tanzyRhatanyBruges>
      </badderWhalery>
      <anilsSophismWeent bkgdGith="3832" tonishReese="36727">
        <pyrenaTmh>typica</pyrenaTmh>
      </anilsSophismWeent>
      <purview>
        <hocused>removesRumen231</hocused>
      </purview>
      <onlapGalopMiasmal rotulaHendly="mecum">
        <toterCroreFormyl>tennisySquabMawseed</toterCroreFormyl>
      </onlapGalopMiasmal>
      <inclaveEuonym rheumLeetmen="tussorWethersCuracao">
        <inula>hiringBearpawGilding</inula>
      </inclaveEuonym>
    </ric>
    <moronry cordobaVichies="haislaAlloxanSpise">
      <rhaPersioViti>cabiri</rhaPersioViti>
      <shebeen ramus="burgessCheerBarter" rhaphe="brumbee8">
        <agrinGlossedJoan>ratifia5</agrinGlossedJoan>
      </shebeen>
      <sprouts teatman="peppinLaderMagiric" glissNasoBettina="roebuck">
        <unreadySouariAux>idlesseZeroing594</unreadySouariAux>
      </sprouts>
      <podosBeaksRamule rebound="karmaMakedomCobles" piertUrsulaTavert="oarfish">
        <clownKokilaHoise>ebrictyFalsum</clownKokilaHoise>
      </podosBeaksRamule>
      <ascebcNeurismTerass>
        <averts>366423</averts>
      </ascebcNeurismTerass>
      <tenablyFlamb tipplerNowed="porticoStudierTitty">
        <formatBenny>451</formatBenny>
      </tenablyFlamb>
      <ripupZeburro towardFiances="unrapedClipsPath">
        <graftAeratorBegazes>qualityRoovedHuddler</graftAeratorBegazes>
      </ripupZeburro>
      <asian dryBesoil="afzeliaBedim6605" pachucoUsuallyMus="29">
        <whishedClosest>flagonsBunnellCharrs680</whishedClosest>
      </asian>
    </moronry>
    <wrideMhzEncoder smudgeLimitorEscalop="colarinOutpoll" whorle="feddanHurtedLakie" oboleFikeyClupein="balkier5660">
      <upturnToponym>gavot</upturnToponym>
      <evulgeWarluckMangles legiferAcrisiaIsaiah="2983" flookAdaw="galoreSpelman">
        <rodeos>98</rodeos>
      </evulgeWarluckMangles>
      <aeonic vodumsDertrum="sldAporoseTarts" woibeVadiumChekker="oatlandEphahsDaubes">
        <swatow>naphthoWetchet</swatow>
      </aeonic>
      <marramNitres nonUnzoneHopping="5" halloth="gree771">
        <ainuFraile>mks</ainuFraile>
      </marramNitres>
      <zuddaBesiegeApiose sootishDumpleHilling="9">
        <lyrismReplateBriolet>jarfly</lyrismReplateBriolet>
      </zuddaBesiegeApiose>
      <magilpArteriaSompay hakeem="uncoachUnsew18">
        <partookLeaping>hyoidalDelawn</partookLeaping>
      </magilpArteriaSompay>
      <castraGheberEyewink bonier="unmanlyLoinsGreasy" netLakhNiters="471807862">
        <heezyTwiggyImbibes>tenlineByblisDias</heezyTwiggyImbibes>
      </castraGheberEyewink>
      <starryGanBihalve sectorsImpiety="maya" noyauWhummleAworth="pikerAbouliaFissle">
        <borasco>hewghBiophorUnjolly</borasco>
      </starryGanBihalve>
    </wrideMhzEncoder>
    <drayagePentrit qtrBogyism="cityful">
      <rether>censors</rether>
    </drayagePentrit>
    <xenylWeanersMetad>
      <hldStapHeadcap>maleic</hldStapHeadcap>
      <cooheeFerfet lipaseGodwits="bickAllurerOlla" verey="bafaro">
        <gordianCircule>hodadsFillsWainage</gordianCircule>
      </cooheeFerfet>
      <steidCustomsAzoic>
        <sour>186936928</sour>
      </steidCustomsAzoic>
      <diiambDormant afsharPtarmicBabe="rebladeLaibachKinah1">
        <crammel>32</crammel>
      </diiambDormant>
      <toyosBalatteMiaoued clammerCaziqueFreckle="bassesMintsBungo1">
        <tentoryAverageLimina>treron</tentoryAverageLimina>
      </toyosBalatteMiaoued>
      <farcie>
        <crambusWarth>cappyReddingSaliant6317</crambusWarth>
      </farcie>
      <anelesBlueyCrass abakasPeddle="sticken459" andries="signateAlburn">
        <aerifyTalar>whangedPeaveysLungi</aerifyTalar>
      </anelesBlueyCrass>
    </xenylWeanersMetad>
    <taiseGemmanCentum>
      <tealessMacagueSubtray>balneal146</tealessMacagueSubtray>
    </taiseGemmanCentum>
  </spaders>
</imamahMisdeal>