<?xml version="1.0"?>
<purviewWindigoCaddow>
  <toydomBitser durnCouridaLactase="ethrogRiband" fraser="zandersDaimenManured" flaps="5904700" dronel="bakeryFittedTunca">
    <deportsBank>
      <unfussySememes>77194</unfussySememes>
      <spitsMorphiaArmadas morays="copoutsJabirusBashara" rareyfyNdoderm="2982">
        <rutting>91630989</rutting>
      </spitsMorphiaArmadas>
      <sautree>
        <gazon>1245369</gazon>
      </sautree>
      <gulliedBedebt kindlerPonera="rootageLankierPooty" fossulaSepsisLigulas="dipoles3">
        <uncoft>benet</uncoft>
      </gulliedBedebt>
      <runback holts="slat" realtyGleamShogs="daggedLoggia">
        <unoilTrochaWagogo>unwearyPainty84</unoilTrochaWagogo>
      </runback>
      <jazzesJuvExited crickle="avidityRhombus">
        <schellyKernsPudding>eyepitSnoozer</schellyKernsPudding>
      </jazzesJuvExited>
      <yeggmenItherSurds awed="79824291" pavis="hagadaBarresBaudery">
        <peikthaPurity>gobblesHubbub</peikthaPurity>
      </yeggmenItherSurds>
      <pinder taggerAzymeWhiten="airier970">
        <buttery>411307161</buttery>
      </pinder>
      <sorbin clarreQuill="998557703" laydownDiluvyCrevass="rajabPodagra">
        <plusesTenzoneStoney>halachaTruckerSpahis4349</plusesTenzoneStoney>
      </sorbin>
    </deportsBank>
    <woozily>
      <rheenLaces>floras</rheenLaces>
    </woozily>
    <assacu>
      <airmailGloss>yerking</airmailGloss>
    </assacu>
    <podleyBungsPlenism csmpLungerNictate="guitar10" sekarLangelBeasts="juicierOutflowUlan" eloinBobanceKeelman="97840422">
      <kaliansBatemanSpume>glyphUnloyal</kaliansBatemanSpume>
    </podleyBungsPlenism>
    <yeechAgonMadness>
      <haptere>seekMinas</haptere>
    </yeechAgonMadness>
    <anionKama>
      <undupedMooringWarted>homHansaArar</undupedMooringWarted>
    </anionKama>
    <bason baconsVidry="shalesCorvina" emblazeEjaculaBonsela="alliantAbasias" encolor="moneralEights">
      <asperseRacloirTowery>2160</asperseRacloirTowery>
      <malletsSangria deciare="unciaSamaj" bizoniaYomud="25">
        <claithRanny>welkSparus</claithRanny>
      </malletsSangria>
      <vexablePremadeScore>
        <imidic>acarusAlborakGenoas</imidic>
      </vexablePremadeScore>
      <unhero>
        <iglooCroupesLinalyl>holtsWunnerManaged549</iglooCroupesLinalyl>
      </unhero>
      <renownTricornAbrupt>
        <plaints>karakaGry</plaints>
      </renownTricornAbrupt>
      <corves isomere="icedDioceseSpaes" scudi="lipopodSackman">
        <terming>reversTippers25</terming>
      </corves>
      <kittlyYodle>
        <demiramWavable>myths</demiramWavable>
      </kittlyYodle>
      <buckishUdders>
        <garth>motel</garth>
      </buckishUdders>
    </bason>
    <tramell>
      <sondes>huitreNistUnsized</sondes>
      <widders taxies="50801">
        <juttingAcrisy>71816161</juttingAcrisy>
      </widders>
      <poshTrain xylitol="trapansScuddy">
        <alliant>5714082</alliant>
      </poshTrain>
      <gajBegallsQuetzal critBosch="mopyQuiveryAmiles" cutlersPromoteDakoits="furores">
        <clanger>mahiMong</clanger>
      </gajBegallsQuetzal>
      <rikariFigured diporpaOdored="aloeIsthApitpat934">
        <incasDecumanVirelay>germsBudgers42</incasDecumanVirelay>
      </rikariFigured>
      <natt wrybillItzebu="malapiMamminImpot">
        <kikoriAviated>hockledTilyer3239</kikoriAviated>
      </natt>
      <draffy bodeLivres="9339" femurLegpull="orchil">
        <lyinglyGateauMayweed>larvateRimateArchae</lyinglyGateauMayweed>
      </draffy>
      <isopagAplome haleruOrgueTask="treron">
        <rimousWayback>sonicHostedFrenate</rimousWayback>
      </isopagAplome>
      <lucet gaminesPlucheaWanely="harlotsMorne">
        <teslasVill>helcoidOunding</teslasVill>
      </lucet>
      <behove>
        <vinalBawdy>98609140</vinalBawdy>
      </behove>
    </tramell>
    <inwindTousingColias>
      <maim>teukOutflowMerlins</maim>
      <bradleyNeaf>
        <berri>dittos1</berri>
      </bradleyNeaf>
      <ripelyMistoneKerite nopalsUloidBrewers="8803589" sheevesTampers="zenagaAveryGerbil">
        <contoidEdible>anamite</contoidEdible>
      </ripelyMistoneKerite>
      <praamsRout maizer="cinque" voltesGary="texKeyakiFlakily">
        <jarfulsAcquiet>91</jarfulsAcquiet>
      </praamsRout>
      <feelBarded>
        <aegagriGallows>acrasy</aegagriGallows>
      </feelBarded>
      <rifterFlumpedTwanged hypaton="acridicOutact" bandalaFimbles="677">
        <hadeSteaded>utible</hadeSteaded>
      </rifterFlumpedTwanged>
      <snipesSeabed eikonsHardyHollong="969716" ticunaOutfish="papaloi">
        <digonalFuye>twiller</digonalFuye>
      </snipesSeabed>
      <animalStereDort agers="phoebeAutomat6" louis="ejusdem">
        <vampedStatant>glotticTrainer302</vampedStatant>
      </animalStereDort>
      <chegoAddled triodesGutty="lackersGttAmenta" lindiesTitiansOutcant="girdersOrangesImbibed">
        <coulierAdjust>atip</coulierAdjust>
      </chegoAddled>
    </inwindTousingColias>
    <lotusinUramilQuavers nixy="imager">
      <peoplesNeurad>fornixMerfolk</peoplesNeurad>
    </lotusinUramilQuavers>
    <milieusImpel>
      <papulePieganAquaria>7</papulePieganAquaria>
      <andor>
        <wrible>sparilyNatter</wrible>
      </andor>
      <balonUngirth>
        <quoinsWastageBursati>52</quoinsWastageBursati>
      </balonUngirth>
      <kirkingAnergy catnepBeaufin="sugarer" unaided="pluralsLagwort">
        <unjuicyRetile>streaksToadsKadein</unjuicyRetile>
      </kirkingAnergy>
      <knoweVacuateCoaches portentCobles="limbaGoulashJerboa" peckingApadanaPatters="cassareAmain">
        <diversePrevideDrome>dermolRosesWarua779</diversePrevideDrome>
      </knoweVacuateCoaches>
      <tinamouAnomiesIndabas altus="94" rigor="kaliansCorbiesErsatz">
        <matraBumbard>mukden</matraBumbard>
      </tinamouAnomiesIndabas>
      <peesashMenseSquelch>
        <siouanBungs>sannupPoralPlatten25</siouanBungs>
      </peesashMenseSquelch>
    </milieusImpel>
    <sesquihCabullaCodlin>
      <daseweAxiteDucture>538</daseweAxiteDucture>
      <tophphiPigroot>
        <bussy>classerSeducee</bussy>
      </tophphiPigroot>
      <asciteSutteeBolled equityOologicGoxes="tweezesReebok">
        <leveKinic>carromTastily</leveKinic>
      </asciteSutteeBolled>
      <adawnGerah garfishAmbasTrock="pertestPredryXeme32" otkonCorynid="spoonerKanaima">
        <fugate>wateryDoppia76</fugate>
      </adawnGerah>
      <enfraiSublot>
        <panderUndose>unfined891</panderUndose>
      </enfraiSublot>
      <brune vail="idesiaDeterma" pinkerCitess="erasedHalibiuFewnes">
        <bicarbTrendle>fluQuaeresTapeta12</bicarbTrendle>
      </brune>
    </sesquihCabullaCodlin>
  </toydomBitser>
  <motelMisshipLinkman wjcReisner="filetBurdon" buoysExpendTertian="558054277" stichsWinnowAllwork="96848" sounder="criminiTithersPetrels">
    <extbook hartalsSubpool="jemmiedNatives" stymyKetubaHeliand="aerobia">
      <byssi>truttaLibri6</byssi>
    </extbook>
    <throngBribed>
      <qindarPeeped>98800</qindarPeeped>
    </throngBribed>
    <feminin>
      <voilaRoomthyAffords>quaggaOlfact</voilaRoomthyAffords>
      <archfoeKryptonCuring oiledRedearJohn="helioidHelvineSnails">
        <erwiniaTreenStopt>464299915</erwiniaTreenStopt>
      </archfoeKryptonCuring>
      <isatis dionymUxorialStymies="skein2">
        <dockersCowpockYaffed>435029</dockersCowpockYaffed>
      </isatis>
      <trancedLomboy>
        <tobaccoRocking>sacrateLenvoi</tobaccoRocking>
      </trancedLomboy>
      <assaisUmload>
        <sarkful>hagglerPoultryMira756</sarkful>
      </assaisUmload>
      <bemoltAspireLangued>
        <kolas>eloin954</kolas>
      </bemoltAspireLangued>
      <oot bemixed="875563">
        <markkaGrise>8</markkaGrise>
      </oot>
    </feminin>
    <scytheWayless osmosesAdmetusMannet="honedBeepers" plumlet="sparsCunny" stromLipasesLingers="coolant">
      <codmanConceptBloated>caburn1841</codmanConceptBloated>
    </scytheWayless>
    <unprint pietasVallotaDogs="855553168" possUntineRhodium="clavisPriggerHalenia" knevelAlloteeIwwort="throes">
      <quippuHeal>untax</quippuHeal>
    </unprint>
    <calques>
      <finary>stiffsAwkward</finary>
    </calques>
    <rulingsHemolCertose>
      <surbateCredit>synaxisAbuleia</surbateCredit>
    </rulingsHemolCertose>
    <rankDurezza>
      <codensAbada>cobbersFretterChefs</codensAbada>
    </rankDurezza>
    <trendSows>
      <linterMotocar>kerchug</linterMotocar>
      <setoffsRivaledPasting dabblerGobbetsReseeds="outlayFeedbox8097">
        <gelatia>hupaRetiralVires</gelatia>
      </setoffsRivaledPasting>
      <discumbMespot>
        <acinusSquib>octets8</acinusSquib>
      </discumbMespot>
      <sikarRozumMammati pepsinsBawled="141000684" ooidGashing="pipiri">
        <kokuminMetumps>freefd</kokuminMetumps>
      </sikarRozumMammati>
      <restes niceishVenomerTawneys="scaursGypsyUnheed">
        <calved>reckonsBlithe</calved>
      </restes>
    </trendSows>
    <cochin>
      <libelsDalles>elfwifeIsander7</libelsDalles>
    </cochin>
    <reested dagaba="siccateWedding">
      <betroth>misciteIllegal</betroth>
    </reested>
    <spahisWalerBulbel>
      <dreidlsCarcerDaysman>84932793</dreidlsCarcerDaysman>
      <psid maeingSudes="fairyBazzite" bere="patent">
        <verbals>ogamsDawkinMirdaha</verbals>
      </psid>
      <pyalAsitia>
        <benastyParegal>diana935</benastyParegal>
      </pyalAsitia>
      <jugerMeathBejazz yoni="bulkerRipoffSniddle890" worths="993">
        <astomiaAchuasIrately>chauferUpsolveVitrics</astomiaAchuasIrately>
      </jugerMeathBejazz>
      <eelpout balete="crambeCole7731" gilAutoist="1392400">
        <bijouxPenduleDieter>entrezTiglicHadit</bijouxPenduleDieter>
      </eelpout>
      <whered tolmenSgadKriss="medakaHangers1775" listels="7518">
        <sieAliyahPatrial>messtin</sieAliyahPatrial>
      </whered>
      <essart>
        <unstonyBaelVittae>virtue</unstonyBaelVittae>
      </essart>
      <lobaleSnooks russineMhos="kumisToddFohns" nerver="coronelPiecen">
        <cahuyHoods>64</cahuyHoods>
      </lobaleSnooks>
      <purredBraving nettles="tuckedNitch" khokani="kudoCypriot9892">
        <packetPatina>notanBlueish73</packetPatina>
      </purredBraving>
    </spahisWalerBulbel>
  </motelMisshipLinkman>
  <scalf leftestWierdAmbery="bittingRoric">
    <botanyDorterEucone>
      <nymphonNattilyHansa>entrees</nymphonNattilyHansa>
      <donzel>
        <oryxesRoved>yelp63</oryxesRoved>
      </donzel>
      <reluctBelveLural>
        <dualityTough>gatsbyGim345</dualityTough>
      </reluctBelveLural>
      <dclass ungrandAbadiaSonder="100602" syrmaeaHyphoScatoma="skeich2">
        <unagileZaffers>jube617</unagileZaffers>
      </dclass>
      <gadabaFlouredClamber hegirasShrined="lithoidAppaume" barkeepShlep="mucificDecayed">
        <mothConurus>jaunts</mothConurus>
      </gadabaFlouredClamber>
      <caddingSniffer>
        <humidlyRappees>fopperySulungAtokal</humidlyRappees>
      </caddingSniffer>
      <ochroid additurArfBiprism="flopsThronalJokish4" solders="57">
        <dannieUpswayStamina>pavinDintAcritan</dannieUpswayStamina>
      </ochroid>
      <usualsTarweedBlondes duelled="arryFinals">
        <zimmiWayangChiasma>944254</zimmiWayangChiasma>
      </usualsTarweedBlondes>
      <imponedPaytNumbing>
        <swaNandineAlcali>539385</swaNandineAlcali>
      </imponedPaytNumbing>
      <teddiesCreator almahSpryExotic="evelynGunyahTaurin">
        <utibleSlupBegay>numbTng</utibleSlupBegay>
      </teddiesCreator>
    </botanyDorterEucone>
    <ruching>
      <enrangeHydrideUnurned>rundown</enrangeHydrideUnurned>
    </ruching>
    <sclaffs clangTazze="arrivedPounderChitose1729" devideTentfulAgain="crippleJuly" baratoEnripenAroused="infuseReadFrousty">
      <lackiesReshiftCapsula>madship</lackiesReshiftCapsula>
      <mirador imperfZutugil="higglerLumpGurniad">
        <defix>303</defix>
      </mirador>
      <becurl ghettosCholtryWontons="759452407">
        <gaeldom>battle</gaeldom>
      </becurl>
      <hirsledPlunderFreeze avenerJaping="oofierCeltismGrille584" akia="lullianAdyttaGrowled">
        <subcoolNunkiEstado>loftedBossdom</subcoolNunkiEstado>
      </hirsledPlunderFreeze>
    </sclaffs>
    <arakPalilia>
      <omphali>gourdsMartext</omphali>
      <syrupyMungyPathan>
        <unfainFrigor>26</unfainFrigor>
      </syrupyMungyPathan>
      <fattestGranges raphisCaveatsWetters="macoma">
        <verdure>geaseChildedCajoler</verdure>
      </fattestGranges>
      <glamorsBanjoInkling>
        <beglueAviaticGlaiks>749022</beglueAviaticGlaiks>
      </glamorsBanjoInkling>
      <slinger dieback="alapaXenias" gripmenForfarAcheck="dovelet">
        <officeDelisk>1</officeDelisk>
      </slinger>
      <bruxismUnpins nimbSyzygiaAroused="cabmen">
        <unshaky>earmark</unshaky>
      </bruxismUnpins>
    </arakPalilia>
    <lulavimAthymyUnwoven>
      <flogsIncavoUnsafe>condorsRedrew</flogsIncavoUnsafe>
      <gygisCoactedCurvate>
        <lentAsmack>mooth</lentAsmack>
      </gygisCoactedCurvate>
      <apyraseKnishes>
        <argalSapit>cestrumGhainLetuare</argalSapit>
      </apyraseKnishes>
      <asemicMullens>
        <xylicPeas>olivileNovelsDevoice</xylicPeas>
      </asemicMullens>
      <libriAmyloidMeio preopen="valour21" parodi="ladakin">
        <untimid>glairyDoblaKeno</untimid>
      </libriAmyloidMeio>
      <gipsEmpasmVenturi>
        <alumelUmbrateJetton>dollopRivalsKlepht196</alumelUmbrateJetton>
      </gipsEmpasmVenturi>
      <perchHubcapSods>
        <galanteRationAurei>stinge</galanteRationAurei>
      </perchHubcapSods>
      <tuskersMiswordInclips kopjesZoqueanUredia="5676" melesPrimer="oversaw48">
        <term>heighth3</term>
      </tuskersMiswordInclips>
      <cymatiaWetting gyrocarWedgesTotals="20">
        <alongBodyingBlur>883658286</alongBodyingBlur>
      </cymatiaWetting>
      <majoonPinturaSluggy dentsRevue="enzooty">
        <rackfulAfzeliaMonsoni>cutiesOdors</rackfulAfzeliaMonsoni>
      </majoonPinturaSluggy>
    </lulavimAthymyUnwoven>
    <lastyBogotaFaulted>
      <bagnutSagathy>gardLambaKnowing50</bagnutSagathy>
    </lastyBogotaFaulted>
  </scalf>
</purviewWindigoCaddow>