<?xml version="1.0"?>
<siniticPipitsGrun>
  <patsDavoch>
    <speedo abasersArea="5525">
      <burdie>mulierAdonize271</burdie>
    </speedo>
    <bepill>
      <vagant>bumickyFishwayEvulge</vagant>
      <jaspAkaakai cartopGains="desuvre63">
        <ceriumsIconesSkald>26654</ceriumsIconesSkald>
      </jaspAkaakai>
      <segno gurjara="chevet92">
        <dermolNummary>acold</dermolNummary>
      </segno>
      <agregeMoke unbrutePresentKadaga="rackwayHangbyEskers7">
        <drafts>340835650</drafts>
      </agregeMoke>
      <beliing blest="drivesBarrBudgero">
        <zoilism>poongaWummel</zoilism>
      </beliing>
      <folBites topsCurvlePopguns="misdaubHyssop" tetrao="wessand">
        <shoerToque>amgarn88</shoerToque>
      </folBites>
      <raband>
        <quadrelConsole>willowyTristAlumite</quadrelConsole>
      </raband>
      <baskerMitingEnseem>
        <deludeMonty>torreyaTownly</deludeMonty>
      </baskerMitingEnseem>
      <flivver gweedSwartKicked="7218" caballSchuln="aniseFand1475">
        <woolseyCedulasReflash>whoresThinCogman8625</woolseyCedulasReflash>
      </flivver>
    </bepill>
    <herbistJettruEthos sornersYaffsHurt="alamos" musily="5428699">
      <mlxSitient>ditched</mlxSitient>
    </herbistJettruEthos>
    <serimpiResiles>
      <senileJamboyNimkish>57</senileJamboyNimkish>
      <gaybineTapers>
        <tangierIndiumVodum>siccarCommune8</tangierIndiumVodum>
      </gaybineTapers>
      <doina capriceBiscotUprend="cedratTowcockPaleog">
        <palaiteFylfotLogiest>512</palaiteFylfotLogiest>
      </doina>
      <bittie spoilDeriderLotium="londonLookoutBrachia">
        <oronokoSniperSaigas>sedum</oronokoSniperSaigas>
      </bittie>
    </serimpiResiles>
  </patsDavoch>
  <fawnersMararaGawk kilan="225004" dimorphReventMalik="hydrid">
    <unhookLeysingJarvey>
      <coignes>curstPlacusVermily</coignes>
    </unhookLeysingJarvey>
    <shri>
      <pitbirdRotls>ominate</pitbirdRotls>
      <slinkJugal plowmen="globsAshanti" posingGaelicHarenut="xiiBoulleCymol7">
        <whaukInrun>skenaiDoeskinEviler</whaukInrun>
      </slinkJugal>
    </shri>
    <belled stotOkayed="966197" missay="quayfulLucifeeKebabs" lasagne="byp">
      <reichThriverAmparo>950041396</reichThriverAmparo>
    </belled>
    <tapirHirple tensed="airable">
      <phoebesDali>useablyEdestanCawed</phoebesDali>
    </tapirHirple>
    <calaburCordalStepney egmaOutcull="bonzian" publish="waregga" nookieChytrid="95265">
      <divvyParas>cobnutsMtx</divvyParas>
      <coigned dined="burntEupnea" being="kula633">
        <sinterFair>sirkeerJundiedSmitham</sinterFair>
      </coigned>
      <cleaveDowl>
        <cader>tampoon925</cader>
      </cleaveDowl>
      <oakesiaAdnexal>
        <mitua>unwhipAviary</mitua>
      </oakesiaAdnexal>
      <debeakGliresGlent blareCativo="tiningDustboxFebres">
        <batletHuxterAristoi>novalia</batletHuxterAristoi>
      </debeakGliresGlent>
      <mitisSapeleDeepish cebian="uncreamCompaaCookout" whisksFabulaTabacum="asciansMozo">
        <hooshGotchedSlangy>hadromeBiform</hooshGotchedSlangy>
      </mitisSapeleDeepish>
    </calaburCordalStepney>
    <cedricAscence fogsGrind="paisa">
      <aumousDoxiesSwiggle>pilfers130</aumousDoxiesSwiggle>
    </cedricAscence>
    <dogholeBedarkAlipata>
      <ornoite>posedBedampWhoo</ornoite>
      <trysterPhpht paulistEurymus="cecitisAbsee">
        <odz>52</odz>
      </trysterPhpht>
      <sunsuitCorgisDaric reliersLitotesPierre="prosedBaulkedFerlied">
        <luwianGibbertAmy>kinsmen</luwianGibbertAmy>
      </sunsuitCorgisDaric>
    </dogholeBedarkAlipata>
    <azaleas hollos="chazansUnhumanHave">
      <unload>widgieUnshoed3294</unload>
      <disfameAclydes stoogedSynoecyFire="243188805">
        <niota>quart</niota>
      </disfameAclydes>
      <gridEyemarkScroops>
        <waiverPandour>beamily65</waiverPandour>
      </gridEyemarkScroops>
      <ritaGherkin omits="printsSubductSinamay">
        <mopsy>agada</mopsy>
      </ritaGherkin>
    </azaleas>
    <unfoldJarhead>
      <swilledSkyhoot>navarinAlgorab</swilledSkyhoot>
    </unfoldJarhead>
    <woaBringed bassineBiotechShivahs="snipish">
      <recrateLavingCompony>tepanecPlodge</recrateLavingCompony>
    </woaBringed>
    <cheken>
      <voetStalled>touterPlace</voetStalled>
    </cheken>
    <vesigiaFaker beeherd="inachusLarchenShallon" warnothMatzothHangups="lait" agendumGerbil="smaze">
      <kipageCepheidSporont>geikia</kipageCepheidSporont>
    </vesigiaFaker>
    <alumiumSonchus qeriBaruch="neweltyPfennig43" katyLadanum="unsappyBiffedEnvined" urbanTrigons="kinaUnrivenInfern">
      <stounds>supremeSwirly</stounds>
    </alumiumSonchus>
    <playte biddiesBardane="dowcet" gryphon="ferr">
      <virguleBeleapsRougy>37765</virguleBeleapsRougy>
    </playte>
  </fawnersMararaGawk>
  <insolid satury="moghulSplines" straitsWeevers="422618198" heidiGoshen="sulfone83" varBozineAdenyls="borderBora">
    <capella butchOosSitella="skegger">
      <furcalReflogAyins>68</furcalReflogAyins>
      <repumpUrologyChronic>
        <obsideSimplum>disparkTittupMeaners</obsideSimplum>
      </repumpUrologyChronic>
      <flamierCadweed ratingCashSwough="470" cuchiaClickMouly="beshineKeyways">
        <culpae>shoaler</culpae>
      </flamierCadweed>
      <isopagDraw padella="spelderWhats8677" unruthHemiola="prettyDoylePoising">
        <sadironHaltingOneness>dimericInmatesNoires</sadironHaltingOneness>
      </isopagDraw>
      <frere ephorBoidae="ghibli">
        <nakhodaWadmelNearest>slokedSonoresTyphia</nakhodaWadmelNearest>
      </frere>
      <outflew perseidLilial="wiyot" upboilsBedcaseThrouch="akmudarEnviesAsianic">
        <youff>chapPenises</youff>
      </outflew>
      <jabulesFelonyValium villas="183" lupeolErnestRhos="8">
        <edith>micht</edith>
      </jabulesFelonyValium>
      <boozersWong gispin="slee" ravelsMuddenLyrical="listelsOustersHie">
        <tangiBugle>bifrost</tangiBugle>
      </boozersWong>
    </capella>
    <sayidBrahmin groFougue="screichValuerBegrime">
      <sheevesSmirklyAirier>95929025</sheevesSmirklyAirier>
    </sayidBrahmin>
    <sanpoil subringWooed="vastestTurbaryOwer" patersSeized="2" snappePoisedCaproin="cropsPhragmaDampang">
      <paphian>104</paphian>
      <kidling chivw="jurantsKharwaDorbug" ginkgoWeen="forintCrusherDulled7711">
        <yuponsHeron>beteachBiblistNorito</yuponsHeron>
      </kidling>
      <whereerViduageNerine micellsGeezers="atamanIodizesVenise" orpinesFlankedGazed="21554315">
        <smashes>demastToddy</smashes>
      </whereerViduageNerine>
      <vizzy>
        <fronds>deepsUnrichtAfflue29</fronds>
      </vizzy>
      <arsines>
        <outplot>axillaePujari</outplot>
      </arsines>
      <pinboneMammati busineSeedyStrey="quidditHeezieAnde8" irises="43">
        <osakaUngirthPities>fraplerUrsa</osakaUngirthPities>
      </pinboneMammati>
    </sanpoil>
  </insolid>
  <triopsHormigo pockingOllamh="kanyawBestudsKokstad719" unruthFoilingTharms="grecaleConstr9710" thetinApsid="gonneMotilesNoxious3" planetaMonkish="guttaeOutcantAwol">
    <raided>
      <cashew>amaniaWined5605</cashew>
    </raided>
    <timne kneepanDwelled="myocoel" vedaliaDeanery="paddockLeavensWoorari" aseptolConfute="illuderGreffe">
      <nonego>fowlerBechirpRadials</nonego>
      <siskinLuciusRubbing venture="78">
        <kadosArtsy>rippierSnuffleHacklet</kadosArtsy>
      </siskinLuciusRubbing>
      <pilkinsWormers algazelScaridAugusti="9475196" toitingCyclistKerman="abortus">
        <yagisNorroy>stowth</yagisNorroy>
      </pilkinsWormers>
      <paterEposPlayock>
        <jaborinGrout>encloakPherkadMuffled</jaborinGrout>
      </paterEposPlayock>
      <leporis>
        <taoyinSequins>sardoinTheseum</taoyinSequins>
      </leporis>
      <shairdArmhoop philtraNofileFeckly="megasseLiseChloric">
        <greyhenIvoried>haggaiDuodena</greyhenIvoried>
      </shairdArmhoop>
      <tweeg polymny="4">
        <marsi>49767528</marsi>
      </tweeg>
      <winoTaxiwayCouther bizet="myosinStatusDispace" unseals="caringSoyotDefacto8278">
        <flidge>domiticGerbVile</flidge>
      </winoTaxiwayCouther>
      <ugli>
        <sonataPasela>parlesBagass</sonataPasela>
      </ugli>
      <choraiPotterySolan>
        <diesesMandrilCollock>kihoBarways</diesesMandrilCollock>
      </choraiPotterySolan>
    </timne>
  </triopsHormigo>
  <poverty encadreQuotasAcetite="scripee" />
  <meakUnroughTinne jokeySetuleCaesium="73896" />
  <unhapHaemCrambos wauchtsDuelli="17" lisperCoyn="droilGinnle" />
</siniticPipitsGrun>