<?xml version="1.0"?>
<alaunt>
  <assisPity wingle="926" cascadeUnawfulNicking="502" anulomaAkroter="reforge" doolOrgiasm="vijayFanlike79">
    <comd>
      <psw>909</psw>
    </comd>
    <casseFossateBestraw>
      <dorothySemises>bidpai306</dorothySemises>
    </casseFossateBestraw>
    <datablyVivaryBatavi boaedon="barnsMyopic">
      <meat>sippingExpires</meat>
    </datablyVivaryBatavi>
    <haffatTiara>
      <robaloPegoxylTrifid>tonemeStaidly</robaloPegoxylTrifid>
      <trifly cobbGadBecense="betossToother2177" reeshleRuglike="italon">
        <issuers>skaters</issuers>
      </trifly>
      <tramelsKerlRengue holsom="proplex">
        <daceloTabidly>kidangOolakanCoarse</daceloTabidly>
      </tramelsKerlRengue>
      <whoope>
        <attagen>squiresAdnoun</attagen>
      </whoope>
      <kufiyehBaskingJoinder tejanoCoppledNots="6" cohead="tussarMidrashMisaver">
        <beliked>zeismTourneeGalerus</beliked>
      </kufiyehBaskingJoinder>
      <skiv ripped="pkgEdgedFdnames">
        <zooksNatantJewis>9845</zooksNatantJewis>
      </skiv>
      <mirsNepaOllie>
        <fusilly>8</fusilly>
      </mirsNepaOllie>
      <elisionPetrieMadded toadiedMutuum="scuffsNingpoMontero1803" aestiveCissyKalpa="empest2">
        <afetalSwans>hamaulsPeppinAlist12</afetalSwans>
      </elisionPetrieMadded>
    </haffatTiara>
    <fifePplHamites>
      <quelmeMaharao>tighterFallsCastra</quelmeMaharao>
      <orologyFeronia>
        <abies>ferularLinesAver</abies>
      </orologyFeronia>
      <critic growan="92140097">
        <peatMussal>deashesPigging</peatMussal>
      </critic>
      <smartlyHairs wolfdomCurrackDraine="roister6723">
        <heron>iboliumUncladPtinid</heron>
      </smartlyHairs>
      <wage oblongsSistine="coseat" bivouac="scaleneScubaBenefit">
        <ringtaw>56299</ringtaw>
      </wage>
      <zemeism rockmanBaze="fozyThereasSauces" kalmiaSporous="talkingTurkenForwrap9685">
        <verveBlitter>aswash</verveBlitter>
      </zemeism>
    </fifePplHamites>
    <romanaCobiron>
      <febresPicul>byrlawAviador8506</febresPicul>
    </romanaCobiron>
    <aerials senopiaKongo="331" hiroSamirEnnage="vannicLehayCresson">
      <curred>fagaldSalternNobling895</curred>
      <unripedMedrick dictaenColumn="fogram">
        <flaker>brocket</flaker>
      </unripedMedrick>
      <devaulRooved vocably="reebokDevideAnimals798">
        <yerkedReads>geckos</yerkedReads>
      </devaulRooved>
    </aerials>
    <homardSteamie>
      <spooredFirmingTotum>goffDocks</spooredFirmingTotum>
      <tilaka>
        <cochiefKnezSud>3846558</cochiefKnezSud>
      </tilaka>
      <tytPedetic>
        <innards>garo</innards>
      </tytPedetic>
      <bharaBrokenAry objetMaratha="tapismReckons">
        <framRazeed>exhaledPimas629</framRazeed>
      </bharaBrokenAry>
      <dizainIdeates unhopedNewshen="enviousScantly">
        <unjewelOrchils>toltecOutsinAfghan</unjewelOrchils>
      </dizainIdeates>
      <hexoneBevels glossae="outlawHepteneMilters747">
        <liwanAeons>93960</liwanAeons>
      </hexoneBevels>
    </homardSteamie>
    <exceed>
      <mirable>drudgeBnfZealots</mirable>
      <aigret locrianRetasteDhoni="locoman">
        <oftestLhbCurrant>waymanSeron5</oftestLhbCurrant>
      </aigret>
      <insKiel octal="scramFlash">
        <skinch>nanosecGrayed</skinch>
      </insKiel>
      <toning>
        <juecesHexacidClatter>530</juecesHexacidClatter>
      </toning>
      <pollenChanceFrapped gippersOsmerus="frottedSoudans875">
        <wifie>muggierApogamy</wifie>
      </pollenChanceFrapped>
    </exceed>
    <mowerHowdiesYogi>
      <oleoylSawmonMyology>synange9</oleoylSawmonMyology>
    </mowerHowdiesYogi>
    <cravoCurtalTerma>
      <aristol>36765</aristol>
    </cravoCurtalTerma>
  </assisPity>
  <csect inkierPostelCasquet="ontalOnerate">
    <cruderBugala>
      <stamensAnarcho>shuKsar</stamensAnarcho>
      <sucuryBoiling armigerDepthen="hagmallGaw">
        <cajolerPinholeUhs>dotardy684</cajolerPinholeUhs>
      </sucuryBoiling>
      <glaiksUpdeck batsterKnives="9918291">
        <forsarJugatae>acinicWeedishClomp</forsarJugatae>
      </glaiksUpdeck>
      <stannelRavage>
        <toothed>671</toothed>
      </stannelRavage>
      <awheelLecythi besraSouses="pedicel" bajaHygiene="caxonSatron">
        <rewordsBlennyMiotic>4060</rewordsBlennyMiotic>
      </awheelLecythi>
      <libateRheebocWiper>
        <preculeKeelvat>912</preculeKeelvat>
      </libateRheebocWiper>
      <perseusRevertsThanker arzava="seleWooableScatty">
        <trunks>theriaRumboAcoria</trunks>
      </perseusRevertsThanker>
      <supariAttractCuit abaxileLavehrArmsize="spirt" abuzz="opcode">
        <shaikh>254</shaikh>
      </supariAttractCuit>
      <rambledRebusyAraca>
        <tarkhanDispend>afterPlinyIdles</tarkhanDispend>
      </rambledRebusyAraca>
      <nixe complotForkmen="werwolfCongoniPeas">
        <platinaGrowzeHitchel>precoxLootieSprawls</platinaGrowzeHitchel>
      </nixe>
    </cruderBugala>
    <bambini obols="397171098" mantles="fluidicHallier">
      <towels>contoMootch</towels>
      <clueingOldwife glumaUniaxalForcut="momsUntentyFishpot">
        <spinorsTubful>clodderEmmenic41</spinorsTubful>
      </clueingOldwife>
      <monglerBicepCzarish>
        <toothMariesImplead>elves54</toothMariesImplead>
      </monglerBicepCzarish>
      <iudBrodeeLoiasis>
        <rimateUniwearAmphid>dismesCalechePivot21</rimateUniwearAmphid>
      </iudBrodeeLoiasis>
      <rhyssa crwth="fidibusBoscage1" klatschEmbowlAdrench="campong">
        <vivandi>pricketAfflict</vivandi>
      </rhyssa>
      <peptidsHethenKeblah sepionBacao="inaptHornlet">
        <ont>sonsie</ont>
      </peptidsHethenKeblah>
      <cogonsReggaeRepleve>
        <gigback>maja2979</gigback>
      </cogonsReggaeRepleve>
      <zigzagsWraggle>
        <variousPalalaCostive>394367282</variousPalalaCostive>
      </zigzagsWraggle>
      <damiaJauked aerateBalitaGamont="bandanaEarlishNeoned" creance="pilafs">
        <lynchetNatherQuaeres>cimbal</lynchetNatherQuaeres>
      </damiaJauked>
      <tuffoonCyprianGeneric beezerPir="gyarungTrizoicHottish" lentoid="combatSamishPlanner">
        <mezair>augustaDeacon55</mezair>
      </tuffoonCyprianGeneric>
    </bambini>
    <bromal>
      <inwheel>tundunHairEftsoon</inwheel>
    </bromal>
    <bonitosJitterPension vividerBatoonPlatten="dreaderIlludedSext" unquoteGlucaseBlawed="fetlockGallons" tegulaGuest="9972581">
      <demulce>filosus</demulce>
      <hugPampa eponymyNina="gilders">
        <cibolaIthacan>frikeFuzzleDeflex</cibolaIthacan>
      </hugPampa>
      <ireless wyandotUngold="cureMucknaScoggan" rescale="baniwaRootageSuist83">
        <swardsProject>regnum48</swardsProject>
      </ireless>
      <unbeltCoaxyJuslted>
        <grivetCupolar>aleakSubpool</grivetCupolar>
      </unbeltCoaxyJuslted>
      <soldersBoxier frostedSumper="149020777">
        <upcurve>retan8</upcurve>
      </soldersBoxier>
      <seldenSheduWaggie>
        <tummingMediant>2528</tummingMediant>
      </seldenSheduWaggie>
    </bonitosJitterPension>
    <akraMessans>
      <tarten>barbola</tarten>
    </akraMessans>
    <weedersFibulae>
      <couloir>fumageSpissusLud</couloir>
      <crinklyMacumbaBeyond bammed="pilaued984" newariMashlinBlinked="107655">
        <vengingJacareCuracao>sunderGaumDorsel</vengingJacareCuracao>
      </crinklyMacumbaBeyond>
    </weedersFibulae>
    <dusk>
      <shoful>codIrrisorUnpiped</shoful>
    </dusk>
    <milaOverdo>
      <tucano>rugbyAddeemValval</tucano>
      <plottyAdnexaDemirep>
        <goodhapHalweGalluot>jutishImerinaGrape</goodhapHalweGalluot>
      </plottyAdnexaDemirep>
      <acridylParlor cogencyMokiSerran="breathyMeriter">
        <huppahsTagmeme>junked</huppahsTagmeme>
      </acridylParlor>
      <cydonia rebeccaRewed="torsileAndsChurrs" reitbokMundane="942126">
        <jokesMessilySallowy>monachAlmuryMoonmen</jokesMessilySallowy>
      </cydonia>
    </milaOverdo>
    <spackle>
      <stemaJibb>resides</stemaJibb>
      <dreadedUrsusDeodars barwareVisitorTug="mopaniHelmage" genosSpeer="basoga">
        <banagosAlodium>patedPockyChita9117</banagosAlodium>
      </dreadedUrsusDeodars>
      <kioway alfirkEmeryPurrone="6311241">
        <allergy>navahoRankles</allergy>
      </kioway>
      <semoted>
        <amandusDammit>draconeBiancaUnhardy</amandusDammit>
      </semoted>
      <garstonRooti flugel="cuproidUnsoot" swooperMarred="abdom">
        <affineVows>disshipSctd</affineVows>
      </garstonRooti>
      <columnsTocome arrivalKyak="dartoidJoch9" charmHawkies="stereSyrnium">
        <feinted>bilbiCarienWaughy</feinted>
      </columnsTocome>
      <gragers>
        <talionsDueller>bigwigs</talionsDueller>
      </gragers>
      <cheapen>
        <conusesHaybote>couch6</conusesHaybote>
      </cheapen>
      <sog>
        <afieldSemilog>canticoCrestKitchie8</afieldSemilog>
      </sog>
      <tonger>
        <grovel>blawnRespiceFrilal</grovel>
      </tonger>
    </spackle>
    <slicksFoggara draftsWreckerHooters="bircherDyak637" quichePriapicOouassa="773217" hightedPhacoid="reladleTennoSulfite">
      <chuhraUpswaySumple>651</chuhraUpswaySumple>
    </slicksFoggara>
    <citableTriacTowboat>
      <knivesFestaeAlfas>eddie</knivesFestaeAlfas>
    </citableTriacTowboat>
    <muchelMaidish>
      <pistole>michaelMacacoKnopped</pistole>
      <carideaSech soogeedFry="sheets">
        <quotumSetoutsDyaus>upendCalibanUnstate2</quotumSetoutsDyaus>
      </carideaSech>
      <abroad xurelPunkGirkin="6">
        <drameTrag>gradsPurify</drameTrag>
      </abroad>
      <pekingGispinFockle>
        <bromus>5205</bromus>
      </pekingGispinFockle>
      <cubeletHuzzaedGynics outwritRomanyLorded="ascapeSenor">
        <expunge>6182</expunge>
      </cubeletHuzzaedGynics>
      <olearyBishCubits digeny="singlerRaid">
        <outfoot>usation</outfoot>
      </olearyBishCubits>
      <sopping behaleHidatsaZulinde="kloshZonary">
        <sokoki>slovaksTilersFay402</sokoki>
      </sopping>
      <hairedNatraj wissingAdelgesUmbeset="gabyPollee171">
        <cloak>475724588</cloak>
      </hairedNatraj>
      <yelper nicene="66">
        <siwens>geyserPatu</siwens>
      </yelper>
    </muchelMaidish>
    <sivaism>
      <pinkoesWurzelMutuels>deathsFiliteRefiles</pinkoesWurzelMutuels>
    </sivaism>
  </csect>
  <betakesPilosis bahadurDawtit="unmoldy" tetrousStick="guanoEgo" cyrilFils="arsoite" pumpBaria="peltryAlcaaba">
    <temachaDowress stubbyOctineCoigny="esthete9245">
      <skaldsCroppy>673555026</skaldsCroppy>
    </temachaDowress>
    <somatic aerator="dingarLynceanAcis">
      <sulksGadgetyArunta>99</sulksGadgetyArunta>
    </somatic>
    <broose>
      <toited>knorrSolate</toited>
      <clankMamsell adject="68">
        <gothsRotlMacies>causaWamaraRobbery</gothsRotlMacies>
      </clankMamsell>
      <stateraCrests cresolTuatara="pommetHarmsRifles2">
        <stevia>mobsmanAshlers</stevia>
      </stateraCrests>
      <denty flowsChoicesSaltman="6503665">
        <marbleSetlingMarts>stalesOffendsLassiky</marbleSetlingMarts>
      </denty>
      <myrmicaFono>
        <octetChebeckSaltine>bialiRaveryWhinner</octetChebeckSaltine>
      </myrmicaFono>
      <urucuryCyniasDismask>
        <boobies>feasesGroves</boobies>
      </urucuryCyniasDismask>
      <asciticMuses>
        <tholliPlants>doltish4302</tholliPlants>
      </asciticMuses>
      <baroniAdarme tupek="527159704">
        <quillerOverNonjury>mosques</quillerOverNonjury>
      </baroniAdarme>
      <heart hilchHuddled="decodeAnuses" maysinPrancesDweeble="armingBirdsUntell">
        <jerichoDurance>awdApricot</jerichoDurance>
      </heart>
      <hobblerAdhibit lozengeDaudedDeedily="coffledFiloseCony" grills="238">
        <dybbuksCorpnParonym>highth</dybbuksCorpnParonym>
      </hobblerAdhibit>
    </broose>
    <molinetTennu>
      <respiteSubraceOvinia>higdonIntelBuncos</respiteSubraceOvinia>
      <surnapeTrottyHymnic>
        <hoeful>inductDigits</hoeful>
      </surnapeTrottyHymnic>
      <examen pommardDestinyMunandi="aineeJesseanHalvers74" radeaux="megaaraPlitchTarrify">
        <chivey>jutishKerwhamChubb</chivey>
      </examen>
      <bewigSexhood budukhaIodins="enneadDualize">
        <cautivoWharfLimeade>68785</cautivoWharfLimeade>
      </bewigSexhood>
      <hubbyWaxerHoulet cimbal="boobily">
        <klavernKellegk>titivilAwristAscus</klavernKellegk>
      </hubbyWaxerHoulet>
    </molinetTennu>
    <cottarsFastusTartana oxyopy="lerMuscoid">
      <preyerUnridePatter>slurped</preyerUnridePatter>
    </cottarsFastusTartana>
    <aumrieSubkingFalter>
      <trocharBedamn>edilityRaffery</trocharBedamn>
      <siamese>
        <southerTarageDoven>riddles</southerTarageDoven>
      </siamese>
      <nilotMaddenSlik>
        <unciDodecyl>nandineSucces</unciDodecyl>
      </nilotMaddenSlik>
      <iredCuprousFungia glamFestingSquishy="endurePoduran">
        <shrend>camiseGroovy</shrend>
      </iredCuprousFungia>
    </aumrieSubkingFalter>
    <diesterPrewarmRhoecus fogeMayerAds="mungrel" daricsBergh="drawnDemy" drainedGig="grottos">
      <mrs>cmdrFizzerPeckish</mrs>
    </diesterPrewarmRhoecus>
    <dysuriaDashpotWifing skelpitUnamend="gnathal3181" coticeWokeAdobes="gotch3" haverel="dismaw">
      <bangkokBesaint>feroherImposed</bangkokBesaint>
      <diadicJerkier huskiesAnnamSlanged="89" syndicsDefeit="5626744">
        <famille>43586</famille>
      </diadicJerkier>
      <hungaryYounger>
        <misaddsAgoutyEpaule>mafeyAsuriBaleen</misaddsAgoutyEpaule>
      </hungaryYounger>
      <repureShinned hirst="30" innervePoppers="mavisesJacktan">
        <screakKronurDimouts>regretTungaMassas</screakKronurDimouts>
      </repureShinned>
      <guttedChickenDecade>
        <flyness>laiciseBesort</flyness>
      </guttedChickenDecade>
    </dysuriaDashpotWifing>
  </betakesPilosis>
  <wiserKendyrOpifex bedtimeBreathUntying="kettleGametes" fanfold="wilbur" feasted="arthelFiumara" />
  <opeletCoexert veeringDorseLazes="mocoaAdamsDeodar" khaikiReallot="23099802" juturna="7109" cullerTybaltApology="spasmsReflets">
    <dacoityRuby>
      <damasksOofy>2972080</damasksOofy>
      <babhanMatterHooly ekedInshell="zone" disceptYucks="dotyPsoaeSprack1">
        <subdieVenesia>4</subdieVenesia>
      </babhanMatterHooly>
      <clonksIngleOutfoot curableIndeclFlops="95">
        <endurosNazifyPorkpie>aliped</endurosNazifyPorkpie>
      </clonksIngleOutfoot>
      <tway>
        <startsy>syrinxSuiting</startsy>
      </tway>
    </dacoityRuby>
    <yeans>
      <cejaMohosSkeered>4553331</cejaMohosSkeered>
    </yeans>
    <etneanNubilum>
      <dromosBrambleHallage>lianasBevined</dromosBrambleHallage>
      <hippianSarukPelage amicePupaAwat="scriverAstert">
        <macabreHazings>compoerPeonizePelters</macabreHazings>
      </hippianSarukPelage>
      <playa reaveryAbroodPlows="swarms" walersAssailsRecolor="scad">
        <gridder>autumnLugeFolates</gridder>
      </playa>
      <bertramScreekGambit dockersLadenedUppard="cantorsPtosisCovid" healedBarkaryPadou="snorersRappee">
        <goddizeTalckyHamzahs>baldedCopping</goddizeTalckyHamzahs>
      </bertramScreekGambit>
      <wavableFadaiseScrieve wardman="stickelKilljoySnapbag644">
        <uparnaDebord>retdTopicalNewelty3</uparnaDebord>
      </wavableFadaiseScrieve>
      <exclamRehood oak="rougesDewrot2" pingueRainoutAroids="7141366">
        <lentousAnnivGuildry>milter</lentousAnnivGuildry>
      </exclamRehood>
      <ungruff lachePropyla="challasPiggishBolag" befitGeejee="echinal">
        <aleshotPlinksBrunch>mogote</aleshotPlinksBrunch>
      </ungruff>
      <piggInflowWilmer ottersHomed="tastenEggler8685">
        <octaneNitwit>baiAlferes</octaneNitwit>
      </piggInflowWilmer>
      <vituperSindonUnstep outcastTicken="ascesesZeistAmmites" poudrinInnardsMisword="headful">
        <purpieFinlike>lithias</purpieFinlike>
      </vituperSindonUnstep>
    </etneanNubilum>
    <kokilRebrownMisfare tennerRepinedExilic="retraceSpong" redupl="heedsCubismsLecama">
      <jerkishCeladonAsramas>ouphishPanhas73</jerkishCeladonAsramas>
    </kokilRebrownMisfare>
    <jetesNuagist>
      <tibbyActuals>remansTamoneaSmeeked</tibbyActuals>
      <choosey moneralSclateRocking="lamelMindfulTum">
        <clypeiMoveChowk>haute</clypeiMoveChowk>
      </choosey>
      <siwashGluteiToddy>
        <gaukFainant>temStrayed</gaukFainant>
      </siwashGluteiToddy>
      <blabberTektite perusalPuredChinar="autumnsGhaffir">
        <wechtsReelectJitney>artEcbolic</wechtsReelectJitney>
      </blabberTektite>
      <cansfulEthalScauper>
        <dissavaMurlin>sepoysYawpers</dissavaMurlin>
      </cansfulEthalScauper>
      <gates view="marminkTearedArnold" pushup="39">
        <reselfUnciae>hardim</reselfUnciae>
      </gates>
    </jetesNuagist>
    <monsterFideist sooners="kwatumaUberty" maruTubboe="dardani">
      <aieryCertLancers>31875273</aieryCertLancers>
      <lainOutwin rapidLardite="donnasSensiveUnneat" caproinDhauri="athenaEllsSimon">
        <sortAtreticApish>hougherKieyePolje</sortAtreticApish>
      </lainOutwin>
      <dittoed>
        <forleitRoomfulAmidid>saxhornCpu</forleitRoomfulAmidid>
      </dittoed>
      <stunts notal="billeteGeltsThyself">
        <seepingVisceraStimuli>gnosesPimola6</seepingVisceraStimuli>
      </stunts>
      <arlessMailCascade>
        <pursivePeixereHeil>isnad3104</pursivePeixereHeil>
      </arlessMailCascade>
      <fardedPsaltesRondel dellaMooressCleared="wlatfulHaglin">
        <philtreAntijamCothurn>azotinBalsamoEndjunk</philtreAntijamCothurn>
      </fardedPsaltesRondel>
      <curarisDipped byrnies="ayre1" commy="danaeMesked">
        <balkansMossoGyved>curried6745</balkansMossoGyved>
      </curarisDipped>
      <oxblood>
        <cithrenKyl>75794</cithrenKyl>
      </oxblood>
    </monsterFideist>
    <fubsy>
      <laveer>savvyAmbiguUnwist</laveer>
    </fubsy>
    <sri kalpis="stetch8648" werwolfPunkies="jerkinGustilyPitman">
      <royenaComfort>barrowsNakhodaPeening</royenaComfort>
    </sri>
    <godsonBunchedAtroce verchokUncowEmpties="66415896" droh="toggelTowns">
      <sloesAbler>ersarShells124</sloesAbler>
      <marvel unveilsCanos="6196">
        <encistBrucite>periodIndoneCrocin</encistBrucite>
      </marvel>
    </godsonBunchedAtroce>
    <knotter>
      <puliol>tremexCoorg426</puliol>
    </knotter>
    <gambang clunistEncakeZonular="frownsParada">
      <feru>809240735</feru>
    </gambang>
    <relevy hexapod="8224201" soirees="ciliary" grided="910242897">
      <ginnleEntiresCucupha>33566</ginnleEntiresCucupha>
    </relevy>
  </opeletCoexert>
</alaunt>