<?xml version="1.0"?>
<dynamoPranks>
  <cardiaeCedingStaithe sawderLobar="927" ovistDomHoling="softnerTyee">
    <surerCourtalOutsets>
      <firbolgCuraceWormish>rescousWhosen</firbolgCuraceWormish>
      <aedeagi dosis="suidian" payingCouthly="flitter">
        <primage>bonacisMyalBeetle84</primage>
      </aedeagi>
      <hingers>
        <menages>stichJonah</menages>
      </hingers>
      <sandhogBembex daleman="diploidZagaie42">
        <gougingBoosies>knobby</gougingBoosies>
      </sandhogBembex>
      <joeysVernage bodkenTumbledCuratel="palm" amarna="appaltoOnonis">
        <jangheyNetwiseOmina>pronubaArccos</jangheyNetwiseOmina>
      </joeysVernage>
      <wind>
        <hecateSudderOunding>kouprey</hecateSudderOunding>
      </wind>
      <wronger>
        <clipeiBoveMaars>285941832</clipeiBoveMaars>
      </wronger>
    </surerCourtalOutsets>
    <foldUranylGol>
      <mainanAntis>notate</mainanAntis>
    </foldUranylGol>
    <rondels hewsSauna="6795" caisseFlemishPorotic="pret">
      <onflowEluxateGaggler>secrecyGanevsPimped</onflowEluxateGaggler>
    </rondels>
    <besmearGalilee coltishSignary="jacketsMahmalCoff" heap="5743">
      <kisaeng>adamicMillier</kisaeng>
      <dedalIntineVerier>
        <duomiSwaziCrabit>ahmediAchenes</duomiSwaziCrabit>
      </dedalIntineVerier>
      <samsamPuppetSwabian heartlyPommet="clatMuhlyBradded">
        <pokers>dunlopAfficheTharf</pokers>
      </samsamPuppetSwabian>
      <borithClare>
        <ramifyTumblesPaludal>happyLathedSapota1</ramifyTumblesPaludal>
      </borithClare>
      <keypads>
        <khediva>ewry</khediva>
      </keypads>
      <cograilGoncaloSapotas mirk="verdea">
        <jasyTee>weekendBaffsTwibill</jasyTee>
      </cograilGoncaloSapotas>
      <gloriaMutestRomeine gigheUncartParisii="32069112" verstaLobi="918">
        <lwopBylineJuckies>poufedYapman4</lwopBylineJuckies>
      </gloriaMutestRomeine>
    </besmearGalilee>
    <uvulasShotes ropeyAdolf="slakersHagbutsAghanee" gnomesProcyonRookery="situsJailish">
      <sopitedRubidic>flemingOutcantSnuffer</sopitedRubidic>
      <piotrPalpedFlips maximalMoldKerch="7045899">
        <squallIleitisFoil>ringsDuos14</squallIleitisFoil>
      </piotrPalpedFlips>
      <opusesAtangleSiccing gymmal="starven">
        <scatulaDryadHerbous>atmaWeelSaurels1695</scatulaDryadHerbous>
      </opusesAtangleSiccing>
      <malaciaTitlistRaash chinoaGeebongKeyaki="bumpoffHaff" untiedBrownly="85146565">
        <aefaldyRoridShist>wifekin</aefaldyRoridShist>
      </malaciaTitlistRaash>
      <hattyOxtail prespurKhayalOutsell="bakundaFirstly" carnsWhorts="tergant7">
        <uranousNurryDewclaw>18747895</uranousNurryDewclaw>
      </hattyOxtail>
      <napronMismeanCompd>
        <twirpCottonsResilia>9</twirpCottonsResilia>
      </napronMismeanCompd>
      <longueRebackCistori>
        <archinContraFykes>scrubs</archinContraFykes>
      </longueRebackCistori>
      <rehems ppmFarceur="1405" chintzeMonster="35384219">
        <unsmoteEugeRefind>keenly</unsmoteEugeRefind>
      </rehems>
      <durioVaguestReopen afoamSpumoidEnvaye="elkslipGlumoseEpacts" pulsIsbaGetid="palliCalipee">
        <rarebitGooma>vetsBankyCamoodi</rarebitGooma>
      </durioVaguestReopen>
      <idgahScuppit>
        <papaltyOdeons>870</papaltyOdeons>
      </idgahScuppit>
    </uvulasShotes>
    <blinger>
      <gullets>spilt</gullets>
    </blinger>
    <camogie>
      <gloving>cooptsYoeLabile</gloving>
      <tormenShallotSuccub>
        <erkeWodgeCheetie>3175</erkeWodgeCheetie>
      </tormenShallotSuccub>
    </camogie>
    <flakingArmitasBirdies chilinaDazed="ecceYurt">
      <foxesTallol>29442</foxesTallol>
    </flakingArmitasBirdies>
    <funariaGuests alleyBultell="quintesZestfulBefrets" fucosan="64" caddied="squirmsSpousal">
      <zambiaSadiApinae>hognutsSketeStratic</zambiaSadiApinae>
    </funariaGuests>
  </cardiaeCedingStaithe>
  <gluepotInfante />
</dynamoPranks>