<?xml version="1.0"?>
<biod>
  <noddiesMigs faces="caddo" />
  <dragglyNattle derfly="djinnsScoggin" brephicHousels="lustfulViolBarile" mucic="mishear" emmers="goetyBecalmCeorls" />
  <anthol oside="2056429" hermaIdolPantile="whiffPattle" tendShoddy="8" reefers="paulite" />
  <estadoGroyne spaheePriapi="buzzsaw" mainourWicksYaffing="pars" taghlikAmoke="outlotClimataImpels" blenkSelagoBund="mutuel">
    <daracQuakers>
      <boultLykenCarkled>ranterSatoriiMiurus</boultLykenCarkled>
      <hircineBooths phpht="betake" socketTabulaeBogles="outbarkLoutArmilla">
        <gramasFurlana>clunkedXylosid</gramasFurlana>
      </hircineBooths>
      <grelot kaw="gunniesEpigramHoodmen9927">
        <cuprumsRegtScoad>toitedSpireme</cuprumsRegtScoad>
      </grelot>
      <itavesDentileCantref kallah="760749" plowingRecoal="brinceAustric">
        <limbyQuica>parled</limbyQuica>
      </itavesDentileCantref>
      <inswing wafted="annicut" thuluth="gooral">
        <hibunciShelledGlonoin>gutless3303</hibunciShelledGlonoin>
      </inswing>
    </daracQuakers>
    <fusesEmory>
      <brandi>91701465</brandi>
      <hostaAclydes lumpish="15" disroof="unclot79">
        <aas>angoiseCrambeCutlets4513</aas>
      </hostaAclydes>
      <sowishPrimped>
        <jubasVineityPleon>124</jubasVineityPleon>
      </sowishPrimped>
    </fusesEmory>
    <staning>
      <flambee>modeler79</flambee>
    </staning>
    <tenacyJeromeFeeding>
      <mirkilyPindersIxodid>tropistConnate</mirkilyPindersIxodid>
      <malletsVizored>
        <caproneWidgets>160183244</caproneWidgets>
      </malletsVizored>
      <shrapAlidsMurexes physicsHatesAlbany="gelong" isthmTightCoapts="enghle">
        <moitDeled>543799</moitDeled>
      </shrapAlidsMurexes>
      <quaddleGung retralOutadds="91786" toggingSawwort="paganlyNunnish">
        <letsEnroot>dagombaGeront</letsEnroot>
      </quaddleGung>
      <primulaBarboy maomaoFrory="hamatedUndueSimioid" neckful="cisiumDclass">
        <unwarmSucci>anthonyBitableBisso</unwarmSucci>
      </primulaBarboy>
      <chunkedGroaned bisectEnchestPutting="596">
        <condorsChobie>tibiaLedgyGaleres</condorsChobie>
      </chunkedGroaned>
      <moodyGauging>
        <crooksAracana>ringedWerenSputa</crooksAracana>
      </moodyGauging>
      <concionIcefishMadoc>
        <sematicProvostIrising>cledgyStendEneas6</sematicProvostIrising>
      </concionIcefishMadoc>
      <bastite>
        <otacust>32</otacust>
      </bastite>
      <culticSpooferApparat spankPleaser="mendingLeepit">
        <amphionKrems>meadow</amphionKrems>
      </culticSpooferApparat>
    </tenacyJeromeFeeding>
    <vadoseRelift>
      <unbefitHalting>acreamEwoundAls</unbefitHalting>
      <saysKeyScanter surah="coxyMidi" prahmSecrete="disputePerique">
        <fidoDixiesAbac>balticSylviid</fidoDixiesAbac>
      </saysKeyScanter>
      <cholic dalanScalper="8899803" fluteExogens="winkedFlockyLuteway">
        <backrunNovices>nilledTucuman</backrunNovices>
      </cholic>
    </vadoseRelift>
  </estadoGroyne>
  <keeve>
    <cion>
      <cretismExacumFanfold>epitelaPicaraEtiolin</cretismExacumFanfold>
      <agathaBulkingSomdiel>
        <autem>tinemen8930</autem>
      </agathaBulkingSomdiel>
      <zetasSharpyWhorls sleightBuccanSiper="festy">
        <sradhasIcing>markmenUnravelGobbets82</sradhasIcing>
      </zetasSharpyWhorls>
    </cion>
    <wastier>
      <dolabreDroukan>corneal3</dolabreDroukan>
      <picaeXyrid romaika="awaltSybow" proxiedPyrenin="cosed816">
        <sereinsViharaLoonery>marchetSluesUnism</sereinsViharaLoonery>
      </picaeXyrid>
      <slone trudged="sharnsManless" quito="253">
        <jordenNoucheLitter>oronocoUpheaveUnmake</jordenNoucheLitter>
      </slone>
      <ptisanFarcerWhinger sheyleKickoutBookman="2603699">
        <wangheeBere>elaidin</wangheeBere>
      </ptisanFarcerWhinger>
      <sawsMudfishArcheus aedeagiRagbagsPah="armingsLock">
        <campyClimant>ismdom</campyClimant>
      </sawsMudfishArcheus>
      <byonThight furcule="8" lastingAmerces="5745670">
        <schorlsEpacrid>reatasTurningCarney</schorlsEpacrid>
      </byonThight>
      <moudiePerhaps>
        <pernelLivreUpridge>isl</pernelLivreUpridge>
      </moudiePerhaps>
      <rubacesBimbos smiftDepeachPiqued="670">
        <thieflyEckleinBiaxial>mayaca</thieflyEckleinBiaxial>
      </rubacesBimbos>
    </wastier>
    <mindsHexace>
      <rhetorWhewt>uswardsBrownerAutoed311</rhetorWhewt>
      <quibletLeo>
        <faddishCradge>kishenFestingKachcha199</faddishCradge>
      </quibletLeo>
      <fula>
        <looiesOxphonyPurser>tomenta</looiesOxphonyPurser>
      </fula>
      <bozzeToxodon>
        <intel>duteousJacentAntisag</intel>
      </bozzeToxodon>
    </mindsHexace>
    <tpsBorzoiDoubt justinUnlushLevees="gymnics">
      <aliptaeShea>dizenedLacer</aliptaeShea>
      <ripest>
        <sikharaTrypanWhereas>operlaHalalaKevil</sikharaTrypanWhereas>
      </ripest>
      <maoismQuiltedPkgs clepeBilobed="tankahAegerFlueric">
        <tinerer>sompnerRecked</tinerer>
      </maoismQuiltedPkgs>
      <puririLipidic>
        <tricaeDecadDewiest>pegasusBabuism</tricaeDecadDewiest>
      </puririLipidic>
    </tpsBorzoiDoubt>
    <jerkUnitismToher>
      <draftedChilkat>yummySpaked</draftedChilkat>
    </jerkUnitismToher>
    <oblPhoebusDawtit cramped="pileumSkit" reninsBilstedWhammed="poggyTowagesTartary">
      <specifyBarchanGambist>commitsBeggarsGoloe4</specifyBarchanGambist>
    </oblPhoebusDawtit>
    <spellAspicsDicier>
      <xyster>kosalanTriton</xyster>
    </spellAspicsDicier>
    <snying>
      <summersPoesisVishal>rilievo</summersPoesisVishal>
    </snying>
    <costumeCurrach>
      <vinalSacks>carnaryPalaicHexeris</vinalSacks>
    </costumeCurrach>
    <carpetRimersBridger rapedDosser="triflesMeq" vetusUnurnedBopyrid="unpitedRadeurPalla">
      <turkeysAridlySiccar>291229</turkeysAridlySiccar>
    </carpetRimersBridger>
    <escapeeWinddogFcy>
      <axing>spilth</axing>
    </escapeeWinddogFcy>
    <spinkFeckfulThalweg scapesQuinine="chains">
      <oilcups>coutureLettiga</oilcups>
      <bundiesDukkha figmentNozi="7" ohmStarnie="bewidowVailingUpas">
        <amarantStints>16</amarantStints>
      </bundiesDukkha>
      <chubbyJapers riata="tarsalViliRedate">
        <greyerEnnerve>reinLautuCsp975</greyerEnnerve>
      </chubbyJapers>
    </spinkFeckfulThalweg>
    <map xviiCoriin="coigueNorn" nockerlSashoonSado="1950556" layersAusubosSchouw="swaging">
      <sputterXyleticTasu>dautsCredosMerist</sputterXyleticTasu>
    </map>
    <dike>
      <kincobUdos>shoppedGemmed</kincobUdos>
      <fonduesRemeets>
        <rivedOuraris>miry</rivedOuraris>
      </fonduesRemeets>
      <dextradVouli jondlaDotlessPaggle="spiered5">
        <kompeni>cadusShuvra</kompeni>
      </dextradVouli>
      <detects>
        <hageinMundic>20141</hageinMundic>
      </detects>
      <neighChuponBahutu>
        <blandlyPicamarDrams>tortieFlywireTaxite</blandlyPicamarDrams>
      </neighChuponBahutu>
      <peltaForrard ninut="apesYesso">
        <bandaCarrionEngobe>poesyEonian</bandaCarrionEngobe>
      </peltaForrard>
      <domain sarinda="egisPshaw">
        <beryx>mournerKilns</beryx>
      </domain>
    </dike>
  </keeve>
  <kumysAtipBloater>
    <bilio>
      <unownSemis>pleuraUnletRostel</unownSemis>
    </bilio>
    <tamise manessPhotism="boloed" waylays="bindwebDorty" domboc="trattleCymousAnasa">
      <gerusia>70405</gerusia>
    </tamise>
    <pruner>
      <gaulterPyuria>29353</gaulterPyuria>
      <waygate>
        <dumpily>883493</dumpily>
      </waygate>
      <fangyKyak poinds="bedfast">
        <wongskyNomsAgonied>pillowOctyneUnto407</wongskyNomsAgonied>
      </fangyKyak>
      <pargesWigwamsEmeute whips="furivaeMusic6128" magmaAllegerOssuary="moonsetAffraysAdward2">
        <titrate>latoun9</titrate>
      </pargesWigwamsEmeute>
      <reinCumar nomsGoxesBilled="zincousSovranUnhouse4719" urceus="mollugoFried">
        <fasciaeSuasory>3029</fasciaeSuasory>
      </reinCumar>
    </pruner>
    <ovaryGaffkyaBassia>
      <stractOvercupBraised>68</stractOvercupBraised>
    </ovaryGaffkyaBassia>
    <iareMaormor boastedInsnareTalcs="18" primomoPimolaEssoins="quenda" guidsBaser="scotoma960">
      <peckleHams>angelin</peckleHams>
    </iareMaormor>
    <tickenUnstone>
      <recheerSignetWars>bastantCottoidHetman</recheerSignetWars>
    </tickenUnstone>
    <hutBakatanAmylan>
      <nevatExcludeAhems>sozzledAkreRave</nevatExcludeAhems>
      <wittalQuenite hyaenasHooraysPats="woodishYashiro">
        <inclips>elytronRaxing</inclips>
      </wittalQuenite>
      <chivariCurrane>
        <auntsRuntee>nawobDomingAdmits</auntsRuntee>
      </chivariCurrane>
      <ayondHurlCocle aequi="6102215" aerily="homelyAurigaWokowi">
        <turmit>advisorHydnoraPacify</turmit>
      </ayondHurlCocle>
    </hutBakatanAmylan>
    <mitrerCaskingYaxche civitan="dekare" timidMimble="prefer1782" sailageFallalsApsid="unbain">
      <vastateSowableReword>wimbledUnliver170</vastateSowableReword>
    </mitrerCaskingYaxche>
    <cankeryHardily>
      <indulgeVincentHose>dhoniSwills</indulgeVincentHose>
      <grimfulStug>
        <linget>rousers</linget>
      </grimfulStug>
    </cankeryHardily>
  </kumysAtipBloater>
  <placets jube="dosed" ncoCirsoidWombier="unships">
    <nonformSeewee>
      <sestonPyrulaAnanite>175</sestonPyrulaAnanite>
      <missayAbacliLakh>
        <secpars>39</secpars>
      </missayAbacliLakh>
      <revilesCothTroper barkery="carboMotmot" sidhePaula="38">
        <alfionaTroupes>sadicPicotah</alfionaTroupes>
      </revilesCothTroper>
      <mishara optimaIiasa="replateHaviorsCurupay6818">
        <swargaSeckel>78</swargaSeckel>
      </mishara>
      <audibleBudmash strownEntasiaHagboat="upperer" blitheNotedlyExits="9">
        <xeresUnlogic>kumniRaucousBronchi</xeresUnlogic>
      </audibleBudmash>
      <wanierLimnicTurnor volenteIsatinMev="wadsetsTrintleTownful" blastyGlamor="6739489">
        <cactiLigulesBoxer>incogsPimolaSdlc</cactiLigulesBoxer>
      </wanierLimnicTurnor>
      <planchBohorok tubeletVergersSials="lanugos96">
        <clodder>palkiGemmuleKalmias</clodder>
      </planchBohorok>
      <kerfedLexemePipil>
        <urarisBondoc>matsMoltKaffirs</urarisBondoc>
      </kerfedLexemePipil>
      <quiesce desandsCellistBlowers="9525" vahines="angilo75">
        <tergumUnlegalConchy>boheasSoupledTaigas</tergumUnlegalConchy>
      </quiesce>
      <beretsOptantShoneen bouncy="uptimeBarbet">
        <etagere>niggerToisechPshaw</etagere>
      </beretsOptantShoneen>
    </nonformSeewee>
    <lairageDrablerBaited>
      <culmHalsenOsiris>balteiClops</culmHalsenOsiris>
      <ped remanetLackerDiacoca="dharnaEnemas">
        <reranFlentes>coenobeArcella9</reranFlentes>
      </ped>
      <toyshop>
        <intensMadeira>waxbushOgoniumAnasa</intensMadeira>
      </toyshop>
      <crucisBourneHeaps viduousYagua="bagsCotylaBetake" goldieBethump="fulham">
        <turfmen>blettedSlidGascon</turfmen>
      </crucisBourneHeaps>
    </lairageDrablerBaited>
    <empiricSnored>
      <aseitasRoastedMercy>secular2964</aseitasRoastedMercy>
    </empiricSnored>
  </placets>
</biod>