<?xml version="1.0"?>
<ironizeSteadsGrs>
  <tertianHazards />
  <weirsInfaresBota tuttyHumourIowa="neb" vivandi="novene" crimineOscBisso="twinesSpail300">
    <gymsNoonNostic>
      <kalonPonga>817</kalonPonga>
    </gymsNoonNostic>
    <cutletsDorsDewanny>
      <myomereCastuliYungan>thwiteSwizEnsuite</myomereCastuliYungan>
    </cutletsDorsDewanny>
    <bassie>
      <akee>bespin</akee>
      <litzDiscordStelae dudishUrite="rennaseBirdies9">
        <laramieAggadic>upcoilHickish</laramieAggadic>
      </litzDiscordStelae>
      <liking>
        <changedRedraw>hosea</changedRedraw>
      </liking>
      <nipperLoughs>
        <ruelikeLeftismDocken>44</ruelikeLeftismDocken>
      </nipperLoughs>
    </bassie>
    <binAnticksAnous hoisted="55" qabbalaJacalZeus="333">
      <resurgeChurrs>bylaws</resurgeChurrs>
    </binAnticksAnous>
    <droners>
      <doctrix>ingestsCopertaEnfeoff</doctrix>
      <esrogim>
        <rhamnEscuageGirded>356457</rhamnEscuageGirded>
      </esrogim>
      <xmases>
        <woozily>12</woozily>
      </xmases>
      <chummerMomes vomicaeBantoidElenge="silvexForthbyTriseme" sinism="4">
        <blattid>29</blattid>
      </chummerMomes>
      <rageesJupe mowhayRoosts="snagDixiesToting">
        <nandaWurrungBurds>broodsElopesLuted</nandaWurrungBurds>
      </rageesJupe>
      <salpidsElemin>
        <resackBurysDioecy>royt9</resackBurysDioecy>
      </salpidsElemin>
      <raptestBerther>
        <queasomPossesBedrel>deodars98</queasomPossesBedrel>
      </raptestBerther>
    </droners>
    <maxi>
      <kissarBundoc>augureReductAdvenae</kissarBundoc>
      <tilling>
        <surfedWhiffs>kutchinAugmentTeleman</surfedWhiffs>
      </tilling>
      <kapuka niggard="352">
        <redry>oltunna</redry>
      </kapuka>
    </maxi>
    <stummerPaid>
      <nanaEpikiaRefaced>56328593</nanaEpikiaRefaced>
    </stummerPaid>
  </weirsInfaresBota>
  <livor terence="saponinKonradUndry" pouffesJinglet="whewNurlsImbues" jestedFidgetCoying="herdedSeaward" eliding="bedfast2">
    <spokan>
      <retare>alphas</retare>
      <coachedLakiest misrateBeinked="toyotaBurma" forsado="ingests">
        <accinge>tarefa533</accinge>
      </coachedLakiest>
      <dumping>
        <beckerTepeeAtaxics>ptosisQuellLipoid</beckerTepeeAtaxics>
      </dumping>
      <waesomeImpale raffishTriols="photoUlnar60" siddhiPolynoe="oligistWhimmy">
        <cartyTeflonSyst>listensMeeds298</cartyTeflonSyst>
      </waesomeImpale>
      <somal clept="madia" endure="tarquinDreamsy">
        <webbing>ferned</webbing>
      </somal>
      <flybookAdreninFeastly achenGladdon="givenFitchewVulgare" breachyIdolishBeflour="statismCulexKishke">
        <paulinLifting>brethel</paulinLifting>
      </flybookAdreninFeastly>
      <oleinsPlevinSubbank justedKlutzesNixie="enate" dupla="9255255">
        <deftAuburns>chest</deftAuburns>
      </oleinsPlevinSubbank>
    </spokan>
    <rasionBhowaniFrabbit>
      <touchJochen>excided</touchJochen>
      <outhurlShyersAnonyms cuorinFly="canikinBeekiteGolfdom" swidgeManicCase="slatingMaungyPanamas121">
        <unrudeDabbler>41816812</unrudeDabbler>
      </outhurlShyersAnonyms>
    </rasionBhowaniFrabbit>
    <hemiopeImpubic crinkumGospel="bruntsPettish" skintMidnDiamine="unthawTophphiInfirm">
      <jantyClammyUngraft>osculumLukanShirty</jantyClammyUngraft>
      <jumbler>
        <tabsSharedJumbuck>apart</tabsSharedJumbuck>
      </jumbler>
      <kappaOwl squabTressesStract="aupakaTitres6">
        <aimakSludgy>bongosKihoKolea2</aimakSludgy>
      </kappaOwl>
      <zoeform klanismIrately="aals">
        <onagersUpupaCurrock>escopet6</onagersUpupaCurrock>
      </zoeform>
    </hemiopeImpubic>
    <mizrahCurransAgeist>
      <curbsOzonid>612413931</curbsOzonid>
    </mizrahCurransAgeist>
  </livor>
  <thongedClacksHalerz rightoScuffs="7">
    <dwellerDevelin>
      <finalis>785871</finalis>
    </dwellerDevelin>
    <upmount>
      <dahoons>youlUncoft</dahoons>
      <ragees avellanFootsie="462">
        <reflyJozyOatbin>yetterSheatHeyday</reflyJozyOatbin>
      </ragees>
      <genrosCravatRaphias crookStooth="6">
        <doblonsDegradeDabb>haboubGirls</doblonsDegradeDabb>
      </genrosCravatRaphias>
      <uncuredPathan>
        <unawayCantico>umgangCashoos</unawayCantico>
      </uncuredPathan>
      <vittaeAbura queriesRetireIatric="wadmal">
        <ureides>sarcuraDebitum</ureides>
      </vittaeAbura>
      <carga coheads="macesIndolin74" poppetsNeurope="lolls">
        <pasesMonkey>hoisedNapaea4</pasesMonkey>
      </carga>
      <burnutNeedier>
        <loamed>paiking</loamed>
      </burnutNeedier>
      <derning gucki="tsuris">
        <strub>attainsReifier</strub>
      </derning>
    </upmount>
    <middies yogurts="aidUptable41">
      <subgoalLobworm>pruned</subgoalLobworm>
    </middies>
    <upslopeMoves nervuleSniffly="dypnoneIdolaCantaro" carbonaDess="ncoSuption874">
      <firmansMauve>biopsic</firmansMauve>
    </upslopeMoves>
    <elbowedQuemadoUntrace swatheJornada="lurry" cowerElmwoodDemeter="haemonyUpalongOpelu">
      <guenons>cozie1827</guenons>
    </elbowedQuemadoUntrace>
    <forlieRagmen>
      <ilion>aleppoVairsProlog</ilion>
    </forlieRagmen>
    <ovoidal outwindSnopGroow="sinterCiphers" epochShaman="secus" rheumedTalajeBogyman="wipingCodiumZander">
      <damnConquerBeja>5182</damnConquerBeja>
      <snakyBarrera ambler="donmehFordid" euphuesSerums="battueChymic">
        <pythias>threneFullish595</pythias>
      </snakyBarrera>
      <lestradFrowns sorghum="phagedaTambala1857" unlegal="arianaBremberFulmina">
        <fungousBeant>9</fungousBeant>
      </lestradFrowns>
      <cossackTertialPettier cupsAreniteWort="9727">
        <unbuxom>iridate</unbuxom>
      </cossackTertialPettier>
      <rupeeAnonadRites yeukingTerbicZoid="dcollet">
        <pentineDrugget>joky7</pentineDrugget>
      </rupeeAnonadRites>
      <sudanicStrangeLinings toxoid="usqueAlfaki49" pesosDozerVarves="detn">
        <sickoutPouletTariff>pinfish9757</sickoutPouletTariff>
      </sudanicStrangeLinings>
      <baithSnooperMaffick noisedLowly="flylessFeudee41" tropism="halersKalema88">
        <broadsSabiaNektons>porcineBarmoteFootway</broadsSabiaNektons>
      </baithSnooperMaffick>
      <cools spiteStandup="pantheaMujiksPeracid" glaux="hulkNobly">
        <silosPlanum>kiltsTushesTalisay</silosPlanum>
      </cools>
      <vitaeHabeas jaspisFraikForgoes="alascanSwinney">
        <mootsMarcid>obfirm794</mootsMarcid>
      </vitaeHabeas>
      <outbearAndaquiClaut craniaWeta="8">
        <spetHarebur>anodes</spetHarebur>
      </outbearAndaquiClaut>
    </ovoidal>
    <pluchea pashingAmabileOofier="doziestTraiked">
      <serapeAtamans>darnedPiquero</serapeAtamans>
      <chiurmRacoonsOverarm>
        <dofunnyPosadaBrodie>190</dofunnyPosadaBrodie>
      </chiurmRacoonsOverarm>
      <acarari>
        <crommelScarsRefuel>resit</crommelScarsRefuel>
      </acarari>
      <tanakSyftn scrivenWinosDolina="82705778" dunbird="18655964">
        <manjeetFrogmanGerip>bayamoDapper941</manjeetFrogmanGerip>
      </tanakSyftn>
      <crossRfsShittim>
        <kobang>bycoket</kobang>
      </crossRfsShittim>
    </pluchea>
    <misween haterCrinite="cnicusNusfiah" backieChirrsLuniest="umbel" coden="alarumsUrds1623">
      <ovicystUmbundu>4</ovicystUmbundu>
    </misween>
    <loukBuckpot>
      <zechinScrubsTeeners>motifs</zechinScrubsTeeners>
      <etalonMahat fubbyArbalosPrimity="litseaHelvin">
        <gawsieStapled>baldEloinerQuetzal</gawsieStapled>
      </etalonMahat>
    </loukBuckpot>
  </thongedClacksHalerz>
  <alquierDaddock terner="gluttonLandEulalia" ulansVigonia="487">
    <subformEcphovaRetted>
      <cowponyGoan>gloriamJoycean</cowponyGoan>
      <coddy>
        <pitless>46400009</pitless>
      </coddy>
      <bechernCowled crudes="970219319" suinaFibulaSoueef="toruTellimaRoodles">
        <batlonDogtrotFraena>flytedBestuds2220</batlonDogtrotFraena>
      </bechernCowled>
      <vedetteRoter>
        <dinkey>lulabim</dinkey>
      </vedetteRoter>
      <yaguaOtozoumMobster hyphensLowlandNarking="synetic" morenaFumble="index">
        <fabAnionsTerm>marcherTribune</fabAnionsTerm>
      </yaguaOtozoumMobster>
      <curlsPeafowlHaikh>
        <snurly>62958</snurly>
      </curlsPeafowlHaikh>
      <passedGentian roosersWalker="archineAden" gaffingUnwavedRubs="haoAlawi">
        <satiny>northen</satiny>
      </passedGentian>
    </subformEcphovaRetted>
    <interStoviesCribber>
      <inoneAdiateUnpens>owkDroich</inoneAdiateUnpens>
      <skierPicheyJaggar>
        <dult>inquireRenderSchoche9</dult>
      </skierPicheyJaggar>
      <outlordForgoer poufedAptoticProleg="nyrocaTapasAraneid" flotsamAwmbrieDeesis="fillaFresserUltra">
        <pedicle>paraxon</pedicle>
      </outlordForgoer>
      <segueStiteCushag>
        <regrets>succubeMygaleUrus</regrets>
      </segueStiteCushag>
      <gaveCodes>
        <bearsBowler>9336</bearsBowler>
      </gaveCodes>
      <coshingPreknowScrub bertrum="penatesBedwellChuck" hobbitDisown="fconvFesapo2">
        <crome>sunlessBulbsJigs</crome>
      </coshingPreknowScrub>
      <coremaStifles challyFoetusCestida="nantz">
        <dulcely>seeseePicnicAfrete</dulcely>
      </coremaStifles>
    </interStoviesCribber>
    <lennow>
      <baieraNob>factoryPease</baieraNob>
      <bromoilDungariNonion>
        <rapaneaMekiltaRhamn>mandua4</rapaneaMekiltaRhamn>
      </bromoilDungariNonion>
      <fronsPulpOxims>
        <redlegJessean>8</redlegJessean>
      </fronsPulpOxims>
      <wharryNewt coloppeGiarre="inaja">
        <lingalaBugdom>36</lingalaBugdom>
      </wharryNewt>
      <butlersMuscone>
        <verutaSusanne>161</verutaSusanne>
      </butlersMuscone>
      <capUmbertyAlang bracae="serrageHoboingEstado" dizzenToluylsBoogies="rosellaCynicLiszt">
        <punnicMinerMartial>sergesIndowed2060</punnicMinerMartial>
      </capUmbertyAlang>
      <faillesPickin bezils="deice">
        <coteleCheapie>557</coteleCheapie>
      </faillesPickin>
      <dugout ripestSons="94">
        <atresiaEtuveFoldout>ilvaiteCystic</atresiaEtuveFoldout>
      </dugout>
    </lennow>
    <milreis>
      <montonAmiciSwiney>63816</montonAmiciSwiney>
      <oculinaGledVires ditionEnnui="24">
        <omitisBurgs>apiolinYirth</omitisBurgs>
      </oculinaGledVires>
      <gasp laminalSummasPersist="sifflotThanageSabir" rowyAllene="adjuresLevetTooling">
        <misact>nurry</misact>
      </gasp>
      <coronalCrusts glaives="jeffery804">
        <tarbleBinghiFlips>cratedWashes64</tarbleBinghiFlips>
      </coronalCrusts>
    </milreis>
    <chausseDaisied>
      <minimsClagged>topsmanFeignInapt44</minimsClagged>
    </chausseDaisied>
    <josiahBalaganThule>
      <tugrikPinalUpla>iare</tugrikPinalUpla>
    </josiahBalaganThule>
    <ctnSubpar faculaeAbbestBegird="betitle" gratDeeded="duykerEngarbOuthits958" sousedRein="rerack">
      <find>lissesTwelfth</find>
    </ctnSubpar>
    <pannedScrotum>
      <arboretOla>honestTutlerDayak15</arboretOla>
    </pannedScrotum>
    <ourself cuds="2">
      <ukeleleIhs>aduskBannockMontauk</ukeleleIhs>
      <aterianPiroghiLaccin peeriesUrarisCapelet="badgedFlungTogated" crambesOolitesLinear="42">
        <bugledBuddhic>398394</bugledBuddhic>
      </aterianPiroghiLaccin>
    </ourself>
    <iceboneMagna>
      <scarola>lacierDaurnaBrad463</scarola>
      <basongo postwar="favelasAraca">
        <meninxBayetaOutroot>988</meninxBayetaOutroot>
      </basongo>
      <comid sizierAnalogsDuscle="swinelyCorrive" vestsFairly="neuricTailfan">
        <gayetyPepsins>butches</gayetyPepsins>
      </comid>
      <tanoaDizzy aruspex="9" emesisHirudo="drainedTaipei">
        <bridlerRopilyFraken>pallallChiwere</bridlerRopilyFraken>
      </tanoaDizzy>
      <zenanasPledges carcan="ptoses" kou="polkasBerdashRachis">
        <boationAdamas>mottLaxness</boationAdamas>
      </zenanasPledges>
      <extine flneurOphite="desistsEmprize5">
        <joubarb>barbers</joubarb>
      </extine>
      <alamoAmiced>
        <hookera>gawsie</hookera>
      </alamoAmiced>
      <disusePitonsBursch>
        <nomen>97253265</nomen>
      </disusePitonsBursch>
    </iceboneMagna>
  </alquierDaddock>
</ironizeSteadsGrs>