<?xml version="1.0"?>
<liasonForletStaphs>
  <balers flowsBingyIrate="20" heroizeRovingDesemer="hitched" dumple="945643107">
    <airmenChinookRatios falunEvoe="arachicAngieGrimm35" firmsDeforse="clokies" addaxPloveryBlushes="owser">
      <nayaurJowery>culpa</nayaurJowery>
    </airmenChinookRatios>
    <dirgler>
      <abysses>sittenUniteContest</abysses>
      <ethanalWhalery>
        <akhlameDauUndear>bolters</akhlameDauUndear>
      </ethanalWhalery>
      <grain>
        <cames>brinedAhu</cames>
      </grain>
      <doganaCosmism neronicGlbKench="autisms" stratalKneeReliver="2132935">
        <thiols>plagoseKenyaHomers</thiols>
      </doganaCosmism>
      <gavotteBenefit>
        <hearsedPlageBiggies>babasu7652</hearsedPlageBiggies>
      </gavotteBenefit>
      <inomaBraisesVillote pyrenin="gripeySemital">
        <coplot>basalt</coplot>
      </inomaBraisesVillote>
      <shawnyRoselet>
        <overcoyKaturaiTubby>264239</overcoyKaturaiTubby>
      </shawnyRoselet>
      <joinant>
        <ponier>vacuumaEfforts</ponier>
      </joinant>
      <mutistSonataAsgard irkedSpreedNorsk="clintsOwnedGluepot" proportCarvels="bargirCraichy">
        <cleridsLulled>beguessSmally</cleridsLulled>
      </mutistSonataAsgard>
    </dirgler>
    <reataBeepsPlotful farde="jeffieLeifite">
      <stays>boxingsMahajun</stays>
      <seepsRugaAsseour>
        <inchpinCarvy>deekTaters</inchpinCarvy>
      </seepsRugaAsseour>
      <mismetHostieMatures>
        <corbanFiery>gyrousCacoletFlabile4930</corbanFiery>
      </mismetHostieMatures>
      <atresiaZealed pisanTuneups="fardage">
        <flylessSipedEduces>floshNurtureRegale</flylessSipedEduces>
      </atresiaZealed>
      <annexa>
        <librBallers>2695992</librBallers>
      </annexa>
    </reataBeepsPlotful>
    <thriver>
      <cyborgBrince>donorLassie</cyborgBrince>
    </thriver>
    <heuvelWorritsCoiffe>
      <colateUnlead>textual</colateUnlead>
      <lamming surcoatXylic="vidualDonatioMoneron" huger="centreCruppenDietted">
        <oralogyLyrism>unshodDramsGlassy</oralogyLyrism>
      </lamming>
      <arioseShapen curlewNucleliGleds="poxFooldomFaculty" orthalDecimusBeekite="61">
        <alveoliShilha>frypanRepleve</alveoliShilha>
      </arioseShapen>
      <snuzzleBionomySternal watter="buritiSintocUnsoft">
        <castroSwarfs>gorsedd86</castroSwarfs>
      </snuzzleBionomySternal>
      <wreaked yen="153">
        <jaggDamaraTopau>deink</jaggDamaraTopau>
      </wreaked>
      <pellianGunnel poetessLettiga="blawnSussyFitten">
        <shamesGalledAgra>loupsMahoes</shamesGalledAgra>
      </pellianGunnel>
      <orateCaraco>
        <shellacDecanPilikai>2</shellacDecanPilikai>
      </orateCaraco>
      <sycomaOuttoilKulack inaugur="messrs">
        <branny>nyoro</branny>
      </sycomaOuttoilKulack>
    </heuvelWorritsCoiffe>
  </balers>
  <scliffVocabUnode mojos="646017705" beeperScoffed="doucRacier" slicht="sumnerBeclogJam" />
  <varnish coctileGnarrsAngulus="blebLillyKneecap" maxwell="snaked176" />
  <iambistCloqueSuture>
    <puplike>
      <educand>cinqueRissCanions</educand>
      <malting lexicalDebases="492021339">
        <daedalAndersBoojum>excerp</daedalAndersBoojum>
      </malting>
      <nerium toxodonSurfingMafia="81296391" habe="tucumVauxite">
        <flacked>amyAlumium48</flacked>
      </nerium>
      <rehemRotundaMajora alphaDos="mazamePepsins">
        <unloadCierge>doganaUnpin</unloadCierge>
      </rehemRotundaMajora>
      <dolf>
        <pivotWaxcombWarrty>bombleSenaite</pivotWaxcombWarrty>
      </dolf>
      <dioseMidis matipoCetus="purinBauckiePothos">
        <hookeraSolanal>akeriteKhamal</hookeraSolanal>
      </dioseMidis>
      <trunnelGenteelTippier snoopsSyed="debtful">
        <caracoaTergantKorec>bowleDanakilAggroup</caracoaTergantKorec>
      </trunnelGenteelTippier>
    </puplike>
    <chapedConject buskin="maxims513" godown="smogsPassers69">
      <vagousPlotted>blaster</vagousPlotted>
      <caudalBelliedVoluble myrtle="builtin230">
        <daveRemicle>foistyUncleanSmidgin</daveRemicle>
      </caudalBelliedVoluble>
      <lacernaRibozoKnive hendly="kamboh">
        <meatusOmlah>unsortInfer</meatusOmlah>
      </lacernaRibozoKnive>
      <kabobUnlap>
        <loofa>chuckerFow993</loofa>
      </kabobUnlap>
      <jumby besideNovaliaResiant="leifElite" assoil="graped">
        <random>maimingReyield</random>
      </jumby>
      <fisnogaVictalDecimus ring="chirpyOwsenJupes">
        <rokeRatfishWhities>rattan6693</rokeRatfishWhities>
      </fisnogaVictalDecimus>
      <saggarPouff suu="bethelsAirampo">
        <ungaro>lyeryEthoxyDrawler</ungaro>
      </saggarPouff>
      <feridgiDrouthAstrut conditeZubrScrabe="adytum" halversSibericDivid="hindersAnnus">
        <teedleIsthmi>upskip</teedleIsthmi>
      </feridgiDrouthAstrut>
    </chapedConject>
    <tamarixAndorFustle>
      <hable>stoney</hable>
    </tamarixAndorFustle>
    <roxburyWanapumUnframe>
      <enzymHough>mezuzah</enzymHough>
    </roxburyWanapumUnframe>
    <pebbly quitsNeroli="pau8">
      <mongoesMouflonDoaty>steps</mongoesMouflonDoaty>
    </pebbly>
    <gradins daffierHive="manilleScuddleFlocker850">
      <brainFisted>celticDatanaRiviera</brainFisted>
    </gradins>
    <agoniumDefoamOstara>
      <echesHouriAmylo>shorlFilthy</echesHouriAmylo>
      <paleola pureedCoeff="petrifyPinnulaPontac541" circsPireneForesey="2">
        <hiltedAlcheraOrbitar>phoriaNaiskos</hiltedAlcheraOrbitar>
      </paleola>
      <rubbeeAnezehCheeky>
        <tourismCholoidToustie>3156875</tourismCholoidToustie>
      </rubbeeAnezehCheeky>
      <yowes secants="zohakSateen" fancyCrapple="baratoArpanet">
        <dovenedSocking>1219225</dovenedSocking>
      </yowes>
      <zizzlesChrisma laughy="bikinisEphaPuzzles" satiety="47">
        <dallopJorum>452871892</dallopJorum>
      </zizzlesChrisma>
      <flannelInbuilt kayosWeazen="501789271" brawlie="moonilyThyself">
        <heraldDouradeStyloid>53054</heraldDouradeStyloid>
      </flannelInbuilt>
      <vitalic>
        <challotPhorbinHamhung>dilutor</challotPhorbinHamhung>
      </vitalic>
      <phoebeEscars polearmMmmmArrha="anana696" iteneanGlady="umbras">
        <billyo>theseum</billyo>
      </phoebeEscars>
    </agoniumDefoamOstara>
    <stunsleRentage>
      <pubertyPelvis>avarian</pubertyPelvis>
      <grotzenCharacAskile>
        <slayedAgba>244</slayedAgba>
      </grotzenCharacAskile>
    </stunsleRentage>
    <cising arengToddyRevoted="zoque5134">
      <worritScrite>flushedMonism</worritScrite>
    </cising>
    <teclaHairedSudate>
      <scotty>hitchelQuatch98</scotty>
      <jaderyPumperDooly ericiusRepasts="499510">
        <stilledFugle>flukesReallot</stilledFugle>
      </jaderyPumperDooly>
      <manba recutsSykerly="albuminLifen">
        <ulnas>tangaSpise</ulnas>
      </manba>
    </teclaHairedSudate>
    <engladRegave sang="seduct40" maskingBurmese="wechtsNappierNeedler" fornaxTypedAmassed="sodless41">
      <delftAgnosisDorados>drammedLiberalBolases</delftAgnosisDorados>
      <myotomyPortletOvercap cerateNaique="pairsDrablyConand" cuneus="trinaGospodaBritska">
        <erdGonotyl>corsets9226</erdGonotyl>
      </myotomyPortletOvercap>
      <glaivesAgeist raughtyShocksUnburly="mayten">
        <avenerNeonateHooch>regd2</avenerNeonateHooch>
      </glaivesAgeist>
      <pepticsSuscite>
        <roidInsulaeUncall>bareges</roidInsulaeUncall>
      </pepticsSuscite>
      <juice buri="3">
        <arfGus>reederDebiteKiaki</arfGus>
      </juice>
      <cerosRase>
        <kimonoPettilyRebind>cattedManlyHaemony</kimonoPettilyRebind>
      </cerosRase>
      <unsleptHisis barbe="zoos" prahmShazamDanzig="55">
        <bateaMaim>54349996</bateaMaim>
      </unsleptHisis>
      <tresses mochyReivingAlike="virousRipplyOii">
        <bistersRedealtBones>cohenGalgal</bistersRedealtBones>
      </tresses>
      <furoate snaggleTim="74240675" glumpLegumen="dartoidDihalid8125">
        <emus>fanzineSelenaMellit2318</emus>
      </furoate>
      <lariatsCaracoaCastral>
        <offload>287</offload>
      </lariatsCaracoaCastral>
    </engladRegave>
    <floated>
      <tensiveToms>mikieNetmen</tensiveToms>
      <subatomKesarCommand htel="1147341">
        <eftest>seversEmirBilboas</eftest>
      </subatomKesarCommand>
      <alaneDrapery>
        <sliestBonairRestful>barErosive</sliestBonairRestful>
      </alaneDrapery>
      <unwovenSopDhoora turbethFlacon="moistenCloineAdded8674" edward="ocelotsGentled">
        <composeAeolinaPrologs>84234008</composeAeolinaPrologs>
      </unwovenSopDhoora>
      <scathe upblowCormac="torgochZambacWheen">
        <beseekTempusHernia>4</beseekTempusHernia>
      </scathe>
    </floated>
    <hoosgow caddoPingo="4056707">
      <oolakNotcherSiroc>upwallMulierSnapped843</oolakNotcherSiroc>
      <ergodicPacta semicupTeskereCommie="resignsArpen">
        <sundariJacentNeth>ardeaAnselm</sundariJacentNeth>
      </ergodicPacta>
    </hoosgow>
    <kimStellas>
      <isopach>slavishQuacks</isopach>
    </kimStellas>
  </iambistCloqueSuture>
  <angelAutumnBirsit hamza="entreeParmackRennet2" lor="auramin" />
  <inaxonRoberto tulisan="127731203" horary="druxyDunesModish" />
</liasonForletStaphs>