<?xml version="1.0"?>
<unbefitTumularNoncom>
  <starMantlesSalver odeBedegar="12" burglarOutgnaw="egadsFogsCenses" oxen="alchimyCanela">
    <apogealExerceLowance>
      <dimers>nodded</dimers>
    </apogealExerceLowance>
    <kabarCouthNeut>
      <spiredCooser>keckles</spiredCooser>
      <stinks astride="scanterSeines" maclibTekedyeAwarder="ethanolOnagra">
        <perkedEmporteLiegely>minerRemainGedeckt</perkedEmporteLiegely>
      </stinks>
      <thudded visiblyWooedAltrose="virgasScorify">
        <moiles>gluer</moiles>
      </thudded>
      <koel>
        <marlaFootway>seizorsOutwellBeglide</marlaFootway>
      </koel>
      <topazy demark="87988" sunnasRackan="spittedPegmanDiskos">
        <aerose>delayPatballIpseand</aerose>
      </topazy>
      <kilimVoltage>
        <vironKittler>purge</vironKittler>
      </kilimVoltage>
    </kabarCouthNeut>
    <jusselTipmostRepayal scudderCriantHumor="40" honorerHastlerVictrix="82" whortsNebSavates="40246260">
      <coursedAltaredTurcois>8678</coursedAltaredTurcois>
    </jusselTipmostRepayal>
    <renig>
      <faunaeManseBeefier>haloedIllfareRegel58</faunaeManseBeefier>
      <topisPsf>
        <compaa>apneicMongerMad</compaa>
      </topisPsf>
      <sconcesFeddansSoaky sects="slatterRefugiaUts" tinlike="cyclersVallary">
        <kokioRosehip>calvedOofiestLupinin</kokioRosehip>
      </sconcesFeddansSoaky>
    </renig>
    <jimmiedTrummelProof>
      <untwineBuqshaLechery>148038215</untwineBuqshaLechery>
    </jimmiedTrummelProof>
    <abodyRooibokDagga>
      <yukkedSenonesBusted>nooseDankTawsed</yukkedSenonesBusted>
    </abodyRooibokDagga>
    <whilkutJarred>
      <bowpin>census</bowpin>
      <armhoop confactBalabos="defaultInklessAmoeba">
        <edgrew>offers</edgrew>
      </armhoop>
    </whilkutJarred>
    <explaitRebathe>
      <outrangSkatist>mondsee</outrangSkatist>
      <louis>
        <luthernDebride>8</luthernDebride>
      </louis>
    </explaitRebathe>
    <tahr rivell="aillt68" moistly="pegasusRasedBenami" hucklesSturbleMutisia="zymogenBeets">
      <shoolsLitherOmegas>danaide</shoolsLitherOmegas>
      <lamdenLeman hondasKlickUnwinds="assailYuncaRelance">
        <misobeyBridelyMussal>campodyAdductsSnipish</misobeyBridelyMussal>
      </lamdenLeman>
      <placus>
        <cheersUpbrace>foldersCiconia7256</cheersUpbrace>
      </placus>
      <falcon updeck="kiloton">
        <postmenLiparidGippy>38384</postmenLiparidGippy>
      </falcon>
      <mimic engilds="84424117" unsoleCarapClayer="2">
        <peeke>5958</peeke>
      </mimic>
    </tahr>
    <huelessSloom wetterShrinks="46835118" anglicePaddle="lucanidDortyExcide">
      <next>corallaFacers</next>
    </huelessSloom>
  </starMantlesSalver>
  <opaled crownetFardeBlaoner="5295807" ginzoTuracosBiuret="outcropAute" ubietyGibes="54" broiledFoglessGizzern="dimeter" />
  <reheadEconomyStooper peagesMisliesAppease="943895">
    <armbandEmbrues ratchelDevestsOffbeat="hankleAzymous" eimak="518683833">
      <tussurs>89420</tussurs>
      <patrial bumbazeKeglersSheely="prerich" nammo="boasted">
        <tenureBats>28278</tenureBats>
      </patrial>
      <hurdisPlushedAxman glaiks="47981" resplit="8915114">
        <clags>subbed</clags>
      </hurdisPlushedAxman>
      <jaborinReyokedHoldman>
        <sagathy>yearnedTieboyRadish</sagathy>
      </jaborinReyokedHoldman>
    </armbandEmbrues>
    <rullMaresMerks>
      <stogieGourdsEagled>amene</stogieGourdsEagled>
    </rullMaresMerks>
    <totoaba>
      <cryptalForesaw>ribbed</cryptalForesaw>
      <roquerRockaby anatifaSpiremeDhyal="16992683" orientDolent="ironedBriaryLammas">
        <jazzersKibbledAndrew>7157275</jazzersKibbledAndrew>
      </roquerRockaby>
    </totoaba>
    <sulphidCumbersEnew>
      <gadeanRucking>21103</gadeanRucking>
      <shargarValuingSwayed flop="rollmanIniaNippier">
        <laceierLignose>licitEmbostGit</laceierLignose>
      </shargarValuingSwayed>
    </sulphidCumbersEnew>
    <singeBreezed>
      <gloeaRoyetObeahs>85</gloeaRoyetObeahs>
    </singeBreezed>
    <sleysLuianCausus>
      <outasLases>czarsRackle</outasLases>
    </sleysLuianCausus>
    <donkeysAlfaquiWursts>
      <bullishWisketYoungth>morrhuaValveAnodine2642</bullishWisketYoungth>
      <berleyMorphinCyanid lecheDunksFroster="reddens" tehuecoAdobesDissert="94">
        <allies>prinkle</allies>
      </berleyMorphinCyanid>
      <startsyArpent morpionAzidesThebain="8">
        <tarot>pupatesRatlike</tarot>
      </startsyArpent>
      <packs>
        <sundown>paniskSputterClicks</sundown>
      </packs>
      <wunna>
        <shuttenLavaBleery>calappaPataque</shuttenLavaBleery>
      </wunna>
      <repros decoke="9">
        <bagleDecener>rammage995</bagleDecener>
      </repros>
      <mudflowOdiniteBehaver>
        <trintle>131</trintle>
      </mudflowOdiniteBehaver>
      <unfrees tutsArk="6405829" molpe="petemanEnhuilePadrino">
        <sabing>balafoLepasAntrin</sabing>
      </unfrees>
      <quimper>
        <aviateChokraNuda>spewierBarbudoNettie</aviateChokraNuda>
      </quimper>
    </donkeysAlfaquiWursts>
    <sanesUneaths indefKerveMurthy="scrollyDinted">
      <gazerBrusklyBurrah>gussieWrinkly</gazerBrusklyBurrah>
    </sanesUneaths>
    <direxBeatsGumdrop>
      <heizingRashestArgify>xxiiiMethodyCoulie</heizingRashestArgify>
    </direxBeatsGumdrop>
    <fidelisItai>
      <skully>62811367</skully>
      <geranylHedeoma taktParoticSettee="terriesCowbyreJibbah" youngReavers="ensiled">
        <praxis>830204</praxis>
      </geranylHedeoma>
      <washierFidessaWurzels endwaysBopper="1">
        <disciUnsome>bryndzaUnrhyme</disciUnsome>
      </washierFidessaWurzels>
    </fidelisItai>
    <doppioStunts summarErraticHookeys="poundJittery" simitySwipleTopcoat="mugient">
      <erniePopcorn>22</erniePopcorn>
      <japeTransf gedriteCogito="paresesDancer">
        <clashyKapai>screichCairdRadioed9</clashyKapai>
      </japeTransf>
      <ammos weeshyYugadaKeta="mostraDisdub90" iraterIndulto="3876">
        <snupSplentOverbig>pleuron</snupSplentOverbig>
      </ammos>
      <tarhoodTummelCreeded canallaBecharm="agogicGuemul">
        <haptic>actArioianPivots4428</haptic>
      </tarhoodTummelCreeded>
      <puelchePharCapias noyfulPepticsHulu="fibberyGenghis">
        <wirbleSamishIuus>piasabaKecked</wirbleSamishIuus>
      </puelchePharCapias>
      <hipper idling="bawled4936" tiptoedTiremen="fied">
        <lumenAphetaBesonio>vestry3</lumenAphetaBesonio>
      </hipper>
      <taffiasUnhaunt tarchonGuaican="roxanneSipingJargoon">
        <scarilyGarle>gamedEgestedHoelike55</scarilyGarle>
      </taffiasUnhaunt>
      <exultSpokedChoctaw nineted="63372">
        <alkinesPollam>caried44</alkinesPollam>
      </exultSpokedChoctaw>
      <hineLooneyPointer potateTuikFlawy="betutorHamataDerobe">
        <woldsLycosid>tillersHecks</woldsLycosid>
      </hineLooneyPointer>
    </doppioStunts>
    <airsomeWiden>
      <enabledBlearVidame>strate</enabledBlearVidame>
    </airsomeWiden>
  </reheadEconomyStooper>
  <foughtySlakinYird watapDucally="baleenShipboyDural" blandlyTappoonMasora="78144">
    <wagatiAreaOxanate serfism="scritheTercetsScumber">
      <candidsSaffronGuiser>589599425</candidsSaffronGuiser>
      <quimTrode cowherd="manrentOgdoadOvine" exposDropt="89166">
        <waxman>privado</waxman>
      </quimTrode>
      <golfdomWeevily>
        <peckMaps>choelUpcreep</peckMaps>
      </golfdomWeevily>
      <kersItem>
        <screighGoing>482903</screighGoing>
      </kersItem>
      <malledUrinesDepr unrosedCamises="fealty">
        <auristAlforge>kittelBurped835</auristAlforge>
      </malledUrinesDepr>
      <reestyFault housingTuchisNiasese="399513476">
        <bawsunt>887320</bawsunt>
      </reestyFault>
      <forerun kanoon="leaguerDenebUnfain">
        <bandhorBolognaAmbury>ohoneBotoyanExon</bandhorBolognaAmbury>
      </forerun>
      <taroMaugh>
        <bibleBudgiesElapses>crucial</bibleBudgiesElapses>
      </taroMaugh>
      <flued castes="reefersToltec">
        <zosterHerpes>sapsago6</zosterHerpes>
      </flued>
      <coignBrooOxacid froustScaurs="3184">
        <thanaCowpathPeriost>6736074</thanaCowpathPeriost>
      </coignBrooOxacid>
    </wagatiAreaOxanate>
    <ptilotaDoleful meccan="glaurDistend">
      <costed>410347960</costed>
    </ptilotaDoleful>
    <beebeesUpcallAbject>
      <rewave>burseedInsol</rewave>
    </beebeesUpcallAbject>
    <deftlyWilled>
      <billety>bawbeeSabbeka</billety>
      <falsestMicheryEdacity suranceBrukePedion="dudmanAtteal" syntypeEustyle="inwick">
        <typobarCoutherGnaeus>pristav</typobarCoutherGnaeus>
      </falsestMicheryEdacity>
      <enrailPoyouUnact catclaw="hayers" bumbassSoutane="49399121">
        <azoticCellaeZionist>urbs</azoticCellaeZionist>
      </enrailPoyouUnact>
      <decharm>
        <rayonJiri>cannelsGigtreeInhuman3521</rayonJiri>
      </decharm>
      <scaeanGuglioOutspat kal="annulli675">
        <barcasAldrinsLorate>throwstCoquetEnarm</barcasAldrinsLorate>
      </scaeanGuglioOutspat>
      <downs>
        <bairdiHoarishAlbe>cooperSesti5264</bairdiHoarishAlbe>
      </downs>
      <bilsh stabberCommitFait="2677177" knickVetch="marysOcreaeKeta">
        <laggin>725</laggin>
      </bilsh>
    </deftlyWilled>
    <deucedUpfloat>
      <coryza>562529828</coryza>
    </deucedUpfloat>
    <careysPulsateAscetic>
      <droh>fondueOvercap</droh>
    </careysPulsateAscetic>
    <tuples>
      <loselry>troysHermaGeodic</loselry>
      <phobies nouselMuttenMantras="5643848" varechAttarsTippet="drilyTonalSectary">
        <ruralGoyCatguts>calanid</ruralGoyCatguts>
      </phobies>
    </tuples>
    <fimbriaTiti>
      <delph>yairBearcatShist</delph>
      <tulareKrocketByrrus shiveyRedtab="bootherErbiums" depr="acequia">
        <zoolithOuabaioTabla>teepeesTapsmanForgive</zoolithOuabaioTabla>
      </tulareKrocketByrrus>
      <bocciaZoosis>
        <apieces>astrerCedulasTassard</apieces>
      </bocciaZoosis>
      <grimmiaBomb backing="180282" parangZanily="punkerApproxApogon">
        <endfileNupeGelofre>quasars</endfileNupeGelofre>
      </grimmiaBomb>
      <eddoLegal>
        <bravosImmanesChump>talcher</bravosImmanesChump>
      </eddoLegal>
      <nimietyRedoLeader cingleCanapes="chteau">
        <bronzen>billows8612</bronzen>
      </nimietyRedoLeader>
      <wamefou layupMezuzaDottel="1020">
        <antiope>636290</antiope>
      </wamefou>
      <penniedSubgHearts premitKrisesReagin="wiglet">
        <tampons>lituusUmbonal</tampons>
      </penniedSubgHearts>
      <tardies probantBobberPascual="ramblerFianna">
        <veerAch>bancoTwifold</veerAch>
      </tardies>
    </fimbriaTiti>
  </foughtySlakinYird>
  <knockSotweedPearlin>
    <gybesPetaly moupCongree="9" beothukAmiray="abollaePedum" inverts="501001866">
      <ecodemeRipostCanzona>buskinBeneath</ecodemeRipostCanzona>
    </gybesPetaly>
  </knockSotweedPearlin>
</unbefitTumularNoncom>