<?xml version="1.0"?>
<samajGiggledMerls>
  <aphacia />
  <joltyFactionFisheye cuppyInductSeduct="51654" tweetAnthoidHubber="943064">
    <juicers>
      <dampingAspect>genomsFade</dampingAspect>
    </juicers>
    <rewhirl>
      <sacculeRecoup>462296</sacculeRecoup>
      <sofasThroatsWiggy indicesLogwork="mortis">
        <cameosGauzy>requestLessive626</cameosGauzy>
      </sofasThroatsWiggy>
      <refill pollsRakhalDimouts="7146057">
        <mistleMocha>scream</mistleMocha>
      </refill>
      <sizerBaittlePiggins neigherLysin="bumbardTormae" stripeBedwarf="jonquilGreyhen">
        <wienerArid>9</wienerArid>
      </sizerBaittlePiggins>
      <shuteyeSattva inferno="hawkishCaner">
        <uppings>87</uppings>
      </shuteyeSattva>
    </rewhirl>
    <turtlesJokiest matures="garlic" alagaoQuoting="70">
      <clingTandleImbrued>tanzebSeawardBosh</clingTandleImbrued>
    </turtlesJokiest>
    <wisselMegohm>
      <haemonyGuayabo>comital29</haemonyGuayabo>
    </wisselMegohm>
    <carobaGoldney>
      <onboardTaggyUnline>nettionGigger</onboardTaggyUnline>
      <mudlark holking="mistime">
        <thirlsCerine>indraft</thirlsCerine>
      </mudlark>
    </carobaGoldney>
    <cuttersGoloka>
      <oilwaysPeridot>epilogs</oilwaysPeridot>
      <despume aporias="topogBossyThwaite" indySolazziNiepa="roomersFeatousVanadic">
        <waiwodeEggcup>aeriedKeens</waiwodeEggcup>
      </despume>
    </cuttersGoloka>
    <twirled>
      <ramracePomonicGaums>1</ramracePomonicGaums>
      <yabooDedo dimmer="brieveZumatic">
        <cokersOxbrakeMedusae>hyinglyDodgyFable</cokersOxbrakeMedusae>
      </yabooDedo>
      <sprengUnsloghTangham rldBureMegabit="wyndsOdologyBostons">
        <fleckCycloidSenones>zapharaAnaxoneCrashed</fleckCycloidSenones>
      </sprengUnsloghTangham>
      <nicerPlaguey tuffBysenQuinua="osamine" chederInness="aljobaMebsutaPrattle">
        <hastlerStemlet>aporosaFunniesKiangs</hastlerStemlet>
      </nicerPlaguey>
      <ferbamsReoilsTash>
        <volutaJmsGrowan>figgy</volutaJmsGrowan>
      </ferbamsReoilsTash>
      <perryLaglast flav="staples">
        <antsWarwick>biuretJewbush</antsWarwick>
      </perryLaglast>
    </twirled>
    <contenu cocoachChoking="higgles140" tapis="alcidaeClima">
      <nagster>aliyaSilvery3227</nagster>
    </contenu>
    <louterFourragHyraces murkily="tearpit" madgeLarynx="ephahsLobbied139">
      <trodeDavy>somers</trodeDavy>
      <moscowBiologyDulness>
        <meatmanJourn>730712305</meatmanJourn>
      </moscowBiologyDulness>
      <nelsonsMetholGumming>
        <slitsFracas>rimmers</slitsFracas>
      </nelsonsMetholGumming>
      <bakesPornoKentia misaddCattalo="78102938">
        <conineLucific>word</conineLucific>
      </bakesPornoKentia>
      <ycie incitedFesterRabboni="xanthyl">
        <detacheFiddles>sayid</detacheFiddles>
      </ycie>
    </louterFourragHyraces>
    <yaupingPillowOxydase>
      <ortman>recs</ortman>
    </yaupingPillowOxydase>
    <waiseAmellus>
      <nibbledTungusTeer>516098097</nibbledTungusTeer>
    </waiseAmellus>
    <ripesRavens>
      <costeanJoyancy>314</costeanJoyancy>
    </ripesRavens>
    <botanic>
      <majagua>camletTetras408</majagua>
      <hespel preciteReive="55762688" dunkingPhookaSnelly="camasesProas">
        <paroch>sorestWoodsOuphes</paroch>
      </hespel>
      <shaved>
        <hawiyaGuffyJymold>whiffetPeerArbiter8</hawiyaGuffyJymold>
      </shaved>
      <senoraCorke gldUnplainDefamer="dzerenTetricSleepy">
        <nylons>tannaimNitrian</nylons>
      </senoraCorke>
    </botanic>
    <turfierMamzer>
      <retemMiasms>omnesHola</retemMiasms>
      <eatsTubaronBespoke college="volleys" latrantRemorseUnhated="scarletCajeta">
        <backseyFinagleLotos>kurdish</backseyFinagleLotos>
      </eatsTubaronBespoke>
      <wadisFiasco cogitosEarwigAetites="waitPriceyCuba364" panzerJirble="ascomaSawersRaser">
        <sarumDrummedFirefly>lappa</sarumDrummedFirefly>
      </wadisFiasco>
      <subfaceWarstleSplayer coolEmptionForbear="372590" chilteGoutilyProxied="59">
        <enoughCuprumEyewear>skink</enoughCuprumEyewear>
      </subfaceWarstleSplayer>
      <tloKharwar smoky="cessedPeascod">
        <labber>fulgoraDoylies</labber>
      </tloKharwar>
    </turfierMamzer>
  </joltyFactionFisheye>
  <becchi sikra="850" />
  <edemasEyedot unseamsHemol="muphridBoxedAith" lactidAlpeenElsin="lacisTeethyDesmid" autoecyEatMaize="rimmedCalvary">
    <stapes>
      <seiche>stannylFidalgo1</seiche>
    </stapes>
    <xenomiPrecary>
      <borh>yorkerHowso</borh>
      <gaypooOutdrewFueling lenesYaguaza="chirrsMuzzyCould" xanthylEstafa="natuaryCullaysRoc">
        <phylar>clods</phylar>
      </gaypooOutdrewFueling>
    </xenomiPrecary>
    <lankTroughsAlliage blufterWantedDragon="couldnDrolly" coeditsUnbitt="arrieroCumbly" slimpsy="catalogKobi">
      <winarePuppiedAzygos>wister</winarePuppiedAzygos>
      <singphoFireboy>
        <lendingMudpackYoungly>chassedFibreLegato5</lendingMudpackYoungly>
      </singphoFireboy>
      <daurUrali euchresStraferCating="whuskieIraqianDiamant77" ibexes="barkleHarrier64">
        <myopiasGombos>twink</myopiasGombos>
      </daurUrali>
      <sigmundTradersConer agregeLavingTishri="3025">
        <wrimpleShrinkyGuahibo>hojuSoapsEverard</wrimpleShrinkyGuahibo>
      </sigmundTradersConer>
      <wastern epeeChainon="endueTalao82">
        <overarmDormersGloria>461</overarmDormersGloria>
      </wastern>
      <ramp>
        <amorinoForlayPalets>mout</amorinoForlayPalets>
      </ramp>
      <glycideCalorUlminic scaldraNicher="6" cericBemeanProdd="robandsKickishInswamp">
        <wolve>8816</wolve>
      </glycideCalorUlminic>
      <impave>
        <sworeChadsTrines>prowarEave</sworeChadsTrines>
      </impave>
      <fuligoWishingFlail>
        <ladik>chartedFamed</ladik>
      </fuligoWishingFlail>
      <slicksConcio>
        <islet>numbsTictoc</islet>
      </slicksConcio>
    </lankTroughsAlliage>
  </edemasEyedot>
  <gamariGeegawsStromed coyanBasaleAlkine="heist8913">
    <ridablyKokraRejig>
      <dishing>infall</dishing>
    </ridablyKokraRejig>
    <semoule>
      <caesar>chironMummQuashee</caesar>
    </semoule>
    <qanat>
      <leyland>8229</leyland>
      <fidded zacatecOughtedLaster="suttinRacemed">
        <kasWataps>vomitedCorozosPhooka</kasWataps>
      </fidded>
      <jelabLisps anasaziHokerlyMelania="korin">
        <pottedGamond>poggiesPursy</pottedGamond>
      </jelabLisps>
    </qanat>
    <wampus>
      <ravers>44571</ravers>
    </wampus>
    <platingAneath encycl="belief" wagwagClankApyonin="sultam" washupDummiedMenages="9810894">
      <wenzelMarse>doughKarluk</wenzelMarse>
      <gravidaCabiriSangars mullar="sigil" pursed="joanna">
        <pennineApulse>anilid2</pennineApulse>
      </gravidaCabiriSangars>
      <nurling>
        <shradd>aradidSleeted</shradd>
      </nurling>
      <kellionBaretBleary>
        <isolineFiredLianes>1</isolineFiredLianes>
      </kellionBaretBleary>
      <ekronPuppis>
        <lottedBuyer>haymishMytilus</lottedBuyer>
      </ekronPuppis>
    </platingAneath>
    <twinerWurliesMrs>
      <xdivSiccant>extg</xdivSiccant>
      <lupoidPertish>
        <awmbrieCacurWalkist>mimulusDarGuacimo</awmbrieCacurWalkist>
      </lupoidPertish>
      <balteiPaleron chicote="delint" shippenCoheadCoups="fucose">
        <murineAwiwi>rubicon</murineAwiwi>
      </balteiPaleron>
      <sintocWaxweedUnskill>
        <pulley>949</pulley>
      </sintocWaxweedUnskill>
    </twinerWurliesMrs>
    <margeFaintedDatums>
      <tckMomotus>92545</tckMomotus>
      <juniataAndrolCokers panics="7504">
        <bambubaLadykin>sinsigaVishalExsert</bambubaLadykin>
      </juniataAndrolCokers>
      <phanic>
        <admin>7415716</admin>
      </phanic>
      <tpm algeria="veta" acroaBummedPerlid="halloaPerobaDopa">
        <ardoursYawnsTrooped>toothedSwinelyNiton</ardoursYawnsTrooped>
      </tpm>
      <blimyNasat bowles="dowmentNimmingArbutes" feel="tetract6089">
        <kendalBolusOronoko>epilateVivantsPockier57</kendalBolusOronoko>
      </blimyNasat>
      <ketogenNandowAppaume arawakTendre="lavashCrappleCoting" awapuhiCloisonPulegol="53901092">
        <evelongTardeDeeper>pipiest</evelongTardeDeeper>
      </ketogenNandowAppaume>
      <style fozierSubtree="broses" fankleUaraycuBounce="csnetPifineMislest">
        <crossInbredVenomy>92477</crossInbredVenomy>
      </style>
      <rondelsFrappedNeifs>
        <langsatCitternTricae>eremicTuleCollyr</langsatCitternTricae>
      </rondelsFrappedNeifs>
      <montaukRever flasksRhabdus="82826349" unbears="raiaSwollen9">
        <japesRisker>squishGregalSimple</japesRisker>
      </montaukRever>
      <sonoran smogs="680677274">
        <acrita>misseat62</acrita>
      </sonoran>
    </margeFaintedDatums>
    <whopPitas>
      <reviewsCarapMidday>terbic</reviewsCarapMidday>
      <evolvesBrawlis>
        <tresche>47089</tresche>
      </evolvesBrawlis>
      <frieseGladlyDacryd englandGoverns="5465" hasteManadaSups="choom">
        <frolicOuthaul>uniSic</frolicOuthaul>
      </frieseGladlyDacryd>
      <partake duel="grabbed" spacingRajabSinic="isiacalCyke">
        <baluch>2618</baluch>
      </partake>
      <hanaperPassimYabbi>
        <mesterVetoistReese>7508385</mesterVetoistReese>
      </hanaperPassimYabbi>
      <varkas grittenBroddle="midwife9" maugisWenny="untraceSummedTrisome">
        <angkhakHayward>ovistSyun</angkhakHayward>
      </varkas>
      <vejovisWarternCholoid leaner="2774">
        <exomis>smiris</exomis>
      </vejovisWarternCholoid>
    </whopPitas>
    <troikaBugling>
      <rhein>732</rhein>
      <zirai>
        <juniusStereos>99093</juniusStereos>
      </zirai>
      <adenine>
        <serfAthort>86730</serfAthort>
      </adenine>
      <arvoDurainInstall>
        <tannaseLimoid>3702</tannaseLimoid>
      </arvoDurainInstall>
    </troikaBugling>
    <fluavil>
      <plateauTancel>tapuyanCurtaysDhurrie</plateauTancel>
    </fluavil>
    <phaneShantih>
      <noriOutgiveDetar>inroad</noriOutgiveDetar>
      <betwitFontedPropped>
        <waybungContact>limbec</waybungContact>
      </betwitFontedPropped>
      <shrugKilting>
        <cidLite>pythiad4</cidLite>
      </shrugKilting>
    </phaneShantih>
    <turquet>
      <semmit>683</semmit>
      <misstayWaer>
        <aphthic>unionicKibbutzRandn1216</aphthic>
      </misstayWaer>
      <oldness gobletCaprone="debacleByeriteOogone" alliage="kumrah">
        <kissKlieg>98</kissKlieg>
      </oldness>
      <zingsRainierFlattie>
        <menialGenys>46099216</menialGenys>
      </zingsRainierFlattie>
      <melloneSunbackExtoled retal="19831007">
        <wools>seconalHaptorPhearse</wools>
      </melloneSunbackExtoled>
      <progSafroleSyndics>
        <zaniest>tarsusReigns</zaniest>
      </progSafroleSyndics>
      <koa yawneyRickingMays="hooterMacchieSmeer">
        <greffeForesayBarbate>spectorSangha</greffeForesayBarbate>
      </koa>
      <raveled>
        <ordnUppers>loisBouge</ordnUppers>
      </raveled>
      <moornVerierTranse>
        <ratingMandir>chumpsTractsOutfled</ratingMandir>
      </moornVerierTranse>
      <sudate fuze="guianan84" hottedMafic="plinian1">
        <whicken>myoxusBassist</whicken>
      </sudate>
    </turquet>
    <poppeanBazaar woofer="revise">
      <abduced>725430</abduced>
      <chaffyUttersRille>
        <carabaoRereadsInkfish>5</carabaoRereadsInkfish>
      </chaffyUttersRille>
      <feuille lomentaCarterMilkmen="uronic">
        <boubas>cep</boubas>
      </feuille>
      <yelpingOde tutania="batanAsia" ducksWacker="aladdinAmoretRoy">
        <jeesKoil>adiabat</jeesKoil>
      </yelpingOde>
      <chipletRaggiesSluff>
        <cawnieUnhelm>saffronCoffing</cawnieUnhelm>
      </chipletRaggiesSluff>
      <mirky>
        <bauch>444214736</bauch>
      </mirky>
      <meeEngold>
        <miskalBacky>curiteBaryon</miskalBacky>
      </meeEngold>
      <chordaKuficDanseur bazzite="stripe" dottoreUhtsong="esquireTreey">
        <doglessCruetWire>urimSpoony</doglessCruetWire>
      </chordaKuficDanseur>
      <menacerWhidahsFigged>
        <chirpedDamners>pandarTemposCausey</chirpedDamners>
      </menacerWhidahsFigged>
    </poppeanBazaar>
  </gamariGeegawsStromed>
  <purpled pilloryBimahAlinota="715214" chechem="urena2175" gaster="jowlierCocherSockeye4" />
  <overactShowful blocks="223812290" wetNaggarDaurna="fineryClique">
    <pushrod ambIntice="9101" mosaicsWarhead="pogiesFantasmCooeed8679" callingCorpnStoning="thibleTuscany">
      <angeles>globeParado</angeles>
      <urazine washpotHeiferAlborak="beulahMarmots">
        <hogniRobGnaeus>misruleHundTsktsks</hogniRobGnaeus>
      </urazine>
      <tallithBoskPuzzler didricSetibo="iuds" valerie="7201">
        <vedismLorisesSeisor>cladine</vedismLorisesSeisor>
      </tallithBoskPuzzler>
      <channelGrabWilily>
        <plugmen>47544942</plugmen>
      </channelGrabWilily>
      <parma nudist="9350332">
        <begraveWae>74008422</begraveWae>
      </parma>
    </pushrod>
    <calvingFang>
      <swimbel>ophrysOchreae</swimbel>
    </calvingFang>
    <trilloRambongDight>
      <cineols>salivanAnilideJaragua</cineols>
      <awreckPlight colderIsocola="14">
        <fidgetyUnsteckWanters>solomonAmuzzleUrushi</fidgetyUnsteckWanters>
      </awreckPlight>
    </trilloRambongDight>
    <scagsDesilt fonoSeam="speedupFogdogs" amebanDaddledCoud="firedogAmerced">
      <alaheeLidosNewish>amerismBacksawPoilu</alaheeLidosNewish>
      <tunderIdestScalx>
        <garlionSaiteInfidel>7390978</garlionSaiteInfidel>
      </tunderIdestScalx>
      <unswept flatbed="growthyKyak">
        <belies>vetchWonned</belies>
      </unswept>
      <fueller relevelHoodies="hackeeMispayVivant">
        <goslingSmittle>3330306</goslingSmittle>
      </fueller>
      <misread phonate="oscinesCrones">
        <fogouCussing>ocqueCratch43</fogouCussing>
      </misread>
      <scowledLeopold balkerEndersOwnness="bebossForlay">
        <vaisyaJudasesPresets>xystus7887</vaisyaJudasesPresets>
      </scowledLeopold>
      <weyOptimesEmagram boughsIndylic="latino">
        <kedlockOutbake>aquage</kedlockOutbake>
      </weyOptimesEmagram>
      <paulina brumousHoncho="cotterNibbles" undonHappify="212681">
        <vulvae>82</vulvae>
      </paulina>
      <tressel woveBeclad="squabbyTeetSubtill" shears="22446402">
        <cotedMongPsoadic>131884</cotedMongPsoadic>
      </tressel>
      <fide diked="nodulesMawedPussier" coonier="daveCochin">
        <precelBrakeNosairi>batellGabyCaburn</precelBrakeNosairi>
      </fide>
    </scagsDesilt>
    <darks>
      <tanegaVerre>yakaSugars</tanegaVerre>
      <yuhCheminsSafavi bravasMala="661" richesFullamsCarotin="bangle">
        <tauntonReenactUlcus>13509</tauntonReenactUlcus>
      </yuhCheminsSafavi>
      <purryThorn observeJabbleIliad="566">
        <coiners>89791333</coiners>
      </purryThorn>
      <lynceusCrappinBimboes gurgeonBustingTectrix="prakrit20">
        <misima>papuanSwelter</misima>
      </lynceusCrappinBimboes>
      <yetherWheeped savviedMoquiBrander="vangeliMengCoax930" berust="malaga">
        <solist>creededDispleAtopic276</solist>
      </yetherWheeped>
      <unmail chosesMockeryFardh="hormeLinacTannoid" visored="virelayHowfSkirty">
        <penoche>camases</penoche>
      </unmail>
      <celestaTateQed clupeinConcernSamek="travelEnfaced" moonily="inlyUnhealPosho">
        <fibraParsic>pbxAtreticMesser</fibraParsic>
      </celestaTateQed>
    </darks>
    <formlyAncillaJettage dotardTerraceWhiskin="bugeyeUpwheelHapaxes" hepHomeUncake="lassu" mockingPrivityAsper="ethylDadosMastmen">
      <boundsDecrownYaqui>pavierYasht</boundsDecrownYaqui>
      <blksizeGile>
        <futchelDeputyMarinas>7</futchelDeputyMarinas>
      </blksizeGile>
      <coperta>
        <heypen>plasmTubateCalls</heypen>
      </coperta>
      <libber anuransSourest="boottop">
        <jargoonEiffelGuara>alaliaRogerFlora</jargoonEiffelGuara>
      </libber>
      <taxicabHumbuzz>
        <flubsSinnetFensive>obrazilCleuchKobird</flubsSinnetFensive>
      </taxicabHumbuzz>
      <otomi>
        <gliadinApartJacu>isnadBoulter</gliadinApartJacu>
      </otomi>
      <idgahPunkyTypobar>
        <juliett>lovepot</juliett>
      </idgahPunkyTypobar>
      <guiding oxygon="4669" costfulKitingAblaze="poesyEldredSeam">
        <corynidUnwontStupefy>birn</corynidUnwontStupefy>
      </guiding>
      <obeliacFelly>
        <outsets>logins494</outsets>
      </obeliacFelly>
      <educateWakan sago="aliasAssizer6938" kebbyTronkGozill="foleyeBedirtyNips">
        <eikons>78622</eikons>
      </educateWakan>
    </formlyAncillaJettage>
    <tartansKorunaMouton>
      <isogonLosers>platy</isogonLosers>
    </tartansKorunaMouton>
    <scabble ligatedDobbin="hynderSyciteCraniom">
      <akedPottled>89</akedPottled>
    </scabble>
    <derbendVepse nanoid="1" gadgerNid="utinam9">
      <nunting>barcas5</nunting>
      <compear pyrrhusCarex="verdeaWarlowHarpies">
        <datto>phobistJousted</datto>
      </compear>
      <somali>
        <zenaga>274682187</zenaga>
      </somali>
      <lhb>
        <pujariAguey>wellatTahltanLayloc</pujariAguey>
      </lhb>
      <cufferCreateGalanga arithAugean="snoozer">
        <dailyAliasedDesirer>meuCrassly424</dailyAliasedDesirer>
      </cufferCreateGalanga>
    </derbendVepse>
  </overactShowful>
</samajGiggledMerls>