<?xml version="1.0"?>
<toluateJauntedKabalas>
  <grills />
  <successStilbIhlat hugeAbasiaOceanog="ershShends" suctionRegaliaStembok="fescuesEnsceneWizzen" penmen="knights">
    <fullestJiggerDiscamp>
      <trisemeErst>stonier</trisemeErst>
      <yapman fugsBetowel="circePapacy">
        <sprewl>sivvensBarge</sprewl>
      </yapman>
      <dallan sarawan="buffoon">
        <outlineDure>hamfat</outlineDure>
      </dallan>
    </fullestJiggerDiscamp>
    <drills washerCahows="insense" agroundRefoldKoreans="azidesMisture761">
      <bugleThicksParaspy>fiants606</bugleThicksParaspy>
      <chapelPhrasy lyomeriOocytesIrises="chilcatSulfa">
        <doumaJoyce>diodon5194</doumaJoyce>
      </chapelPhrasy>
      <hankul elfwortScooter="rampedCursingCill" porGriege="26196">
        <elopersPizzles>yugaPyicComate</elopersPizzles>
      </hankul>
    </drills>
    <sarangiBulkedHae>
      <cystsBurrierDithion>howking4605</cystsBurrierDithion>
    </sarangiBulkedHae>
    <stoterErgasia>
      <swackWeldor>sealikeGeneseeDebts</swackWeldor>
    </stoterErgasia>
    <biduous>
      <halfman>pogy</halfman>
    </biduous>
    <emulsorWadiMuscot>
      <aminiTubby>droolsDeafish</aminiTubby>
    </emulsorWadiMuscot>
    <ooftish sixteenGuilery="googAmamauKeens">
      <aix>zealots</aix>
      <thete cravensSahibahProach="twistyRoofSakel" platchAcylateTewit="indoxyl">
        <citrulWoakRestep>tritaph38</citrulWoakRestep>
      </thete>
      <venduesHammalBaith>
        <triaeneNoble>pillowy</triaeneNoble>
      </venduesHammalBaith>
      <blearyTamersGodetia>
        <soubiseIsatine>pinsonSofkeeCanthi1564</soubiseIsatine>
      </blearyTamersGodetia>
      <sorites>
        <sniffBigamicStlg>spunDakoits</sniffBigamicStlg>
      </sorites>
      <fullingPrickle djinni="strampRegaloTinhorn">
        <ophionShame>quaw</ophionShame>
      </fullingPrickle>
      <smutchCowitchRickety oozesPippingDiscina="3">
        <ravagedVejocesSavile>15752</ravagedVejocesSavile>
      </smutchCowitchRickety>
    </ooftish>
    <dumptyFlock>
      <belibelFugsElaine>tumulusAtmidForworn</belibelFugsElaine>
    </dumptyFlock>
    <brasilsMartsOtozoum>
      <hellimMambas>inchesGawciePsiloi</hellimMambas>
    </brasilsMartsOtozoum>
  </successStilbIhlat>
  <doggies brattieLadhoodMailer="heddlesZak79">
    <diocese>
      <manoirAroonDammers>bauboMurally</manoirAroonDammers>
      <carliCundyTautest driversTrigla="reree">
        <napperExcipleWhangam>whewl77</napperExcipleWhangam>
      </carliCundyTautest>
      <chubbedAmiably>
        <rippledWhasle>65200774</rippledWhasle>
      </chubbedAmiably>
      <palaverBeggarUtmost bauge="ligroin">
        <keltie>7445</keltie>
      </palaverBeggarUtmost>
      <hutsCylixSakel>
        <moroncy>live</moroncy>
      </hutsCylixSakel>
      <copiersWestern blendesStaGaia="sasinsDumping">
        <thumbs>unkendDerby5</thumbs>
      </copiersWestern>
    </diocese>
    <manas rhema="toledanHotchedWornil">
      <forslowCulicesBeefalo>ooecia6984</forslowCulicesBeefalo>
    </manas>
    <adder>
      <sindocUngulae>rings</sindocUngulae>
      <replaceAxonemeCulpeo>
        <hypeJam>362176261</hypeJam>
      </replaceAxonemeCulpeo>
      <capperAnarch manulRuche="rametsMopper">
        <dclassBayous>plyersBoutoTenuit</dclassBayous>
      </capperAnarch>
      <clayeyGirningRattrap ribatOchresIther="shargarClogs" astasia="291338">
        <oxamid>rebsOutcameSterlet</oxamid>
      </clayeyGirningRattrap>
    </adder>
    <bakerlyBourCaviars>
      <bahutsPufftn>grecianBunniaFinch</bahutsPufftn>
    </bakerlyBourCaviars>
    <antiaeFoams>
      <mohatra>palletHemmerSign</mohatra>
    </antiaeFoams>
    <ancoralRedare>
      <epicede>dks</epicede>
    </ancoralRedare>
    <kindlerCatonicApprove obesely="6063" cubebPheonSizes="coolers" renegeBulbel="apologs82">
      <raviLynx>ossaUnawnedBurns</raviLynx>
      <dovens>
        <gadderCytozoaFohn>1376022</gadderCytozoaFohn>
      </dovens>
      <hassels>
        <nonomadNonconLeapers>helioid</nonomadNonconLeapers>
      </hassels>
      <frokin suborn="elix3">
        <yawningWorsle>3</yawningWorsle>
      </frokin>
      <magnetAzidesBertha treaderApair="teuchEtheneSimlins26">
        <rosel>prahmFlares</rosel>
      </magnetAzidesBertha>
      <lamedPram chinche="2009279" stippleDrinkerFlated="mimetic">
        <locules>crouse</locules>
      </lamedPram>
      <bitypic>
        <tauterUtteredExceeds>televoxMasters</tauterUtteredExceeds>
      </bitypic>
      <sluesCaf coloredFlodgeVerty="1" flear="92243">
        <tidbitsFuzzy>reaks</tidbitsFuzzy>
      </sluesCaf>
      <dullify mangweBecloseInapt="fiauntLoueyDinsome85" lymphPhooPientao="panamic">
        <squinsyFunds>sculptsSairlyJawy</squinsyFunds>
      </dullify>
    </kindlerCatonicApprove>
  </doggies>
</toluateJauntedKabalas>