<?xml version="1.0"?>
<iridicFaunaInvenit>
  <autonymGlaringPrancer>
    <skeansHyenic hallelSkemmelIllume="plight">
      <termedSolen>bloatBeedged</termedSolen>
    </skeansHyenic>
    <deciderSewen>
      <deweyNidorGolems>skeipp</deweyNidorGolems>
      <yinceSwolnStrings clayenPresses="upcrane" upheldSectismAdcraft="eeriest">
        <erasing>limen319</erasing>
      </yinceSwolnStrings>
      <orgiastAnemoneAlps raisins="casabe" phosphoMole="dikdiks">
        <bitmapSpotty>batfish</bitmapSpotty>
      </orgiastAnemoneAlps>
      <hardenRamass>
        <scrankPulijanVaudy>sibbed</scrankPulijanVaudy>
      </hardenRamass>
      <discerpSeinerLormery throwst="lullyCurstly">
        <absey>cloutsJaghire</absey>
      </discerpSeinerLormery>
      <vespal>
        <pardee>giteClautImpart</pardee>
      </vespal>
      <anaxonScoriae daboiaTawny="barnabyHoldoutPinkest" wraxledUnmesh="aequor">
        <parMotmots>shaktaBemused</parMotmots>
      </anaxonScoriae>
    </deciderSewen>
    <deenyVannet pgnttKnarle="23375" shiny="laiusBonaceGravy" xiphiidPirayasHeinies="galetteThrownNawabs">
      <ripple>greenuk</ripple>
    </deenyVannet>
    <potgutNaveteReigns lundaRewriteOrgue="chultunOatyFusilly" rased="salpidGlosser96">
      <lucknowEspinel>untillEvapRehedge</lucknowEspinel>
      <nogalDimeranCfs>
        <yarest>713305</yarest>
      </nogalDimeranCfs>
      <benight mae="semifib" proarmy="6716">
        <amatitoReknot>57833496</amatitoReknot>
      </benight>
      <euctiManasic della="136203">
        <pettledLeast>terning</pettledLeast>
      </euctiManasic>
      <galenas butylicAngiomaBrember="tsubaReshowProfre" mamoQuicken="sudamenRory">
        <bualLeanderCanale>hawkerSjomilaCabman</bualLeanderCanale>
      </galenas>
      <copperyGabbro papists="9" blocXiv="overbigGorging">
        <tyighClamerEuros>fleer</tyighClamerEuros>
      </copperyGabbro>
      <alignedSemianLazybed remet="798639" bailoVaultedSponger="ballone">
        <couridaSalusThammuz>bridals</couridaSalusThammuz>
      </alignedSemianLazybed>
    </potgutNaveteReigns>
    <fluenceDeicide>
      <sagely>apayao</sagely>
      <maidie>
        <preplanRampire>reagreeTarrify</preplanRampire>
      </maidie>
    </fluenceDeicide>
    <bougieArbusta>
      <gibbusCyaniteConin>hakes</gibbusCyaniteConin>
      <pewmateYohourt teslasOverageNeume="mogFogsBensail" ruff="sintu">
        <tappall>977</tappall>
      </pewmateYohourt>
      <garlics swoughTextus="cabbies">
        <benin>midspan425</benin>
      </garlics>
      <pribbleBendyColures>
        <yoldiaRunbackStupex>ratanyAgeusicEtamins</yoldiaRunbackStupex>
      </pribbleBendyColures>
      <sacketEminentArmless>
        <imellePiaffeDyable>logoutGazPiteira</imellePiaffeDyable>
      </sacketEminentArmless>
      <pretaMalmed sykesMino="rongaFiercer6" atomiseSiemensComino="19545">
        <bloreCodlinAlembic>nusGilgieCicad</bloreCodlinAlembic>
      </pretaMalmed>
      <foliateKarn>
        <roguyPenney>abbrev</roguyPenney>
      </foliateKarn>
      <flaithShoyuProgeny>
        <batteauYeuky>snigs</batteauYeuky>
      </flaithShoyuProgeny>
      <untrod igloos="77405" wrathy="liminaRaft">
        <salaEnwebCantiga>payorCampong</salaEnwebCantiga>
      </untrod>
    </bougieArbusta>
    <sinfulFrizzy totallyWelcher="feodalGospodaPapoosh74" mienSeemly="sues" updeckPrevize="7714">
      <anonymTarsaleKelleg>nigrify</anonymTarsaleKelleg>
      <soudgyZamenis>
        <perkingEthinylIschia>spoot</perkingEthinylIschia>
      </soudgyZamenis>
      <volts argledHalala="zebedee" croakyJuslted="mero">
        <spain>rooti</spain>
      </volts>
      <regraft blousesAcreamFrutify="theemim" taxablyTrashesMick="dihelyOught">
        <napererTopee>whompedTendedLetch</napererTopee>
      </regraft>
      <ragoutAssobreMonilia thinsTorsk="granateAnodal">
        <kudzusTritiumKhats>mysellShinneyFells</kudzusTritiumKhats>
      </ragoutAssobreMonilia>
      <rechaosGnocchiMastiff>
        <broiden>vesanic</broiden>
      </rechaosGnocchiMastiff>
      <zombiesTapnetForpet pollamSuslikWeeped="bywalkMenzie">
        <jarbleMccoy>peachy</jarbleMccoy>
      </zombiesTapnetForpet>
      <linchetLeveedToile>
        <duncishSowfoot>ron</duncishSowfoot>
      </linchetLeveedToile>
      <beefers lepidIlian="sweetsForgingWairs">
        <bidetsCabalStruv>gareRubiousBusycon</bidetsCabalStruv>
      </beefers>
    </sinfulFrizzy>
    <mislie grayest="rajas352">
      <angas>aumailTylariAcrogen</angas>
      <stump courter="deliaMeltithZoozoo" nunksSinews="logchip">
        <spasmicInwrap>chevetDorsiEponyms</spasmicInwrap>
      </stump>
      <walkene kanehBeslashGonimic="ciresAxeman262">
        <unsonsyProsar>wakefulIwbellsOvicell55</unsonsyProsar>
      </walkene>
      <wheezesGleets guarapo="undoerPoddies3287">
        <spiking>decadicBonkingButtock5441</spiking>
      </wheezesGleets>
      <tarhoodNiagaraQuondam>
        <gunjah>multiLongans</gunjah>
      </tarhoodNiagaraQuondam>
      <cisiumAgoutiGunboat clerusPatgia="49" stretchMaxis="2">
        <sured>1080521</sured>
      </cisiumAgoutiGunboat>
      <koumyssWanzeDiaka arabiteNabu="hyalinsBehests">
        <unfaked>curred</unfaked>
      </koumyssWanzeDiaka>
    </mislie>
    <battuEponymyDetests pisonia="vitaeDiodeZygaena2623">
      <crudely>babul27</crudely>
    </battuEponymyDetests>
    <fiascoUnjewelThrill>
      <pemphix>morulae220</pemphix>
    </fiascoUnjewelThrill>
    <clomp ingang="dishRavins" perlidUnniceIndure="91" everett="whipray">
      <buzzesChampac>5382</buzzesChampac>
      <brinjal carpalGoddamn="lagersLimoidEcklein74" ecteronSpicesLedge="oufMossesCorella">
        <dilemi>neurine</dilemi>
      </brinjal>
    </clomp>
    <smudgeNeritic grucche="fliersEchtStonily" iboCaciLeprous="694" punkish="numbatSplatTomtate">
      <outwaleSlidersFor>peeversEagersYarpha</outwaleSlidersFor>
      <isatidSmaragdHavana>
        <hol>linleyDivert</hol>
      </isatidSmaragdHavana>
      <cloqueCoteauVerging>
        <sturtinLogis>wholesHexingSkews</sturtinLogis>
      </cloqueCoteauVerging>
      <mudbankHumateNene soakersCatlingDrawbar="norwestNeonedsTethers2">
        <oleoTailyeJudo>usance</oleoTailyeJudo>
      </mudbankHumateNene>
      <avocate agrege="figurerCaecias">
        <unornVapoury>gammickJointerDunked2304</unornVapoury>
      </avocate>
      <viceProxied buffetDiether="akeakeChowsesAlaki">
        <sowars>reetle</sowars>
      </viceProxied>
      <unheroTorydomCosmos cocle="102737" eggyNerd="blindedShrunkDel7">
        <wrenlet>damesWenlockChine</wrenlet>
      </unheroTorydomCosmos>
      <abricotAiderWright taxiing="ladeInching2" maddestBaiter="potionScald">
        <cheke>846537</cheke>
      </abricotAiderWright>
      <titlikeSubhero>
        <cetinSolvate>1485</cetinSolvate>
      </titlikeSubhero>
    </smudgeNeritic>
    <subasDunnessSleeps>
      <smilaxMohaveFarsi>okayingRigour</smilaxMohaveFarsi>
      <pterisEyesore astableOvisacsAlfalfa="dandis">
        <tuttingBortzUnhull>kaasAreAeon</tuttingBortzUnhull>
      </pterisEyesore>
      <hent gravedJoss="uncorkBoldenPhanar" eaves="birkiesErotemaSumoist">
        <embosomTorcs>shamansGieingPothers61</embosomTorcs>
      </hent>
      <ellaIllapsePryers>
        <faqEscotsPeen>sonics</faqEscotsPeen>
      </ellaIllapsePryers>
      <kurd>
        <fubby>183</fubby>
      </kurd>
      <scramEysoge nipter="madronaDanglesSaluted" nervedPterinIhi="99">
        <dialyse>subericCronishCupay5</dialyse>
      </scramEysoge>
      <gaynessYojan peptid="162691" goofed="bonismLierneSacking62">
        <sabaismNewer>avulses</sabaismNewer>
      </gaynessYojan>
    </subasDunnessSleeps>
  </autonymGlaringPrancer>
  <wheatsProsilySquirk resoakShrillsKrasis="whetileWhirrs" soddenBelibel="abatonCarabidPlatch">
    <seggardOctectsBanker>
      <rerated>hlqnMaydukeUnarted550</rerated>
    </seggardOctectsBanker>
    <enemasPhlegmsSepiae>
      <inflZeta>epitMetoacGrayly</inflZeta>
    </enemasPhlegmsSepiae>
    <tempiVeily rumourMage="willies">
      <loglikeMindly>frenchyEnhortHeparin</loglikeMindly>
      <tuskingFitness>
        <ganef>tulareHemmers</ganef>
      </tuskingFitness>
      <autoecyBiremeAuguste>
        <mbundaTswana>goomaCiscoes</mbundaTswana>
      </autoecyBiremeAuguste>
      <exhortBerthsIworth>
        <vennel>elect</vennel>
      </exhortBerthsIworth>
    </tempiVeily>
    <maundy typhoon="imagismGoateed615">
      <nuclein>3395</nuclein>
      <carpal baret="chambul">
        <gadder>wittilyTaw</gadder>
      </carpal>
      <depthenSubdebWivers opulent="holden1" rhesusCorsakAfar="zebus">
        <ungag>aflareBespoke</ungag>
      </depthenSubdebWivers>
    </maundy>
    <cockier>
      <nei>clay</nei>
    </cockier>
    <racker>
      <satemAgeusiaHecuba>hyoidAik</satemAgeusiaHecuba>
      <tarascoThorpDilater stamnosBootherSpanged="27319181">
        <agelongYodhRegimen>aliyaAimlessDezincs</agelongYodhRegimen>
      </tarascoThorpDilater>
      <impugnHeaders friezesDiana="flangFaithed6">
        <eranistRegaled>ambaWaxen</eranistRegaled>
      </impugnHeaders>
      <teasShackleCosily>
        <reheardCinderySanct>ecruEruptedWormils</reheardCinderySanct>
      </teasShackleCosily>
      <melanin pawned="bahistiToutOrbicle" tanjib="fennig2">
        <sebateAscaridCrickle>severeTyningSessile</sebateAscaridCrickle>
      </melanin>
      <cauldsTurneryArmine>
        <bestrewUnrank>1767168</bestrewUnrank>
      </cauldsTurneryArmine>
      <frenzyArvoTruffes outgame="depsideSpattedWardian30">
        <blarnid>baconsBaguios</blarnid>
      </frenzyArvoTruffes>
      <jaobBukhSacques miazineGlycan="cestrumSher" siameseKethibWacks="tikeKoussos5938">
        <rig>techousFront111</rig>
      </jaobBukhSacques>
      <trygonDoutGeir>
        <balletsCecile>straeHallboy</balletsCecile>
      </trygonDoutGeir>
      <ytterEmetins guruUnstack="kubaSandbag" usine="knocked87">
        <wadlikeIdyllic>stofCoenla</wadlikeIdyllic>
      </ytterEmetins>
    </racker>
    <guardeeYows>
      <chilMusts>hallmanAcrook</chilMusts>
      <raucid dazedlyDupesTarbox="imamate">
        <sheria>moireedTangoCaburn</sheria>
      </raucid>
      <cleech>
        <toyerPeyotlHormion>bookie</toyerPeyotlHormion>
      </cleech>
      <mandrilVerityOreilet cognatiVota="dodderHoaredArmrack">
        <gobletsModems>harness</gobletsModems>
      </mandrilVerityOreilet>
      <beleedBent nat="729612">
        <vagantWaroriTortive>wingierSaur</vagantWaroriTortive>
      </beleedBent>
    </guardeeYows>
    <orguilDitPinkany>
      <engluts>28</engluts>
    </orguilDitPinkany>
    <ulexiteAwmous>
      <jetportAlgesic>newtake</jetportAlgesic>
    </ulexiteAwmous>
    <soilingScuffer jaggary="alcheraPunctum" rondoFerrashCoble="hamalBabasco">
      <dernerFrs>rocketsTamisVindict7920</dernerFrs>
    </soilingScuffer>
    <insaneTearpit brentsPolkaed="yervaBefogs90" somne="smokishSommiteRamsons" damia="567">
      <busyconGalante>howlsBreatheBulbar</busyconGalante>
      <lusiad woomer="chasma" bosqueYapped="enteron">
        <sennasDig>3</sennasDig>
      </lusiad>
      <genetta>
        <harmon>pilaffViewersWabi</harmon>
      </genetta>
      <denebPinking jarsful="iberi">
        <aymoro>marotte</aymoro>
      </denebPinking>
    </insaneTearpit>
    <refelBihari unspelt="reraiseSprugsFugara7" scootInweed="asialiaAlterer1477" sharpy="curyingExtort9">
      <genieGuaraCabomba>commaBick</genieGuaraCabomba>
      <popadamGerusiaCubera purrone="6" samoaSharpen="drummyFibers">
        <sarpoBeer>85555</sarpoBeer>
      </popadamGerusiaCubera>
      <att>
        <preludeCoda>funnilyAmowtHived</preludeCoda>
      </att>
      <gloveyDeludesExogens>
        <kansanSurcleVanity>mutesUnwriteWameful</kansanSurcleVanity>
      </gloveyDeludesExogens>
      <planuryWailDitt footmanVeersSpreng="kitan157" noterNithing="khansGiterne">
        <tutorsUnfurlRecoils>amoyNoctuidSialic</tutorsUnfurlRecoils>
      </planuryWailDitt>
    </refelBihari>
    <platoda>
      <hashtCledgy>95497</hashtCledgy>
    </platoda>
  </wheatsProsilySquirk>
  <blissesLongrun uplying="henbaneCaunusReceded" require="margieCustosFermion" snapy="emirsDebutedReshape" undutyExtinctPreheal="unhandsTapises" />
  <preacid />
  <tupian />
</iridicFaunaInvenit>